2026-06-15 00:23:32,700 [INFO] ================================================================
2026-06-15 00:23:32,704 [INFO] IGNITION SCANNER v3.0
2026-06-15 00:23:32,704 [INFO] ================================================================
2026-06-15 00:23:32,704 [INFO] Building universe...
2026-06-15 00:23:35,175 [INFO]   Universe (post-filter): 588 coins
2026-06-15 00:23:35,175 [INFO] Fetching BTC reference (1h)...
2026-06-15 00:23:35,230 [INFO] Scanning 588 coins on 1h timeframe...
2026-06-15 00:23:58,638 [INFO]   ...50/588  (surfaced so far: 24)
2026-06-15 00:24:20,728 [INFO]   ...100/588  (surfaced so far: 36)
2026-06-15 00:24:42,529 [INFO]   ...150/588  (surfaced so far: 49)
2026-06-15 00:25:01,675 [INFO]   ...200/588  (surfaced so far: 64)
2026-06-15 00:25:17,778 [INFO]   ...250/588  (surfaced so far: 73)
2026-06-15 00:25:37,082 [INFO]   ...300/588  (surfaced so far: 85)
2026-06-15 00:25:53,058 [INFO]   ...350/588  (surfaced so far: 99)
2026-06-15 00:26:07,693 [INFO]   ...400/588  (surfaced so far: 111)
2026-06-15 00:26:22,151 [INFO]   ...450/588  (surfaced so far: 118)
2026-06-15 00:26:39,750 [INFO]   ...500/588  (surfaced so far: 129)
2026-06-15 00:26:56,003 [INFO]   ...550/588  (surfaced so far: 143)
2026-06-15 00:27:07,303 [INFO] Done in 215s  |  scanned=588  failed=0  skipped=0  watch_now=24  on_radar=50
2026-06-15 00:27:07,304 [INFO] 
================================================================================
  IGNITION SCANNER v3.0  —  early warning watchlist
  Generated : 2026-06-15 00:27:07
  Universe  : 588 bases (Bybit + Binance)  |  Scanned: 588
  Scan time : 215s  |  BTC: $65,312
================================================================================

  Tiers — WATCH NOW: conviction ≥ 40, signals ≥ 5
          ON RADAR : conviction ≥ 25, signals ≥ 3

  This scanner does NOT produce trade plans — it surfaces what's brewing.
  Confirm with trend_scanner (Phase 4) before entry.

--------------------------------------------------------------------------------
  WATCH NOW  —  24 coin(s)
--------------------------------------------------------------------------------

  [ 1] SKHYNIX     conv= 50.4  sigs= 8  price=$1,573.020000  24h= +1.53%  vol=$   0.7M
       sources: bybit   fund: +0.0745%/8h  |  vs BTC 6h: +1.71%
       → vol expansion, whale candle, RSI divergence, RSI reset, CMF buying, higher lows, decoupling BTC, 5d high

  [ 2] ACM         conv= 50.2  sigs= 7  price=$0.305000      24h= +0.00%  vol=$   1.3M
       sources: binance   vs BTC 6h: -5.49%
       → vol building, vol expansion, stealth accum, OBV divergence, RSI divergence, RSI reset, RSI in zone

  [ 3] 1000000MOG  conv= 49.4  sigs= 7  price=$0.112560      24h= +4.19%  vol=$   0.9M
       sources: bybit   fund: +0.0050%/8h  |  vs BTC 6h: +3.62%
       → whale candle, OBV divergence, RSI divergence, RSI reset, CMF buying, decoupling BTC, 5d high

  [ 4] AZTEC       conv= 47.0  sigs= 8  price=$0.018177      24h= +7.72%  vol=$   2.1M
       sources: bybit   fund: +0.0050%/8h  |  vs BTC 6h: +11.66%
       → vol building, vol expansion, whale candle, RSI divergence, RSI reset, CMF buying, decoupling BTC, 5d high

  [ 5] CREAM       conv= 46.7  sigs= 7  price=$2.100000      24h=+65.35%  vol=$   0.3M
       sources: binance   vs BTC 6h: +75.96%
       → vol building, whale candle, OBV divergence, RSI divergence, RSI reset, decoupling BTC, 5d high

  [ 6] MRVL        conv= 45.1  sigs= 8  price=$292.930000    24h= +3.37%  vol=$   2.4M
       sources: bybit   fund: +0.3031%/8h  |  vs BTC 6h: +0.92%
       → vol building, vol expansion, whale candle, stealth accum, RSI divergence, CMF buying, higher lows, 5d high

  [ 7] HOLO        conv= 44.3  sigs= 8  price=$0.072460      24h=+11.74%  vol=$   2.8M
       sources: bybit, binance   fund: -0.0335%/8h  |  vs BTC 6h: +9.19%
       → vol building, vol expansion, whale candle, RSI divergence, RSI reset, decoupling BTC, funding neg, 5d high

  [ 8] CRO         conv= 43.6  sigs= 7  price=$0.062110      24h= +3.70%  vol=$   0.5M
       sources: bybit   fund: +0.0100%/8h  |  vs BTC 6h: +0.91%
       → vol building, whale candle, stealth accum, RSI divergence, RSI reset, CMF buying, 5d high

  [ 9] ETH         conv= 43.5  sigs= 8  price=$1,721.740000  24h= +2.22%  vol=$1260.5M
       sources: bybit, binance   fund: +0.0069%/8h  |  vs BTC 6h: +1.67%
       → vol building, vol expansion, whale candle, stealth accum, RSI reset, CMF buying, decoupling BTC, 5d high

  [10] EURI        conv= 43.5  sigs= 7  price=$1.160800      24h= +0.41%  vol=$   0.6M
       sources: binance   vs BTC 6h: -1.58%
       → vol building, vol expansion, whale candle, stealth accum, RSI reset, CMF buying, 5d high

  [11] CORE        conv= 43.2  sigs= 6  price=$0.028560      24h= +0.92%  vol=$   0.5M
       sources: bybit   fund: +0.0100%/8h  |  vs BTC 6h: +0.36%
       → TTM squeeze, whale candle, stealth accum, RSI divergence, RSI reset, CMF buying

  [12] PEAQ        conv= 42.9  sigs= 7  price=$0.022055      24h= -0.53%  vol=$   0.6M
       sources: bybit   fund: -0.1315%/8h  |  vs BTC 6h: -0.53%
       → vol building, whale candle, stealth accum, OBV divergence, RSI divergence, RSI in zone, funding neg

  [13] BTC         conv= 42.7  sigs= 7  price=$65,389.100000  24h= +1.53%  vol=$3292.6M
       sources: bybit, binance   fund: +0.0030%/8h  |  vs BTC 6h: +0.30%
       → vol building, vol expansion, whale candle, stealth accum, RSI reset, CMF buying, 5d high

  [14] BZ          conv= 42.5  sigs= 7  price=$83.100000     24h= -1.67%  vol=$   1.3M
       sources: bybit   fund: -0.0158%/8h  |  vs BTC 6h: -3.35%
       → vol expansion, whale candle, stealth accum, RSI reset, RSI in zone, CMF buying, funding neg

  [15] BOND        conv= 42.5  sigs= 7  price=$2.152000      24h= +4.42%  vol=$   0.7M
       sources: binance   vs BTC 6h: +18.01%
       → vol building, whale candle, RSI divergence, CMF buying, higher lows, decoupling BTC, 5d high

  [16] BABY        conv= 42.3  sigs= 8  price=$0.017873      24h=+20.64%  vol=$  17.8M
       sources: bybit, binance   fund: -0.0025%/8h  |  vs BTC 6h: +12.33%
       → vol building, vol expansion, RSI divergence, RSI reset, CMF buying, higher lows, decoupling BTC, 5d high

  [17] LINK        conv= 41.6  sigs= 7  price=$8.107000      24h= +1.65%  vol=$  23.1M
       sources: bybit, binance   fund: -0.0032%/8h  |  vs BTC 6h: +1.41%
       → vol building, vol expansion, whale candle, stealth accum, RSI reset, CMF buying, 5d high

  [18] TOMO        conv= 41.3  sigs= 7  price=$1.381900      24h= +3.22%  vol=$   1.1M
       sources: binance   vs BTC 6h: +9.16%
       → vol building, vol expansion, whale candle, RSI reset, CMF buying, decoupling BTC, 5d high

  [19] BONK        conv= 40.9  sigs= 8  price=$0.000005      24h= +1.78%  vol=$   2.5M
       sources: binance   vs BTC 6h: +2.57%
       → vol building, vol expansion, whale candle, stealth accum, RSI reset, CMF buying, decoupling BTC, 5d high

  [20] 1000BONK    conv= 40.8  sigs= 8  price=$0.004574      24h= +1.80%  vol=$   5.0M
       sources: bybit   fund: +0.0050%/8h  |  vs BTC 6h: +2.97%
       → vol building, vol expansion, whale candle, stealth accum, RSI reset, CMF buying, decoupling BTC, 5d high

  [21] XAG         conv= 40.7  sigs= 6  price=$70.080000     24h= +2.51%  vol=$  20.1M
       sources: bybit   fund: +0.0000%/8h  |  vs BTC 6h: +0.93%
       → vol expansion, whale candle, stealth accum, RSI reset, CMF buying, 5d high

  [22] GPS         conv= 40.6  sigs= 8  price=$0.007990      24h= +8.98%  vol=$   1.0M
       sources: binance   vs BTC 6h: +3.96%
       → vol building, vol expansion, whale candle, RSI reset, CMF buying, higher lows, decoupling BTC, 5d high

  [23] FIL         conv= 40.3  sigs= 7  price=$0.787200      24h= -0.10%  vol=$   7.4M
       sources: bybit, binance   fund: +0.0100%/8h  |  vs BTC 6h: +1.68%
       → vol building, vol expansion, whale candle, stealth accum, RSI divergence, CMF buying, decoupling BTC

  [24] API3        conv= 40.2  sigs= 7  price=$0.267600      24h= +5.15%  vol=$   0.8M
       sources: bybit, binance   fund: +0.0050%/8h  |  vs BTC 6h: +2.64%
       → vol building, vol expansion, whale candle, RSI reset, CMF buying, decoupling BTC, 5d high

--------------------------------------------------------------------------------
  ON RADAR   —  50 coin(s)
--------------------------------------------------------------------------------
  #   Symbol      Conv Sigs         Price     24h%    Vol $M  Signals
  ------------------------------------------------------------------------------
    1 LAB         39.4    7  $  11.812000  +19.53%  $   19.5  vol building, vol expansion, whale candle, RSI reset, CMF buying, +2
    2 JUP         39.4    7  $   0.174630   +0.72%  $    4.5  vol building, vol expansion, whale candle, RSI divergence, RSI reset, +2
    3 ZEC         39.2    8  $ 466.810000  +10.16%  $  168.2  vol building, vol expansion, whale candle, RSI reset, CMF buying, +3
    4 XRP         39.0    7  $   1.173100   +2.06%  $  197.5  vol building, vol expansion, whale candle, stealth accum, RSI reset, +2
    5 FARTCOIN    39.0    7  $   0.127890   +4.70%  $   28.0  vol building, vol expansion, whale candle, RSI divergence, RSI reset, +2
    6 FIGHT       38.8    7  $   0.003860  +16.34%  $    0.8  vol building, vol expansion, RSI divergence, RSI reset, CMF buying, +2
    7 YB          38.3    6  $   0.094300   +4.33%  $    0.7  vol expansion, whale candle, OBV divergence, RSI divergence, CMF buying, +1
    8 DODO        38.2    6  $   0.015380   +1.93%  $    0.2  whale candle, stealth accum, OBV divergence, RSI divergence, RSI reset, +1
    9 EUR         37.8    6  $   1.161100   +0.36%  $    8.3  vol building, vol expansion, whale candle, stealth accum, RSI reset, +1
   10 AERO        37.4    7  $   0.373200   +3.62%  $    3.1  vol building, vol expansion, whale candle, RSI reset, CMF buying, +2
   11 HNT         37.4    7  $   0.299500   -0.70%  $    1.3  vol building, vol expansion, whale candle, stealth accum, CMF buying, +2
   12 ETHUP       37.0    7  $  11.651000   -0.72%  $    0.5  TTM squeeze, vol building, vol expansion, stealth accum, RSI in zone, +2
   13 SYRUP       36.8    7  $   0.142650   +9.60%  $    1.4  vol building, vol expansion, whale candle, RSI reset, CMF buying, +2
   14 RUNE        36.7    6  $   0.394000   +0.88%  $    1.4  vol building, whale candle, RSI divergence, RSI reset, CMF buying, +1
   15 ENS         36.5    7  $   5.111000   +2.92%  $    1.1  vol building, vol expansion, whale candle, RSI reset, CMF buying, +2
   16 COW         36.3    6  $   0.156900   +5.50%  $    0.5  whale candle, stealth accum, RSI divergence, CMF buying, decoupling BTC, +1
   17 ONDO        36.2    6  $   0.368100   +0.66%  $   40.6  vol building, vol expansion, whale candle, RSI divergence, RSI reset, +1
   18 USELESS     35.7    7  $   0.071830   +7.75%  $    3.1  vol building, vol expansion, whale candle, RSI reset, CMF buying, +2
   19 SOL         35.4    7  $  70.390000   +2.01%  $  495.2  vol building, vol expansion, whale candle, RSI reset, CMF buying, +2
   20 THETA       35.3    7  $   0.164000   +1.48%  $    0.3  vol building, whale candle, stealth accum, OBV divergence, CMF buying, +2
   21 CHR         35.2    6  $   0.016750   +5.64%  $    0.4  vol expansion, whale candle, RSI reset, CMF buying, decoupling BTC, +1
   22 STG         35.2    5  $   0.249100  -18.04%  $   37.5  TTM squeeze, OBV divergence, RSI divergence, RSI in zone, funding neg
   23 EWY         34.3    6  $ 205.000000   +2.74%  $    2.0  vol building, vol expansion, whale candle, stealth accum, CMF buying, +1
   24 CFX         34.2    6  $   0.045770   +1.42%  $    0.5  vol building, vol expansion, whale candle, stealth accum, RSI reset, +1
   25 MDX         34.2    5  $   0.034500  +13.52%  $    0.3  vol building, whale candle, RSI divergence, RSI reset, decoupling BTC
   26 MON         34.1    6  $   0.022380   +2.84%  $    2.1  vol building, vol expansion, whale candle, OBV divergence, RSI divergence, +1
   27 SOXL        33.6    6  $ 258.090000   +9.16%  $    7.1  vol building, vol expansion, whale candle, CMF buying, higher lows, +1
   28 S           33.5    6  $   0.031270   +1.98%  $    1.1  vol building, vol expansion, whale candle, OBV divergence, RSI divergence, +1
   29 ORN         33.5    5  $   1.053000   +1.64%  $    0.5  stealth accum, RSI divergence, RSI reset, RSI in zone, higher lows
   30 PNUT        33.4    5  $   0.044920   +1.10%  $    2.1  whale candle, stealth accum, OBV divergence, RSI divergence, 5d high
   31 JELLYJELLY  33.2    7  $   0.078720  +36.89%  $   14.5  vol building, vol expansion, RSI reset, CMF buying, higher lows, +2
   32 UNI         33.2    7  $   2.577000   +0.63%  $    5.7  vol building, vol expansion, whale candle, stealth accum, CMF buying, +2
   33 SLF         33.2    5  $   0.020800  -12.24%  $    0.3  vol building, vol expansion, OBV divergence, RSI divergence, RSI in zone
   34 LTC         32.9    6  $  45.100000   +1.98%  $   17.7  vol building, stealth accum, RSI divergence, RSI reset, CMF buying, +1
   35 USTC        32.8    5  $   0.006060   +0.50%  $    0.3  stealth accum, OBV divergence, RSI divergence, RSI reset, CMF buying
   36 XAU         32.7    5  $4,289.680000   +1.28%  $   24.2  vol expansion, whale candle, RSI reset, CMF buying, 5d high
   37 COCOS       32.5    7  $   1.754600   +3.44%  $    1.5  vol building, vol expansion, stealth accum, RSI reset, RSI in zone, +2
   38 HYPE        32.4    7  $  62.996000   +5.08%  $  273.0  vol building, vol expansion, whale candle, RSI reset, CMF buying, +2
   39 0G          32.4    4  $   0.299300   -0.17%  $    1.0  whale candle, stealth accum, OBV divergence, RSI divergence
   40 MUBARAK     32.2    7  $   0.011070   +2.69%  $    0.7  vol building, vol expansion, whale candle, stealth accum, OBV divergence, +2
   41 PLA         32.0    7  $   0.234700   +5.53%  $    0.8  vol building, vol expansion, stealth accum, RSI reset, CMF buying, +2
   42 ZKC         31.9    5  $   0.057760  +18.76%  $   20.3  RSI divergence, RSI reset, RSI in zone, higher lows, funding neg
   43 SKYAI1      31.8    6  $   0.383780   +7.55%  $    5.9  TTM squeeze, RSI divergence, RSI reset, CMF buying, decoupling BTC, +1
   44 GRASS       31.6    6  $   0.433350   +9.62%  $    2.3  vol building, vol expansion, whale candle, CMF buying, decoupling BTC, +1
   45 LIT         31.3    7  $   1.687100   +2.37%  $    8.6  vol building, vol expansion, whale candle, CMF buying, higher lows, +2
   46 INJ         31.3    5  $   5.180000   -0.90%  $   14.6  vol building, vol expansion, whale candle, RSI divergence, funding neg
   47 ZETA        31.2    7  $   0.039550   +3.31%  $    0.5  vol building, vol expansion, whale candle, stealth accum, CMF buying, +2
   48 AAVE        31.2    6  $  67.810000   +1.16%  $   10.7  vol building, whale candle, stealth accum, RSI reset, decoupling BTC, +1
   49 BERA        31.1    5  $   0.265500   +1.77%  $    2.4  vol building, whale candle, OBV divergence, RSI divergence, decoupling BTC
   50 XAN         31.0    6  $   0.009298   +5.77%  $    0.7  vol building, vol expansion, whale candle, OBV divergence, CMF buying, +1

================================================================================
2026-06-15 00:27:07,324 [INFO]   Saved → ignition_v3_LATEST.txt, ignition_v3_LATEST.json, ignition_v3_20260615_002707.txt
2026-06-15 09:29:03,839 [INFO] ================================================================
2026-06-15 09:29:03,839 [INFO] IGNITION SCANNER v3.0
2026-06-15 09:29:03,839 [INFO] ================================================================
2026-06-15 09:29:03,847 [INFO] Building universe...
2026-06-15 09:29:05,201 [INFO]   Universe (post-filter): 611 coins
2026-06-15 09:29:05,201 [INFO] Fetching BTC reference (1h)...
2026-06-15 09:29:05,544 [INFO] Scanning 611 coins on 1h timeframe...
2026-06-15 09:29:20,399 [INFO]   ...50/611  (surfaced so far: 9)
2026-06-15 09:29:52,739 [INFO]   ...100/611  (surfaced so far: 14)
2026-06-15 09:30:12,788 [INFO]   ...150/611  (surfaced so far: 20)
2026-06-15 09:30:26,945 [INFO]   ...200/611  (surfaced so far: 27)
2026-06-15 09:30:41,858 [INFO]   ...250/611  (surfaced so far: 33)
2026-06-15 09:30:57,477 [INFO]   ...300/611  (surfaced so far: 42)
2026-06-15 09:31:12,488 [INFO]   ...350/611  (surfaced so far: 53)
2026-06-15 09:31:28,511 [INFO]   ...400/611  (surfaced so far: 65)
2026-06-15 09:31:44,027 [INFO]   ...450/611  (surfaced so far: 70)
2026-06-15 09:32:00,365 [INFO]   ...500/611  (surfaced so far: 78)
2026-06-15 09:32:17,217 [INFO]   ...550/611  (surfaced so far: 84)
2026-06-15 09:32:33,853 [INFO]   ...600/611  (surfaced so far: 90)
2026-06-15 09:32:37,513 [INFO] Done in 214s  |  scanned=604  failed=7  skipped=0  watch_now=9  on_radar=50
2026-06-15 09:32:37,514 [INFO] 
================================================================================
  IGNITION SCANNER v3.0  —  early warning watchlist
  Generated : 2026-06-15 09:32:37
  Universe  : 611 bases (Bybit + Binance)  |  Scanned: 604
  Scan time : 214s  |  BTC: $65,675
================================================================================

  Tiers — WATCH NOW: conviction ≥ 40, signals ≥ 5
          ON RADAR : conviction ≥ 25, signals ≥ 3

  This scanner does NOT produce trade plans — it surfaces what's brewing.
  Confirm with trend_scanner (Phase 4) before entry.

--------------------------------------------------------------------------------
  WATCH NOW  —  9 coin(s)
--------------------------------------------------------------------------------

  [ 1] ADX         conv= 48.3  sigs= 7  price=$0.071000      24h=+18.91%  vol=$   2.6M
       sources: binance   vs BTC 6h: +20.93%
       → vol expansion, whale candle, OBV divergence, RSI reset, CMF buying, decoupling BTC, 5d high

  [ 2] CREAM       conv= 46.7  sigs= 7  price=$2.100000      24h=+65.35%  vol=$   0.3M
       sources: binance   vs BTC 6h: +77.74%
       → vol building, whale candle, OBV divergence, RSI divergence, RSI reset, decoupling BTC, 5d high

  [ 3] PLUME       conv= 45.8  sigs= 8  price=$0.011511      24h= +8.97%  vol=$   2.3M
       sources: bybit, binance   fund: +0.0050%/8h  |  vs BTC 6h: +5.42%
       → vol building, vol expansion, whale candle, RSI divergence, RSI reset, CMF buying, decoupling BTC, 5d high

  [ 4] JUP         conv= 45.0  sigs= 8  price=$0.188260      24h=+10.35%  vol=$   8.4M
       sources: bybit, binance   fund: +0.0050%/8h  |  vs BTC 6h: +6.21%
       → vol building, vol expansion, whale candle, OBV divergence, RSI divergence, RSI reset, CMF buying, decoupling BTC

  [ 5] XVG         conv= 43.3  sigs= 7  price=$0.002777      24h= +9.22%  vol=$   0.7M
       sources: bybit, binance   fund: +0.1012%/8h  |  vs BTC 6h: +6.46%
       → vol expansion, OBV divergence, RSI divergence, RSI reset, CMF buying, decoupling BTC, 5d high

  [ 6] BOND        conv= 42.5  sigs= 7  price=$2.152000      24h= +4.42%  vol=$   0.7M
       sources: binance   vs BTC 6h: +19.79%
       → vol building, whale candle, RSI divergence, CMF buying, higher lows, decoupling BTC, 5d high

  [ 7] MET         conv= 42.3  sigs= 7  price=$0.123000      24h=+10.25%  vol=$   1.8M
       sources: bybit, binance   fund: +0.0050%/8h  |  vs BTC 6h: +12.38%
       → vol building, vol expansion, whale candle, RSI reset, CMF buying, decoupling BTC, 5d high

  [ 8] TOMO        conv= 41.6  sigs= 7  price=$1.381900      24h= +3.22%  vol=$   1.1M
       sources: binance   vs BTC 6h: +10.94%
       → vol building, vol expansion, whale candle, RSI reset, CMF buying, decoupling BTC, 5d high

  [ 9] MOVR        conv= 40.3  sigs= 6  price=$1.436000      24h= +9.55%  vol=$   0.9M
       sources: binance   vs BTC 6h: +4.90%
       → whale candle, OBV divergence, RSI divergence, RSI reset, CMF buying, decoupling BTC

--------------------------------------------------------------------------------
  ON RADAR   —  50 coin(s)
--------------------------------------------------------------------------------
  #   Symbol      Conv Sigs         Price     24h%    Vol $M  Signals
  ------------------------------------------------------------------------------
    1 CHIP        39.9    8  $   0.043270  +22.03%  $   19.0  vol building, vol expansion, RSI divergence, CMF buying, higher lows, +3
    2 GIGA        39.5    8  $   0.003054  +13.58%  $    0.7  vol building, vol expansion, RSI reset, CMF buying, higher lows, +3
    3 VANA        39.5    7  $   1.173000   +5.86%  $    0.5  vol building, vol expansion, whale candle, RSI reset, CMF buying, +2
    4 CLO         38.2    7  $   0.266100  +34.24%  $   24.4  vol building, vol expansion, RSI reset, CMF buying, higher lows, +2
    5 ETHUP       37.0    7  $  11.651000   -0.72%  $    0.5  TTM squeeze, vol building, vol expansion, stealth accum, RSI in zone, +2
    6 M           36.9    7  $   2.958100   -0.97%  $    1.3  TTM squeeze, vol building, vol expansion, stealth accum, RSI reset, +2
    7 H           36.1    7  $   0.545190   -0.53%  $  403.8  whale candle, RSI reset, RSI in zone, CMF buying, higher lows, +2
    8 IO          35.4    8  $   0.191120   +8.09%  $    3.4  vol building, vol expansion, OBV divergence, RSI reset, CMF buying, +3
    9 FHE         34.8    7  $   0.025720  +22.25%  $    0.9  vol building, OBV divergence, RSI divergence, RSI reset, CMF buying, +2
   10 PORTO       34.6    7  $   0.560000   +2.00%  $    0.4  vol building, vol expansion, stealth accum, RSI reset, RSI in zone, +2
   11 ZEST        34.6    5  $   0.274900   -2.23%  $    0.6  TTM squeeze, stealth accum, RSI divergence, RSI in zone, CMF buying
   12 MDX         34.5    5  $   0.034500  +13.52%  $    0.3  vol building, whale candle, RSI divergence, RSI reset, decoupling BTC
   13 FIGHT       34.0    6  $   0.004182  +24.99%  $    2.3  vol building, vol expansion, RSI divergence, RSI reset, RSI in zone, +1
   14 ORN         33.5    5  $   1.053000   +1.64%  $    0.5  stealth accum, RSI divergence, RSI reset, RSI in zone, higher lows
   15 OSMO        33.2    5  $   0.046600   +1.08%  $    0.4  TTM squeeze, OBV divergence, RSI divergence, RSI reset, RSI in zone
   16 SLF         33.2    5  $   0.020800  -12.24%  $    0.3  vol building, vol expansion, OBV divergence, RSI divergence, RSI in zone
   17 1000000MOG  33.1    5  $   0.114800   +6.24%  $    1.1  OBV divergence, RSI divergence, RSI reset, RSI in zone, funding neg
   18 0G          33.0    6  $   0.308000   +6.66%  $    0.9  OBV divergence, RSI divergence, RSI reset, decoupling BTC, funding neg, +1
   19 BP          32.8    5  $   0.409370  +12.59%  $    1.1  stealth accum, RSI divergence, RSI in zone, higher lows, decoupling BTC
   20 COCOS       32.5    7  $   1.754600   +3.44%  $    1.5  vol building, vol expansion, stealth accum, RSI reset, RSI in zone, +2
   21 PLA         32.3    7  $   0.234700   +5.53%  $    0.8  vol building, vol expansion, stealth accum, RSI reset, CMF buying, +2
   22 DEXE        32.3    6  $  19.218000   +6.13%  $    5.5  TTM squeeze, vol building, vol expansion, whale candle, RSI reset, +1
   23 KERNEL      31.8    7  $   0.051770   +7.19%  $    1.1  vol building, vol expansion, CMF buying, higher lows, decoupling BTC, +2
   24 EUR         31.7    7  $   1.161300   +0.46%  $   12.5  vol building, vol expansion, stealth accum, RSI reset, CMF buying, +2
   25 SEI         31.5    5  $   0.055010   +3.49%  $    5.9  stealth accum, RSI divergence, RSI reset, RSI in zone, higher lows
   26 DOGS        31.4    7  $   0.000046   +8.14%  $    1.9  vol building, vol expansion, whale candle, RSI in zone, CMF buying, +2
   27 ONG         31.0    5  $   0.048870   +2.64%  $    0.4  vol expansion, stealth accum, RSI reset, RSI in zone, higher lows
   28 ETHBTC      30.9    6  $   0.026145   +0.67%  $    0.8  vol building, vol expansion, stealth accum, RSI in zone, CMF buying, +1
   29 OMG         30.9    6  $   0.383000   -0.78%  $    0.7  TTM squeeze, vol building, vol expansion, RSI reset, RSI in zone, +1
   30 REP         30.8    6  $   4.730000   -0.84%  $    0.5  TTM squeeze, vol building, vol expansion, RSI reset, RSI in zone, +1
   31 AGIX        30.7    7  $   0.614100   -0.37%  $    0.8  TTM squeeze, vol building, vol expansion, stealth accum, RSI in zone, +2
   32 YB          30.5    7  $   0.097330   +9.72%  $    1.4  vol building, vol expansion, RSI reset, CMF buying, higher lows, +2
   33 BNX         30.1    5  $   1.781900   +2.81%  $    0.8  whale candle, RSI divergence, RSI in zone, CMF buying, decoupling BTC
   34 PUFFER      29.9    6  $   0.022470  +54.73%  $    7.7  vol building, vol expansion, CMF buying, higher lows, decoupling BTC, +1
   35 ACE         29.6    5  $   0.086100   +2.49%  $    0.2  stealth accum, RSI divergence, RSI reset, RSI in zone, higher lows
   36 LIGHT       29.6    4  $   0.113500   -0.70%  $    0.6  TTM squeeze, stealth accum, OBV divergence, RSI in zone
   37 MFT         29.5    6  $   0.005254   -0.85%  $    0.7  vol building, vol expansion, RSI reset, RSI in zone, CMF buying, +1
   38 BAL         29.4    4  $   0.967000   -3.69%  $    0.2  stealth accum, RSI divergence, RSI reset, RSI in zone
   39 币安人生        29.3    5  $   0.693200   +3.85%  $    5.0  vol building, vol expansion, whale candle, RSI reset, decoupling BTC
   40 SUN         29.2    5  $   0.017060   +1.19%  $    0.6  stealth accum, RSI reset, RSI in zone, CMF buying, higher lows
   41 PNT         29.2    5  $   0.035000  +45.23%  $    0.3  whale candle, RSI reset, RSI in zone, higher lows, decoupling BTC
   42 EPIC        29.0    4  $   0.504600   -4.02%  $    1.0  TTM squeeze, RSI divergence, RSI reset, RSI in zone
   43 TVK         28.9    7  $   0.054050   +0.04%  $    1.0  vol building, vol expansion, stealth accum, RSI reset, higher lows, +2
   44 BTW         28.8    5  $   0.095650   +5.12%  $    6.3  TTM squeeze, RSI reset, RSI in zone, CMF buying, higher lows
   45 ARC         28.8    5  $   0.077430   -8.29%  $    1.4  vol building, vol expansion, RSI divergence, RSI in zone, CMF buying
   46 LOKA        28.7    6  $   0.123700   +3.86%  $    0.9  vol building, vol expansion, RSI reset, CMF buying, higher lows, +1
   47 MON         28.5    5  $   0.022221   +4.15%  $    2.2  OBV divergence, RSI divergence, RSI reset, RSI in zone, funding neg
   48 YFII        28.5    5  $ 435.500000   +2.30%  $    0.8  stealth accum, RSI divergence, RSI reset, RSI in zone, higher lows
   49 CLV         27.9    5  $   0.029370  +13.97%  $    0.3  vol building, vol expansion, whale candle, RSI reset, RSI in zone
   50 TORN        27.9    4  $   4.060000   -4.02%  $    0.5  stealth accum, RSI divergence, RSI in zone, higher lows

================================================================================
2026-06-15 09:32:37,542 [INFO]   Saved → ignition_v3_LATEST.txt, ignition_v3_LATEST.json, ignition_v3_20260615_093237.txt
2026-06-15 14:51:22,577 [INFO] ================================================================
2026-06-15 14:51:22,580 [INFO] IGNITION SCANNER v3.0
2026-06-15 14:51:22,581 [INFO] ================================================================
2026-06-15 14:51:22,584 [INFO] Building universe...
2026-06-15 14:51:29,663 [INFO]   Universe (post-filter): 641 coins
2026-06-15 14:51:29,664 [INFO] Fetching BTC reference (1h)...
2026-06-15 14:51:30,033 [INFO] Scanning 641 coins on 1h timeframe...
2026-06-15 14:51:50,738 [INFO]   ...50/641  (surfaced so far: 30)
2026-06-15 14:52:12,239 [INFO]   ...100/641  (surfaced so far: 48)
2026-06-15 14:52:29,784 [INFO]   ...150/641  (surfaced so far: 62)
2026-06-15 14:52:47,414 [INFO]   ...200/641  (surfaced so far: 79)
2026-06-15 14:53:06,431 [INFO]   ...250/641  (surfaced so far: 93)
2026-06-15 14:53:25,469 [INFO]   ...300/641  (surfaced so far: 109)
2026-06-15 14:53:43,235 [INFO]   ...350/641  (surfaced so far: 123)
2026-06-15 14:54:00,752 [INFO]   ...400/641  (surfaced so far: 141)
2026-06-15 14:54:19,764 [INFO]   ...450/641  (surfaced so far: 149)
2026-06-15 14:54:40,825 [INFO]   ...500/641  (surfaced so far: 169)
2026-06-15 14:54:59,838 [INFO]   ...550/641  (surfaced so far: 180)
2026-06-15 14:55:20,045 [INFO]   ...600/641  (surfaced so far: 191)
2026-06-15 14:55:35,991 [INFO] Done in 253s  |  scanned=640  failed=1  skipped=0  watch_now=11  on_radar=50
2026-06-15 14:55:35,994 [INFO] 
================================================================================
  IGNITION SCANNER v3.0  —  early warning watchlist
  Generated : 2026-06-15 14:55:35
  Universe  : 641 bases (Bybit + Binance)  |  Scanned: 640
  Scan time : 253s  |  BTC: $66,563
================================================================================

  Tiers — WATCH NOW: conviction ≥ 40, signals ≥ 5
          ON RADAR : conviction ≥ 25, signals ≥ 3

  This scanner does NOT produce trade plans — it surfaces what's brewing.
  Confirm with trend_scanner (Phase 4) before entry.

--------------------------------------------------------------------------------
  WATCH NOW  —  11 coin(s)
--------------------------------------------------------------------------------

  [ 1] CREAM       conv= 46.7  sigs= 7  price=$2.100000      24h=+65.35%  vol=$   0.3M
       sources: binance   vs BTC 6h: +76.82%
       → vol building, whale candle, OBV divergence, RSI divergence, RSI reset, decoupling BTC, 5d high

  [ 2] PLUME       conv= 46.2  sigs= 8  price=$0.011764      24h=+13.48%  vol=$   3.4M
       sources: bybit, binance   fund: +0.0050%/8h  |  vs BTC 6h: +5.42%
       → vol building, vol expansion, whale candle, OBV divergence, RSI divergence, CMF buying, decoupling BTC, 5d high

  [ 3] BSB         conv= 46.0  sigs= 8  price=$0.347100      24h=+36.95%  vol=$  26.7M
       sources: bybit   fund: +0.0763%/8h  |  vs BTC 6h: +19.63%
       → vol building, vol expansion, whale candle, RSI reset, CMF buying, higher lows, decoupling BTC, 5d high

  [ 4] TWT         conv= 45.5  sigs= 7  price=$0.407100      24h= +7.12%  vol=$   0.6M
       sources: binance   vs BTC 6h: -0.27%
       → whale candle, stealth accum, RSI divergence, RSI reset, CMF buying, higher lows, 5d high

  [ 5] XLM         conv= 43.6  sigs= 8  price=$0.203470      24h=+16.25%  vol=$  45.2M
       sources: bybit, binance   fund: +0.0100%/8h  |  vs BTC 6h: +6.18%
       → vol building, vol expansion, whale candle, RSI reset, CMF buying, higher lows, decoupling BTC, 5d high

  [ 6] XVG         conv= 43.6  sigs= 7  price=$0.002903      24h=+19.11%  vol=$   1.4M
       sources: bybit, binance   fund: +0.0963%/8h  |  vs BTC 6h: +7.58%
       → vol expansion, OBV divergence, RSI divergence, RSI reset, CMF buying, decoupling BTC, 5d high

  [ 7] BOND        conv= 42.5  sigs= 7  price=$2.152000      24h= +4.42%  vol=$   0.7M
       sources: binance   vs BTC 6h: +18.88%
       → vol building, whale candle, RSI divergence, CMF buying, higher lows, decoupling BTC, 5d high

  [ 8] ATOM        conv= 41.4  sigs= 7  price=$2.017200      24h= +3.72%  vol=$  11.4M
       sources: bybit, binance   fund: -0.0010%/8h  |  vs BTC 6h: +0.78%
       → vol building, vol expansion, stealth accum, RSI divergence, RSI reset, CMF buying, higher lows

  [ 9] TOMO        conv= 41.4  sigs= 7  price=$1.381900      24h= +3.22%  vol=$   1.1M
       sources: binance   vs BTC 6h: +10.02%
       → vol building, vol expansion, whale candle, RSI reset, CMF buying, decoupling BTC, 5d high

  [10] ETHBTC      conv= 41.1  sigs= 7  price=$0.026699      24h= +5.25%  vol=$   1.5M
       sources: bybit   fund: +0.0117%/8h  |  vs BTC 6h: +0.89%
       → vol building, vol expansion, whale candle, stealth accum, RSI reset, CMF buying, 5d high

  [11] TIA         conv= 41.0  sigs= 8  price=$0.374500      24h=+11.58%  vol=$  10.2M
       sources: bybit, binance   fund: +0.0050%/8h  |  vs BTC 6h: +2.71%
       → vol building, vol expansion, whale candle, RSI reset, CMF buying, higher lows, decoupling BTC, 5d high

--------------------------------------------------------------------------------
  ON RADAR   —  50 coin(s)
--------------------------------------------------------------------------------
  #   Symbol      Conv Sigs         Price     24h%    Vol $M  Signals
  ------------------------------------------------------------------------------
    1 SAND        39.1    8  $   0.054890   +6.99%  $    2.6  vol building, vol expansion, stealth accum, RSI reset, CMF buying, +3
    2 FLOKI       39.0    7  $   0.000027   +9.73%  $    1.9  vol building, vol expansion, RSI divergence, RSI reset, CMF buying, +2
    3 NEXO        38.8    7  $   0.826000   +4.91%  $    0.5  vol building, vol expansion, stealth accum, OBV divergence, RSI reset, +2
    4 IOTA        38.2    8  $   0.049330  +10.60%  $    1.2  vol building, vol expansion, whale candle, RSI divergence, CMF buying, +3
    5 HANA        38.2    7  $   0.034539  +16.90%  $    0.9  vol building, vol expansion, whale candle, RSI reset, CMF buying, +2
    6 EUR         37.9    8  $   1.161900   +0.52%  $   21.7  vol building, vol expansion, stealth accum, RSI reset, RSI in zone, +3
    7 BASED       37.9    7  $   0.084310  +28.27%  $    3.8  vol building, vol expansion, RSI reset, CMF buying, higher lows, +2
    8 XRP         37.5    7  $   1.238000   +9.56%  $  387.2  vol building, vol expansion, whale candle, RSI reset, CMF buying, +2
    9 VIRTUAL     37.4    7  $   0.659600   +9.06%  $   21.3  vol building, vol expansion, stealth accum, RSI divergence, RSI in zone, +2
   10 MET         37.2    7  $   0.118900  +13.49%  $    2.2  vol expansion, whale candle, RSI reset, RSI in zone, CMF buying, +2
   11 ETHUP       37.0    7  $  11.651000   -0.72%  $    0.5  TTM squeeze, vol building, vol expansion, stealth accum, RSI in zone, +2
   12 CRO         36.9    7  $   0.062690   +2.50%  $    0.6  vol building, vol expansion, whale candle, stealth accum, CMF buying, +2
   13 MU          36.7    6  $1,058.390000   +6.28%  $   11.0  vol building, vol expansion, whale candle, stealth accum, RSI reset, +1
   14 ROSE        36.7    6  $   0.006887  +14.78%  $    1.5  vol expansion, whale candle, RSI reset, CMF buying, decoupling BTC, +1
   15 MANA        36.5    8  $   0.070460   +7.34%  $    1.0  vol building, vol expansion, RSI divergence, RSI reset, CMF buying, +3
   16 LUNA        36.5    7  $   0.054300   +5.62%  $    0.5  vol building, vol expansion, stealth accum, RSI reset, CMF buying, +2
   17 QNTX        36.4    7  $  57.470000   +3.43%  $    1.3  vol building, vol expansion, stealth accum, RSI reset, RSI in zone, +2
   18 CRCL        36.3    7  $  82.320000   +8.83%  $    2.7  vol building, vol expansion, stealth accum, OBV divergence, RSI reset, +2
   19 APEX        36.3    7  $   0.326800  +12.02%  $    1.5  vol building, vol expansion, whale candle, RSI reset, CMF buying, +2
   20 MOVR        36.3    7  $   1.487000  +12.77%  $    1.3  vol building, vol expansion, RSI divergence, RSI reset, CMF buying, +2
   21 US          36.3    6  $   0.014866  +20.27%  $    0.8  vol building, vol expansion, whale candle, OBV divergence, CMF buying, +1
   22 AUCTION     36.2    7  $   3.900000   +3.45%  $    0.5  vol building, vol expansion, stealth accum, RSI reset, CMF buying, +2
   23 TRX         36.1    6  $   0.320730   +1.24%  $   32.5  stealth accum, RSI divergence, RSI reset, RSI in zone, CMF buying, +1
   24 OSMO        36.1    5  $   0.047300   +3.26%  $    0.5  TTM squeeze, stealth accum, OBV divergence, RSI divergence, RSI reset
   25 0G          36.0    6  $   0.315800   +8.84%  $    1.8  vol building, vol expansion, whale candle, OBV divergence, RSI divergence, +1
   26 XAU         35.9    7  $4,351.030000   +3.21%  $   52.5  vol building, vol expansion, stealth accum, RSI reset, CMF buying, +2
   27 ETH         35.8    7  $1,776.440000   +8.95%  $ 2707.1  vol building, vol expansion, whale candle, RSI reset, CMF buying, +2
   28 PEAQ        35.6    7  $   0.023253   +6.87%  $    1.1  vol building, OBV divergence, RSI divergence, RSI reset, RSI in zone, +2
   29 THETA       35.6    6  $   0.167990   +5.96%  $    0.6  vol building, vol expansion, whale candle, RSI divergence, CMF buying, +1
   30 MAGIC       35.5    7  $   0.049700   +7.36%  $    0.4  vol building, vol expansion, whale candle, RSI reset, CMF buying, +2
   31 GRT         35.2    6  $   0.021050   +6.63%  $    1.3  vol building, vol expansion, RSI divergence, RSI reset, CMF buying, +1
   32 JTO         34.8    7  $   0.643600  +23.59%  $   16.4  vol building, vol expansion, RSI reset, CMF buying, higher lows, +2
   33 EDU         34.8    6  $   0.031200   +8.28%  $    1.1  RSI divergence, RSI reset, CMF buying, higher lows, decoupling BTC, +1
   34 OPG         34.7    6  $   0.189300  -10.71%  $   86.2  vol building, vol expansion, RSI divergence, RSI reset, RSI in zone, +1
   35 QNT         34.6    7  $  70.940000   +5.32%  $    0.9  vol building, whale candle, RSI reset, CMF buying, higher lows, +2
   36 PORTO       34.6    7  $   0.572000   +3.27%  $    0.5  vol building, vol expansion, stealth accum, RSI reset, CMF buying, +2
   37 AEVO        34.6    7  $   0.020600   +5.45%  $    0.3  vol building, vol expansion, stealth accum, RSI reset, CMF buying, +2
   38 ACM         34.6    4  $   0.307000   +1.32%  $    1.7  stealth accum, OBV divergence, RSI divergence, RSI reset
   39 WBETH       34.5    6  $1,951.950000   +8.88%  $    2.9  vol expansion, whale candle, RSI reset, CMF buying, decoupling BTC, +1
   40 MDX         34.4    5  $   0.034500  +13.52%  $    0.3  vol building, whale candle, RSI divergence, RSI reset, decoupling BTC
   41 LPT         34.2    7  $   1.865000   +5.93%  $    0.5  vol building, vol expansion, stealth accum, RSI reset, CMF buying, +2
   42 CGPT        34.2    7  $   0.022640   +8.97%  $    0.5  vol building, vol expansion, whale candle, OBV divergence, CMF buying, +2
   43 AZTEC       34.0    5  $   0.017478  +11.05%  $    1.8  RSI divergence, RSI reset, RSI in zone, CMF buying, higher lows
   44 VVV         33.8    6  $  16.590000   +4.82%  $   19.5  vol building, stealth accum, OBV divergence, RSI divergence, RSI reset, +1
   45 CRWV        33.6    6  $ 105.720000   +3.80%  $    1.1  vol building, vol expansion, stealth accum, RSI divergence, RSI in zone, +1
   46 ZRO         33.5    6  $   1.157400  +25.77%  $   16.9  vol expansion, RSI reset, CMF buying, higher lows, decoupling BTC, +1
   47 ROBO        33.5    6  $   0.019950   +2.32%  $    3.5  stealth accum, RSI divergence, RSI reset, RSI in zone, higher lows, +1
   48 ZIL         33.5    6  $   0.003340   +5.66%  $    0.3  vol building, vol expansion, stealth accum, RSI divergence, CMF buying, +1
   49 ORN         33.5    5  $   1.053000   +1.64%  $    0.5  stealth accum, RSI divergence, RSI reset, RSI in zone, higher lows
   50 BTC         33.4    7  $66,530.700000   +3.58%  $ 5215.0  vol building, vol expansion, stealth accum, RSI reset, CMF buying, +2

================================================================================
2026-06-15 14:55:36,065 [INFO]   Saved → ignition_v3_LATEST.txt, ignition_v3_LATEST.json, ignition_v3_20260615_145536.txt
2026-06-15 15:37:28,206 [INFO] ================================================================
2026-06-15 15:37:28,208 [INFO] IGNITION SCANNER v3.0
2026-06-15 15:37:28,208 [INFO] ================================================================
2026-06-15 15:37:28,210 [INFO] Building universe...
2026-06-15 15:37:30,674 [INFO]   Universe (post-filter): 641 coins
2026-06-15 15:37:30,675 [INFO] Fetching BTC reference (1h)...
2026-06-15 15:37:30,730 [INFO] Scanning 641 coins on 1h timeframe...
2026-06-15 15:37:32,785 [INFO]   ...50/641  (surfaced so far: 30)
2026-06-15 15:37:34,732 [INFO]   ...100/641  (surfaced so far: 49)
2026-06-15 15:37:36,748 [INFO]   ...150/641  (surfaced so far: 63)
2026-06-15 15:37:38,953 [INFO]   ...200/641  (surfaced so far: 78)
2026-06-15 15:37:41,159 [INFO]   ...250/641  (surfaced so far: 93)
2026-06-15 15:37:43,749 [INFO]   ...300/641  (surfaced so far: 111)
2026-06-15 15:37:46,361 [INFO]   ...350/641  (surfaced so far: 123)
2026-06-15 15:37:48,245 [INFO]   ...400/641  (surfaced so far: 143)
2026-06-15 15:37:50,269 [INFO]   ...450/641  (surfaced so far: 156)
2026-06-15 15:37:52,760 [INFO]   ...500/641  (surfaced so far: 173)
2026-06-15 15:37:54,608 [INFO]   ...550/641  (surfaced so far: 184)
2026-06-15 15:37:56,613 [INFO]   ...600/641  (surfaced so far: 196)
2026-06-15 15:37:58,313 [INFO] Done in 30s  |  scanned=640  failed=1  skipped=0  watch_now=13  on_radar=50
2026-06-15 15:37:58,315 [INFO] 
================================================================================
  IGNITION SCANNER v3.0  —  early warning watchlist
  Generated : 2026-06-15 15:37:58
  Universe  : 641 bases (Bybit + Binance)  |  Scanned: 640
  Scan time : 30s  |  BTC: $66,563
================================================================================

  Tiers — WATCH NOW: conviction ≥ 40, signals ≥ 5
          ON RADAR : conviction ≥ 25, signals ≥ 3

  This scanner does NOT produce trade plans — it surfaces what's brewing.
  Confirm with trend_scanner (Phase 4) before entry.

--------------------------------------------------------------------------------
  WATCH NOW  —  13 coin(s)
--------------------------------------------------------------------------------

  [ 1] COIN        conv= 47.6  sigs= 7  price=$171.840000    24h= +6.08%  vol=$   0.5M
       sources: bybit   fund: +0.0000%/8h  |  vs BTC 6h: +1.36%
       → vol expansion, whale candle, stealth accum, RSI reset, CMF buying, higher lows, 5d high

  [ 2] CREAM       conv= 46.7  sigs= 7  price=$2.100000      24h=+65.35%  vol=$   0.3M
       sources: binance   vs BTC 6h: +76.82%
       → vol building, whale candle, OBV divergence, RSI divergence, RSI reset, decoupling BTC, 5d high

  [ 3] PLUME       conv= 46.2  sigs= 8  price=$0.011764      24h=+14.43%  vol=$   3.4M
       sources: bybit, binance   fund: +0.0050%/8h  |  vs BTC 6h: +5.42%
       → vol building, vol expansion, whale candle, OBV divergence, RSI divergence, CMF buying, decoupling BTC, 5d high

  [ 4] BSB         conv= 46.0  sigs= 8  price=$0.347100      24h=+37.09%  vol=$  28.5M
       sources: bybit   fund: +0.0747%/8h  |  vs BTC 6h: +19.63%
       → vol building, vol expansion, whale candle, RSI reset, CMF buying, higher lows, decoupling BTC, 5d high

  [ 5] TWT         conv= 45.5  sigs= 7  price=$0.407100      24h= +8.23%  vol=$   0.7M
       sources: binance   vs BTC 6h: -0.27%
       → whale candle, stealth accum, RSI divergence, RSI reset, CMF buying, higher lows, 5d high

  [ 6] XLM         conv= 43.6  sigs= 8  price=$0.203470      24h=+17.42%  vol=$  51.5M
       sources: bybit, binance   fund: +0.0100%/8h  |  vs BTC 6h: +6.18%
       → vol building, vol expansion, whale candle, RSI reset, CMF buying, higher lows, decoupling BTC, 5d high

  [ 7] XVG         conv= 43.6  sigs= 7  price=$0.002903      24h=+17.31%  vol=$   1.5M
       sources: bybit, binance   fund: +0.0850%/8h  |  vs BTC 6h: +7.58%
       → vol expansion, OBV divergence, RSI divergence, RSI reset, CMF buying, decoupling BTC, 5d high

  [ 8] BB          conv= 42.9  sigs= 7  price=$0.024140      24h=+15.58%  vol=$   0.6M
       sources: bybit, binance   fund: +0.0381%/8h  |  vs BTC 6h: +5.81%
       → vol expansion, whale candle, OBV divergence, RSI reset, CMF buying, decoupling BTC, 5d high

  [ 9] BOND        conv= 42.5  sigs= 7  price=$2.152000      24h= +4.42%  vol=$   0.7M
       sources: binance   vs BTC 6h: +18.88%
       → vol building, whale candle, RSI divergence, CMF buying, higher lows, decoupling BTC, 5d high

  [10] ATOM        conv= 41.4  sigs= 7  price=$2.017200      24h= +2.96%  vol=$  11.9M
       sources: bybit, binance   fund: -0.0073%/8h  |  vs BTC 6h: +0.78%
       → vol building, vol expansion, stealth accum, RSI divergence, RSI reset, CMF buying, higher lows

  [11] TOMO        conv= 41.4  sigs= 7  price=$1.381900      24h= +3.22%  vol=$   1.1M
       sources: binance   vs BTC 6h: +10.02%
       → vol building, vol expansion, whale candle, RSI reset, CMF buying, decoupling BTC, 5d high

  [12] ETHBTC      conv= 41.1  sigs= 7  price=$0.026699      24h= +5.13%  vol=$   1.5M
       sources: bybit   fund: +0.0000%/8h  |  vs BTC 6h: +0.89%
       → vol building, vol expansion, whale candle, stealth accum, RSI reset, CMF buying, 5d high

  [13] TIA         conv= 41.0  sigs= 8  price=$0.374500      24h=+14.91%  vol=$  10.4M
       sources: bybit, binance   fund: +0.0050%/8h  |  vs BTC 6h: +2.71%
       → vol building, vol expansion, whale candle, RSI reset, CMF buying, higher lows, decoupling BTC, 5d high

--------------------------------------------------------------------------------
  ON RADAR   —  50 coin(s)
--------------------------------------------------------------------------------
  #   Symbol      Conv Sigs         Price     24h%    Vol $M  Signals
  ------------------------------------------------------------------------------
    1 SAND        39.1    8  $   0.054890   +7.59%  $    2.6  vol building, vol expansion, stealth accum, RSI reset, CMF buying, +3
    2 FLOKI       39.0    7  $   0.000027   +9.91%  $    2.0  vol building, vol expansion, RSI divergence, RSI reset, CMF buying, +2
    3 TRX         38.9    7  $   0.320730   +0.70%  $   36.0  stealth accum, RSI divergence, RSI reset, RSI in zone, CMF buying, +2
    4 NEXO        38.8    7  $   0.826000   +5.17%  $    0.5  vol building, vol expansion, stealth accum, OBV divergence, RSI reset, +2
    5 IOTA        38.2    8  $   0.049330  +10.29%  $    1.3  vol building, vol expansion, whale candle, RSI divergence, CMF buying, +3
    6 HANA        38.2    7  $   0.034539  +14.99%  $    1.0  vol building, vol expansion, whale candle, RSI reset, CMF buying, +2
    7 EUR         37.9    8  $   1.161900   +0.45%  $   22.4  vol building, vol expansion, stealth accum, RSI reset, RSI in zone, +3
    8 BASED       37.9    7  $   0.084310  +26.31%  $    4.3  vol building, vol expansion, RSI reset, CMF buying, higher lows, +2
    9 XRP         37.5    7  $   1.238000   +9.79%  $  394.5  vol building, vol expansion, whale candle, RSI reset, CMF buying, +2
   10 VIRTUAL     37.4    7  $   0.659600   +8.87%  $   21.9  vol building, vol expansion, stealth accum, RSI divergence, RSI in zone, +2
   11 MET         37.2    7  $   0.118900  +16.64%  $    2.4  vol expansion, whale candle, RSI reset, RSI in zone, CMF buying, +2
   12 ETHUP       37.0    7  $  11.651000   -0.72%  $    0.5  TTM squeeze, vol building, vol expansion, stealth accum, RSI in zone, +2
   13 CRO         36.9    7  $   0.062690   +3.37%  $    0.6  vol building, vol expansion, whale candle, stealth accum, CMF buying, +2
   14 MU          36.7    6  $1,058.390000   +6.09%  $   12.5  vol building, vol expansion, whale candle, stealth accum, RSI reset, +1
   15 ROSE        36.7    6  $   0.006887  +14.62%  $    1.6  vol expansion, whale candle, RSI reset, CMF buying, decoupling BTC, +1
   16 MANA        36.5    8  $   0.070460   +7.59%  $    1.0  vol building, vol expansion, RSI divergence, RSI reset, CMF buying, +3
   17 LUNA        36.5    7  $   0.054300   +6.67%  $    0.5  vol building, vol expansion, stealth accum, RSI reset, CMF buying, +2
   18 QNTX        36.4    7  $  57.470000   +1.94%  $    1.5  vol building, vol expansion, stealth accum, RSI reset, RSI in zone, +2
   19 CRCL        36.3    7  $  82.320000   +9.66%  $    3.3  vol building, vol expansion, stealth accum, OBV divergence, RSI reset, +2
   20 APEX        36.3    7  $   0.326800  +12.93%  $    1.5  vol building, vol expansion, whale candle, RSI reset, CMF buying, +2
   21 MOVR        36.3    7  $   1.487000  +14.28%  $    1.4  vol building, vol expansion, RSI divergence, RSI reset, CMF buying, +2
   22 US          36.3    6  $   0.014866  +19.84%  $    0.8  vol building, vol expansion, whale candle, OBV divergence, CMF buying, +1
   23 AUCTION     36.2    7  $   3.900000   +4.00%  $    0.4  vol building, vol expansion, stealth accum, RSI reset, CMF buying, +2
   24 OSMO        36.1    5  $   0.047300   +5.07%  $    0.5  TTM squeeze, stealth accum, OBV divergence, RSI divergence, RSI reset
   25 0G          36.0    6  $   0.315800   +7.32%  $    1.7  vol building, vol expansion, whale candle, OBV divergence, RSI divergence, +1
   26 XAU         35.9    7  $4,351.030000   +3.18%  $   54.6  vol building, vol expansion, stealth accum, RSI reset, CMF buying, +2
   27 ETH         35.8    7  $1,776.440000   +9.17%  $ 2793.8  vol building, vol expansion, whale candle, RSI reset, CMF buying, +2
   28 PEAQ        35.6    7  $   0.023253   +7.67%  $    1.2  vol building, OBV divergence, RSI divergence, RSI reset, RSI in zone, +2
   29 THETA       35.6    6  $   0.167990   +5.92%  $    0.6  vol building, vol expansion, whale candle, RSI divergence, CMF buying, +1
   30 MAGIC       35.5    7  $   0.049700   +7.64%  $    0.4  vol building, vol expansion, whale candle, RSI reset, CMF buying, +2
   31 GRT         35.2    6  $   0.021050   +7.69%  $    1.2  vol building, vol expansion, RSI divergence, RSI reset, CMF buying, +1
   32 JTO         34.8    7  $   0.643600  +41.79%  $   23.4  vol building, vol expansion, RSI reset, CMF buying, higher lows, +2
   33 EDU         34.8    6  $   0.031200   +9.03%  $    1.1  RSI divergence, RSI reset, CMF buying, higher lows, decoupling BTC, +1
   34 OPG         34.7    6  $   0.189300  -11.12%  $   86.4  vol building, vol expansion, RSI divergence, RSI reset, RSI in zone, +1
   35 QNT         34.6    7  $  70.940000   +5.00%  $    0.9  vol building, whale candle, RSI reset, CMF buying, higher lows, +2
   36 PORTO       34.6    7  $   0.572000   +4.22%  $    0.5  vol building, vol expansion, stealth accum, RSI reset, CMF buying, +2
   37 AEVO        34.6    7  $   0.020600   +5.38%  $    0.3  vol building, vol expansion, stealth accum, RSI reset, CMF buying, +2
   38 ACM         34.6    4  $   0.307000   +1.33%  $    1.7  stealth accum, OBV divergence, RSI divergence, RSI reset
   39 WBETH       34.5    6  $1,951.950000   +9.45%  $    3.0  vol expansion, whale candle, RSI reset, CMF buying, decoupling BTC, +1
   40 MDX         34.4    5  $   0.034500  +13.52%  $    0.3  vol building, whale candle, RSI divergence, RSI reset, decoupling BTC
   41 LPT         34.2    7  $   1.865000   +6.30%  $    0.5  vol building, vol expansion, stealth accum, RSI reset, CMF buying, +2
   42 CGPT        34.2    7  $   0.022640  +11.49%  $    0.5  vol building, vol expansion, whale candle, OBV divergence, CMF buying, +2
   43 AZTEC       34.0    5  $   0.017478  +10.08%  $    1.9  RSI divergence, RSI reset, RSI in zone, CMF buying, higher lows
   44 VVV         33.8    6  $  16.590000   +5.46%  $   19.8  vol building, stealth accum, OBV divergence, RSI divergence, RSI reset, +1
   45 CRWV        33.6    6  $ 105.720000   +4.08%  $    1.1  vol building, vol expansion, stealth accum, RSI divergence, RSI in zone, +1
   46 ZRO         33.5    6  $   1.157400  +29.61%  $   18.4  vol expansion, RSI reset, CMF buying, higher lows, decoupling BTC, +1
   47 ZIL         33.5    6  $   0.003340   +6.35%  $    0.3  vol building, vol expansion, stealth accum, RSI divergence, CMF buying, +1
   48 ORN         33.5    5  $   1.053000   +1.64%  $    0.5  stealth accum, RSI divergence, RSI reset, RSI in zone, higher lows
   49 BTC         33.4    7  $66,530.700000   +3.92%  $ 5282.9  vol building, vol expansion, stealth accum, RSI reset, CMF buying, +2
   50 BNB         33.4    7  $ 624.100000   +2.98%  $  107.8  vol building, vol expansion, stealth accum, RSI reset, CMF buying, +2

================================================================================
2026-06-15 15:37:58,340 [INFO]   Saved → ignition_v3_LATEST.txt, ignition_v3_LATEST.json, ignition_v3_20260615_153758.txt
2026-06-15 16:10:11,190 [INFO] ================================================================
2026-06-15 16:10:11,193 [INFO] IGNITION SCANNER v3.0
2026-06-15 16:10:11,194 [INFO] ================================================================
2026-06-15 16:10:11,195 [INFO] Building universe...
2026-06-15 16:10:15,132 [INFO]   Universe (post-filter): 641 coins
2026-06-15 16:10:15,133 [INFO] Fetching BTC reference (1h)...
2026-06-15 16:10:15,523 [INFO] Scanning 641 coins on 1h timeframe...
2026-06-15 16:10:19,247 [INFO]   ...50/641  (surfaced so far: 29)
2026-06-15 16:10:22,470 [INFO]   ...100/641  (surfaced so far: 48)
2026-06-15 16:10:25,237 [INFO]   ...150/641  (surfaced so far: 61)
2026-06-15 16:10:27,956 [INFO]   ...200/641  (surfaced so far: 77)
2026-06-15 16:10:30,713 [INFO]   ...250/641  (surfaced so far: 92)
2026-06-15 16:10:34,209 [INFO]   ...300/641  (surfaced so far: 107)
2026-06-15 16:10:37,420 [INFO]   ...350/641  (surfaced so far: 122)
2026-06-15 16:10:40,609 [INFO]   ...400/641  (surfaced so far: 140)
2026-06-15 16:10:44,540 [INFO]   ...450/641  (surfaced so far: 154)
2026-06-15 16:10:48,058 [INFO]   ...500/641  (surfaced so far: 171)
2026-06-15 16:10:51,013 [INFO]   ...550/641  (surfaced so far: 181)
2026-06-15 16:10:53,863 [INFO]   ...600/641  (surfaced so far: 193)
2026-06-15 16:10:56,563 [INFO] Done in 45s  |  scanned=640  failed=1  skipped=0  watch_now=15  on_radar=50
2026-06-15 16:10:56,565 [INFO] 
================================================================================
  IGNITION SCANNER v3.0  —  early warning watchlist
  Generated : 2026-06-15 16:10:56
  Universe  : 641 bases (Bybit + Binance)  |  Scanned: 640
  Scan time : 45s  |  BTC: $66,592
================================================================================

  Tiers — WATCH NOW: conviction ≥ 40, signals ≥ 5
          ON RADAR : conviction ≥ 25, signals ≥ 3

  This scanner does NOT produce trade plans — it surfaces what's brewing.
  Confirm with trend_scanner (Phase 4) before entry.

--------------------------------------------------------------------------------
  WATCH NOW  —  15 coin(s)
--------------------------------------------------------------------------------

  [ 1] COIN        conv= 47.6  sigs= 7  price=$171.840000    24h= +6.03%  vol=$   0.6M
       sources: bybit   fund: +0.0000%/8h  |  vs BTC 6h: +1.08%
       → vol expansion, whale candle, stealth accum, RSI reset, CMF buying, higher lows, 5d high

  [ 2] CREAM       conv= 46.7  sigs= 7  price=$2.100000      24h=+65.35%  vol=$   0.3M
       sources: binance   vs BTC 6h: +76.55%
       → vol building, whale candle, OBV divergence, RSI divergence, RSI reset, decoupling BTC, 5d high

  [ 3] PLUME       conv= 46.2  sigs= 8  price=$0.011764      24h=+12.94%  vol=$   3.3M
       sources: bybit, binance   fund: +0.0050%/8h  |  vs BTC 6h: +5.14%
       → vol building, vol expansion, whale candle, OBV divergence, RSI divergence, CMF buying, decoupling BTC, 5d high

  [ 4] BSB         conv= 46.0  sigs= 8  price=$0.347100      24h=+39.25%  vol=$  29.5M
       sources: bybit   fund: +0.0620%/8h  |  vs BTC 6h: +19.36%
       → vol building, vol expansion, whale candle, RSI reset, CMF buying, higher lows, decoupling BTC, 5d high

  [ 5] TWT         conv= 45.5  sigs= 7  price=$0.407100      24h= +7.92%  vol=$   0.6M
       sources: binance   vs BTC 6h: -0.55%
       → whale candle, stealth accum, RSI divergence, RSI reset, CMF buying, higher lows, 5d high

  [ 6] GRIFFAIN    conv= 44.6  sigs= 8  price=$0.009285      24h=+16.02%  vol=$   0.5M
       sources: bybit   fund: +0.0050%/8h  |  vs BTC 6h: +5.85%
       → vol building, vol expansion, whale candle, RSI reset, CMF buying, higher lows, decoupling BTC, 5d high

  [ 7] ATOM        conv= 44.1  sigs= 8  price=$2.017200      24h= +0.95%  vol=$  11.8M
       sources: bybit, binance   fund: -0.0105%/8h  |  vs BTC 6h: +0.50%
       → vol building, vol expansion, stealth accum, RSI divergence, RSI reset, CMF buying, higher lows, funding neg

  [ 8] XLM         conv= 43.5  sigs= 8  price=$0.203470      24h=+18.91%  vol=$  54.3M
       sources: bybit, binance   fund: +0.0100%/8h  |  vs BTC 6h: +5.91%
       → vol building, vol expansion, whale candle, RSI reset, CMF buying, higher lows, decoupling BTC, 5d high

  [ 9] XVG         conv= 43.5  sigs= 7  price=$0.002903      24h=+15.17%  vol=$   1.6M
       sources: bybit, binance   fund: +0.1085%/8h  |  vs BTC 6h: +7.31%
       → vol expansion, OBV divergence, RSI divergence, RSI reset, CMF buying, decoupling BTC, 5d high

  [10] BB          conv= 42.9  sigs= 7  price=$0.024140      24h=+13.88%  vol=$   0.7M
       sources: bybit, binance   fund: +0.0208%/8h  |  vs BTC 6h: +5.54%
       → vol expansion, whale candle, OBV divergence, RSI reset, CMF buying, decoupling BTC, 5d high

  [11] BOND        conv= 42.5  sigs= 7  price=$2.152000      24h= +4.42%  vol=$   0.7M
       sources: binance   vs BTC 6h: +18.61%
       → vol building, whale candle, RSI divergence, CMF buying, higher lows, decoupling BTC, 5d high

  [12] TOMO        conv= 41.4  sigs= 7  price=$1.381900      24h= +3.22%  vol=$   1.1M
       sources: binance   vs BTC 6h: +9.75%
       → vol building, vol expansion, whale candle, RSI reset, CMF buying, decoupling BTC, 5d high

  [13] ETHBTC      conv= 41.1  sigs= 7  price=$0.026699      24h= +4.92%  vol=$   1.5M
       sources: bybit   fund: +0.0000%/8h  |  vs BTC 6h: +0.62%
       → vol building, vol expansion, whale candle, stealth accum, RSI reset, CMF buying, 5d high

  [14] TIA         conv= 41.0  sigs= 8  price=$0.374500      24h=+13.85%  vol=$  10.8M
       sources: bybit, binance   fund: +0.0050%/8h  |  vs BTC 6h: +2.44%
       → vol building, vol expansion, whale candle, RSI reset, CMF buying, higher lows, decoupling BTC, 5d high

  [15] VIRTUAL     conv= 40.1  sigs= 8  price=$0.659600      24h= +7.82%  vol=$  21.5M
       sources: bybit, binance   fund: -0.0105%/8h  |  vs BTC 6h: -0.06%
       → vol building, vol expansion, stealth accum, RSI divergence, RSI in zone, CMF buying, higher lows, funding neg

--------------------------------------------------------------------------------
  ON RADAR   —  50 coin(s)
--------------------------------------------------------------------------------
  #   Symbol      Conv Sigs         Price     24h%    Vol $M  Signals
  ------------------------------------------------------------------------------
    1 TRX         39.0    7  $   0.320730   +0.36%  $   35.7  stealth accum, RSI divergence, RSI reset, RSI in zone, CMF buying, +2
    2 FLOKI       39.0    7  $   0.000027   +9.82%  $    2.0  vol building, vol expansion, RSI divergence, RSI reset, CMF buying, +2
    3 NEXO        38.8    7  $   0.826000   +5.04%  $    0.5  vol building, vol expansion, stealth accum, OBV divergence, RSI reset, +2
    4 THETA       38.3    7  $   0.167990   +5.58%  $    0.6  vol building, vol expansion, whale candle, RSI divergence, CMF buying, +2
    5 IOTA        38.2    8  $   0.049330   +9.42%  $    1.3  vol building, vol expansion, whale candle, RSI divergence, CMF buying, +3
    6 HANA        38.2    7  $   0.034539  +18.97%  $    1.0  vol building, vol expansion, whale candle, RSI reset, CMF buying, +2
    7 EUR         37.9    8  $   1.161900   +0.45%  $   22.8  vol building, vol expansion, stealth accum, RSI reset, RSI in zone, +3
    8 BASED       37.8    7  $   0.084310  +26.52%  $    4.3  vol building, vol expansion, RSI reset, CMF buying, higher lows, +2
    9 XRP         37.4    7  $   1.238000  +10.01%  $  399.6  vol building, vol expansion, whale candle, RSI reset, CMF buying, +2
   10 MET         37.1    7  $   0.118900  +15.54%  $    2.4  vol expansion, whale candle, RSI reset, RSI in zone, CMF buying, +2
   11 ETHUP       37.0    7  $  11.651000   -0.72%  $    0.5  TTM squeeze, vol building, vol expansion, stealth accum, RSI in zone, +2
   12 SAND        36.9    7  $   0.054890   +7.30%  $    2.4  vol building, vol expansion, stealth accum, RSI reset, CMF buying, +2
   13 CRO         36.9    7  $   0.062690   +3.31%  $    0.6  vol building, vol expansion, whale candle, stealth accum, CMF buying, +2
   14 MU          36.7    6  $1,058.390000   +6.49%  $   13.4  vol building, vol expansion, whale candle, stealth accum, RSI reset, +1
   15 ROSE        36.7    6  $   0.006887  +12.91%  $    1.7  vol expansion, whale candle, RSI reset, CMF buying, decoupling BTC, +1
   16 MANA        36.5    8  $   0.070460   +6.61%  $    1.1  vol building, vol expansion, RSI divergence, RSI reset, CMF buying, +3
   17 LUNA        36.5    7  $   0.054300   +5.65%  $    0.5  vol building, vol expansion, stealth accum, RSI reset, CMF buying, +2
   18 QNTX        36.4    7  $  57.470000   +2.94%  $    1.6  vol building, vol expansion, stealth accum, RSI reset, RSI in zone, +2
   19 CRCL        36.3    7  $  82.320000   +8.88%  $    3.5  vol building, vol expansion, stealth accum, OBV divergence, RSI reset, +2
   20 APEX        36.3    7  $   0.326800  +12.99%  $    1.5  vol building, vol expansion, whale candle, RSI reset, CMF buying, +2
   21 MOVR        36.3    7  $   1.487000  +12.84%  $    1.4  vol building, vol expansion, RSI divergence, RSI reset, CMF buying, +2
   22 US          36.3    6  $   0.014866  +21.48%  $    0.8  vol building, vol expansion, whale candle, OBV divergence, CMF buying, +1
   23 AUCTION     36.2    7  $   3.900000   +4.01%  $    0.4  vol building, vol expansion, stealth accum, RSI reset, CMF buying, +2
   24 OSMO        36.1    5  $   0.047300   +2.32%  $    0.5  TTM squeeze, stealth accum, OBV divergence, RSI divergence, RSI reset
   25 0G          36.0    6  $   0.315800   +8.12%  $    1.7  vol building, vol expansion, whale candle, OBV divergence, RSI divergence, +1
   26 XAU         35.9    7  $4,351.030000   +2.96%  $   54.9  vol building, vol expansion, stealth accum, RSI reset, CMF buying, +2
   27 ETH         35.8    7  $1,776.440000   +9.18%  $ 2803.3  vol building, vol expansion, whale candle, RSI reset, CMF buying, +2
   28 PEAQ        35.6    7  $   0.023253   +7.29%  $    1.2  vol building, OBV divergence, RSI divergence, RSI reset, RSI in zone, +2
   29 MAGIC       35.5    7  $   0.049700   +7.64%  $    0.4  vol building, vol expansion, whale candle, RSI reset, CMF buying, +2
   30 GRT         35.2    6  $   0.021050   +6.31%  $    1.3  vol building, vol expansion, RSI divergence, RSI reset, CMF buying, +1
   31 JTO         34.8    7  $   0.643600  +42.53%  $   27.5  vol building, vol expansion, RSI reset, CMF buying, higher lows, +2
   32 EDU         34.8    6  $   0.031200   +8.71%  $    1.1  RSI divergence, RSI reset, CMF buying, higher lows, decoupling BTC, +1
   33 OPG         34.7    6  $   0.189300  -17.45%  $   87.3  vol building, vol expansion, RSI divergence, RSI reset, RSI in zone, +1
   34 PORTO       34.6    7  $   0.572000   +3.85%  $    0.5  vol building, vol expansion, stealth accum, RSI reset, CMF buying, +2
   35 AEVO        34.6    7  $   0.020600   +4.66%  $    0.3  vol building, vol expansion, stealth accum, RSI reset, CMF buying, +2
   36 ACM         34.6    4  $   0.307000   -0.33%  $    1.7  stealth accum, OBV divergence, RSI divergence, RSI reset
   37 WBETH       34.4    6  $1,951.950000   +9.21%  $    2.9  vol expansion, whale candle, RSI reset, CMF buying, decoupling BTC, +1
   38 MDX         34.3    5  $   0.034500  +13.52%  $    0.3  vol building, whale candle, RSI divergence, RSI reset, decoupling BTC
   39 LPT         34.2    7  $   1.865000   +6.00%  $    0.6  vol building, vol expansion, stealth accum, RSI reset, CMF buying, +2
   40 CGPT        34.2    7  $   0.022640   +9.76%  $    0.5  vol building, vol expansion, whale candle, OBV divergence, CMF buying, +2
   41 AZTEC       34.0    5  $   0.017478  +11.59%  $    2.2  RSI divergence, RSI reset, RSI in zone, CMF buying, higher lows
   42 CRWV        33.6    6  $ 105.720000   +4.16%  $    1.1  vol building, vol expansion, stealth accum, RSI divergence, RSI in zone, +1
   43 ZRO         33.5    6  $   1.157400  +29.85%  $   19.7  vol expansion, RSI reset, CMF buying, higher lows, decoupling BTC, +1
   44 ZIL         33.5    6  $   0.003340   +5.36%  $    0.3  vol building, vol expansion, stealth accum, RSI divergence, CMF buying, +1
   45 ORN         33.5    5  $   1.053000   +1.64%  $    0.5  stealth accum, RSI divergence, RSI reset, RSI in zone, higher lows
   46 BTC         33.4    7  $66,530.700000   +3.94%  $ 5220.0  vol building, vol expansion, stealth accum, RSI reset, CMF buying, +2
   47 BNB         33.4    7  $ 624.100000   +3.17%  $  108.3  vol building, vol expansion, stealth accum, RSI reset, CMF buying, +2
   48 MSTR        33.2    7  $ 132.830000   +5.49%  $    3.2  vol building, vol expansion, stealth accum, RSI reset, CMF buying, +2
   49 SLF         33.2    5  $   0.020800  -12.24%  $    0.3  vol building, vol expansion, OBV divergence, RSI divergence, RSI in zone
   50 LTC         33.0    7  $  45.840000   +3.73%  $   32.4  vol building, vol expansion, stealth accum, RSI in zone, CMF buying, +2

================================================================================
2026-06-15 16:10:56,603 [INFO]   Saved → ignition_v3_LATEST.txt, ignition_v3_LATEST.json, ignition_v3_20260615_161056.txt
2026-06-15 17:25:32,233 [INFO] ================================================================
2026-06-15 17:25:32,237 [INFO] IGNITION SCANNER v3.0
2026-06-15 17:25:32,239 [INFO] ================================================================
2026-06-15 17:25:32,239 [INFO] Building universe...
2026-06-15 17:25:33,752 [INFO]   Universe (post-filter): 652 coins
2026-06-15 17:25:33,754 [INFO] Fetching BTC reference (1h)...
2026-06-15 17:25:34,157 [INFO] Scanning 652 coins on 1h timeframe...
2026-06-15 17:25:50,756 [INFO]   ...50/652  (surfaced so far: 26)
2026-06-15 17:26:08,461 [INFO]   ...100/652  (surfaced so far: 48)
2026-06-15 17:26:24,487 [INFO]   ...150/652  (surfaced so far: 63)
2026-06-15 17:26:41,754 [INFO]   ...200/652  (surfaced so far: 79)
2026-06-15 17:26:58,616 [INFO]   ...250/652  (surfaced so far: 100)
2026-06-15 17:27:15,415 [INFO]   ...300/652  (surfaced so far: 116)
2026-06-15 17:27:32,652 [INFO]   ...350/652  (surfaced so far: 132)
2026-06-15 17:27:49,504 [INFO]   ...400/652  (surfaced so far: 155)
2026-06-15 17:28:06,693 [INFO]   ...450/652  (surfaced so far: 173)
2026-06-15 17:28:24,178 [INFO]   ...500/652  (surfaced so far: 190)
2026-06-15 17:28:43,535 [INFO]   ...550/652  (surfaced so far: 204)
2026-06-15 17:29:02,471 [INFO]   ...600/652  (surfaced so far: 214)
2026-06-15 17:29:21,435 [INFO]   ...650/652  (surfaced so far: 230)
2026-06-15 17:29:22,239 [INFO] Done in 230s  |  scanned=651  failed=1  skipped=0  watch_now=22  on_radar=50
2026-06-15 17:29:22,242 [INFO] 
================================================================================
  IGNITION SCANNER v3.0  —  early warning watchlist
  Generated : 2026-06-15 17:29:22
  Universe  : 652 bases (Bybit + Binance)  |  Scanned: 651
  Scan time : 230s  |  BTC: $67,292
================================================================================

  Tiers — WATCH NOW: conviction ≥ 40, signals ≥ 5
          ON RADAR : conviction ≥ 25, signals ≥ 3

  This scanner does NOT produce trade plans — it surfaces what's brewing.
  Confirm with trend_scanner (Phase 4) before entry.

--------------------------------------------------------------------------------
  WATCH NOW  —  22 coin(s)
--------------------------------------------------------------------------------

  [ 1] XAN         conv= 52.0  sigs= 9  price=$0.010169      24h=+15.44%  vol=$   0.8M
       sources: bybit   fund: +0.0050%/8h  |  vs BTC 6h: +6.02%
       → vol building, vol expansion, whale candle, RSI divergence, RSI reset, CMF buying, higher lows, decoupling BTC, 5d high

  [ 2] KMNO        conv= 49.0  sigs= 9  price=$0.019150      24h= +5.22%  vol=$   0.9M
       sources: bybit, binance   fund: -0.0590%/8h  |  vs BTC 6h: +4.22%
       → vol building, vol expansion, whale candle, RSI reset, CMF buying, higher lows, decoupling BTC, funding neg, 5d high

  [ 3] VIRTUAL     conv= 48.3  sigs= 9  price=$0.664900      24h= +8.75%  vol=$  22.5M
       sources: bybit, binance   fund: -0.0368%/8h  |  vs BTC 6h: +0.23%
       → vol building, vol expansion, stealth accum, RSI divergence, RSI reset, CMF buying, higher lows, funding neg, 5d high

  [ 4] CREAM       conv= 46.7  sigs= 7  price=$2.100000      24h=+65.35%  vol=$   0.3M
       sources: binance   vs BTC 6h: +75.38%
       → vol building, whale candle, OBV divergence, RSI divergence, RSI reset, decoupling BTC, 5d high

  [ 5] THETA       conv= 46.2  sigs= 8  price=$0.169000      24h= +6.26%  vol=$   0.7M
       sources: bybit, binance   fund: +0.0100%/8h  |  vs BTC 6h: +0.83%
       → vol building, vol expansion, whale candle, RSI divergence, RSI reset, CMF buying, higher lows, 5d high

  [ 6] BSV         conv= 45.9  sigs= 8  price=$13.068000     24h=+10.40%  vol=$   0.5M
       sources: bybit   fund: +0.0050%/8h  |  vs BTC 6h: +2.16%
       → vol building, vol expansion, whale candle, RSI divergence, RSI reset, CMF buying, higher lows, decoupling BTC

  [ 7] NVDA        conv= 44.5  sigs= 8  price=$212.360000    24h= +2.54%  vol=$   1.6M
       sources: bybit   fund: +0.0005%/8h  |  vs BTC 6h: -1.42%
       → vol building, vol expansion, stealth accum, RSI divergence, RSI reset, CMF buying, higher lows, 5d high

  [ 8] GRIFFAIN    conv= 44.5  sigs= 8  price=$0.009285      24h=+17.09%  vol=$   0.6M
       sources: bybit   fund: +0.0050%/8h  |  vs BTC 6h: +4.68%
       → vol building, vol expansion, whale candle, RSI reset, CMF buying, higher lows, decoupling BTC, 5d high

  [ 9] ENS         conv= 44.0  sigs= 9  price=$5.474000      24h=+16.63%  vol=$   2.0M
       sources: bybit, binance   fund: -0.0187%/8h  |  vs BTC 6h: +4.64%
       → vol building, vol expansion, RSI divergence, RSI reset, CMF buying, higher lows, decoupling BTC, funding neg, 5d high

  [10] AZTEC       conv= 43.7  sigs= 7  price=$0.017696      24h= +9.44%  vol=$   2.4M
       sources: bybit   fund: +0.0050%/8h  |  vs BTC 6h: +0.77%
       → vol building, vol expansion, stealth accum, RSI divergence, RSI reset, CMF buying, higher lows

  [11] ORCL        conv= 42.8  sigs= 7  price=$194.540000    24h= +3.99%  vol=$   0.8M
       sources: bybit   fund: +0.0000%/8h  |  vs BTC 6h: -1.15%
       → vol building, vol expansion, whale candle, stealth accum, RSI divergence, CMF buying, higher lows

  [12] XLM         conv= 42.5  sigs= 7  price=$0.224540      24h=+25.05%  vol=$  73.3M
       sources: bybit, binance   fund: +0.0100%/8h  |  vs BTC 6h: +15.81%
       → vol expansion, whale candle, RSI reset, CMF buying, higher lows, decoupling BTC, 5d high

  [13] ATOM        conv= 42.5  sigs= 7  price=$1.999000      24h= +1.25%  vol=$  11.8M
       sources: bybit, binance   fund: -0.0457%/8h  |  vs BTC 6h: -1.02%
       → vol building, vol expansion, stealth accum, RSI divergence, RSI reset, CMF buying, funding neg

  [14] EGLD        conv= 42.5  sigs= 7  price=$3.158000      24h= +9.54%  vol=$   3.6M
       sources: bybit, binance   fund: +0.0076%/8h  |  vs BTC 6h: +2.44%
       → whale candle, OBV divergence, RSI divergence, RSI reset, CMF buying, decoupling BTC, 5d high

  [15] BOND        conv= 42.5  sigs= 7  price=$2.152000      24h= +4.42%  vol=$   0.7M
       sources: binance   vs BTC 6h: +17.44%
       → vol building, whale candle, RSI divergence, CMF buying, higher lows, decoupling BTC, 5d high

  [16] SOL         conv= 41.3  sigs= 8  price=$75.210000     24h=+11.85%  vol=$ 868.7M
       sources: bybit, binance   fund: -0.0005%/8h  |  vs BTC 6h: +3.08%
       → vol building, vol expansion, whale candle, RSI reset, CMF buying, higher lows, decoupling BTC, 5d high

  [17] IOTA        conv= 41.3  sigs= 8  price=$0.051180      24h=+12.61%  vol=$   1.3M
       sources: bybit, binance   fund: +0.0073%/8h  |  vs BTC 6h: +5.60%
       → vol building, vol expansion, RSI divergence, RSI reset, CMF buying, higher lows, decoupling BTC, 5d high

  [18] TOMO        conv= 41.2  sigs= 7  price=$1.381900      24h= +3.22%  vol=$   1.1M
       sources: binance   vs BTC 6h: +8.58%
       → vol building, vol expansion, whale candle, RSI reset, CMF buying, decoupling BTC, 5d high

  [19] SNDK        conv= 40.7  sigs= 7  price=$2,104.530000  24h= +5.37%  vol=$  13.7M
       sources: bybit   fund: -0.0423%/8h  |  vs BTC 6h: -1.51%
       → vol expansion, whale candle, stealth accum, RSI reset, RSI in zone, higher lows, funding neg

  [20] TWT         conv= 40.7  sigs= 7  price=$0.427800      24h= +7.99%  vol=$   0.7M
       sources: binance   vs BTC 6h: +4.15%
       → vol building, vol expansion, whale candle, RSI divergence, CMF buying, higher lows, decoupling BTC

  [21] DOGE        conv= 40.1  sigs= 8  price=$0.090620      24h= +4.48%  vol=$ 160.9M
       sources: bybit, binance   fund: -0.0177%/8h  |  vs BTC 6h: -0.26%
       → vol building, vol expansion, stealth accum, RSI reset, CMF buying, higher lows, funding neg, 5d high

  [22] CELO        conv= 40.1  sigs= 8  price=$0.065720      24h= +9.32%  vol=$   0.3M
       sources: binance   vs BTC 6h: +1.63%
       → vol building, vol expansion, RSI divergence, RSI reset, CMF buying, higher lows, decoupling BTC, 5d high

--------------------------------------------------------------------------------
  ON RADAR   —  50 coin(s)
--------------------------------------------------------------------------------
  #   Symbol      Conv Sigs         Price     24h%    Vol $M  Signals
  ------------------------------------------------------------------------------
    1 SPX         39.5    8  $   0.351400   +5.36%  $    4.3  vol building, vol expansion, RSI divergence, RSI reset, CMF buying, +3
    2 ZEREBRO     39.3    8  $   0.025581   +1.64%  $    0.8  TTM squeeze, vol building, vol expansion, stealth accum, RSI reset, +3
    3 CRCL        38.7    6  $  86.050000   +9.40%  $    4.3  vol expansion, whale candle, RSI reset, CMF buying, higher lows, +1
    4 QCOM        38.5    7  $ 221.940000   +2.80%  $    0.6  vol building, vol expansion, stealth accum, RSI reset, RSI in zone, +2
    5 COIN        38.5    6  $ 173.540000   +7.81%  $    0.7  vol expansion, whale candle, RSI reset, CMF buying, higher lows, +1
    6 BNB         38.2    8  $ 628.500000   +3.32%  $  117.2  vol building, vol expansion, stealth accum, RSI reset, CMF buying, +3
    7 SNDKB       38.2    6  $2,104.710000   +4.31%  $    1.0  vol expansion, whale candle, stealth accum, RSI reset, RSI in zone, +1
    8 CFX         38.1    7  $   0.047770   +7.13%  $    1.1  vol building, vol expansion, stealth accum, RSI reset, CMF buying, +2
    9 XRP         38.0    7  $   1.267800  +12.96%  $  456.4  vol building, vol expansion, whale candle, RSI reset, CMF buying, +2
   10 SEI         37.9    7  $   0.055760   +4.39%  $    7.4  vol building, vol expansion, stealth accum, RSI divergence, RSI reset, +2
   11 GRT         37.9    7  $   0.020920   +6.62%  $    1.3  vol building, vol expansion, RSI divergence, RSI reset, RSI in zone, +2
   12 WIF         37.5    8  $   0.174780  +10.84%  $   18.5  vol building, vol expansion, OBV divergence, RSI reset, CMF buying, +3
   13 GIGGLE      37.3    6  $  29.280000   +3.83%  $    2.8  vol building, stealth accum, RSI divergence, RSI reset, CMF buying, +1
   14 ETHUP       37.0    7  $  11.651000   -0.72%  $    0.5  TTM squeeze, vol building, vol expansion, stealth accum, RSI in zone, +2
   15 LTC         36.9    7  $  46.050000   +4.44%  $   34.8  vol building, vol expansion, stealth accum, RSI reset, CMF buying, +2
   16 JTO         36.8    6  $   0.794200  +46.25%  $   42.4  vol expansion, whale candle, CMF buying, decoupling BTC, funding neg, +1
   17 APEX        36.7    7  $   0.339100  +13.82%  $    1.6  vol building, vol expansion, whale candle, RSI reset, CMF buying, +2
   18 SAND        36.2    8  $   0.055610   +8.47%  $    2.5  vol building, vol expansion, RSI reset, CMF buying, higher lows, +3
   19 BERA        36.1    7  $   0.268900   +7.14%  $    3.1  vol building, vol expansion, stealth accum, RSI divergence, RSI reset, +2
   20 BANANA      36.1    7  $   3.142000   +7.08%  $    0.5  vol building, vol expansion, RSI divergence, RSI reset, higher lows, +2
   21 GMT         35.9    7  $   0.008617   +7.07%  $    1.2  vol building, vol expansion, stealth accum, RSI reset, CMF buying, +2
   22 BTC         35.8    7  $67,256.400000   +4.76%  $ 5624.1  vol building, vol expansion, stealth accum, RSI reset, CMF buying, +2
   23 FLOKI       35.8    6  $   0.000027  +10.34%  $    2.3  vol expansion, RSI divergence, RSI reset, CMF buying, decoupling BTC, +1
   24 CRO         35.7    7  $   0.063190   +4.12%  $    0.6  vol building, vol expansion, stealth accum, RSI reset, CMF buying, +2
   25 EWY         35.4    7  $ 210.200000   +5.16%  $    3.4  vol building, vol expansion, stealth accum, RSI reset, CMF buying, +2
   26 ALICE       35.3    6  $   0.111640   +6.03%  $    2.3  stealth accum, OBV divergence, RSI reset, CMF buying, funding neg, +1
   27 BOME        35.2    8  $   0.000483  +13.68%  $    1.8  vol building, vol expansion, RSI reset, CMF buying, higher lows, +3
   28 CRWV        35.2    7  $ 107.730000   +5.15%  $    1.2  vol building, vol expansion, stealth accum, OBV divergence, RSI reset, +2
   29 WBETH       35.2    6  $2,024.540000  +10.47%  $    3.0  vol expansion, whale candle, RSI reset, CMF buying, decoupling BTC, +1
   30 ETH         35.0    6  $1,844.610000  +10.42%  $ 3120.6  vol expansion, whale candle, RSI reset, CMF buying, decoupling BTC, +1
   31 ETHBTC      35.0    6  $   0.027449   +5.48%  $    1.6  vol expansion, whale candle, RSI reset, CMF buying, decoupling BTC, +1
   32 ENA         34.9    8  $   0.089600   +9.88%  $   69.8  vol building, vol expansion, RSI reset, CMF buying, higher lows, +3
   33 DEEP        34.9    7  $   0.018390   +9.52%  $    0.6  vol building, vol expansion, stealth accum, RSI reset, RSI in zone, +2
   34 ONDO        34.9    6  $   0.389100  +10.48%  $   58.9  vol building, vol expansion, stealth accum, RSI divergence, CMF buying, +1
   35 USELESS     34.9    6  $   0.080490  +22.31%  $    7.5  vol building, vol expansion, whale candle, CMF buying, higher lows, +1
   36 GRASS       34.7    8  $   0.492110  +23.63%  $   15.0  vol building, vol expansion, RSI divergence, RSI in zone, CMF buying, +3
   37 1000000MOG  34.7    6  $   0.123120  +15.09%  $    0.8  OBV divergence, RSI divergence, RSI reset, CMF buying, decoupling BTC, +1
   38 TRX         34.6    7  $   0.319280   +0.13%  $   37.7  vol building, vol expansion, RSI divergence, RSI reset, RSI in zone, +2
   39 FARTCOIN    34.5    7  $   0.142270  +21.72%  $   55.9  vol building, vol expansion, RSI divergence, CMF buying, higher lows, +2
   40 HEMI        34.5    6  $   0.006235   +3.23%  $    1.0  TTM squeeze, vol building, vol expansion, stealth accum, RSI reset, +1
   41 ETC         34.4    7  $   7.528000   +7.68%  $    5.5  vol building, vol expansion, RSI reset, CMF buying, higher lows, +2
   42 AMAT        34.4    7  $ 595.870000   +1.44%  $    0.9  TTM squeeze, RSI divergence, RSI reset, RSI in zone, higher lows, +2
   43 PEOPLE      34.4    7  $   0.005894   +8.48%  $    0.5  vol building, vol expansion, RSI reset, CMF buying, higher lows, +2
   44 UNI         34.3    7  $   2.736000   +9.62%  $   11.5  vol building, vol expansion, RSI reset, CMF buying, higher lows, +2
   45 BABY        34.2    6  $   0.018226  +18.69%  $   27.6  vol building, vol expansion, stealth accum, RSI divergence, CMF buying, +1
   46 XAU         34.1    7  $4,358.230000   +2.71%  $   56.9  vol building, vol expansion, stealth accum, RSI divergence, CMF buying, +2
   47 MDX         34.1    5  $   0.034500  +13.52%  $    0.3  vol building, whale candle, RSI divergence, RSI reset, decoupling BTC
   48 APT         34.0    7  $   0.714300   +8.48%  $   14.3  vol building, vol expansion, RSI reset, CMF buying, higher lows, +2
   49 MANA        33.9    7  $   0.070800   +8.23%  $    1.1  vol building, vol expansion, RSI divergence, RSI reset, CMF buying, +2
   50 ROAM        33.8    7  $   0.008946   +6.07%  $    3.7  vol building, vol expansion, whale candle, OBV divergence, RSI in zone, +2

================================================================================
2026-06-15 17:29:22,293 [INFO]   Saved → ignition_v3_LATEST.txt, ignition_v3_LATEST.json, ignition_v3_20260615_172922.txt
2026-06-15 19:24:15,083 [INFO] ================================================================
2026-06-15 19:24:15,085 [INFO] IGNITION SCANNER v3.0
2026-06-15 19:24:15,086 [INFO] ================================================================
2026-06-15 19:24:15,087 [INFO] Building universe...
2026-06-15 19:24:17,372 [INFO]   Universe (post-filter): 655 coins
2026-06-15 19:24:17,373 [INFO] Fetching BTC reference (1h)...
2026-06-15 19:24:17,809 [INFO] Scanning 655 coins on 1h timeframe...
2026-06-15 19:24:37,784 [INFO]   ...50/655  (surfaced so far: 12)
2026-06-15 19:24:55,661 [INFO]   ...100/655  (surfaced so far: 27)
2026-06-15 19:25:14,874 [INFO]   ...150/655  (surfaced so far: 39)
2026-06-15 19:25:32,196 [INFO]   ...200/655  (surfaced so far: 55)
2026-06-15 19:25:50,109 [INFO]   ...250/655  (surfaced so far: 66)
2026-06-15 19:26:10,104 [INFO]   ...300/655  (surfaced so far: 79)
2026-06-15 19:26:28,068 [INFO]   ...350/655  (surfaced so far: 94)
2026-06-15 19:26:46,349 [INFO]   ...400/655  (surfaced so far: 110)
2026-06-15 19:27:06,145 [INFO]   ...450/655  (surfaced so far: 123)
2026-06-15 19:27:24,652 [INFO]   ...500/655  (surfaced so far: 130)
2026-06-15 19:27:43,276 [INFO]   ...550/655  (surfaced so far: 140)
2026-06-15 19:28:02,477 [INFO]   ...600/655  (surfaced so far: 145)
2026-06-15 19:28:21,955 [INFO]   ...650/655  (surfaced so far: 152)
2026-06-15 19:28:24,135 [INFO] Done in 249s  |  scanned=653  failed=2  skipped=0  watch_now=12  on_radar=50
2026-06-15 19:28:24,137 [INFO] 
================================================================================
  IGNITION SCANNER v3.0  —  early warning watchlist
  Generated : 2026-06-15 19:28:24
  Universe  : 655 bases (Bybit + Binance)  |  Scanned: 653
  Scan time : 249s  |  BTC: $66,852
================================================================================

  Tiers — WATCH NOW: conviction ≥ 40, signals ≥ 5
          ON RADAR : conviction ≥ 25, signals ≥ 3

  This scanner does NOT produce trade plans — it surfaces what's brewing.
  Confirm with trend_scanner (Phase 4) before entry.

--------------------------------------------------------------------------------
  WATCH NOW  —  12 coin(s)
--------------------------------------------------------------------------------

  [ 1] CREAM       conv= 46.7  sigs= 7  price=$2.100000      24h=+65.35%  vol=$   0.3M
       sources: binance   vs BTC 6h: +77.03%
       → vol building, whale candle, OBV divergence, RSI divergence, RSI reset, decoupling BTC, 5d high

  [ 2] ROAM        conv= 45.5  sigs= 8  price=$0.013092      24h=+13.64%  vol=$   4.9M
       sources: bybit   fund: -0.1347%/8h  |  vs BTC 6h: +64.29%
       → vol building, vol expansion, whale candle, OBV divergence, RSI reset, decoupling BTC, funding neg, 5d high

  [ 3] MBOX        conv= 44.8  sigs= 8  price=$0.004135      24h= -3.83%  vol=$   0.6M
       sources: bybit, binance   fund: +0.0050%/8h  |  vs BTC 6h: -3.64%
       → TTM squeeze, vol building, vol expansion, stealth accum, OBV divergence, RSI divergence, RSI reset, RSI in zone

  [ 4] TNSR        conv= 44.8  sigs= 7  price=$0.032190      24h=+10.35%  vol=$   1.2M
       sources: bybit, binance   fund: +0.0050%/8h  |  vs BTC 6h: +6.08%
       → vol expansion, whale candle, RSI reset, CMF buying, higher lows, decoupling BTC, 5d high

  [ 5] KMNO        conv= 44.0  sigs= 8  price=$0.018860      24h= +9.79%  vol=$   0.9M
       sources: bybit, binance   fund: -0.0259%/8h  |  vs BTC 6h: +3.21%
       → vol building, vol expansion, whale candle, RSI reset, CMF buying, higher lows, decoupling BTC, funding neg

  [ 6] BOND        conv= 42.5  sigs= 7  price=$2.152000      24h= +4.42%  vol=$   0.7M
       sources: binance   vs BTC 6h: +19.09%
       → vol building, whale candle, RSI divergence, CMF buying, higher lows, decoupling BTC, 5d high

  [ 7] ATOM        conv= 42.4  sigs= 8  price=$1.978500      24h= +0.85%  vol=$  11.8M
       sources: bybit, binance   fund: -0.0113%/8h  |  vs BTC 6h: -2.33%
       → TTM squeeze, vol building, vol expansion, stealth accum, RSI divergence, RSI in zone, CMF buying, funding neg

  [ 8] SPCXB       conv= 41.9  sigs= 7  price=$188.000000    24h=+10.45%  vol=$  12.2M
       sources: binance   vs BTC 6h: +9.81%
       → vol expansion, whale candle, RSI reset, CMF buying, higher lows, decoupling BTC, 5d high

  [ 9] TOMO        conv= 41.5  sigs= 7  price=$1.381900      24h= +3.22%  vol=$   1.1M
       sources: binance   vs BTC 6h: +10.23%
       → vol building, vol expansion, whale candle, RSI reset, CMF buying, decoupling BTC, 5d high

  [10] ORCL        conv= 41.3  sigs= 7  price=$193.830000    24h= +3.28%  vol=$   0.8M
       sources: bybit   fund: +0.0000%/8h  |  vs BTC 6h: +1.34%
       → vol building, vol expansion, whale candle, stealth accum, RSI divergence, CMF buying, higher lows

  [11] FARTCOIN    conv= 41.0  sigs= 8  price=$0.142450      24h=+20.98%  vol=$  65.3M
       sources: bybit   fund: +0.0050%/8h  |  vs BTC 6h: +8.43%
       → vol building, vol expansion, RSI divergence, RSI reset, CMF buying, higher lows, decoupling BTC, 5d high

  [12] LIT         conv= 40.1  sigs= 7  price=$1.718100      24h= +8.77%  vol=$  13.6M
       sources: bybit, binance   fund: +0.0013%/8h  |  vs BTC 6h: -0.51%
       → TTM squeeze, vol building, vol expansion, stealth accum, OBV divergence, RSI reset, 5d high

--------------------------------------------------------------------------------
  ON RADAR   —  50 coin(s)
--------------------------------------------------------------------------------
  #   Symbol      Conv Sigs         Price     24h%    Vol $M  Signals
  ------------------------------------------------------------------------------
    1 QCOM        39.5    7  $ 220.920000   +3.12%  $    0.6  TTM squeeze, vol building, vol expansion, stealth accum, RSI in zone, +2
    2 XAN         39.2    7  $   0.009758  +12.95%  $    0.9  vol building, vol expansion, whale candle, RSI divergence, CMF buying, +2
    3 ACM         39.2    5  $   0.310000   +2.99%  $    0.8  stealth accum, OBV divergence, RSI divergence, RSI reset, CMF buying
    4 HAEDAL      39.0    7  $   0.019840   +2.11%  $    0.8  TTM squeeze, vol building, vol expansion, stealth accum, RSI reset, +2
    5 PUNDIX      38.9    6  $   0.105100   +5.53%  $    0.3  TTM squeeze, vol building, stealth accum, RSI divergence, CMF buying, +1
    6 CC          38.4    8  $   0.169790   +5.86%  $    3.4  vol building, vol expansion, stealth accum, RSI reset, CMF buying, +3
    7 CRCL        37.7    6  $  84.750000   +8.49%  $    4.7  vol expansion, whale candle, stealth accum, CMF buying, higher lows, +1
    8 GIGGLE      37.6    7  $  29.130000   +3.08%  $    2.7  TTM squeeze, vol building, stealth accum, RSI divergence, RSI in zone, +2
    9 MMT         37.3    6  $   0.131130   +3.30%  $    0.8  TTM squeeze, stealth accum, RSI divergence, RSI reset, RSI in zone, +1
   10 TWT         37.3    6  $   0.425400   +7.26%  $    0.7  vol expansion, whale candle, RSI divergence, CMF buying, higher lows, +1
   11 ETHUP       37.0    7  $  11.651000   -0.72%  $    0.5  TTM squeeze, vol building, vol expansion, stealth accum, RSI in zone, +2
   12 NVDA        36.9    6  $ 211.980000   +2.66%  $    1.7  vol building, vol expansion, stealth accum, RSI divergence, RSI reset, +1
   13 AWE         36.9    6  $   0.054210   +1.90%  $    0.4  TTM squeeze, vol expansion, RSI reset, RSI in zone, CMF buying, +1
   14 CRCLB       36.6    6  $  84.750000   +8.68%  $    1.6  vol expansion, whale candle, RSI reset, CMF buying, higher lows, +1
   15 SEI         36.4    6  $   0.055350   +3.53%  $    7.6  TTM squeeze, vol building, stealth accum, RSI divergence, RSI in zone, +1
   16 ASTS        35.8    6  $  89.280000   +3.54%  $    0.8  vol building, vol expansion, stealth accum, OBV divergence, RSI reset, +1
   17 AZTEC       35.4    6  $   0.017526   +9.36%  $    2.4  vol building, vol expansion, stealth accum, RSI divergence, RSI in zone, +1
   18 CRWV        35.4    6  $ 107.880000   +3.87%  $    1.4  TTM squeeze, vol building, vol expansion, stealth accum, OBV divergence, +1
   19 SNDK        35.3    6  $2,100.850000   +5.05%  $   15.0  vol expansion, whale candle, RSI divergence, RSI in zone, higher lows, +1
   20 VIRTUAL     35.2    7  $   0.655900   +7.95%  $   22.6  vol building, stealth accum, RSI divergence, RSI in zone, CMF buying, +2
   21 COIN        34.7    5  $ 171.520000   +6.40%  $    0.7  vol expansion, whale candle, stealth accum, CMF buying, higher lows
   22 MDX         34.4    5  $   0.034500  +13.52%  $    0.3  vol building, whale candle, RSI divergence, RSI reset, decoupling BTC
   23 MRVL        34.2    6  $ 305.960000   +9.09%  $    9.6  vol expansion, RSI divergence, RSI reset, higher lows, decoupling BTC, +1
   24 ONDO        34.1    6  $   0.383900  +11.28%  $   58.6  vol building, stealth accum, RSI divergence, RSI in zone, CMF buying, +1
   25 STO         33.9    6  $   0.051400   +3.61%  $    0.9  TTM squeeze, vol building, stealth accum, RSI reset, RSI in zone, +1
   26 GRIFFAIN    33.9    6  $   0.009280  +14.87%  $    0.7  vol building, vol expansion, whale candle, CMF buying, higher lows, +1
   27 ORN         33.5    5  $   1.053000   +1.64%  $    0.5  stealth accum, RSI divergence, RSI reset, RSI in zone, higher lows
   28 SLF         33.2    5  $   0.020800  -12.24%  $    0.3  vol building, vol expansion, OBV divergence, RSI divergence, RSI in zone
   29 D           32.7    7  $   0.005470   +3.96%  $    0.5  TTM squeeze, vol building, vol expansion, stealth accum, RSI reset, +2
   30 B           32.7    6  $   0.253640   +8.54%  $    0.7  vol expansion, whale candle, RSI reset, CMF buying, decoupling BTC, +1
   31 COCOS       32.5    7  $   1.754600   +3.44%  $    1.5  vol building, vol expansion, stealth accum, RSI reset, RSI in zone, +2
   32 SPORTFUN    32.4    5  $   0.034950   -0.29%  $    0.6  TTM squeeze, stealth accum, RSI divergence, RSI in zone, higher lows
   33 BERA        32.3    5  $   0.267900   +6.72%  $    3.2  TTM squeeze, vol building, stealth accum, RSI divergence, higher lows
   34 JUP         32.2    7  $   0.200240  +18.44%  $   12.3  vol building, vol expansion, RSI reset, CMF buying, higher lows, +2
   35 PLA         32.2    7  $   0.234700   +5.53%  $    0.8  vol building, vol expansion, stealth accum, RSI reset, CMF buying, +2
   36 CHIP        31.9    6  $   0.040880  +14.86%  $   20.2  RSI divergence, RSI reset, RSI in zone, higher lows, decoupling BTC, +1
   37 DOGE        31.8    7  $   0.089600   +3.81%  $  172.5  vol building, vol expansion, stealth accum, RSI in zone, CMF buying, +2
   38 ROBO        31.6    5  $   0.019720   +4.52%  $    2.4  TTM squeeze, RSI divergence, RSI reset, RSI in zone, higher lows
   39 XCN         31.5    7  $   0.004172   +7.15%  $    1.4  vol building, stealth accum, OBV divergence, RSI reset, decoupling BTC, +2
   40 USELESS     31.5    6  $   0.076180  +18.87%  $    8.2  vol building, vol expansion, whale candle, RSI in zone, CMF buying, +1
   41 GIGA        31.4    5  $   0.002964   +8.84%  $    0.7  stealth accum, RSI divergence, RSI in zone, CMF buying, higher lows
   42 PEAQ        31.1    7  $   0.023391   +8.95%  $    1.2  vol building, vol expansion, RSI reset, CMF buying, higher lows, +2
   43 META        31.1    5  $ 595.290000   +4.33%  $    0.5  vol expansion, whale candle, stealth accum, CMF buying, decoupling BTC
   44 OMG         30.9    6  $   0.383000   -0.78%  $    0.7  TTM squeeze, vol building, vol expansion, RSI reset, RSI in zone, +1
   45 REP         30.8    6  $   4.730000   -0.84%  $    0.5  TTM squeeze, vol building, vol expansion, RSI reset, RSI in zone, +1
   46 OSMO        30.8    5  $   0.047300   +2.61%  $    0.6  vol building, vol expansion, stealth accum, OBV divergence, RSI divergence
   47 HNT         30.2    6  $   0.299800   +4.95%  $    1.7  TTM squeeze, vol building, vol expansion, RSI in zone, CMF buying, +1
   48 WAVES       30.1    5  $   0.275400   +4.52%  $    0.9  TTM squeeze, stealth accum, RSI reset, higher lows, funding neg
   49 SNX         30.0    6  $   0.260700  +11.86%  $    0.7  vol building, vol expansion, whale candle, CMF buying, higher lows, +1
   50 BNX         30.0    5  $   1.781900   +2.81%  $    0.8  whale candle, RSI divergence, RSI in zone, CMF buying, decoupling BTC

================================================================================
2026-06-15 19:28:24,196 [INFO]   Saved → ignition_v3_LATEST.txt, ignition_v3_LATEST.json, ignition_v3_20260615_192824.txt
2026-06-15 21:28:14,442 [INFO] ================================================================
2026-06-15 21:28:14,444 [INFO] IGNITION SCANNER v3.0
2026-06-15 21:28:14,445 [INFO] ================================================================
2026-06-15 21:28:14,446 [INFO] Building universe...
2026-06-15 21:28:15,943 [INFO]   Universe (post-filter): 663 coins
2026-06-15 21:28:15,944 [INFO] Fetching BTC reference (1h)...
2026-06-15 21:28:16,276 [INFO] Scanning 663 coins on 1h timeframe...
2026-06-15 21:28:34,199 [INFO]   ...50/663  (surfaced so far: 10)
2026-06-15 21:28:53,216 [INFO]   ...100/663  (surfaced so far: 23)
2026-06-15 21:29:14,517 [INFO]   ...150/663  (surfaced so far: 31)
2026-06-15 21:29:35,628 [INFO]   ...200/663  (surfaced so far: 37)
2026-06-15 21:29:56,513 [INFO]   ...250/663  (surfaced so far: 45)
2026-06-15 21:30:19,445 [INFO]   ...300/663  (surfaced so far: 52)
2026-06-15 21:30:41,653 [INFO]   ...350/663  (surfaced so far: 62)
2026-06-15 21:31:03,481 [INFO]   ...400/663  (surfaced so far: 74)
2026-06-15 21:31:25,652 [INFO]   ...450/663  (surfaced so far: 81)
2026-06-15 21:31:46,814 [INFO]   ...500/663  (surfaced so far: 88)
2026-06-15 21:32:11,252 [INFO]   ...550/663  (surfaced so far: 97)
2026-06-15 21:32:34,309 [INFO]   ...600/663  (surfaced so far: 103)
2026-06-15 21:32:56,799 [INFO]   ...650/663  (surfaced so far: 114)
2026-06-15 21:33:02,950 [INFO] Done in 289s  |  scanned=661  failed=2  skipped=0  watch_now=8  on_radar=50
2026-06-15 21:33:02,952 [INFO] 
================================================================================
  IGNITION SCANNER v3.0  —  early warning watchlist
  Generated : 2026-06-15 21:33:02
  Universe  : 663 bases (Bybit + Binance)  |  Scanned: 661
  Scan time : 289s  |  BTC: $66,614
================================================================================

  Tiers — WATCH NOW: conviction ≥ 40, signals ≥ 5
          ON RADAR : conviction ≥ 25, signals ≥ 3

  This scanner does NOT produce trade plans — it surfaces what's brewing.
  Confirm with trend_scanner (Phase 4) before entry.

--------------------------------------------------------------------------------
  WATCH NOW  —  8 coin(s)
--------------------------------------------------------------------------------

  [ 1] CREAM       conv= 46.7  sigs= 7  price=$2.100000      24h=+65.35%  vol=$   0.3M
       sources: binance   vs BTC 6h: +77.71%
       → vol building, whale candle, OBV divergence, RSI divergence, RSI reset, decoupling BTC, 5d high

  [ 2] SNDK        conv= 45.6  sigs= 9  price=$2,106.570000  24h= +5.48%  vol=$  16.2M
       sources: bybit   fund: +0.0000%/8h  |  vs BTC 6h: +3.66%
       → vol building, vol expansion, whale candle, RSI divergence, RSI reset, RSI in zone, higher lows, decoupling BTC, 5d high

  [ 3] XAN         conv= 45.4  sigs= 8  price=$0.009511      24h= +7.38%  vol=$   0.9M
       sources: bybit   fund: +0.0050%/8h  |  vs BTC 6h: -0.76%
       → vol building, vol expansion, whale candle, stealth accum, RSI divergence, RSI in zone, CMF buying, higher lows

  [ 4] TSM         conv= 44.0  sigs= 8  price=$439.870000    24h= +3.11%  vol=$   0.5M
       sources: bybit   fund: +0.0000%/8h  |  vs BTC 6h: +1.38%
       → vol building, vol expansion, whale candle, stealth accum, RSI divergence, RSI in zone, CMF buying, higher lows

  [ 5] NVDA        conv= 42.9  sigs= 9  price=$212.630000    24h= +2.43%  vol=$   1.8M
       sources: bybit   fund: +0.0000%/8h  |  vs BTC 6h: +1.53%
       → vol building, vol expansion, stealth accum, RSI divergence, RSI reset, CMF buying, higher lows, decoupling BTC, 5d high

  [ 6] BOND        conv= 42.5  sigs= 7  price=$2.152000      24h= +4.42%  vol=$   0.7M
       sources: binance   vs BTC 6h: +19.77%
       → vol building, whale candle, RSI divergence, CMF buying, higher lows, decoupling BTC, 5d high

  [ 7] TOMO        conv= 41.6  sigs= 7  price=$1.381900      24h= +3.22%  vol=$   1.1M
       sources: binance   vs BTC 6h: +10.91%
       → vol building, vol expansion, whale candle, RSI reset, CMF buying, decoupling BTC, 5d high

  [ 8] HOME        conv= 41.1  sigs= 8  price=$0.028425      24h= +7.88%  vol=$  13.9M
       sources: bybit, binance   fund: -0.0125%/8h  |  vs BTC 6h: +6.99%
       → vol building, vol expansion, whale candle, RSI divergence, RSI reset, CMF buying, decoupling BTC, funding neg

--------------------------------------------------------------------------------
  ON RADAR   —  50 coin(s)
--------------------------------------------------------------------------------
  #   Symbol      Conv Sigs         Price     24h%    Vol $M  Signals
  ------------------------------------------------------------------------------
    1 SNDKB       38.8    7  $2,099.540000   +4.71%  $    1.1  vol building, vol expansion, whale candle, stealth accum, RSI reset, +2
    2 PUNDIX      37.3    6  $   0.103300   +3.68%  $    0.3  TTM squeeze, stealth accum, RSI divergence, RSI in zone, CMF buying, +1
    3 ETHUP       37.0    7  $  11.651000   -0.72%  $    0.5  TTM squeeze, vol building, vol expansion, stealth accum, RSI in zone, +2
    4 ROAM        36.2    6  $   0.010934  +29.81%  $    5.3  vol building, vol expansion, whale candle, OBV divergence, RSI reset, +1
    5 MRVL        35.7    7  $ 308.980000   +7.83%  $   10.4  vol building, vol expansion, RSI divergence, RSI reset, higher lows, +2
    6 KMNO        35.3    7  $   0.019390  +11.21%  $    1.1  vol building, vol expansion, whale candle, CMF buying, higher lows, +2
    7 BERA        35.2    6  $   0.262900   +4.35%  $    3.2  TTM squeeze, stealth accum, RSI divergence, RSI in zone, higher lows, +1
    8 MDX         34.5    5  $   0.034500  +13.52%  $    0.3  vol building, whale candle, RSI divergence, RSI reset, decoupling BTC
    9 LIT         34.4    6  $   1.665500   +5.08%  $   14.7  TTM squeeze, vol building, vol expansion, stealth accum, OBV divergence, +1
   10 ASTS        34.4    6  $  87.670000   +1.04%  $    0.8  vol building, vol expansion, stealth accum, OBV divergence, RSI reset, +1
   11 COIN        33.7    6  $ 169.600000   +5.56%  $    0.7  vol building, vol expansion, stealth accum, RSI in zone, CMF buying, +1
   12 YFI         33.5    7  $2,090.000000  +13.21%  $    0.3  vol building, vol expansion, RSI reset, CMF buying, higher lows, +2
   13 ORN         33.5    5  $   1.053000   +1.64%  $    0.5  stealth accum, RSI divergence, RSI reset, RSI in zone, higher lows
   14 ORCL        33.2    6  $ 192.750000   +2.32%  $    1.0  vol building, vol expansion, stealth accum, RSI divergence, CMF buying, +1
   15 SLF         33.2    5  $   0.020800  -12.24%  $    0.3  vol building, vol expansion, OBV divergence, RSI divergence, RSI in zone
   16 SPCXB       33.1    6  $ 192.280000  +15.70%  $   14.4  vol expansion, whale candle, CMF buying, higher lows, decoupling BTC, +1
   17 HNT         32.8    7  $   0.298700   +2.95%  $    1.7  TTM squeeze, vol building, vol expansion, RSI reset, RSI in zone, +2
   18 EDU         32.8    4  $   0.030100   +4.88%  $    1.1  stealth accum, RSI divergence, CMF buying, higher lows
   19 CRCL        32.6    6  $  83.500000   +7.41%  $    5.2  vol building, vol expansion, stealth accum, RSI in zone, CMF buying, +1
   20 COCOS       32.5    7  $   1.754600   +3.44%  $    1.5  vol building, vol expansion, stealth accum, RSI reset, RSI in zone, +2
   21 FOLKS       32.4    6  $   1.972600  +12.54%  $    1.2  vol building, vol expansion, whale candle, RSI reset, CMF buying, +1
   22 PLA         32.3    7  $   0.234700   +5.53%  $    0.8  vol building, vol expansion, stealth accum, RSI reset, CMF buying, +2
   23 ZEST        32.2    5  $   0.278600   +4.03%  $    0.7  TTM squeeze, RSI divergence, RSI reset, CMF buying, higher lows
   24 AWE         31.8    6  $   0.054050   +1.56%  $    0.4  TTM squeeze, vol building, vol expansion, RSI reset, RSI in zone, +1
   25 LISTA       31.6    6  $   0.053400   +4.29%  $    0.2  vol building, vol expansion, stealth accum, RSI divergence, RSI in zone, +1
   26 BEAM        31.6    5  $   0.001498   +7.07%  $    0.7  stealth accum, RSI divergence, RSI in zone, CMF buying, higher lows
   27 NEO         31.3    6  $   2.293000   +5.76%  $    0.5  vol building, vol expansion, stealth accum, RSI in zone, CMF buying, +1
   28 ORCA        30.9    6  $   1.137300   +3.71%  $    2.5  TTM squeeze, vol building, stealth accum, OBV divergence, RSI in zone, +1
   29 OMG         30.9    6  $   0.383000   -0.78%  $    0.7  TTM squeeze, vol building, vol expansion, RSI reset, RSI in zone, +1
   30 EGLD        30.9    5  $   3.061000   +6.83%  $    3.5  stealth accum, OBV divergence, RSI divergence, RSI in zone, CMF buying
   31 REP         30.8    6  $   4.730000   -0.84%  $    0.5  TTM squeeze, vol building, vol expansion, RSI reset, RSI in zone, +1
   32 AGIX        30.7    7  $   0.614100   -0.37%  $    0.8  TTM squeeze, vol building, vol expansion, stealth accum, RSI in zone, +2
   33 M           30.7    6  $   2.934700   -0.11%  $    2.0  TTM squeeze, vol building, vol expansion, whale candle, RSI reset, +1
   34 BLESS       30.7    6  $   0.005485   +7.61%  $    0.8  TTM squeeze, vol building, vol expansion, stealth accum, RSI in zone, +1
   35 MNT         30.5    7  $   0.579000   +4.86%  $   10.9  vol building, vol expansion, RSI divergence, RSI in zone, CMF buying, +2
   36 AVAX        30.3    6  $   6.891000   +7.11%  $   45.2  vol building, vol expansion, stealth accum, RSI in zone, CMF buying, +1
   37 SYN         30.3    6  $   0.050700  +37.30%  $    3.1  vol building, vol expansion, RSI reset, higher lows, decoupling BTC, +1
   38 AZTEC       30.1    5  $   0.017161   +6.98%  $    2.4  vol building, vol expansion, stealth accum, RSI divergence, RSI in zone
   39 BNX         30.1    5  $   1.781900   +2.81%  $    0.8  whale candle, RSI divergence, RSI in zone, CMF buying, decoupling BTC
   40 QCOM        30.1    5  $ 221.040000   +2.74%  $    0.6  TTM squeeze, stealth accum, RSI in zone, CMF buying, higher lows
   41 XVG         29.9    5  $   0.002769  +11.44%  $    1.9  vol building, vol expansion, stealth accum, RSI divergence, CMF buying
   42 ICNT        29.9    5  $   0.218000   +0.60%  $    0.8  TTM squeeze, stealth accum, RSI reset, RSI in zone, higher lows
   43 BTTC        29.9    5  $   0.000000   +0.00%  $    0.4  vol expansion, stealth accum, RSI reset, RSI in zone, CMF buying
   44 CELO        29.8    6  $   0.064650   +7.34%  $    0.3  vol building, vol expansion, stealth accum, RSI divergence, RSI in zone, +1
   45 VELVET      29.8    5  $   0.328080   -2.87%  $   13.5  TTM squeeze, stealth accum, RSI reset, RSI in zone, CMF buying
   46 SIREN       29.6    5  $   0.051420  +31.10%  $   29.5  RSI divergence, RSI reset, RSI in zone, CMF buying, higher lows
   47 MANA        29.5    6  $   0.068960   +5.52%  $    1.2  vol building, vol expansion, stealth accum, RSI divergence, RSI in zone, +1
   48 MFT         29.5    6  $   0.005254   -0.85%  $    0.7  vol building, vol expansion, RSI reset, RSI in zone, CMF buying, +1
   49 BAR         29.5    5  $   0.289000   +1.76%  $    0.4  stealth accum, RSI divergence, RSI in zone, CMF buying, higher lows
   50 OSMO        29.4    5  $   0.046700   +1.30%  $    0.6  vol building, vol expansion, stealth accum, RSI divergence, RSI in zone

================================================================================
2026-06-15 21:33:02,973 [INFO]   Saved → ignition_v3_LATEST.txt, ignition_v3_LATEST.json, ignition_v3_20260615_213302.txt
2026-06-15 22:17:51,768 [INFO] ================================================================
2026-06-15 22:17:51,771 [INFO] IGNITION SCANNER v3.0
2026-06-15 22:17:51,772 [INFO] ================================================================
2026-06-15 22:17:51,773 [INFO] Building universe...
2026-06-15 22:17:53,283 [INFO]   Universe (post-filter): 663 coins
2026-06-15 22:17:53,286 [INFO] Fetching BTC reference (1h)...
2026-06-15 22:17:53,331 [INFO] Scanning 663 coins on 1h timeframe...
2026-06-15 22:17:55,394 [INFO]   ...50/663  (surfaced so far: 11)
2026-06-15 22:17:57,721 [INFO]   ...100/663  (surfaced so far: 24)
2026-06-15 22:17:59,607 [INFO]   ...150/663  (surfaced so far: 32)
2026-06-15 22:18:01,709 [INFO]   ...200/663  (surfaced so far: 38)
2026-06-15 22:18:03,830 [INFO]   ...250/663  (surfaced so far: 45)
2026-06-15 22:18:05,943 [INFO]   ...300/663  (surfaced so far: 55)
2026-06-15 22:18:08,113 [INFO]   ...350/663  (surfaced so far: 61)
2026-06-15 22:18:10,308 [INFO]   ...400/663  (surfaced so far: 74)
2026-06-15 22:18:12,555 [INFO]   ...450/663  (surfaced so far: 82)
2026-06-15 22:18:14,563 [INFO]   ...500/663  (surfaced so far: 88)
2026-06-15 22:18:16,806 [INFO]   ...550/663  (surfaced so far: 99)
2026-06-15 22:18:19,224 [INFO]   ...600/663  (surfaced so far: 105)
2026-06-15 22:18:21,511 [INFO]   ...650/663  (surfaced so far: 115)
2026-06-15 22:18:22,010 [INFO] Done in 30s  |  scanned=662  failed=1  skipped=0  watch_now=9  on_radar=50
2026-06-15 22:18:22,011 [INFO] 
================================================================================
  IGNITION SCANNER v3.0  —  early warning watchlist
  Generated : 2026-06-15 22:18:22
  Universe  : 663 bases (Bybit + Binance)  |  Scanned: 662
  Scan time : 30s  |  BTC: $66,614
================================================================================

  Tiers — WATCH NOW: conviction ≥ 40, signals ≥ 5
          ON RADAR : conviction ≥ 25, signals ≥ 3

  This scanner does NOT produce trade plans — it surfaces what's brewing.
  Confirm with trend_scanner (Phase 4) before entry.

--------------------------------------------------------------------------------
  WATCH NOW  —  9 coin(s)
--------------------------------------------------------------------------------

  [ 1] CREAM       conv= 46.7  sigs= 7  price=$2.100000      24h=+65.35%  vol=$   0.3M
       sources: binance   vs BTC 6h: +77.71%
       → vol building, whale candle, OBV divergence, RSI divergence, RSI reset, decoupling BTC, 5d high

  [ 2] SNDK        conv= 45.6  sigs= 9  price=$2,106.570000  24h= +4.93%  vol=$  16.4M
       sources: bybit   fund: -0.0073%/8h  |  vs BTC 6h: +3.66%
       → vol building, vol expansion, whale candle, RSI divergence, RSI reset, RSI in zone, higher lows, decoupling BTC, 5d high

  [ 3] XAN         conv= 45.4  sigs= 8  price=$0.009511      24h= +1.25%  vol=$   0.8M
       sources: bybit   fund: +0.0050%/8h  |  vs BTC 6h: -0.76%
       → vol building, vol expansion, whale candle, stealth accum, RSI divergence, RSI in zone, CMF buying, higher lows

  [ 4] TSM         conv= 44.0  sigs= 8  price=$439.870000    24h= +2.85%  vol=$   0.5M
       sources: bybit   fund: +0.0000%/8h  |  vs BTC 6h: +1.38%
       → vol building, vol expansion, whale candle, stealth accum, RSI divergence, RSI in zone, CMF buying, higher lows

  [ 5] NVDA        conv= 42.9  sigs= 9  price=$212.630000    24h= +2.42%  vol=$   1.8M
       sources: bybit   fund: +0.0000%/8h  |  vs BTC 6h: +1.53%
       → vol building, vol expansion, stealth accum, RSI divergence, RSI reset, CMF buying, higher lows, decoupling BTC, 5d high

  [ 6] HOME        conv= 42.7  sigs= 8  price=$0.028425      24h= +8.18%  vol=$  14.8M
       sources: bybit, binance   fund: -0.3146%/8h  |  vs BTC 6h: +6.99%
       → vol building, vol expansion, whale candle, RSI divergence, RSI reset, CMF buying, decoupling BTC, funding neg

  [ 7] BOND        conv= 42.5  sigs= 7  price=$2.152000      24h= +4.42%  vol=$   0.7M
       sources: binance   vs BTC 6h: +19.77%
       → vol building, whale candle, RSI divergence, CMF buying, higher lows, decoupling BTC, 5d high

  [ 8] TOMO        conv= 41.6  sigs= 7  price=$1.381900      24h= +3.22%  vol=$   1.1M
       sources: binance   vs BTC 6h: +10.91%
       → vol building, vol expansion, whale candle, RSI reset, CMF buying, decoupling BTC, 5d high

  [ 9] ROAM        conv= 40.2  sigs= 7  price=$0.010934      24h=+36.05%  vol=$   5.8M
       sources: bybit   fund: -0.0414%/8h  |  vs BTC 6h: +23.07%
       → vol building, vol expansion, whale candle, OBV divergence, RSI reset, decoupling BTC, funding neg

--------------------------------------------------------------------------------
  ON RADAR   —  50 coin(s)
--------------------------------------------------------------------------------
  #   Symbol      Conv Sigs         Price     24h%    Vol $M  Signals
  ------------------------------------------------------------------------------
    1 SNDKB       38.8    7  $2,099.540000   +4.52%  $    1.1  vol building, vol expansion, whale candle, stealth accum, RSI reset, +2
    2 PUNDIX      37.3    6  $   0.103300   +2.08%  $    0.3  TTM squeeze, stealth accum, RSI divergence, RSI in zone, CMF buying, +1
    3 ETHUP       37.0    7  $  11.651000   -0.72%  $    0.5  TTM squeeze, vol building, vol expansion, stealth accum, RSI in zone, +2
    4 MRVL        35.7    7  $ 308.980000   +6.93%  $   10.7  vol building, vol expansion, RSI divergence, RSI reset, higher lows, +2
    5 KMNO        35.3    7  $   0.019390   +6.14%  $    1.2  vol building, vol expansion, whale candle, CMF buying, higher lows, +2
    6 MDX         34.5    5  $   0.034500  +13.52%  $    0.3  vol building, whale candle, RSI divergence, RSI reset, decoupling BTC
    7 LIT         34.4    6  $   1.665500   +5.60%  $   15.0  TTM squeeze, vol building, vol expansion, stealth accum, OBV divergence, +1
    8 ASTS        34.4    6  $  87.670000   -0.70%  $    0.8  vol building, vol expansion, stealth accum, OBV divergence, RSI reset, +1
    9 COIN        33.7    6  $ 169.600000   +4.26%  $    0.7  vol building, vol expansion, stealth accum, RSI in zone, CMF buying, +1
   10 YFI         33.5    7  $2,090.000000  +10.73%  $    0.4  vol building, vol expansion, RSI reset, CMF buying, higher lows, +2
   11 ORN         33.5    5  $   1.053000   +1.64%  $    0.5  stealth accum, RSI divergence, RSI reset, RSI in zone, higher lows
   12 ORCL        33.2    6  $ 192.750000   +2.05%  $    1.0  vol building, vol expansion, stealth accum, RSI divergence, CMF buying, +1
   13 SLF         33.2    5  $   0.020800  -12.24%  $    0.3  vol building, vol expansion, OBV divergence, RSI divergence, RSI in zone
   14 SPCXB       33.1    6  $ 192.280000  +14.51%  $   14.8  vol expansion, whale candle, CMF buying, higher lows, decoupling BTC, +1
   15 HNT         32.8    7  $   0.298700   +1.85%  $    1.2  TTM squeeze, vol building, vol expansion, RSI reset, RSI in zone, +2
   16 EDU         32.8    4  $   0.030100   +4.86%  $    1.1  stealth accum, RSI divergence, CMF buying, higher lows
   17 CRCL        32.6    6  $  83.500000   +6.34%  $    5.3  vol building, vol expansion, stealth accum, RSI in zone, CMF buying, +1
   18 COCOS       32.5    7  $   1.754600   +3.44%  $    1.5  vol building, vol expansion, stealth accum, RSI reset, RSI in zone, +2
   19 MBOX        32.5    6  $   0.004014   -8.63%  $    0.6  OBV divergence, RSI divergence, RSI reset, RSI in zone, CMF buying, +1
   20 PLAYSOUT    32.4    6  $   0.031360  +17.46%  $    2.1  TTM squeeze, RSI reset, CMF buying, higher lows, decoupling BTC, +1
   21 FOLKS       32.4    6  $   1.972600  +12.30%  $    1.3  vol building, vol expansion, whale candle, RSI reset, CMF buying, +1
   22 PLA         32.3    7  $   0.234700   +5.53%  $    0.8  vol building, vol expansion, stealth accum, RSI reset, CMF buying, +2
   23 ZEST        32.2    5  $   0.278600   +4.19%  $    0.7  TTM squeeze, RSI divergence, RSI reset, CMF buying, higher lows
   24 BERA        32.1    5  $   0.262900   +3.01%  $    3.2  TTM squeeze, stealth accum, RSI divergence, RSI in zone, higher lows
   25 AWE         31.8    6  $   0.054050   +1.01%  $    0.4  TTM squeeze, vol building, vol expansion, RSI reset, RSI in zone, +1
   26 LISTA       31.6    6  $   0.053400   +2.50%  $    0.2  vol building, vol expansion, stealth accum, RSI divergence, RSI in zone, +1
   27 BEAM        31.6    5  $   0.001498   +5.19%  $    0.7  stealth accum, RSI divergence, RSI in zone, CMF buying, higher lows
   28 ZBCN        31.5    7  $   0.002801   +8.60%  $    0.5  vol building, vol expansion, stealth accum, RSI in zone, CMF buying, +2
   29 ORCA        31.4    6  $   1.137300   +3.33%  $    2.6  TTM squeeze, vol building, stealth accum, OBV divergence, RSI in zone, +1
   30 NEO         31.3    6  $   2.293000   +4.61%  $    0.5  vol building, vol expansion, stealth accum, RSI in zone, CMF buying, +1
   31 OMG         30.9    6  $   0.383000   -0.78%  $    0.7  TTM squeeze, vol building, vol expansion, RSI reset, RSI in zone, +1
   32 EGLD        30.9    5  $   3.061000   +5.50%  $    3.4  stealth accum, OBV divergence, RSI divergence, RSI in zone, CMF buying
   33 REP         30.8    6  $   4.730000   -0.84%  $    0.5  TTM squeeze, vol building, vol expansion, RSI reset, RSI in zone, +1
   34 AGIX        30.7    7  $   0.614100   -0.37%  $    0.8  TTM squeeze, vol building, vol expansion, stealth accum, RSI in zone, +2
   35 M           30.7    6  $   2.934700   -0.46%  $    2.0  TTM squeeze, vol building, vol expansion, whale candle, RSI reset, +1
   36 BLESS       30.7    6  $   0.005485   +5.34%  $    0.8  TTM squeeze, vol building, vol expansion, stealth accum, RSI in zone, +1
   37 AVAX        30.3    6  $   6.891000   +5.43%  $   44.9  vol building, vol expansion, stealth accum, RSI in zone, CMF buying, +1
   38 SYN         30.3    6  $   0.050700  +34.67%  $    3.3  vol building, vol expansion, RSI reset, higher lows, decoupling BTC, +1
   39 AZTEC       30.1    5  $   0.017161   +3.48%  $    2.4  vol building, vol expansion, stealth accum, RSI divergence, RSI in zone
   40 BNX         30.1    5  $   1.781900   +2.81%  $    0.8  whale candle, RSI divergence, RSI in zone, CMF buying, decoupling BTC
   41 QCOM        30.1    5  $ 221.040000   +1.60%  $    0.7  TTM squeeze, stealth accum, RSI in zone, CMF buying, higher lows
   42 XVG         29.9    5  $   0.002769  +10.27%  $    1.9  vol building, vol expansion, stealth accum, RSI divergence, CMF buying
   43 ICNT        29.9    5  $   0.218000   -2.64%  $    0.8  TTM squeeze, stealth accum, RSI reset, RSI in zone, higher lows
   44 BTTC        29.9    5  $   0.000000   +3.70%  $    0.4  vol expansion, stealth accum, RSI reset, RSI in zone, CMF buying
   45 CELO        29.8    6  $   0.064650   +5.83%  $    0.3  vol building, vol expansion, stealth accum, RSI divergence, RSI in zone, +1
   46 VELVET      29.8    5  $   0.328080  -10.06%  $   12.5  TTM squeeze, stealth accum, RSI reset, RSI in zone, CMF buying
   47 SIREN       29.6    5  $   0.051420  +38.88%  $   29.7  RSI divergence, RSI reset, RSI in zone, CMF buying, higher lows
   48 MANA        29.5    6  $   0.068960   +4.34%  $    1.3  vol building, vol expansion, stealth accum, RSI divergence, RSI in zone, +1
   49 MFT         29.5    6  $   0.005254   -0.85%  $    0.7  vol building, vol expansion, RSI reset, RSI in zone, CMF buying, +1
   50 BAR         29.5    5  $   0.289000   +2.11%  $    0.5  stealth accum, RSI divergence, RSI in zone, CMF buying, higher lows

================================================================================
2026-06-15 22:18:22,032 [INFO]   Saved → ignition_v3_LATEST.txt, ignition_v3_LATEST.json, ignition_v3_20260615_221822.txt
