2026-06-14 17:48:08,292 [INFO]   Live Bybit balance: 96,313.06 USDT
2026-06-14 17:48:08,295 [INFO] 
2026-06-14 17:48:08,295 [INFO] ================================================================================
2026-06-14 17:48:08,295 [INFO]   CRYPTO MASTER ORCHESTRATOR v2.1
2026-06-14 17:48:08,296 [INFO]   18-signal engine | funding rate | corr filter | volume source tagging
2026-06-14 17:48:08,296 [INFO] ================================================================================
2026-06-14 17:48:08,297 [INFO]   Account: $96,313.06 USDT  |  Risk/trade: 1.5%  |  Max positions: 8
2026-06-14 17:48:08,297 [INFO] 
2026-06-14 17:48:08,306 [INFO] [1/5] Analyzing market regime...
2026-06-14 17:48:08,310 [INFO] Fetching market context (Bybit klines primary)...
2026-06-14 17:48:09,384 [INFO]   [Bybit] BTC: $64,060 | 7d: +4.5%  ETH 7d: +3.2%  Dominance: 56.6% | Regime: 🟢 BULL
2026-06-14 17:48:09,385 [INFO]   🟢 BULL — normal parameters apply
2026-06-14 17:48:09,389 [INFO] [2/5] Fetching BTC historical data...
2026-06-14 17:48:11,914 [INFO]   BTC data: OK
2026-06-14 17:48:16,415 [INFO] [3/5] Fetching top 500 coins...
2026-06-14 17:48:16,429 [INFO] Fetching top 500 coins by market cap...
2026-06-14 17:48:18,457 [INFO]   Fetched 500 coins
2026-06-14 17:48:18,477 [INFO]   Fetched 500 coins
2026-06-14 17:48:18,477 [INFO] [4/5] Scanning for high-conviction setups...
2026-06-14 17:48:18,477 [INFO]   Filters: Rank 20–500  |  Vol ≥ $500,000  |  Min conviction: 45
2026-06-14 17:48:18,477 [INFO] 
2026-06-14 17:48:18,487 [INFO]   [  1]  LINK      (# 21)  $7.86000       7d: +1.7%
2026-06-14 17:48:19,434 [INFO]           → conviction 10/100  |  signals 2/19
2026-06-14 17:48:19,434 [INFO]   [  2]  TON       (# 22)  $1.72000       7d: +2.0%
2026-06-14 17:48:20,098 [INFO]           → conviction 19/100  |  signals 4/19
2026-06-14 17:48:20,099 [INFO]   [  3]  LTC       (# 28)  $44.15000      7d: +5.0%
2026-06-14 17:48:20,753 [INFO]           → conviction 21/100  |  signals 4/19
2026-06-14 17:48:20,753 [INFO]   [  4]  HBAR      (# 29)  $0.07765       7d: -4.3%
2026-06-14 17:48:21,417 [INFO]           → conviction 3/100  |  signals 1/19
2026-06-14 17:48:21,419 [INFO]   [  5]  SUI       (# 31)  $0.75104       7d: +0.8%
2026-06-14 17:48:22,034 [INFO]           → conviction 13/100  |  signals 3/19
2026-06-14 17:48:22,034 [INFO]   [  6]  USYC      (# 32)  $1.13000       7d: +0.0%
2026-06-14 17:48:25,122 [WARNING]           → skip USYC: OHLCV data is stale (>8h old or duplicates)
2026-06-14 17:48:29,624 [INFO]   [  7]  AVAX      (# 34)  $6.54000       7d: -2.2%
2026-06-14 17:48:30,281 [INFO]           → conviction 11/100  |  signals 2/19
2026-06-14 17:48:30,283 [INFO]   [  8]  CRO       (# 36)  $0.06060       7d: +1.1%
2026-06-14 17:48:30,921 [INFO]           → conviction 21/100  |  signals 5/19
2026-06-14 17:48:30,921 [INFO]   [  9]  NEAR      (# 37)  $2.08000       7d: +5.4%
2026-06-14 17:48:31,541 [INFO]           → conviction 14/100  |  signals 4/19
2026-06-14 17:48:31,541 [INFO]   [ 10]  TAO       (# 40)  $267.05000     7d: +26.2%
2026-06-14 17:48:32,197 [INFO]           → conviction 21/100  |  signals 6/19
2026-06-14 17:48:32,198 [INFO]   [ 11]  USDY      (# 42)  $1.13000       7d: +0.4%
2026-06-14 17:48:35,727 [INFO]           → skip (flatliner: ATR 0.97% / BB 0.43%)
2026-06-14 17:48:40,229 [INFO]   [ 12]  WLFI      (# 44)  $0.05817       7d: +4.5%
2026-06-14 17:48:40,790 [INFO]           → conviction 16/100  |  signals 4/19
2026-06-14 17:48:40,792 [INFO]   [ 13]  MNT       (# 45)  $0.55445       7d: +3.8%
2026-06-14 17:48:41,432 [INFO]           → conviction 13/100  |  signals 3/19
2026-06-14 17:48:41,435 [INFO]   [ 14]  ONDO      (# 47)  $0.34917       7d: +0.8%
2026-06-14 17:48:42,086 [INFO]           → conviction 6/100  |  signals 1/19
2026-06-14 17:48:42,087 [INFO]   [ 15]  ASTER     (# 48)  $0.62301       7d: -1.2%
2026-06-14 17:48:42,725 [INFO]           → conviction 3/100  |  signals 1/19
2026-06-14 17:48:42,726 [INFO]   [ 16]  DOT       (# 50)  $0.96015       7d: -0.7%
2026-06-14 17:48:43,324 [INFO]           → conviction 10/100  |  signals 2/19
2026-06-14 17:48:43,324 [INFO]   [ 17]  OKB       (# 52)  $73.88000      7d: +3.6%
2026-06-14 17:48:43,944 [INFO]           → conviction 6/100  |  signals 2/19
2026-06-14 17:48:43,946 [INFO]   [ 18]  PI        (# 56)  $0.13131       7d: +1.6%
2026-06-14 17:48:47,421 [INFO]           → conviction 18/100  |  signals 4/19
2026-06-14 17:48:51,922 [INFO]   [ 19]  ICP       (# 58)  $2.43000       7d: +2.1%
2026-06-14 17:48:52,571 [INFO]           → conviction 21/100  |  signals 5/19
2026-06-14 17:48:52,572 [INFO]   [ 20]  SKY       (# 59)  $0.05683       7d: +2.3%
2026-06-14 17:48:53,174 [INFO]           → conviction 21/100  |  signals 5/19
2026-06-14 17:48:53,175 [INFO]   [ 21]  MORPHO    (# 61)  $1.94000       7d: +13.9%
2026-06-14 17:48:53,798 [INFO]           → conviction 21/100  |  signals 4/19
2026-06-14 17:48:53,799 [INFO]   [ 22]  ETC       (# 64)  $7.00000       7d: -0.3%
2026-06-14 17:48:54,432 [INFO]           → conviction 0/100  |  signals 0/19
2026-06-14 17:48:54,433 [INFO]   [ 23]  AAVE      (# 67)  $65.74000      7d: +4.1%
2026-06-14 17:48:55,076 [INFO]           → conviction 14/100  |  signals 4/19
2026-06-14 17:48:55,077 [INFO]   [ 24]  QNT       (# 68)  $67.12000      7d: -2.9%
2026-06-14 17:48:55,718 [INFO]           → conviction 23/100  |  signals 5/19
2026-06-14 17:48:55,719 [INFO]   [ 25]  RENDER    (# 74)  $1.74000       7d: +3.6%
2026-06-14 17:48:56,352 [INFO]           → conviction 19/100  |  signals 5/19
2026-06-14 17:48:56,353 [INFO]   [ 26]  KAS       (# 75)  $0.03176       7d: +4.0%
2026-06-14 17:48:56,738 [INFO]           → conviction 11/100  |  signals 3/19
2026-06-14 17:48:56,743 [INFO]   [ 27]  STABLE    (# 77)  $0.03606       7d: +6.4%
2026-06-14 17:48:57,362 [INFO]           → conviction 6/100  |  signals 2/19
2026-06-14 17:48:57,362 [INFO]   [ 28]  NEXO      (# 81)  $0.79376       7d: +4.3%
2026-06-14 17:48:58,316 [INFO]           → conviction 13/100  |  signals 3/19
2026-06-14 17:48:58,316 [INFO]   [ 29]  GT        (# 84)  $6.67000       7d: +6.1%
2026-06-14 17:49:01,767 [INFO]           → conviction 9/100  |  signals 3/19
2026-06-14 17:49:06,268 [INFO]   [ 30]  FLR       (# 86)  $0.00785       7d: +12.7%
2026-06-14 17:49:06,907 [INFO]           → conviction 14/100  |  signals 4/19
2026-06-14 17:49:06,909 [INFO]   [ 31]  JST       (# 88)  $0.07727       7d: -0.2%
2026-06-14 17:49:07,538 [INFO]           → conviction 23/100  |  signals 5/19
2026-06-14 17:49:07,539 [INFO]   [ 32]  BDX       (# 89)  $0.07973       7d: +1.6%
2026-06-14 17:49:10,879 [INFO]           → conviction 6/100  |  signals 2/19
2026-06-14 17:49:15,381 [INFO]   [ 33]  FIL       (# 90)  $0.76059       7d: -0.4%
2026-06-14 17:49:16,015 [INFO]           → conviction 13/100  |  signals 3/19
2026-06-14 17:49:16,015 [INFO]   [ 34]  XDC       (# 92)  $0.02980       7d: +0.5%
2026-06-14 17:49:16,656 [INFO]           → conviction 0/100  |  signals 0/19
2026-06-14 17:49:16,657 [INFO]   [ 35]  JUP       (# 94)  $0.16872       7d: +8.8%
2026-06-14 17:49:17,322 [INFO]           → conviction 21/100  |  signals 5/19
2026-06-14 17:49:17,323 [INFO]   [ 36]  APT       (# 97)  $0.65291       7d: -2.9%
2026-06-14 17:49:17,956 [INFO]           → conviction 6/100  |  signals 1/19
2026-06-14 17:49:17,957 [INFO]   [ 37]  PUMP      (# 99)  $0.00153       7d: +1.2%
2026-06-14 17:49:18,870 [INFO]           → conviction 11/100  |  signals 3/19
2026-06-14 17:49:18,870 [INFO]   [ 38]  NIGHT     (#101)  $0.03118       7d: +4.2%
2026-06-14 17:49:19,532 [INFO]           → conviction 10/100  |  signals 2/19
2026-06-14 17:49:19,533 [INFO]   [ 39]  INJ       (#105)  $5.07000       7d: -4.7%
2026-06-14 17:49:20,164 [INFO]           → conviction 6/100  |  signals 1/19
2026-06-14 17:49:20,165 [INFO]   [ 40]  CAKE      (#108)  $1.35000       7d: +8.0%
2026-06-14 17:49:20,802 [INFO]           → conviction 16/100  |  signals 4/19
2026-06-14 17:49:20,802 [INFO]   [ 41]  TRUMP     (#109)  $1.98000       7d: +21.4%
2026-06-14 17:49:21,451 [INFO]           → conviction 21/100  |  signals 5/19
2026-06-14 17:49:21,452 [INFO]   [ 42]  FET       (#111)  $0.20303       7d: -5.3%
2026-06-14 17:49:22,365 [INFO]           → conviction 14/100  |  signals 4/19
2026-06-14 17:49:22,366 [INFO]   [ 43]  DASH      (#113)  $34.89000      7d: -6.6%
2026-06-14 17:49:22,989 [INFO]           → conviction 13/100  |  signals 3/19
2026-06-14 17:49:22,990 [INFO]   [ 44]  KITE      (#114)  $0.18771       7d: -0.9%
2026-06-14 17:49:23,616 [INFO]           → conviction 8/100  |  signals 2/19
2026-06-14 17:49:23,616 [INFO]   [ 45]  VET       (#115)  $0.00494       7d: +2.2%
2026-06-14 17:49:24,254 [INFO]           → conviction 8/100  |  signals 2/19
2026-06-14 17:49:24,256 [INFO]   [ 46]  PENGU     (#116)  $0.00651       7d: -3.0%
2026-06-14 17:49:24,884 [INFO]           → conviction 10/100  |  signals 2/19
2026-06-14 17:49:24,884 [INFO]   [ 47]  VIRTUAL   (#119)  $0.61088       7d: +7.0%
2026-06-14 17:49:25,509 [INFO]           → conviction 6/100  |  signals 1/19
2026-06-14 17:49:25,509 [INFO]   [ 48]  LIT       (#120)  $1.59000       7d: +14.7%
2026-06-14 17:49:26,123 [INFO]           → conviction 24/100  |  signals 6/19
2026-06-14 17:49:26,124 [INFO]   [ 49]  SKYAI     (#123)  $0.36802       7d: +59.0%
2026-06-14 17:49:29,515 [INFO]           → conviction 14/100  |  signals 5/19
2026-06-14 17:49:34,016 [INFO]   [ 50]  SEI       (#124)  $0.05384       7d: +9.0%
2026-06-14 17:49:35,094 [INFO]           → conviction 21/100  |  signals 5/19
2026-06-14 17:49:35,095 [INFO]   [ 51]  9BIT      (#125)  $0.04394       7d: +2.6%
2026-06-14 17:49:38,607 [INFO]           → conviction 10/100  |  signals 4/19
2026-06-14 17:49:43,108 [INFO]   [ 52]  GWEI      (#126)  $0.17025       7d: +31.1%
2026-06-14 17:49:43,745 [INFO]           → conviction 10/100  |  signals 3/19
2026-06-14 17:49:43,747 [INFO]   [ 53]  CRV       (#127)  $0.23323       7d: +21.1%
2026-06-14 17:49:44,404 [INFO]           → conviction 16/100  |  signals 4/19
2026-06-14 17:49:44,405 [INFO]   [ 54]  STX       (#128)  $0.18610       7d: -0.2%
2026-06-14 17:49:45,027 [INFO]           → conviction 16/100  |  signals 4/19
2026-06-14 17:49:45,027 [INFO]   [ 55]  SUN       (#131)  $0.01682       7d: -4.7%
2026-06-14 17:49:45,649 [INFO]           → conviction 0/100  |  signals 0/19
2026-06-14 17:49:45,649 [INFO]   [ 56]  UB        (#132)  $0.12587       7d: -6.4%
2026-06-14 17:49:46,289 [INFO]           → conviction 6/100  |  signals 2/19
2026-06-14 17:49:46,293 [INFO]   [ 57]  TIA       (#134)  $0.33570       7d: +6.1%
2026-06-14 17:49:46,928 [INFO]           → conviction 10/100  |  signals 3/19
2026-06-14 17:49:46,929 [INFO]   [ 58]  PYTH      (#136)  $0.03902       7d: +23.2%
2026-06-14 17:49:47,577 [INFO]           → conviction 27/100  |  signals 7/19
2026-06-14 17:49:47,578 [INFO]   [ 59]  GNO       (#137)  $107.39000     7d: +14.6%
2026-06-14 17:49:47,844 [WARNING]           → skip GNO: OHLCV data is stale (>8h old or duplicates)
2026-06-14 17:49:47,846 [INFO]   [ 60]  ETHFI     (#138)  $0.31018       7d: +2.3%
2026-06-14 17:49:48,487 [INFO]           → conviction 0/100  |  signals 0/19
2026-06-14 17:49:48,488 [INFO]   [ 61]  XTZ       (#145)  $0.23045       7d: -4.9%
2026-06-14 17:49:49,102 [INFO]           → conviction 5/100  |  signals 1/19
2026-06-14 17:49:49,102 [INFO]   [ 62]  ZBCN      (#146)  $0.00256       7d: -5.1%
2026-06-14 17:49:49,745 [INFO]           → conviction 6/100  |  signals 2/19
2026-06-14 17:49:49,747 [INFO]   [ 63]  2Z        (#150)  $0.06886       7d: -1.1%
2026-06-14 17:49:50,140 [INFO]           → conviction 10/100  |  signals 3/19
2026-06-14 17:49:50,141 [INFO]   [ 64]  GRASS     (#154)  $0.38598       7d: +10.1%
2026-06-14 17:49:50,530 [INFO]           → conviction 21/100  |  signals 5/19
2026-06-14 17:49:50,531 [INFO]   [ 65]  ZRO       (#155)  $0.92779       7d: +3.1%
2026-06-14 17:49:51,163 [INFO]           → conviction 16/100  |  signals 4/19
2026-06-14 17:49:51,163 [INFO]   [ 66]  CFX       (#157)  $0.04436       7d: -2.4%
2026-06-14 17:49:51,795 [INFO]           → conviction 10/100  |  signals 2/19
2026-06-14 17:49:51,796 [INFO]   [ 67]  OP        (#159)  $0.10639       7d: +10.8%
2026-06-14 17:49:52,436 [INFO]           → conviction 13/100  |  signals 4/19
2026-06-14 17:49:52,438 [INFO]   [ 68]  PENDLE    (#162)  $1.31000       7d: +4.8%
2026-06-14 17:49:53,062 [INFO]           → conviction 16/100  |  signals 4/19
2026-06-14 17:49:53,064 [INFO]   [ 69]  KAIA      (#163)  $0.03765       7d: +1.7%
2026-06-14 17:49:53,783 [INFO]           → conviction 10/100  |  signals 3/19
2026-06-14 17:49:53,784 [INFO]   [ 70]  AKT       (#165)  $0.74706       7d: +19.0%
2026-06-14 17:49:54,456 [INFO]           → conviction 34/100  |  signals 6/19
2026-06-14 17:49:54,457 [INFO]   [ 71]  LDO       (#166)  $0.25875       7d: -2.8%
2026-06-14 17:49:55,178 [INFO]           → conviction 3/100  |  signals 1/19
2026-06-14 17:49:55,179 [INFO]   [ 72]  STRK      (#168)  $0.03370       7d: +0.8%
2026-06-14 17:49:55,563 [INFO]           → conviction 14/100  |  signals 4/19
2026-06-14 17:49:55,564 [INFO]   [ 73]  USDM      (#172)  $0.99251       7d: -0.6%
2026-06-14 17:49:58,855 [INFO]           → skip (flatliner: ATR 3.27% / BB 0.44%)
2026-06-14 17:50:03,357 [INFO]   [ 74]  IOTA      (#173)  $0.04577       7d: -0.4%
2026-06-14 17:50:03,995 [INFO]           → conviction 16/100  |  signals 3/19
2026-06-14 17:50:03,996 [INFO]   [ 75]  BTW       (#174)  $0.09253       7d: +67.0%
2026-06-14 17:50:04,729 [INFO]           → conviction 6/100  |  signals 2/19
2026-06-14 17:50:04,729 [INFO]   [ 76]  REAL      (#178)  $0.06022       7d: +17.2%
2026-06-14 17:50:08,257 [INFO]           → conviction 9/100  |  signals 3/19
2026-06-14 17:50:12,759 [INFO]   [ 77]  ENS       (#179)  $4.83000       7d: +4.1%
2026-06-14 17:50:13,401 [INFO]           → conviction 18/100  |  signals 4/19
2026-06-14 17:50:13,402 [INFO]   [ 78]  APYUSD    (#182)  $1.28000       7d: +1.8%
2026-06-14 17:50:16,907 [INFO]           → conviction 2/100  |  signals 1/19
2026-06-14 17:50:21,408 [INFO]   [ 79]  BTSE      (#185)  $1.13000       7d: +7.9%
2026-06-14 17:50:24,856 [INFO]           → conviction 10/100  |  signals 3/19
2026-06-14 17:50:29,357 [INFO]   [ 80]  BILL      (#187)  $0.07333       7d: -6.1%
2026-06-14 17:50:30,016 [INFO]           → conviction 23/100  |  signals 5/19
2026-06-14 17:50:30,018 [INFO]   [ 81]  WFI       (#188)  $2.05000       7d: +2.2%
2026-06-14 17:50:33,727 [INFO]           → skip (flatliner: ATR 0.34% / BB 0.50%)
2026-06-14 17:50:38,228 [INFO]   [ 82]  PIEVERSE  (#189)  $0.62695       7d: +2.7%
2026-06-14 17:50:38,863 [INFO]           → conviction 8/100  |  signals 2/19
2026-06-14 17:50:38,864 [INFO]   [ 83]  VELVET    (#202)  $0.38678       7d: +72.3%
2026-06-14 17:50:39,492 [INFO]           → conviction 34/100  |  signals 7/19
2026-06-14 17:50:39,492 [INFO]   [ 84]  TRAC      (#196)  $0.36162       7d: +7.2%
2026-06-14 17:50:43,020 [INFO]           → conviction 12/100  |  signals 4/19
2026-06-14 17:50:47,522 [INFO]   [ 85]  RAY       (#198)  $0.59501       7d: +2.9%
2026-06-14 17:50:48,478 [INFO]           → conviction 13/100  |  signals 3/19
2026-06-14 17:50:48,479 [INFO]   [ 86]  SYRUP     (#201)  $0.13245       7d: +1.1%
2026-06-14 17:50:49,121 [INFO]           → conviction 13/100  |  signals 3/19
2026-06-14 17:50:49,122 [INFO]   [ 87]  MX        (#203)  $1.72000       7d: -1.4%
2026-06-14 17:50:52,785 [INFO]           → skip (flatliner: ATR 0.17% / BB 0.74%)
2026-06-14 17:50:57,287 [INFO]   [ 88]  WIF       (#204)  $0.15685       7d: -1.3%
2026-06-14 17:50:57,914 [INFO]           → conviction 8/100  |  signals 2/19
2026-06-14 17:50:57,914 [INFO]   [ 89]  GENIUS    (#206)  $0.45638       7d: +8.1%
2026-06-14 17:50:58,558 [INFO]           → conviction 19/100  |  signals 4/19
2026-06-14 17:50:58,559 [INFO]   [ 90]  ZANO      (#214)  $9.35000       7d: +6.9%
2026-06-14 17:51:02,007 [INFO]           → conviction 12/100  |  signals 4/19
2026-06-14 17:51:06,508 [INFO]   [ 91]  SAND      (#218)  $0.05129       7d: -1.9%
2026-06-14 17:51:07,205 [INFO]           → conviction 10/100  |  signals 2/19
2026-06-14 17:51:07,206 [INFO]   [ 92]  AR        (#222)  $1.98000       7d: -0.3%
2026-06-14 17:51:07,854 [INFO]           → conviction 21/100  |  signals 5/19
2026-06-14 17:51:07,854 [INFO]   [ 93]  MANA      (#224)  $0.06542       7d: -3.0%
2026-06-14 17:51:08,512 [INFO]           → conviction 10/100  |  signals 2/19
2026-06-14 17:51:08,513 [INFO]   [ 94]  GALA      (#227)  $0.00259       7d: +0.4%
2026-06-14 17:51:09,158 [INFO]           → conviction 6/100  |  signals 1/19
2026-06-14 17:51:09,159 [INFO]   [ 95]  RUNE      (#226)  $0.37169       7d: +9.5%
2026-06-14 17:51:09,781 [INFO]           → conviction 0/100  |  signals 0/19
2026-06-14 17:51:09,782 [INFO]   [ 96]  APE       (#230)  $0.12327       7d: -0.2%
2026-06-14 17:51:10,423 [INFO]           → conviction 6/100  |  signals 1/19
2026-06-14 17:51:10,423 [INFO]   [ 97]  NUSD      (#231)  $0.99535       7d: +0.1%
2026-06-14 17:51:14,131 [INFO]           → skip (flatliner: ATR 0.06% / BB 0.06%)
2026-06-14 17:51:18,634 [INFO]   [ 98]  VSN       (#233)  $0.03293       7d: +8.9%
2026-06-14 17:51:22,022 [INFO]           → conviction 9/100  |  signals 3/19
2026-06-14 17:51:26,524 [INFO]   [ 99]  SFP       (#236)  $0.24046       7d: +8.4%
2026-06-14 17:51:27,484 [INFO]           → conviction 0/100  |  signals 0/19
2026-06-14 17:51:27,485 [INFO]   [100]  IMX       (#237)  $0.14083       7d: +8.2%
2026-06-14 17:51:27,871 [INFO]           → conviction 24/100  |  signals 6/19
2026-06-14 17:51:27,872 [INFO]   [101]  A         (#238)  $0.07185       7d: +13.9%
2026-06-14 17:51:28,529 [INFO]           → conviction 13/100  |  signals 3/19
2026-06-14 17:51:28,530 [INFO]   [102]  CVX       (#239)  $1.30000       7d: +6.0%
2026-06-14 17:51:29,169 [INFO]           → conviction 5/100  |  signals 1/19
2026-06-14 17:51:29,169 [INFO]   [103]  FARTCOIN  (#242)  $0.11610       7d: +3.4%
2026-06-14 17:51:29,803 [INFO]           → conviction 0/100  |  signals 0/19
2026-06-14 17:51:29,804 [INFO]   [104]  TIBBIR    (#243)  $0.11562       7d: +6.2%
2026-06-14 17:51:33,369 [INFO]           → conviction 9/100  |  signals 3/19
2026-06-14 17:51:37,871 [INFO]   [105]  S         (#245)  $0.03035       7d: +1.9%
2026-06-14 17:51:38,495 [INFO]           → conviction 14/100  |  signals 3/19
2026-06-14 17:51:38,497 [INFO]   [106]  WEMIX     (#250)  $0.24440       7d: -7.2%
2026-06-14 17:51:42,225 [INFO]           → conviction 10/100  |  signals 2/19
2026-06-14 17:51:46,727 [INFO]   [107]  SENT      (#251)  $0.01542       7d: +20.6%
2026-06-14 17:51:47,370 [INFO]           → conviction 13/100  |  signals 4/19
2026-06-14 17:51:47,371 [INFO]   [108]  GOMINING  (#253)  $0.27313       7d: +4.6%
2026-06-14 17:51:50,928 [INFO]           → conviction 6/100  |  signals 2/19
2026-06-14 17:51:55,431 [INFO]   [109]  GLM       (#255)  $0.10888       7d: -2.2%
2026-06-14 17:51:56,062 [INFO]           → conviction 23/100  |  signals 5/19
2026-06-14 17:51:56,063 [INFO]   [110]  TAG       (#259)  $0.00099       7d: -7.0%
2026-06-14 17:51:59,735 [INFO]           → conviction 13/100  |  signals 4/19
2026-06-14 17:52:04,237 [INFO]   [111]  AWE       (#262)  $0.05334       7d: -1.3%
2026-06-14 17:52:04,625 [INFO]           → conviction 13/100  |  signals 3/19
2026-06-14 17:52:04,626 [INFO]   [112]  IP        (#263)  $0.28951       7d: -7.3%
2026-06-14 17:52:05,330 [INFO]           → conviction 21/100  |  signals 4/19
2026-06-14 17:52:05,331 [INFO]   [113]  NXPC      (#265)  $0.35725       7d: +16.3%
2026-06-14 17:52:06,056 [INFO]           → conviction 18/100  |  signals 4/19
2026-06-14 17:52:06,058 [INFO]   [114]  1INCH     (#267)  $0.07174       7d: +3.2%
2026-06-14 17:52:06,728 [INFO]           → conviction 6/100  |  signals 1/19
2026-06-14 17:52:06,729 [INFO]   [115]  QAIT      (#272)  $0.02268       7d: -4.3%
2026-06-14 17:52:10,273 [INFO]           → conviction 10/100  |  signals 3/19
2026-06-14 17:52:14,776 [INFO]   [116]  BMX       (#275)  $0.28975       7d: -0.2%
2026-06-14 17:52:15,140 [INFO]           → skip (flatliner: ATR 0.98% / BB 0.30%)
2026-06-14 17:52:15,141 [INFO]   [117]  GEOD      (#277)  $0.21817       7d: +40.3%
2026-06-14 17:52:18,725 [INFO]           → conviction 13/100  |  signals 5/19
2026-06-14 17:52:23,226 [INFO]   [118]  ATH       (#283)  $0.00455       7d: +3.3%
2026-06-14 17:52:23,873 [INFO]           → conviction 13/100  |  signals 4/19
2026-06-14 17:52:23,874 [INFO]   [119]  NOCK      (#284)  $0.04168       7d: -0.6%
2026-06-14 17:52:27,370 [INFO]           → conviction 6/100  |  signals 2/19
2026-06-14 17:52:31,873 [INFO]   [120]  LPT       (#287)  $1.76000       7d: -1.9%
2026-06-14 17:52:32,494 [INFO]           → conviction 11/100  |  signals 2/19
2026-06-14 17:52:32,498 [INFO]   [121]  COW       (#288)  $0.15085       7d: +9.4%
2026-06-14 17:52:33,117 [INFO]           → conviction 11/100  |  signals 3/19
2026-06-14 17:52:33,118 [INFO]   [122]  EGLD      (#289)  $2.87000       7d: -2.4%
2026-06-14 17:52:33,812 [INFO]           → conviction 6/100  |  signals 2/19
2026-06-14 17:52:33,813 [INFO]   [123]  ALLO      (#290)  $0.36706       7d: +21.0%
2026-06-14 17:52:34,437 [INFO]           → conviction 27/100  |  signals 6/19
2026-06-14 17:52:34,438 [INFO]   [124]  USDA      (#296)  $0.99144       7d: +0.4%
2026-06-14 17:52:34,812 [INFO]           → conviction 10/100  |  signals 3/19
2026-06-14 17:52:34,815 [INFO]   [125]  KTA       (#293)  $0.15459       7d: -2.2%
2026-06-14 17:52:38,267 [INFO]           → conviction 2/100  |  signals 1/19
2026-06-14 17:52:42,769 [INFO]   [126]  DBR       (#297)  $0.01573       7d: +8.6%
2026-06-14 17:52:43,407 [INFO]           → conviction 24/100  |  signals 6/19
2026-06-14 17:52:43,407 [INFO]   [127]  FLUID     (#298)  $1.06300       7d: -3.6%
2026-06-14 17:52:44,030 [INFO]           → conviction 3/100  |  signals 1/19
2026-06-14 17:52:44,031 [INFO]   [128]  UMXM      (#300)  $1.77000       7d: +4.3%
2026-06-14 17:52:47,461 [INFO]           → conviction 9/100  |  signals 3/19
2026-06-14 17:52:51,962 [INFO]   [129]  SNX       (#302)  $0.23827       7d: -1.5%
2026-06-14 17:52:52,594 [INFO]           → conviction 10/100  |  signals 2/19
2026-06-14 17:52:52,595 [INFO]   [130]  ARC       (#303)  $0.08134       7d: -1.8%
2026-06-14 17:52:53,217 [INFO]           → conviction 0/100  |  signals 0/19
2026-06-14 17:52:53,219 [INFO]   [131]  WAL       (#307)  $0.03360       7d: -5.4%
2026-06-14 17:52:53,821 [INFO]           → conviction 19/100  |  signals 5/19
2026-06-14 17:52:53,822 [INFO]   [132]  ARKM      (#310)  $0.12504       7d: +6.1%
2026-06-14 17:52:54,449 [INFO]           → conviction 21/100  |  signals 5/19
2026-06-14 17:52:54,451 [INFO]   [133]  ZIG       (#311)  $0.05591       7d: +5.8%
2026-06-14 17:52:58,170 [INFO]           → conviction 17/100  |  signals 3/19
2026-06-14 17:53:02,672 [INFO]   [134]  CFG       (#318)  $0.20511       7d: +3.6%
2026-06-14 17:53:03,303 [INFO]           → conviction 11/100  |  signals 2/19
2026-06-14 17:53:03,304 [INFO]   [135]  MUON      (#319)  $1008.38000    7d: +11.7%
2026-06-14 17:53:06,789 [INFO]           → conviction 10/100  |  signals 4/19
2026-06-14 17:53:11,291 [INFO]   [136]  TROLL     (#316)  $0.07734       7d: +9.7%
2026-06-14 17:53:14,970 [INFO]           → conviction 15/100  |  signals 5/19
2026-06-14 17:53:19,471 [INFO]   [137]  JCT       (#324)  $0.00670       7d: +34.3%
2026-06-14 17:53:20,106 [INFO]           → conviction 19/100  |  signals 6/19
2026-06-14 17:53:20,106 [INFO]   [138]  LINEA     (#326)  $0.00248       7d: -1.6%
2026-06-14 17:53:20,741 [INFO]           → conviction 3/100  |  signals 1/19
2026-06-14 17:53:20,741 [INFO]   [139]  CYS       (#329)  $0.47017       7d: +2.1%
2026-06-14 17:53:21,372 [INFO]           → conviction 27/100  |  signals 6/19
2026-06-14 17:53:21,373 [INFO]   [140]  BAN       (#330)  $0.07564       7d: +11.9%
2026-06-14 17:53:22,000 [INFO]           → conviction 6/100  |  signals 2/19
2026-06-14 17:53:22,001 [INFO]   [141]  MELANIA   (#337)  $0.07763       7d: +5.3%
2026-06-14 17:53:22,652 [INFO]           → conviction 6/100  |  signals 2/19
2026-06-14 17:53:22,653 [INFO]   [142]  GAS       (#341)  $1.11000       7d: -1.1%
2026-06-14 17:53:23,273 [INFO]           → conviction 14/100  |  signals 3/19
2026-06-14 17:53:23,274 [INFO]   [143]  ZRX       (#342)  $0.08546       7d: +3.3%
2026-06-14 17:53:23,900 [INFO]           → conviction 0/100  |  signals 0/19
2026-06-14 17:53:23,901 [INFO]   [144]  BEAM      (#343)  $0.00141       7d: -3.9%
2026-06-14 17:53:24,605 [INFO]           → conviction 0/100  |  signals 0/19
2026-06-14 17:53:24,606 [INFO]   [145]  AIOZ      (#352)  $0.05770       7d: +0.1%
2026-06-14 17:53:25,241 [INFO]           → conviction 6/100  |  signals 2/19
2026-06-14 17:53:25,241 [INFO]   [146]  CARDS     (#349)  $0.27616       7d: +51.3%
2026-06-14 17:53:28,847 [INFO]           → conviction 12/100  |  signals 4/19
2026-06-14 17:53:33,349 [INFO]   [147]  ORDI      (#354)  $3.34000       7d: +12.1%
2026-06-14 17:53:33,976 [INFO]           → conviction 18/100  |  signals 4/19
2026-06-14 17:53:33,978 [INFO]   [148]  RVN       (#355)  $0.00429       7d: +2.0%
2026-06-14 17:53:34,601 [INFO]           → conviction 5/100  |  signals 1/19
2026-06-14 17:53:34,601 [INFO]   [149]  BERA      (#356)  $0.25040       7d: +2.9%
2026-06-14 17:53:35,232 [INFO]           → conviction 16/100  |  signals 3/19
2026-06-14 17:53:35,233 [INFO]   [150]  UAI       (#357)  $0.28837       7d: -0.9%
2026-06-14 17:53:35,862 [INFO]           → conviction 16/100  |  signals 5/19
2026-06-14 17:53:35,862 [INFO]   [151]  SAFE      (#359)  $0.09130       7d: -4.6%
2026-06-14 17:53:36,551 [INFO]           → conviction 14/100  |  signals 3/19
2026-06-14 17:53:36,552 [INFO]   [152]  COAI      (#358)  $0.36079       7d: +62.7%
2026-06-14 17:53:37,213 [INFO]           → conviction 19/100  |  signals 6/19
2026-06-14 17:53:37,214 [INFO]   [153]  METAL     (#360)  $0.13432       7d: +3.1%
2026-06-14 17:53:40,720 [INFO]           → conviction 9/100  |  signals 3/19
2026-06-14 17:53:45,221 [INFO]   [154]  ZAMA      (#361)  $0.03067       7d: +2.9%
2026-06-14 17:53:45,873 [INFO]           → conviction 11/100  |  signals 3/19
2026-06-14 17:53:45,874 [INFO]   [155]  YFI       (#363)  $1874.95000    7d: +1.4%
2026-06-14 17:53:46,798 [INFO]           → conviction 18/100  |  signals 3/19
2026-06-14 17:53:46,798 [INFO]   [156]  ORCA      (#367)  $1.10000       7d: +7.4%
2026-06-14 17:53:47,429 [INFO]           → conviction 10/100  |  signals 2/19
2026-06-14 17:53:47,430 [INFO]   [157]  BIO       (#366)  $0.03122       7d: +12.2%
2026-06-14 17:53:48,073 [INFO]           → conviction 16/100  |  signals 4/19
2026-06-14 17:53:48,074 [INFO]   [158]  Q         (#368)  $0.01646       7d: -5.2%
2026-06-14 17:53:48,849 [INFO]           → conviction 18/100  |  signals 4/19
2026-06-14 17:53:48,850 [INFO]   [159]  KSM       (#371)  $3.62000       7d: -1.4%
2026-06-14 17:53:49,465 [INFO]           → conviction 8/100  |  signals 2/19
2026-06-14 17:53:49,466 [INFO]   [160]  DOG       (#375)  $0.00064       7d: +0.1%
2026-06-14 17:53:49,730 [WARNING]           → skip DOG: OHLCV data is stale (>8h old or duplicates)
2026-06-14 17:53:49,731 [INFO]   [161]  USELESS   (#377)  $0.06421       7d: -3.8%
2026-06-14 17:53:50,382 [INFO]           → conviction 3/100  |  signals 1/19
2026-06-14 17:53:50,383 [INFO]   [162]  BRETT     (#379)  $0.00638       7d: +18.8%
2026-06-14 17:53:50,994 [INFO]           → conviction 27/100  |  signals 7/19
2026-06-14 17:53:50,995 [INFO]   [163]  0G        (#384)  $0.29372       7d: -3.7%
2026-06-14 17:53:51,756 [INFO]           → conviction 26/100  |  signals 6/19
2026-06-14 17:53:51,756 [INFO]   [164]  TURBO     (#387)  $0.00090       7d: +4.1%
2026-06-14 17:53:52,690 [INFO]           → conviction 10/100  |  signals 3/19
2026-06-14 17:53:52,691 [INFO]   [165]  OMI       (#389)  $0.00023       7d: +12.6%
2026-06-14 17:53:56,464 [INFO]           → conviction 0/100  |  signals 0/19
2026-06-14 17:54:00,965 [INFO]   [166]  ZIL       (#390)  $0.00316       7d: +3.3%
2026-06-14 17:54:01,602 [INFO]           → conviction 14/100  |  signals 3/19
2026-06-14 17:54:01,606 [INFO]   [167]  SUPER     (#391)  $0.09554       7d: +2.7%
2026-06-14 17:54:02,215 [INFO]           → conviction 3/100  |  signals 1/19
2026-06-14 17:54:02,216 [INFO]   [168]  TFUEL     (#398)  $0.00821       7d: -3.5%
2026-06-14 17:54:03,146 [INFO]           → conviction 0/100  |  signals 0/19
2026-06-14 17:54:03,147 [INFO]   [169]  GMX       (#402)  $5.70000       7d: +1.6%
2026-06-14 17:54:03,810 [INFO]           → conviction 21/100  |  signals 5/19
2026-06-14 17:54:03,811 [INFO]   [170]  VELO      (#404)  $0.00336       7d: -4.8%
2026-06-14 17:54:04,442 [INFO]           → conviction 3/100  |  signals 1/19
2026-06-14 17:54:04,443 [INFO]   [171]  NMR       (#407)  $8.29000       7d: +0.5%
2026-06-14 17:54:05,073 [INFO]           → conviction 11/100  |  signals 2/19
2026-06-14 17:54:05,073 [INFO]   [172]  BABY      (#411)  $0.01571       7d: +0.7%
2026-06-14 17:54:05,733 [INFO]           → conviction 16/100  |  signals 4/19
2026-06-14 17:54:05,735 [INFO]   [173]  DIEM      (#409)  $1556.46000    7d: +6.0%
2026-06-14 17:54:09,593 [INFO]           → conviction 11/100  |  signals 4/19
2026-06-14 17:54:14,095 [INFO]   [174]  W         (#412)  $0.00960       7d: -0.1%
2026-06-14 17:54:14,742 [INFO]           → conviction 13/100  |  signals 3/19
2026-06-14 17:54:14,743 [INFO]   [175]  IDOL      (#415)  $0.03018       7d: +0.5%
2026-06-14 17:54:18,209 [INFO]           → conviction 3/100  |  signals 1/19
2026-06-14 17:54:22,711 [INFO]   [176]  ALCH      (#418)  $0.06596       7d: +11.8%
2026-06-14 17:54:23,360 [INFO]           → conviction 16/100  |  signals 4/19
2026-06-14 17:54:23,361 [INFO]   [177]  ZETA      (#421)  $0.03824       7d: +6.1%
2026-06-14 17:54:24,014 [INFO]           → conviction 13/100  |  signals 3/19
2026-06-14 17:54:24,015 [INFO]   [178]  MET       (#423)  $0.10447       7d: +6.4%
2026-06-14 17:54:24,658 [INFO]           → conviction 11/100  |  signals 2/19
2026-06-14 17:54:24,659 [INFO]   [179]  HOT       (#424)  $0.00031       7d: -0.6%
2026-06-14 17:54:25,575 [INFO]           → conviction 18/100  |  signals 3/19
2026-06-14 17:54:25,575 [INFO]   [180]  TOSHI     (#425)  $0.00013       7d: +5.5%
2026-06-14 17:54:29,112 [INFO]           → conviction 14/100  |  signals 4/19
2026-06-14 17:54:33,613 [INFO]   [181]  CKB       (#429)  $0.00111       7d: +4.4%
2026-06-14 17:54:34,262 [INFO]           → conviction 8/100  |  signals 2/19
2026-06-14 17:54:34,263 [INFO]   [182]  SPK       (#430)  $0.01940       7d: +2.1%
2026-06-14 17:54:34,919 [INFO]           → conviction 18/100  |  signals 4/19
2026-06-14 17:54:34,920 [INFO]   [183]  MINA      (#433)  $0.04171       7d: -3.8%
2026-06-14 17:54:35,581 [INFO]           → conviction 6/100  |  signals 2/19
2026-06-14 17:54:35,581 [INFO]   [184]  DUSK      (#437)  $0.09000       7d: -2.9%
2026-06-14 17:54:36,203 [INFO]           → conviction 10/100  |  signals 2/19
2026-06-14 17:54:36,204 [INFO]   [185]  NVDAON    (#440)  $205.93000     7d: -0.4%
2026-06-14 17:54:39,721 [INFO]           → skip (flatliner: ATR 0.31% / BB 0.60%)
2026-06-14 17:54:44,223 [INFO]   [186]  ASTR      (#448)  $0.00586       7d: +3.9%
2026-06-14 17:54:44,846 [INFO]           → conviction 19/100  |  signals 4/19
2026-06-14 17:54:44,848 [INFO]   [187]  SN44      (#453)  $10.67000      7d: +29.5%
2026-06-14 17:54:48,367 [INFO]           → conviction 14/100  |  signals 5/19
2026-06-14 17:54:52,869 [INFO]   [188]  POLYX     (#454)  $0.03911       7d: -0.4%
2026-06-14 17:54:53,501 [INFO]           → conviction 3/100  |  signals 1/19
2026-06-14 17:54:53,502 [INFO]   [189]  CTC       (#455)  $0.09258       7d: +3.9%
2026-06-14 17:54:54,130 [INFO]           → conviction 3/100  |  signals 1/19
2026-06-14 17:54:54,132 [INFO]   [190]  BLUR      (#456)  $0.01782       7d: +3.3%
2026-06-14 17:54:54,826 [INFO]           → conviction 0/100  |  signals 0/19
2026-06-14 17:54:54,827 [INFO]   [191]  BARD      (#460)  $0.15397       7d: -1.6%
2026-06-14 17:54:55,474 [INFO]           → conviction 6/100  |  signals 1/19
2026-06-14 17:54:55,477 [INFO]   [192]  XYO       (#463)  $0.00353       7d: -4.0%
2026-06-14 17:54:59,039 [INFO]           → conviction 2/100  |  signals 1/19
2026-06-14 17:55:03,540 [INFO]   [193]  PEAQ      (#464)  $0.02189       7d: -3.4%
2026-06-14 17:55:04,181 [INFO]           → conviction 18/100  |  signals 4/19
2026-06-14 17:55:04,182 [INFO]   [194]  ROSE      (#469)  $0.00624       7d: -6.7%
2026-06-14 17:55:04,810 [INFO]           → conviction 6/100  |  signals 2/19
2026-06-14 17:55:04,811 [INFO]   [195]  NOT       (#468)  $0.00049       7d: +27.7%
2026-06-14 17:55:05,452 [INFO]           → conviction 27/100  |  signals 7/19
2026-06-14 17:55:05,453 [INFO]   [196]  FOGO      (#474)  $0.01257       7d: +9.5%
2026-06-14 17:55:06,377 [INFO]           → conviction 18/100  |  signals 5/19
2026-06-14 17:55:06,378 [INFO]   [197]  SLX       (#475)  $0.19530       7d: +12.5%
2026-06-14 17:55:07,030 [INFO]           → conviction 18/100  |  signals 5/19
2026-06-14 17:55:07,031 [INFO]   [198]  ONT       (#476)  $0.04771       7d: +3.3%
2026-06-14 17:55:07,667 [INFO]           → conviction 16/100  |  signals 3/19
2026-06-14 17:55:07,668 [INFO]   [199]  SUSHI     (#478)  $0.17422       7d: +3.2%
2026-06-14 17:55:08,290 [INFO]           → conviction 3/100  |  signals 1/19
2026-06-14 17:55:08,292 [INFO]   [200]  HOLO      (#479)  $0.06512       7d: +12.3%
2026-06-14 17:55:08,932 [INFO]           → conviction 10/100  |  signals 3/19
2026-06-14 17:55:08,933 [INFO]   [201]  FLOW      (#480)  $0.02819       7d: +5.8%
2026-06-14 17:55:09,569 [INFO]           → conviction 3/100  |  signals 1/19
2026-06-14 17:55:09,570 [INFO]   [202]  AZTEC     (#481)  $0.01598       7d: -0.7%
2026-06-14 17:55:10,224 [INFO]           → conviction 8/100  |  signals 2/19
2026-06-14 17:55:10,225 [INFO]   [203]  AMP       (#490)  $0.00052       7d: -3.8%
2026-06-14 17:55:11,163 [INFO]           → conviction 6/100  |  signals 1/19
2026-06-14 17:55:11,163 [INFO]   [204]  SQD       (#493)  $0.04027       7d: +24.8%
2026-06-14 17:55:11,791 [INFO]           → conviction 24/100  |  signals 6/19
2026-06-14 17:55:11,792 [INFO]   [205]  PNUT      (#495)  $0.04370       7d: +4.7%
2026-06-14 17:55:12,440 [INFO]           → conviction 16/100  |  signals 4/19
2026-06-14 17:55:12,441 [INFO]   [206]  ROBO      (#497)  $0.01936       7d: -4.9%
2026-06-14 17:55:13,076 [INFO]           → conviction 10/100  |  signals 3/19
2026-06-14 17:55:13,076 [INFO]   [207]  UP        (#498)  $0.33872       7d: -0.1%
2026-06-14 17:55:16,610 [INFO]           → conviction 8/100  |  signals 1/19
2026-06-14 17:55:21,112 [INFO]   [208]  CRCLX     (#499)  $78.41000      7d: -2.9%
2026-06-14 17:55:24,671 [INFO]           → conviction 14/100  |  signals 5/19
2026-06-14 17:55:29,172 [INFO]   [209]  DEEP      (#500)  $0.01693       7d: +2.6%
2026-06-14 17:55:29,811 [INFO]           → conviction 8/100  |  signals 2/19
2026-06-14 17:55:29,825 [INFO] 
[5/5] Building trade plan report...
2026-06-14 17:55:29,826 [INFO]   Raw candidates found: 0
2026-06-14 17:55:29,828 [INFO] [5/5] Checking major leverage opportunities (BTC/ETH/SOL)...
2026-06-14 17:55:29,829 [INFO]   Major leverage: 0 opportunity(s) found
2026-06-14 17:55:29,838 [INFO] 
================================================================================
  CRYPTO SPOT SCANNER — TRADE PLAN REPORT
  Generated: 2026-06-14 17:55:29
================================================================================

MARKET CONTEXT
----------------------------------------
  BTC Price    :  $   64,059.50
  BTC 7-day    :     +4.50%
  BTC 24-hour  :     -0.32%
  ETH 7-day    :     +3.21%
  BTC Dominance:      56.6%
  Regime       :  🟢 BULL

ACCOUNT
----------------------------------------
  Balance       : $   96,313.06 USDT
  Risk / trade  : 1.5%  ($1,445 USDT per trade)
  Max positions : 8
  Max heat      : 12.0%

================================================================================
  NO QUALIFYING SETUPS FOUND

  All scanned tokens failed to meet the minimum conviction threshold.
  This means market conditions are not favorable right now.

  RECOMMENDATION: Stay in USDT. Wait for the next scan.
  Patience is a trading edge. Forcing trades loses money.
================================================================================

WATCHLIST  — tokens building momentum, not ready to enter yet
----------------------------------------
  ⏳ = needs 1 more confirmation scan  |  ↗ = conviction rising  |  ↘ = fading
  Monitor all. Enter only after a fresh scan confirms conviction ≥ threshold.

  #     SYMBOL     RANK         PRICE      7d%   CONV  SIGS  TREND  KEY SIGNALS
  ----  ---------  ----  ------------  -------  -----  ----  -----  ----------------------------
  1     🔹AKT       #165  $0.74706        +19.0%    34     6      →  whale_candles, cmf, higher_lows +3
  2     🔹VELVET    #202  $0.38678        +72.3%    34     7      →  funding_neg, macd_turning, stealth_accum +4
  3     🔹PYTH      #136  $0.03902        +23.2%    27     7      →  stealth_accum, cmf, rs_vs_btc +4
  4     🔹ALLO      #290  $0.36706        +21.0%    27     6      →  macd_divergence, macd_turning, rs_vs_btc +3
  5     🔹CYS       #329  $0.47017         +2.1%    27     6      →  stealth_accum, bb_squeeze, higher_lows +3
  6     🔹BRETT     #379  $0.00638        +18.8%    27     7      →  funding_neg, cmf, rs_vs_btc +4
  7     🔹NOT       #468  $0.00049        +27.7%    27     7      →  stealth_accum, higher_lows, rs_vs_btc +4
  8     🔹0G        #384  $0.29372         -3.7%    26     6      →  funding_neg, bb_squeeze, vol_expansion +3

--------------------------------------------------------------------------------
2026-06-14 17:55:29,848 [INFO] 
  Report  → C:\Users\bruno\OneDrive\Ambiente de Trabalho\Workspace\crypto scanner\crypto-scanner\outputs\scanner-results\spot_trade_plan_LATEST.txt
2026-06-14 17:55:29,849 [INFO]   JSON    → C:\Users\bruno\OneDrive\Ambiente de Trabalho\Workspace\crypto scanner\crypto-scanner\outputs\scanner-results\spot_trade_plan_LATEST.json
2026-06-14 17:55:29,849 [INFO]   Log     → C:\Users\bruno\OneDrive\Ambiente de Trabalho\Workspace\crypto scanner\crypto-scanner\outputs\logs\orchestrator_20260614.log
2026-06-14 17:55:29,850 [INFO] 
  Done.  0 high-conviction setup(s) found.
2026-06-14 22:47:42,403 [INFO]   Live Bybit balance: 96,313.06 USDT
2026-06-14 22:47:42,407 [INFO] 
2026-06-14 22:47:42,408 [INFO] ================================================================================
2026-06-14 22:47:42,409 [INFO]   CRYPTO MASTER ORCHESTRATOR v2.1
2026-06-14 22:47:42,409 [INFO]   18-signal engine | funding rate | corr filter | volume source tagging
2026-06-14 22:47:42,410 [INFO] ================================================================================
2026-06-14 22:47:42,410 [INFO]   Account: $96,313.06 USDT  |  Risk/trade: 1.5%  |  Max positions: 8
2026-06-14 22:47:42,411 [INFO] 
2026-06-14 22:47:42,421 [INFO] [1/5] Analyzing market regime...
2026-06-14 22:47:42,425 [INFO] Fetching market context (Bybit klines primary)...
2026-06-14 22:47:43,430 [INFO]   [Bybit] BTC: $65,268 | 7d: +3.1%  ETH 7d: +1.6%  Dominance: 56.6% | Regime: 🟢 BULL
2026-06-14 22:47:43,432 [INFO]   🟢 BULL — normal parameters apply
2026-06-14 22:47:43,436 [INFO] [2/5] Fetching BTC historical data...
2026-06-14 22:47:45,771 [INFO]   BTC data: OK
2026-06-14 22:47:50,272 [INFO] [3/5] Fetching top 500 coins...
2026-06-14 22:47:50,285 [INFO] Fetching top 500 coins by market cap...
2026-06-14 22:47:52,673 [INFO]   Fetched 500 coins
2026-06-14 22:47:52,690 [INFO]   Fetched 500 coins
2026-06-14 22:47:52,692 [INFO] [4/5] Scanning for high-conviction setups...
2026-06-14 22:47:52,694 [INFO]   Filters: Rank 20–500  |  Vol ≥ $500,000  |  Min conviction: 45
2026-06-14 22:47:52,695 [INFO] 
2026-06-14 22:47:52,704 [INFO]   [  1]  WBT       (# 20)  $53.13000      7d: +20.3%
2026-06-14 22:47:56,516 [INFO]           → conviction 10/100  |  signals 3/19
2026-06-14 22:48:01,018 [INFO]   [  2]  LINK      (# 21)  $8.07000       7d: +6.4%
2026-06-14 22:48:01,661 [INFO]           → conviction 36/100  |  signals 6/19
2026-06-14 22:48:01,661 [INFO]   [  3]  BCH       (# 26)  $207.04000     7d: -6.9%
2026-06-14 22:48:02,287 [INFO]           → conviction 31/100  |  signals 7/19
2026-06-14 22:48:02,288 [INFO]   [  4]  M         (# 27)  $2.98000       7d: -3.4%
2026-06-14 22:48:02,914 [INFO]           → conviction 14/100  |  signals 3/19
2026-06-14 22:48:02,915 [INFO]   [  5]  LTC       (# 28)  $44.87000      7d: +7.8%
2026-06-14 22:48:03,531 [INFO]           → conviction 18/100  |  signals 4/19
2026-06-14 22:48:03,532 [INFO]   [  6]  HBAR      (# 29)  $0.07938       7d: -1.5%
2026-06-14 22:48:04,365 [INFO]           → conviction 6/100  |  signals 2/19
2026-06-14 22:48:04,366 [INFO]   [  7]  SUI       (# 30)  $0.77539       7d: +6.1%
2026-06-14 22:48:05,001 [INFO]           → conviction 34/100  |  signals 6/19
2026-06-14 22:48:05,003 [INFO]   [  8]  USYC      (# 32)  $1.13000       7d: +0.0%
2026-06-14 22:48:08,108 [WARNING]           → skip USYC: OHLCV data is stale (>8h old or duplicates)
2026-06-14 22:48:12,609 [INFO]   [  9]  AVAX      (# 34)  $6.69000       7d: +2.4%
2026-06-14 22:48:13,716 [INFO]           → conviction 37/100  |  signals 6/19
2026-06-14 22:48:13,717 [INFO]   [ 10]  NEAR      (# 35)  $2.20000       7d: +9.2%
2026-06-14 22:48:16,502 [INFO]           → conviction 18/100  |  signals 5/19
2026-06-14 22:48:16,536 [INFO]   [ 11]  CRO       (# 37)  $0.06171       7d: +2.9%
2026-06-14 22:48:17,652 [INFO]           → conviction 14/100  |  signals 4/19
2026-06-14 22:48:17,681 [INFO]   [ 12]  TAO       (# 40)  $271.77000     7d: +32.9%
2026-06-14 22:48:18,627 [INFO]           → conviction 21/100  |  signals 6/19
2026-06-14 22:48:18,640 [INFO]   [ 13]  USDY      (# 42)  $1.14000       7d: +1.9%
2026-06-14 22:48:22,821 [INFO]           → skip (flatliner: ATR 0.96% / BB 0.43%)
2026-06-14 22:48:27,322 [INFO]   [ 14]  WLFI      (# 44)  $0.05955       7d: +8.9%
2026-06-14 22:48:27,986 [INFO]           → conviction 19/100  |  signals 5/19
2026-06-14 22:48:27,987 [INFO]   [ 15]  MNT       (# 45)  $0.56196       7d: +4.8%
2026-06-14 22:48:29,277 [INFO]           → conviction 13/100  |  signals 3/19
2026-06-14 22:48:29,277 [INFO]   [ 16]  ONDO      (# 46)  $0.36281       7d: +7.9%
2026-06-14 22:48:30,999 [INFO]           → conviction 16/100  |  signals 4/19
2026-06-14 22:48:31,005 [INFO]   [ 17]  WLD       (# 47)  $0.51633       7d: +10.3%
2026-06-14 22:48:31,747 [INFO]           → conviction 18/100  |  signals 4/19
2026-06-14 22:48:31,757 [INFO]   [ 18]  ASTER     (# 48)  $0.63213       7d: +1.5%
2026-06-14 22:48:32,695 [INFO]           → conviction 13/100  |  signals 3/19
2026-06-14 22:48:32,697 [INFO]   [ 19]  BEAT      (# 53)  $5.43000       7d: +67.5%
2026-06-14 22:48:33,513 [INFO]           → conviction 3/100  |  signals 1/19
2026-06-14 22:48:33,528 [INFO]   [ 20]  PI        (# 56)  $0.13438       7d: +3.8%
2026-06-14 22:48:37,492 [INFO]           → conviction 11/100  |  signals 3/19
2026-06-14 22:48:41,994 [INFO]   [ 21]  ICP       (# 57)  $2.48000       7d: +7.2%
2026-06-14 22:48:42,632 [INFO]           → conviction 14/100  |  signals 4/19
2026-06-14 22:48:42,632 [INFO]   [ 22]  SKY       (# 59)  $0.05759       7d: +3.6%
2026-06-14 22:48:43,248 [INFO]           → conviction 14/100  |  signals 4/19
2026-06-14 22:48:43,249 [INFO]   [ 23]  MORPHO    (# 61)  $1.96000       7d: +16.7%
2026-06-14 22:48:43,898 [INFO]           → conviction 18/100  |  signals 4/19
2026-06-14 22:48:43,899 [INFO]   [ 24]  ETC       (# 64)  $7.16000       7d: +2.7%
2026-06-14 22:48:44,588 [INFO]           → conviction 18/100  |  signals 2/19
2026-06-14 22:48:44,589 [INFO]   [ 25]  ATOM      (# 65)  $2.01000       7d: +19.7%
2026-06-14 22:48:45,210 [INFO]           → conviction 27/100  |  signals 5/19
2026-06-14 22:48:45,212 [INFO]   [ 26]  AAVE      (# 66)  $67.67000      7d: +10.2%
2026-06-14 22:48:45,872 [INFO]           → conviction 21/100  |  signals 6/19
2026-06-14 22:48:45,873 [INFO]   [ 27]  KCS       (# 72)  $7.07000       7d: +12.1%
2026-06-14 22:48:49,586 [INFO]           → conviction 12/100  |  signals 4/19
2026-06-14 22:48:54,088 [INFO]   [ 28]  RENDER    (# 73)  $1.80000       7d: +10.4%
2026-06-14 22:48:54,695 [INFO]           → conviction 18/100  |  signals 5/19
2026-06-14 22:48:54,695 [INFO]   [ 29]  KAS       (# 75)  $0.03207       7d: +6.1%
2026-06-14 22:48:55,340 [INFO]           → conviction 21/100  |  signals 5/19
2026-06-14 22:48:55,341 [INFO]   [ 30]  STABLE    (# 77)  $0.03586       7d: +6.6%
2026-06-14 22:48:55,971 [INFO]           → conviction 6/100  |  signals 2/19
2026-06-14 22:48:55,972 [INFO]   [ 31]  VVV       (# 82)  $16.94000      7d: +5.6%
2026-06-14 22:48:56,622 [INFO]           → conviction 6/100  |  signals 2/19
2026-06-14 22:48:56,633 [INFO]   [ 32]  ENA       (# 83)  $0.08451       7d: -3.7%
2026-06-14 22:48:57,752 [INFO]           → conviction 13/100  |  signals 3/19
2026-06-14 22:48:57,753 [INFO]   [ 33]  GT        (# 84)  $6.77000       7d: +8.1%
2026-06-14 22:49:01,054 [INFO]           → conviction 12/100  |  signals 4/19
2026-06-14 22:49:05,556 [INFO]   [ 34]  FLR       (# 86)  $0.00799       7d: +13.4%
2026-06-14 22:49:06,454 [INFO]           → conviction 14/100  |  signals 4/19
2026-06-14 22:49:06,455 [INFO]   [ 35]  JST       (# 88)  $0.07780       7d: -0.2%
2026-06-14 22:49:07,135 [INFO]           → conviction 6/100  |  signals 2/19
2026-06-14 22:49:07,136 [INFO]   [ 36]  BDX       (# 90)  $0.08030       7d: +2.0%
2026-06-14 22:49:10,723 [INFO]           → conviction 6/100  |  signals 2/19
2026-06-14 22:49:15,225 [INFO]   [ 37]  FIL       (# 89)  $0.78634       7d: +5.9%
2026-06-14 22:49:15,949 [INFO]           → conviction 31/100  |  signals 5/19
2026-06-14 22:49:15,950 [INFO]   [ 38]  XDC       (# 91)  $0.03016       7d: +3.4%
2026-06-14 22:49:16,618 [INFO]           → conviction 3/100  |  signals 1/19
2026-06-14 22:49:16,619 [INFO]   [ 39]  JUP       (# 93)  $0.17522       7d: +16.1%
2026-06-14 22:49:17,301 [INFO]           → conviction 24/100  |  signals 6/19
2026-06-14 22:49:17,303 [INFO]   [ 40]  APT       (# 95)  $0.67847       7d: +3.1%
2026-06-14 22:49:17,999 [INFO]           → conviction 13/100  |  signals 3/19
2026-06-14 22:49:18,000 [INFO]   [ 41]  PUMP      (# 98)  $0.00159       7d: +7.4%
2026-06-14 22:49:19,017 [INFO]           → conviction 18/100  |  signals 5/19
2026-06-14 22:49:19,019 [INFO]   [ 42]  INJ       (#102)  $5.20000       7d: -0.2%
2026-06-14 22:49:20,285 [INFO]           → conviction 13/100  |  signals 3/19
2026-06-14 22:49:20,285 [INFO]   [ 43]  CAKE      (#107)  $1.38000       7d: +12.4%
2026-06-14 22:49:21,127 [INFO]           → conviction 32/100  |  signals 5/19
2026-06-14 22:49:21,129 [INFO]   [ 44]  TRUMP     (#109)  $2.04000       7d: +28.0%
2026-06-14 22:49:21,885 [INFO]           → conviction 18/100  |  signals 4/19
2026-06-14 22:49:21,886 [INFO]   [ 45]  FET       (#110)  $0.21149       7d: +3.5%
2026-06-14 22:49:22,932 [INFO]           → conviction 19/100  |  signals 5/19
2026-06-14 22:49:22,933 [INFO]   [ 46]  DASH      (#112)  $36.48000      7d: -1.3%
2026-06-14 22:49:23,808 [INFO]           → conviction 6/100  |  signals 2/19
2026-06-14 22:49:23,809 [INFO]   [ 47]  KITE      (#114)  $0.19201       7d: +0.4%
2026-06-14 22:49:24,515 [INFO]           → conviction 6/100  |  signals 2/19
2026-06-14 22:49:24,516 [INFO]   [ 48]  VET       (#115)  $0.00508       7d: +6.6%
2026-06-14 22:49:25,194 [INFO]           → conviction 26/100  |  signals 4/19
2026-06-14 22:49:25,195 [INFO]   [ 49]  PENGU     (#116)  $0.00689       7d: +4.4%
2026-06-14 22:49:26,460 [INFO]           → conviction 27/100  |  signals 4/19
2026-06-14 22:49:26,461 [INFO]   [ 50]  LIT       (#117)  $1.68000       7d: +24.3%
2026-06-14 22:49:27,168 [INFO]           → conviction 18/100  |  signals 5/19
2026-06-14 22:49:27,169 [INFO]   [ 51]  VIRTUAL   (#118)  $0.63590       7d: +14.6%
2026-06-14 22:49:28,039 [INFO]           → conviction 19/100  |  signals 5/19
2026-06-14 22:49:28,040 [INFO]   [ 52]  APXUSD    (#120)  $0.96016       7d: +0.8%
2026-06-14 22:49:32,274 [INFO]           → conviction 8/100  |  signals 2/19
2026-06-14 22:49:36,775 [INFO]   [ 53]  SKYAI     (#123)  $0.38074       7d: +62.0%
2026-06-14 22:49:40,725 [INFO]           → conviction 14/100  |  signals 5/19
2026-06-14 22:49:45,228 [INFO]   [ 54]  SEI       (#124)  $0.05471       7d: +14.5%
2026-06-14 22:49:46,407 [INFO]           → conviction 21/100  |  signals 5/19
2026-06-14 22:49:46,407 [INFO]   [ 55]  GWEI      (#126)  $0.17225       7d: +28.6%
2026-06-14 22:49:47,242 [INFO]           → conviction 6/100  |  signals 2/19
2026-06-14 22:49:47,243 [INFO]   [ 56]  9BIT      (#125)  $0.04403       7d: +5.1%
2026-06-14 22:49:51,423 [INFO]           → conviction 6/100  |  signals 2/19
2026-06-14 22:49:55,925 [INFO]   [ 57]  CRV       (#127)  $0.23683       7d: +23.2%
2026-06-14 22:49:56,607 [INFO]           → conviction 16/100  |  signals 4/19
2026-06-14 22:49:56,608 [INFO]   [ 58]  STX       (#128)  $0.19403       7d: +5.8%
2026-06-14 22:49:57,309 [INFO]           → conviction 31/100  |  signals 6/19
2026-06-14 22:49:57,311 [INFO]   [ 59]  SUN       (#132)  $0.01687       7d: -3.9%
2026-06-14 22:49:58,030 [INFO]           → conviction 13/100  |  signals 3/19
2026-06-14 22:49:58,031 [INFO]   [ 60]  UB        (#133)  $0.12765       7d: +3.8%
2026-06-14 22:49:58,706 [INFO]           → conviction 14/100  |  signals 3/19
2026-06-14 22:49:58,707 [INFO]   [ 61]  SPX       (#134)  $0.34021       7d: +14.2%
2026-06-14 22:49:59,434 [INFO]           → conviction 29/100  |  signals 7/19
2026-06-14 22:49:59,437 [INFO]   [ 62]  GNO       (#137)  $108.28000     7d: +17.3%
2026-06-14 22:49:59,750 [WARNING]           → skip GNO: OHLCV data is stale (>8h old or duplicates)
2026-06-14 22:49:59,751 [INFO]   [ 63]  ETHFI     (#138)  $0.32393       7d: +9.9%
2026-06-14 22:50:00,432 [INFO]           → conviction 10/100  |  signals 3/19
2026-06-14 22:50:00,433 [INFO]   [ 64]  JTO       (#140)  $0.55799       7d: -6.6%
2026-06-14 22:50:01,623 [INFO]           → conviction 19/100  |  signals 4/19
2026-06-14 22:50:01,624 [INFO]   [ 65]  XTZ       (#145)  $0.23670       7d: -0.2%
2026-06-14 22:50:02,298 [INFO]           → conviction 14/100  |  signals 4/19
2026-06-14 22:50:02,300 [INFO]   [ 66]  ZBCN      (#146)  $0.00258       7d: -1.1%
2026-06-14 22:50:03,701 [INFO]           → conviction 10/100  |  signals 3/19
2026-06-14 22:50:03,703 [INFO]   [ 67]  GRASS     (#149)  $0.40923       7d: +17.8%
2026-06-14 22:50:04,402 [INFO]           → conviction 21/100  |  signals 5/19
2026-06-14 22:50:04,404 [INFO]   [ 68]  2Z        (#150)  $0.07122       7d: +2.3%
2026-06-14 22:50:05,150 [INFO]           → conviction 10/100  |  signals 3/19
2026-06-14 22:50:05,151 [INFO]   [ 69]  BSV       (#151)  $12.28000      7d: +3.9%
2026-06-14 22:50:05,824 [INFO]           → conviction 11/100  |  signals 3/19
2026-06-14 22:50:05,825 [INFO]   [ 70]  CFX       (#156)  $0.04559       7d: +2.3%
2026-06-14 22:50:06,524 [INFO]           → conviction 27/100  |  signals 4/19
2026-06-14 22:50:06,525 [INFO]   [ 71]  PENDLE    (#158)  $1.38000       7d: +13.0%
2026-06-14 22:50:07,218 [INFO]           → conviction 32/100  |  signals 6/19
2026-06-14 22:50:07,219 [INFO]   [ 72]  OP        (#159)  $0.10890       7d: +18.0%
2026-06-14 22:50:07,933 [INFO]           → conviction 18/100  |  signals 5/19
2026-06-14 22:50:07,934 [INFO]   [ 73]  TEL       (#160)  $0.00244       7d: -0.5%
2026-06-14 22:50:11,889 [INFO]           → conviction 5/100  |  signals 2/19
2026-06-14 22:50:16,392 [INFO]   [ 74]  XPL       (#162)  $0.09175       7d: +37.6%
2026-06-14 22:50:17,552 [INFO]           → conviction 19/100  |  signals 5/19
2026-06-14 22:50:17,553 [INFO]   [ 75]  STRK      (#167)  $0.03541       7d: +7.6%
2026-06-14 22:50:18,403 [INFO]           → conviction 21/100  |  signals 5/19
2026-06-14 22:50:18,404 [INFO]   [ 76]  LDO       (#165)  $0.26666       7d: +2.3%
2026-06-14 22:50:19,146 [INFO]           → conviction 27/100  |  signals 5/19
2026-06-14 22:50:19,147 [INFO]   [ 77]  KAIA      (#166)  $0.03838       7d: +6.9%
2026-06-14 22:50:19,890 [INFO]           → conviction 10/100  |  signals 3/19
2026-06-14 22:50:19,894 [INFO]   [ 78]  IOTA      (#173)  $0.04753       7d: +4.4%
2026-06-14 22:50:20,633 [INFO]           → conviction 47/100  |  signals 8/19
2026-06-14 22:50:20,634 [INFO]           ⏳ FIRST SIGHTING (scan 1/2) — needs confirmation next scan
2026-06-14 22:50:20,636 [INFO]   [ 79]  BTW       (#172)  $0.09557       7d: +58.7%
2026-06-14 22:50:21,343 [INFO]           → conviction 6/100  |  signals 2/19
2026-06-14 22:50:21,345 [INFO]   [ 80]  USDM      (#174)  $0.99940       7d: +0.1%
2026-06-14 22:50:24,849 [INFO]           → skip (flatliner: ATR 3.57% / BB 0.45%)
2026-06-14 22:50:29,352 [INFO]   [ 81]  ENS       (#177)  $5.03000       7d: +9.6%
2026-06-14 22:50:30,042 [INFO]           → conviction 39/100  |  signals 7/19
2026-06-14 22:50:30,043 [INFO]   [ 82]  REAL      (#178)  $0.06167       7d: +21.6%
2026-06-14 22:50:33,655 [INFO]           → conviction 15/100  |  signals 5/19
2026-06-14 22:50:38,158 [INFO]   [ 83]  APYUSD    (#182)  $1.28000       7d: +2.6%
2026-06-14 22:50:41,702 [INFO]           → conviction 2/100  |  signals 1/19
2026-06-14 22:50:46,205 [INFO]   [ 84]  ULTIMA    (#183)  $2262.27000    7d: -1.4%
2026-06-14 22:50:49,915 [INFO]           → conviction 0/100  |  signals 0/19
2026-06-14 22:50:54,417 [INFO]   [ 85]  BTSE      (#186)  $1.13000       7d: +8.7%
2026-06-14 22:50:57,999 [INFO]           → conviction 6/100  |  signals 2/19
2026-06-14 22:51:02,503 [INFO]   [ 86]  PIEVERSE  (#187)  $0.65037       7d: +6.9%
2026-06-14 22:51:03,229 [INFO]           → conviction 8/100  |  signals 2/19
2026-06-14 22:51:03,231 [INFO]   [ 87]  BILL      (#188)  $0.07255       7d: -2.2%
2026-06-14 22:51:03,891 [INFO]           → conviction 13/100  |  signals 3/19
2026-06-14 22:51:03,891 [INFO]   [ 88]  SYRUP     (#194)  $0.14007       7d: +10.2%
2026-06-14 22:51:04,609 [INFO]           → conviction 10/100  |  signals 3/19
2026-06-14 22:51:04,609 [INFO]   [ 89]  RAY       (#196)  $0.61347       7d: +8.3%
2026-06-14 22:51:05,591 [INFO]           → conviction 37/100  |  signals 7/19
2026-06-14 22:51:05,599 [INFO]   [ 90]  TRAC      (#199)  $0.36330       7d: +5.9%
2026-06-14 22:51:09,118 [INFO]           → conviction 12/100  |  signals 4/19
2026-06-14 22:51:13,619 [INFO]   [ 91]  WIF       (#200)  $0.16284       7d: +5.8%
2026-06-14 22:51:14,316 [INFO]           → conviction 27/100  |  signals 5/19
2026-06-14 22:51:14,317 [INFO]   [ 92]  GENIUS    (#203)  $0.47050       7d: +11.9%
2026-06-14 22:51:14,965 [INFO]           → conviction 11/100  |  signals 3/19
2026-06-14 22:51:14,966 [INFO]   [ 93]  MX        (#206)  $1.71000       7d: -1.8%
2026-06-14 22:51:18,756 [INFO]           → skip (flatliner: ATR 0.18% / BB 0.57%)
2026-06-14 22:51:23,259 [INFO]   [ 94]  XCN       (#208)  $0.00404       7d: +8.4%
2026-06-14 22:51:23,925 [INFO]           → conviction 31/100  |  signals 6/19
2026-06-14 22:51:23,926 [INFO]   [ 95]  ZANO      (#214)  $9.38000       7d: +8.6%
2026-06-14 22:51:27,450 [INFO]           → conviction 9/100  |  signals 3/19
2026-06-14 22:51:31,952 [INFO]   [ 96]  SAND      (#215)  $0.05295       7d: +2.7%
2026-06-14 22:51:32,624 [INFO]           → conviction 34/100  |  signals 5/19
2026-06-14 22:51:32,624 [INFO]   [ 97]  EURCV     (#218)  $1.16000       7d: +1.0%
2026-06-14 22:51:36,315 [INFO]           → skip (flatliner: ATR 0.69% / BB 0.43%)
2026-06-14 22:51:40,817 [INFO]   [ 98]  AR        (#220)  $2.06000       7d: +8.0%
2026-06-14 22:51:41,707 [INFO]           → conviction 14/100  |  signals 4/19
2026-06-14 22:51:41,708 [INFO]   [ 99]  GALA      (#223)  $0.00270       7d: +5.5%
2026-06-14 22:51:42,381 [INFO]           → conviction 27/100  |  signals 4/19
2026-06-14 22:51:42,382 [INFO]   [100]  RUNE      (#225)  $0.38799       7d: +15.3%
2026-06-14 22:51:43,248 [INFO]           → conviction 6/100  |  signals 2/19
2026-06-14 22:51:43,249 [INFO]   [101]  APE       (#226)  $0.12945       7d: +8.3%
2026-06-14 22:51:43,960 [INFO]           → conviction 27/100  |  signals 4/19
2026-06-14 22:51:43,962 [INFO]   [102]  SHFL      (#227)  $0.29851       7d: -0.7%
2026-06-14 22:51:47,738 [INFO]           → conviction 6/100  |  signals 2/19
2026-06-14 22:51:52,243 [INFO]   [103]  FARTCOIN  (#231)  $0.12542       7d: +14.1%
2026-06-14 22:51:53,432 [INFO]           → conviction 27/100  |  signals 5/19
2026-06-14 22:51:53,433 [INFO]   [104]  IMX       (#232)  $0.14627       7d: +11.3%
2026-06-14 22:51:54,117 [INFO]           → conviction 31/100  |  signals 5/19
2026-06-14 22:51:54,119 [INFO]   [105]  SFP       (#234)  $0.24562       7d: +12.8%
2026-06-14 22:51:55,134 [INFO]           → conviction 13/100  |  signals 4/19
2026-06-14 22:51:55,135 [INFO]   [106]  TIBBIR    (#235)  $0.12236       7d: +12.5%
2026-06-14 22:51:58,619 [INFO]           → conviction 10/100  |  signals 3/19
2026-06-14 22:52:03,124 [INFO]   [107]  VSN       (#236)  $0.03296       7d: +9.5%
2026-06-14 22:52:07,071 [INFO]           → conviction 5/100  |  signals 2/19
2026-06-14 22:52:11,576 [INFO]   [108]  A         (#241)  $0.07346       7d: +20.1%
2026-06-14 22:52:12,469 [INFO]           → conviction 16/100  |  signals 4/19
2026-06-14 22:52:12,473 [INFO]   [109]  S         (#244)  $0.03136       7d: +9.3%
2026-06-14 22:52:13,380 [INFO]           → conviction 39/100  |  signals 7/19
2026-06-14 22:52:13,385 [INFO]   [110]  SENT      (#250)  $0.01565       7d: +23.8%
2026-06-14 22:52:14,087 [INFO]           → conviction 6/100  |  signals 2/19
2026-06-14 22:52:14,089 [INFO]   [111]  WEMIX     (#252)  $0.24386       7d: -7.0%
2026-06-14 22:52:17,552 [INFO]           → conviction 0/100  |  signals 0/19
2026-06-14 22:52:22,053 [INFO]   [112]  GLM       (#255)  $0.11241       7d: +3.7%
2026-06-14 22:52:22,881 [INFO]           → conviction 40/100  |  signals 7/19
2026-06-14 22:52:22,883 [INFO]   [113]  GOMINING  (#257)  $0.27284       7d: +4.2%
2026-06-14 22:52:26,501 [INFO]           → conviction 13/100  |  signals 4/19
2026-06-14 22:52:31,003 [INFO]   [114]  TAG       (#260)  $0.00099       7d: -3.7%
2026-06-14 22:52:34,542 [INFO]           → conviction 6/100  |  signals 2/19
2026-06-14 22:52:39,045 [INFO]   [115]  IP        (#263)  $0.30003       7d: -0.1%
2026-06-14 22:52:40,279 [INFO]           → conviction 14/100  |  signals 3/19
2026-06-14 22:52:40,280 [INFO]   [116]  QAIT      (#264)  $0.02402       7d: -5.0%
2026-06-14 22:52:43,757 [INFO]           → conviction 13/100  |  signals 4/19
2026-06-14 22:52:48,259 [INFO]   [117]  AWE       (#265)  $0.05382       7d: +0.5%
2026-06-14 22:52:48,909 [INFO]           → conviction 10/100  |  signals 2/19
2026-06-14 22:52:48,910 [INFO]   [118]  BANANAS31  (#266)  $0.01054       7d: -0.5%
2026-06-14 22:52:49,601 [INFO]           → conviction 21/100  |  signals 6/19
2026-06-14 22:52:49,602 [INFO]   [119]  1INCH     (#267)  $0.07389       7d: +6.8%
2026-06-14 22:52:50,285 [INFO]           → conviction 39/100  |  signals 7/19
2026-06-14 22:52:50,286 [INFO]   [120]  NXPC      (#269)  $0.35864       7d: +12.6%
2026-06-14 22:52:50,973 [INFO]           → conviction 10/100  |  signals 3/19
2026-06-14 22:52:50,974 [INFO]   [121]  BMX       (#274)  $0.29309       7d: -2.2%
2026-06-14 22:52:54,612 [INFO]           → conviction 10/100  |  signals 2/19
2026-06-14 22:52:59,115 [INFO]   [122]  ATH       (#281)  $0.00472       7d: +9.5%
2026-06-14 22:52:59,793 [INFO]           → conviction 10/100  |  signals 3/19
2026-06-14 22:52:59,794 [INFO]   [123]  SN64      (#282)  $18.13000      7d: +30.6%
2026-06-14 22:53:03,638 [INFO]           → conviction 10/100  |  signals 4/19
2026-06-14 22:53:08,140 [INFO]   [124]  COW       (#285)  $0.15721       7d: +14.8%
2026-06-14 22:53:08,855 [INFO]           → conviction 11/100  |  signals 3/19
2026-06-14 22:53:08,858 [INFO]   [125]  LPT       (#287)  $1.81000       7d: +1.9%
2026-06-14 22:53:09,523 [INFO]           → conviction 32/100  |  signals 5/19
2026-06-14 22:53:09,523 [INFO]   [126]  EGLD      (#288)  $2.96000       7d: +1.8%
2026-06-14 22:53:10,387 [INFO]           → conviction 27/100  |  signals 5/19
2026-06-14 22:53:10,389 [INFO]   [127]  RSR       (#289)  $0.00141       7d: +3.8%
2026-06-14 22:53:11,092 [INFO]           → conviction 11/100  |  signals 3/19
2026-06-14 22:53:11,094 [INFO]   [128]  NOCK      (#291)  $0.03993       7d: -7.1%
2026-06-14 22:53:14,829 [INFO]           → conviction 6/100  |  signals 2/19
2026-06-14 22:53:19,331 [INFO]   [129]  FLUID     (#293)  $1.10000       7d: +4.2%
2026-06-14 22:53:20,033 [INFO]           → conviction 24/100  |  signals 4/19
2026-06-14 22:53:20,033 [INFO]   [130]  DBR       (#297)  $0.01590       7d: +10.8%
2026-06-14 22:53:20,719 [INFO]           → conviction 14/100  |  signals 4/19
2026-06-14 22:53:20,720 [INFO]   [131]  SNX       (#300)  $0.24440       7d: +1.7%
2026-06-14 22:53:21,411 [INFO]           → conviction 31/100  |  signals 5/19
2026-06-14 22:53:21,412 [INFO]   [132]  USDA      (#299)  $0.99148       7d: +0.3%
2026-06-14 22:53:25,130 [INFO]           → conviction 7/100  |  signals 2/19
2026-06-14 22:53:29,632 [INFO]   [133]  ARKM      (#301)  $0.13116       7d: +16.3%
2026-06-14 22:53:30,304 [INFO]           → conviction 18/100  |  signals 5/19
2026-06-14 22:53:30,305 [INFO]   [134]  UMXM      (#302)  $1.77000       7d: +4.2%
2026-06-14 22:53:34,068 [INFO]           → conviction 12/100  |  signals 4/19
2026-06-14 22:53:38,569 [INFO]   [135]  WAL       (#305)  $0.03417       7d: -1.3%
2026-06-14 22:53:39,217 [INFO]           → conviction 13/100  |  signals 4/19
2026-06-14 22:53:39,219 [INFO]   [136]  ZEN       (#306)  $4.52000       7d: +3.9%
2026-06-14 22:53:39,934 [INFO]           → conviction 27/100  |  signals 4/19
2026-06-14 22:53:39,936 [INFO]   [137]  CFG       (#308)  $0.21469       7d: +11.3%
2026-06-14 22:53:40,621 [INFO]           → conviction 14/100  |  signals 4/19
2026-06-14 22:53:40,622 [INFO]   [138]  ARC       (#310)  $0.08086       7d: -3.5%
2026-06-14 22:53:41,393 [INFO]           → conviction 0/100  |  signals 0/19
2026-06-14 22:53:41,396 [INFO]   [139]  MUON      (#312)  $1037.11000    7d: +15.8%
2026-06-14 22:53:45,163 [INFO]           → conviction 10/100  |  signals 4/19
2026-06-14 22:53:49,666 [INFO]   [140]  KTA       (#315)  $0.14192       7d: -8.2%
2026-06-14 22:53:53,457 [INFO]           → conviction 7/100  |  signals 1/19
2026-06-14 22:53:57,961 [INFO]   [141]  PROS      (#317)  $0.58012       7d: -8.4%
2026-06-14 22:53:58,557 [WARNING]           → skip PROS: OHLCV data is stale (>8h old or duplicates)
2026-06-14 22:53:58,559 [INFO]   [142]  TROLL     (#322)  $0.08031       7d: +19.6%
2026-06-14 22:54:02,221 [INFO]           → conviction 10/100  |  signals 3/19
2026-06-14 22:54:06,723 [INFO]   [143]  ZIG       (#319)  $0.05566       7d: +6.5%
2026-06-14 22:54:10,245 [INFO]           → conviction 17/100  |  signals 3/19
2026-06-14 22:54:14,746 [INFO]   [144]  TAC       (#320)  $0.01685       7d: -8.5%
2026-06-14 22:54:15,648 [INFO]           → conviction 34/100  |  signals 5/19
2026-06-14 22:54:15,649 [INFO]   [145]  RAVE      (#324)  $0.30929       7d: -5.4%
2026-06-14 22:54:16,520 [INFO]           → conviction 16/100  |  signals 3/19
2026-06-14 22:54:16,521 [INFO]   [146]  BAN       (#326)  $0.07673       7d: +10.5%
2026-06-14 22:54:17,459 [INFO]           → conviction 16/100  |  signals 5/19
2026-06-14 22:54:17,462 [INFO]   [147]  MELANIA   (#331)  $0.07985       7d: +12.2%
2026-06-14 22:54:18,343 [INFO]           → conviction 13/100  |  signals 4/19
2026-06-14 22:54:18,345 [INFO]   [148]  GAS       (#338)  $1.15000       7d: +4.8%
2026-06-14 22:54:19,201 [INFO]           → conviction 26/100  |  signals 4/19
2026-06-14 22:54:19,202 [INFO]   [149]  AIOZ      (#340)  $0.05969       7d: +6.9%
2026-06-14 22:54:19,991 [INFO]           → conviction 16/100  |  signals 5/19
2026-06-14 22:54:19,993 [INFO]   [150]  BEAM      (#342)  $0.00145       7d: +1.5%
2026-06-14 22:54:20,741 [INFO]           → conviction 26/100  |  signals 4/19
2026-06-14 22:54:20,742 [INFO]   [151]  JCT       (#343)  $0.00640       7d: +35.3%
2026-06-14 22:54:21,429 [INFO]           → conviction 16/100  |  signals 5/19
2026-06-14 22:54:21,431 [INFO]   [152]  BERA      (#345)  $0.26558       7d: +11.8%
2026-06-14 22:54:22,150 [INFO]           → conviction 37/100  |  signals 7/19
2026-06-14 22:54:22,151 [INFO]   [153]  ORDI      (#350)  $3.42000       7d: +17.6%
2026-06-14 22:54:22,856 [INFO]           → conviction 16/100  |  signals 4/19
2026-06-14 22:54:22,858 [INFO]   [154]  UAI       (#353)  $0.29896       7d: +6.0%
2026-06-14 22:54:23,730 [INFO]           → conviction 16/100  |  signals 5/19
2026-06-14 22:54:23,731 [INFO]   [155]  RVN       (#354)  $0.00440       7d: +5.9%
2026-06-14 22:54:24,436 [INFO]           → conviction 21/100  |  signals 3/19
2026-06-14 22:54:24,440 [INFO]   [156]  SAFE      (#356)  $0.09449       7d: -0.0%
2026-06-14 22:54:25,279 [INFO]           → conviction 29/100  |  signals 4/19
2026-06-14 22:54:25,280 [INFO]   [157]  USELESS   (#363)  $0.07051       7d: +9.9%
2026-06-14 22:54:26,030 [INFO]           → conviction 32/100  |  signals 6/19
2026-06-14 22:54:26,038 [INFO]   [158]  BIO       (#360)  $0.03249       7d: +20.2%
2026-06-14 22:54:26,729 [INFO]           → conviction 16/100  |  signals 4/19
2026-06-14 22:54:26,731 [INFO]   [159]  ZAMA      (#359)  $0.03164       7d: +7.3%
2026-06-14 22:54:27,581 [INFO]           → conviction 10/100  |  signals 3/19
2026-06-14 22:54:27,582 [INFO]   [160]  COAI      (#361)  $0.36697       7d: +67.0%
2026-06-14 22:54:28,425 [INFO]           → conviction 19/100  |  signals 6/19
2026-06-14 22:54:28,427 [INFO]   [161]  ORCA      (#362)  $1.14000       7d: +11.4%
2026-06-14 22:54:29,632 [INFO]           → conviction 16/100  |  signals 4/19
2026-06-14 22:54:29,633 [INFO]   [162]  YFI       (#364)  $1921.85000    7d: +6.2%
2026-06-14 22:54:30,382 [INFO]           → conviction 47/100  |  signals 8/19
2026-06-14 22:54:30,383 [INFO]           ⏳ FIRST SIGHTING (scan 1/2) — needs confirmation next scan
2026-06-14 22:54:30,383 [INFO]   [163]  KSM       (#365)  $3.73000       7d: +4.3%
2026-06-14 22:54:31,138 [INFO]           → conviction 36/100  |  signals 6/19
2026-06-14 22:54:31,140 [INFO]   [164]  METAL     (#366)  $0.13401       7d: +3.1%
2026-06-14 22:54:34,949 [INFO]           → conviction 10/100  |  signals 3/19
2026-06-14 22:54:39,451 [INFO]   [165]  Q         (#367)  $0.01673       7d: -2.9%
2026-06-14 22:54:40,171 [INFO]           → conviction 24/100  |  signals 5/19
2026-06-14 22:54:40,172 [INFO]   [166]  SN4       (#368)  $13.83000      7d: +27.8%
2026-06-14 22:54:43,899 [INFO]           → conviction 12/100  |  signals 4/19
2026-06-14 22:54:48,401 [INFO]   [167]  BABY      (#375)  $0.01766       7d: +7.8%
2026-06-14 22:54:49,079 [INFO]           → conviction 45/100  |  signals 8/19
2026-06-14 22:54:49,080 [INFO]           ⏳ FIRST SIGHTING (scan 1/2) — needs confirmation next scan
2026-06-14 22:54:49,081 [INFO]   [168]  CARDS     (#377)  $0.25177       7d: +42.8%
2026-06-14 22:54:52,681 [INFO]           → conviction 12/100  |  signals 4/19
2026-06-14 22:54:57,182 [INFO]   [169]  XPR       (#380)  $0.00224       7d: +6.9%
2026-06-14 22:55:00,924 [INFO]           → conviction 10/100  |  signals 3/19
2026-06-14 22:55:05,425 [INFO]   [170]  ZIL       (#382)  $0.00324       7d: +6.9%
2026-06-14 22:55:06,106 [INFO]           → conviction 26/100  |  signals 4/19
2026-06-14 22:55:06,108 [INFO]   [171]  OMI       (#383)  $0.00023       7d: +7.7%
2026-06-14 22:55:09,883 [INFO]           → conviction 0/100  |  signals 0/19
2026-06-14 22:55:14,385 [INFO]   [172]  TURBO     (#387)  $0.00091       7d: +8.3%
2026-06-14 22:55:15,341 [INFO]           → conviction 13/100  |  signals 4/19
2026-06-14 22:55:15,344 [INFO]   [173]  TFUEL     (#395)  $0.00838       7d: +0.5%
2026-06-14 22:55:16,347 [INFO]           → conviction 18/100  |  signals 4/19
2026-06-14 22:55:16,349 [INFO]   [174]  AIPF      (#396)  $2.20000       7d: +1.0%
2026-06-14 22:55:19,814 [INFO]           → conviction 9/100  |  signals 3/19
2026-06-14 22:55:24,316 [INFO]   [175]  GMX       (#404)  $5.79000       7d: +5.7%
2026-06-14 22:55:25,030 [INFO]           → conviction 14/100  |  signals 4/19
2026-06-14 22:55:25,031 [INFO]   [176]  W         (#403)  $0.01001       7d: +6.3%
2026-06-14 22:55:25,700 [INFO]           → conviction 10/100  |  signals 3/19
2026-06-14 22:55:25,702 [INFO]   [177]  DIEM      (#406)  $1620.91000    7d: +16.7%
2026-06-14 22:55:29,665 [INFO]           → conviction 5/100  |  signals 2/19
2026-06-14 22:55:34,167 [INFO]   [178]  VELO      (#405)  $0.00341       7d: +2.4%
2026-06-14 22:55:34,850 [INFO]           → conviction 14/100  |  signals 4/19
2026-06-14 22:55:34,851 [INFO]   [179]  NMR       (#408)  $8.40000       7d: +2.6%
2026-06-14 22:55:35,634 [INFO]           → conviction 24/100  |  signals 5/19
2026-06-14 22:55:35,635 [INFO]   [180]  SOON      (#411)  $0.17195       7d: +4.7%
2026-06-14 22:55:36,366 [INFO]           → conviction 14/100  |  signals 3/19
2026-06-14 22:55:36,367 [INFO]   [181]  TSLAX     (#412)  $408.25000     7d: +4.0%
2026-06-14 22:55:40,085 [INFO]           → skip (flatliner: ATR 0.44% / BB 1.46%)
2026-06-14 22:55:44,589 [INFO]   [182]  ZETA      (#413)  $0.03973       7d: +12.4%
2026-06-14 22:55:45,291 [INFO]           → conviction 24/100  |  signals 4/19
2026-06-14 22:55:45,292 [INFO]   [183]  ALCH      (#415)  $0.06758       7d: +14.9%
2026-06-14 22:55:46,007 [INFO]           → conviction 16/100  |  signals 4/19
2026-06-14 22:55:46,008 [INFO]   [184]  MET       (#418)  $0.10765       7d: +11.1%
2026-06-14 22:55:46,705 [INFO]           → conviction 21/100  |  signals 5/19
2026-06-14 22:55:46,707 [INFO]   [185]  IDOL      (#420)  $0.03005       7d: -0.1%
2026-06-14 22:55:50,413 [INFO]           → conviction 6/100  |  signals 2/19
2026-06-14 22:55:54,916 [INFO]   [186]  TOSHI     (#423)  $0.00013       7d: +10.1%
2026-06-14 22:55:58,681 [INFO]           → conviction 11/100  |  signals 3/19
2026-06-14 22:56:03,182 [INFO]   [187]  SPK       (#424)  $0.01999       7d: +7.0%
2026-06-14 22:56:04,027 [INFO]           → conviction 13/100  |  signals 4/19
2026-06-14 22:56:04,028 [INFO]   [188]  HOT       (#425)  $0.00032       7d: +4.5%
2026-06-14 22:56:04,986 [INFO]           → conviction 36/100  |  signals 5/19
2026-06-14 22:56:04,986 [INFO]   [189]  MINA      (#426)  $0.04328       7d: +3.0%
2026-06-14 22:56:05,701 [INFO]           → conviction 27/100  |  signals 5/19
2026-06-14 22:56:05,702 [INFO]   [190]  DEGEN     (#433)  $0.00149       7d: -7.3%
2026-06-14 22:56:09,282 [INFO]           → conviction 6/100  |  signals 2/19
2026-06-14 22:56:13,784 [INFO]   [191]  DUSK      (#435)  $0.09238       7d: +3.0%
2026-06-14 22:56:14,470 [INFO]           → conviction 6/100  |  signals 2/19
2026-06-14 22:56:14,472 [INFO]   [192]  OPEN      (#436)  $0.25066       7d: +23.5%
2026-06-14 22:56:15,153 [INFO]           → conviction 18/100  |  signals 5/19
2026-06-14 22:56:15,156 [INFO]   [193]  NVDAON    (#441)  $207.29000     7d: +1.1%
2026-06-14 22:56:18,987 [INFO]           → skip (flatliner: ATR 0.32% / BB 0.54%)
2026-06-14 22:56:23,489 [INFO]   [194]  ASTR      (#442)  $0.00605       7d: +10.2%
2026-06-14 22:56:24,344 [INFO]           → conviction 24/100  |  signals 6/19
2026-06-14 22:56:24,346 [INFO]   [195]  BARD      (#444)  $0.16362       7d: +7.4%
2026-06-14 22:56:25,026 [INFO]           → conviction 10/100  |  signals 2/19
2026-06-14 22:56:25,027 [INFO]   [196]  HOLO      (#450)  $0.07192       7d: +23.3%
2026-06-14 22:56:25,715 [INFO]           → conviction 24/100  |  signals 4/19
2026-06-14 22:56:25,716 [INFO]   [197]  POLYX     (#449)  $0.04038       7d: +5.4%
2026-06-14 22:56:26,703 [INFO]           → conviction 24/100  |  signals 4/19
2026-06-14 22:56:26,704 [INFO]   [198]  CTC       (#453)  $0.09488       7d: +7.8%
2026-06-14 22:56:27,377 [INFO]           → conviction 10/100  |  signals 3/19
2026-06-14 22:56:27,379 [INFO]   [199]  OPG       (#462)  $0.26766       7d: +61.9%
2026-06-14 22:56:28,069 [INFO]           → conviction 45/100  |  signals 8/19
2026-06-14 22:56:28,072 [INFO]           ⏳ FIRST SIGHTING (scan 1/2) — needs confirmation next scan
2026-06-14 22:56:28,075 [INFO]   [200]  ELF       (#440)  $0.06131       7d: -4.5%
2026-06-14 22:56:28,646 [WARNING]           → skip ELF: OHLCV data is stale (>8h old or duplicates)
2026-06-14 22:56:28,652 [INFO]   [201]  XYO       (#459)  $0.00362       7d: -0.5%
2026-06-14 22:56:32,403 [INFO]           → conviction 3/100  |  signals 1/19
2026-06-14 22:56:36,905 [INFO]   [202]  AZTEC     (#469)  $0.01701       7d: +7.8%
2026-06-14 22:56:37,564 [INFO]           → conviction 52/100  |  signals 10/19
2026-06-14 22:56:37,565 [INFO]           ⏳ FIRST SIGHTING (scan 1/2) — needs confirmation next scan
2026-06-14 22:56:37,566 [INFO]   [203]  FOGO      (#473)  $0.01291       7d: +14.4%
2026-06-14 22:56:38,253 [INFO]           → conviction 18/100  |  signals 5/19
2026-06-14 22:56:38,254 [INFO]   [204]  ONT       (#474)  $0.04892       7d: +6.0%
2026-06-14 22:56:38,933 [INFO]           → conviction 34/100  |  signals 6/19
2026-06-14 22:56:38,934 [INFO]   [205]  SUSHI     (#475)  $0.17909       7d: +7.5%
2026-06-14 22:56:39,630 [INFO]           → conviction 21/100  |  signals 3/19
2026-06-14 22:56:39,631 [INFO]   [206]  FLOW      (#479)  $0.02912       7d: +10.8%
2026-06-14 22:56:40,335 [INFO]           → conviction 31/100  |  signals 5/19
2026-06-14 22:56:40,337 [INFO]   [207]  MOVE      (#480)  $0.01204       7d: +4.9%
2026-06-14 22:56:41,034 [INFO]           → conviction 31/100  |  signals 4/19
2026-06-14 22:56:41,035 [INFO]   [208]  SLX       (#482)  $0.19615       7d: +13.9%
2026-06-14 22:56:42,090 [INFO]           → conviction 14/100  |  signals 4/19
2026-06-14 22:56:42,092 [INFO]   [209]  XNO       (#485)  $0.35851       7d: -7.2%
2026-06-14 22:56:43,127 [INFO]           → conviction 14/100  |  signals 4/19
2026-06-14 22:56:43,128 [INFO]   [210]  RON       (#484)  $0.06152       7d: -3.2%
2026-06-14 22:56:47,050 [INFO]           → conviction 19/100  |  signals 3/19
2026-06-14 22:56:51,552 [INFO]   [211]  AMP       (#491)  $0.00053       7d: +0.5%
2026-06-14 22:56:52,595 [INFO]           → conviction 19/100  |  signals 5/19
2026-06-14 22:56:52,596 [INFO]   [212]  PNUT      (#492)  $0.04494       7d: +9.4%
2026-06-14 22:56:53,808 [INFO]           → conviction 13/100  |  signals 4/19
2026-06-14 22:56:53,809 [INFO]   [213]  DEEP      (#495)  $0.01761       7d: +9.8%
2026-06-14 22:56:55,027 [INFO]           → conviction 36/100  |  signals 7/19
2026-06-14 22:56:55,028 [INFO]   [214]  SQD       (#494)  $0.04050       7d: +24.7%
2026-06-14 22:56:55,755 [INFO]           → conviction 14/100  |  signals 4/19
2026-06-14 22:56:55,756 [INFO]   [215]  CRCLX     (#496)  $80.39000      7d: -0.8%
2026-06-14 22:56:59,582 [INFO]           → conviction 5/100  |  signals 2/19
2026-06-14 22:57:04,085 [INFO]   [216]  T         (#500)  $0.00385       7d: +2.8%
2026-06-14 22:57:05,320 [INFO]           → conviction 13/100  |  signals 3/19
2026-06-14 22:57:05,321 [INFO]   [217]  ROBO      (#498)  $0.01930       7d: +1.5%
2026-06-14 22:57:06,541 [INFO]           → conviction 6/100  |  signals 2/19
2026-06-14 22:57:06,580 [INFO] 
[5/5] Building trade plan report...
2026-06-14 22:57:06,585 [INFO]   Raw candidates found: 0
2026-06-14 22:57:06,586 [INFO] [5/5] Checking major leverage opportunities (BTC/ETH/SOL)...
2026-06-14 22:57:06,587 [INFO]   Major leverage: 0 opportunity(s) found
2026-06-14 22:57:06,599 [INFO] 
================================================================================
  CRYPTO SPOT SCANNER — TRADE PLAN REPORT
  Generated: 2026-06-14 22:57:06
================================================================================

MARKET CONTEXT
----------------------------------------
  BTC Price    :  $   65,267.80
  BTC 7-day    :     +3.10%
  BTC 24-hour  :     +1.32%
  ETH 7-day    :     +1.64%
  BTC Dominance:      56.6%
  Regime       :  🟢 BULL

ACCOUNT
----------------------------------------
  Balance       : $   96,313.06 USDT
  Risk / trade  : 1.5%  ($1,445 USDT per trade)
  Max positions : 8
  Max heat      : 12.0%

================================================================================
  NO QUALIFYING SETUPS FOUND

  All scanned tokens failed to meet the minimum conviction threshold.
  This means market conditions are not favorable right now.

  RECOMMENDATION: Stay in USDT. Wait for the next scan.
  Patience is a trading edge. Forcing trades loses money.
================================================================================

WATCHLIST  — tokens building momentum, not ready to enter yet
----------------------------------------
  ⏳ = needs 1 more confirmation scan  |  ↗ = conviction rising  |  ↘ = fading
  Monitor all. Enter only after a fresh scan confirms conviction ≥ threshold.

  #     SYMBOL     RANK         PRICE      7d%   CONV  SIGS  TREND  KEY SIGNALS
  ----  ---------  ----  ------------  -------  -----  ----  -----  ----------------------------
  1     ⏳AZTEC     #469  $0.01701         +7.8%    52    10      →  whale_candles, rsi_divergence, higher_lows +7
  2     ⏳IOTA      #173  $0.04753         +4.4%    47     8      →  whale_candles, funding_neg, bb_squeeze +5
  3     ⏳YFI       #364  $1921.85000      +6.2%    47     8      →  whale_candles, funding_neg, bb_squeeze +5
  4     ⏳BABY      #375  $0.01766         +7.8%    45     8      →  whale_candles, funding_neg, macd_divergence +5
  5     ⏳OPG       #462  $0.26766        +61.9%    45     8      →  whale_candles, rsi_divergence, cmf +5
  6     🔶GLM       #255  $0.11241         +3.7%    40     7      →  whale_candles, bb_squeeze, cmf +4
  7     🔶ENS       #177  $5.03000         +9.6%    39     7      →  whale_candles, funding_neg, cmf +4
  8     🔶S         #244  $0.03136         +9.3%    39     7      →  whale_candles, funding_neg, cmf +4
  9     🔶1INCH     #267  $0.07389         +6.8%    39     7      →  whale_candles, funding_neg, cmf +4
  10    🔹AVAX      # 34  $6.69000         +2.4%    37     6      ↗  whale_candles, funding_neg, cmf +3

--------------------------------------------------------------------------------
2026-06-14 22:57:06,622 [INFO] 
  Report  → C:\Users\bruno\OneDrive\Ambiente de Trabalho\Workspace\crypto scanner\crypto-scanner\outputs\scanner-results\spot_trade_plan_LATEST.txt
2026-06-14 22:57:06,624 [INFO]   JSON    → C:\Users\bruno\OneDrive\Ambiente de Trabalho\Workspace\crypto scanner\crypto-scanner\outputs\scanner-results\spot_trade_plan_LATEST.json
2026-06-14 22:57:06,625 [INFO]   Log     → C:\Users\bruno\OneDrive\Ambiente de Trabalho\Workspace\crypto scanner\crypto-scanner\outputs\logs\orchestrator_20260614.log
2026-06-14 22:57:06,626 [INFO] 
  Done.  0 high-conviction setup(s) found.
2026-06-14 23:47:27,163 [INFO]   Live Bybit balance: 96,313.06 USDT
2026-06-14 23:47:27,169 [INFO] 
2026-06-14 23:47:27,172 [INFO] ================================================================================
2026-06-14 23:47:27,174 [INFO]   CRYPTO MASTER ORCHESTRATOR v2.1
2026-06-14 23:47:27,175 [INFO]   18-signal engine | funding rate | corr filter | volume source tagging
2026-06-14 23:47:27,175 [INFO] ================================================================================
2026-06-14 23:47:27,177 [INFO]   Account: $96,313.06 USDT  |  Risk/trade: 1.5%  |  Max positions: 8
2026-06-14 23:47:27,178 [INFO] 
2026-06-14 23:47:27,199 [INFO] [1/5] Analyzing market regime...
2026-06-14 23:47:27,206 [INFO] Fetching market context (Bybit klines primary)...
2026-06-14 23:47:28,359 [INFO]   [Bybit] BTC: $65,373 | 7d: +3.3%  ETH 7d: +2.1%  Dominance: 56.6% | Regime: 🟢 BULL
2026-06-14 23:47:28,360 [INFO]   🟢 BULL — normal parameters apply
2026-06-14 23:47:28,367 [INFO] [2/5] Fetching BTC historical data...
2026-06-14 23:47:28,412 [INFO]   BTC data: OK
2026-06-14 23:47:32,914 [INFO] [3/5] Fetching top 500 coins...
2026-06-14 23:47:32,952 [INFO] Fetching top 500 coins by market cap...
2026-06-14 23:47:35,755 [INFO]   Fetched 500 coins
2026-06-14 23:47:35,781 [INFO]   Fetched 500 coins
2026-06-14 23:47:35,782 [INFO] [4/5] Scanning for high-conviction setups...
2026-06-14 23:47:35,783 [INFO]   Filters: Rank 20–500  |  Vol ≥ $500,000  |  Min conviction: 45
2026-06-14 23:47:35,784 [INFO] 
2026-06-14 23:47:35,798 [INFO]   [  1]  CC        (# 20)  $0.16146       7d: -0.3%
2026-06-14 23:47:36,786 [INFO]           → conviction 11/100  |  signals 2/19
2026-06-14 23:47:36,789 [INFO]   [  2]  TON       (# 22)  $1.75000       7d: +5.2%
2026-06-14 23:47:37,589 [INFO]           → conviction 19/100  |  signals 4/19
2026-06-14 23:47:37,649 [INFO]   [  3]  M         (# 27)  $2.98000       7d: -2.2%
2026-06-14 23:47:38,275 [INFO]           → conviction 14/100  |  signals 3/19
2026-06-14 23:47:38,284 [INFO]   [  4]  HBAR      (# 28)  $0.08017       7d: -0.2%
2026-06-14 23:47:38,960 [INFO]           → conviction 6/100  |  signals 2/19
2026-06-14 23:47:38,972 [INFO]   [  5]  LTC       (# 29)  $44.96000      7d: +8.0%
2026-06-14 23:47:39,446 [INFO]           → conviction 18/100  |  signals 4/19
2026-06-14 23:47:39,448 [INFO]   [  6]  USYC      (# 32)  $1.13000       7d: +0.0%
2026-06-14 23:47:39,467 [WARNING]           → skip USYC: OHLCV data is stale (>8h old or duplicates)
2026-06-14 23:47:39,469 [INFO]   [  7]  NEAR      (# 35)  $2.22000       7d: +10.6%
2026-06-14 23:47:39,956 [INFO]           → conviction 18/100  |  signals 5/19
2026-06-14 23:47:39,965 [INFO]   [  8]  CRO       (# 36)  $0.06210       7d: +3.5%
2026-06-14 23:47:40,408 [INFO]           → conviction 14/100  |  signals 4/19
2026-06-14 23:47:40,411 [INFO]   [  9]  TAO       (# 39)  $274.04000     7d: +32.5%
2026-06-14 23:47:40,824 [INFO]           → conviction 21/100  |  signals 6/19
2026-06-14 23:47:40,824 [INFO]   [ 10]  USDY      (# 42)  $1.14000       7d: +0.3%
2026-06-14 23:47:41,257 [INFO]           → skip (flatliner: ATR 0.96% / BB 0.43%)
2026-06-14 23:47:41,257 [INFO]   [ 11]  WLFI      (# 44)  $0.05967       7d: +7.8%
2026-06-14 23:47:41,688 [INFO]           → conviction 19/100  |  signals 5/19
2026-06-14 23:47:41,695 [INFO]   [ 12]  MNT       (# 45)  $0.56870       7d: +6.1%
2026-06-14 23:47:42,139 [INFO]           → conviction 13/100  |  signals 3/19
2026-06-14 23:47:42,141 [INFO]   [ 13]  WLD       (# 47)  $0.51610       7d: +10.6%
2026-06-14 23:47:42,540 [INFO]           → conviction 18/100  |  signals 4/19
2026-06-14 23:47:42,541 [INFO]   [ 14]  ASTER     (# 48)  $0.63428       7d: +0.9%
2026-06-14 23:47:42,959 [INFO]           → conviction 13/100  |  signals 3/19
2026-06-14 23:47:42,960 [INFO]   [ 15]  DOT       (# 49)  $0.98904       7d: +3.8%
2026-06-14 23:47:43,839 [INFO]           → conviction 27/100  |  signals 4/19
2026-06-14 23:47:43,866 [INFO]   [ 16]  OKB       (# 52)  $75.06000      7d: +5.7%
2026-06-14 23:47:44,958 [INFO]           → conviction 13/100  |  signals 4/19
2026-06-14 23:47:44,978 [INFO]   [ 17]  BEAT      (# 53)  $5.50000       7d: +60.6%
2026-06-14 23:47:45,457 [INFO]           → conviction 3/100  |  signals 1/19
2026-06-14 23:47:45,466 [INFO]   [ 18]  PI        (# 56)  $0.13413       7d: +4.4%
2026-06-14 23:47:45,943 [INFO]           → conviction 11/100  |  signals 3/19
2026-06-14 23:47:45,944 [INFO]   [ 19]  ICP       (# 57)  $2.50000       7d: +8.8%
2026-06-14 23:47:46,461 [INFO]           → conviction 14/100  |  signals 4/19
2026-06-14 23:47:46,463 [INFO]   [ 20]  SKY       (# 59)  $0.05756       7d: +2.3%
2026-06-14 23:47:46,913 [INFO]           → conviction 14/100  |  signals 4/19
2026-06-14 23:47:46,928 [INFO]   [ 21]  ETC       (# 64)  $7.16000       7d: +3.2%
2026-06-14 23:47:47,511 [INFO]           → conviction 18/100  |  signals 2/19
2026-06-14 23:47:47,538 [INFO]   [ 22]  AAVE      (# 65)  $68.10000      7d: +9.3%
2026-06-14 23:47:48,243 [INFO]           → conviction 21/100  |  signals 6/19
2026-06-14 23:47:48,246 [INFO]   [ 23]  QNT       (# 68)  $68.43000      7d: +0.1%
2026-06-14 23:47:49,021 [INFO]           → conviction 11/100  |  signals 3/19
2026-06-14 23:47:49,023 [INFO]   [ 24]  KCS       (# 71)  $7.11000       7d: +11.0%
2026-06-14 23:47:49,623 [INFO]           → conviction 12/100  |  signals 4/19
2026-06-14 23:47:49,625 [INFO]   [ 25]  RENDER    (# 73)  $1.80000       7d: +11.6%
2026-06-14 23:47:50,090 [INFO]           → conviction 18/100  |  signals 5/19
2026-06-14 23:47:50,105 [INFO]   [ 26]  KAS       (# 75)  $0.03216       7d: +7.0%
2026-06-14 23:47:50,706 [INFO]           → conviction 21/100  |  signals 5/19
2026-06-14 23:47:50,716 [INFO]   [ 27]  STABLE    (# 77)  $0.03575       7d: +6.4%
2026-06-14 23:47:51,300 [INFO]           → conviction 6/100  |  signals 2/19
2026-06-14 23:47:51,315 [INFO]   [ 28]  POL       (# 80)  $0.07687       7d: -1.6%
2026-06-14 23:47:52,071 [INFO]           → conviction 13/100  |  signals 3/19
2026-06-14 23:47:52,091 [INFO]   [ 29]  NEXO      (# 81)  $0.81172       7d: +7.0%
2026-06-14 23:47:53,767 [INFO]           → conviction 31/100  |  signals 5/19
2026-06-14 23:47:53,771 [INFO]   [ 30]  VVV       (# 82)  $16.80000      7d: +5.9%
2026-06-14 23:47:54,343 [INFO]           → conviction 6/100  |  signals 2/19
2026-06-14 23:47:54,359 [INFO]   [ 31]  GT        (# 84)  $6.76000       7d: +7.8%
2026-06-14 23:47:54,823 [INFO]           → conviction 12/100  |  signals 4/19
2026-06-14 23:47:54,828 [INFO]   [ 32]  FLR       (# 85)  $0.00805       7d: +14.2%
2026-06-14 23:47:55,275 [INFO]           → conviction 14/100  |  signals 4/19
2026-06-14 23:47:55,277 [INFO]   [ 33]  JST       (# 88)  $0.07772       7d: +0.2%
2026-06-14 23:47:55,711 [INFO]           → conviction 6/100  |  signals 2/19
2026-06-14 23:47:55,713 [INFO]   [ 34]  BDX       (# 90)  $0.08021       7d: +1.9%
2026-06-14 23:47:56,162 [INFO]           → conviction 6/100  |  signals 2/19
2026-06-14 23:47:56,163 [INFO]   [ 35]  XDC       (# 91)  $0.03012       7d: +2.7%
2026-06-14 23:47:56,585 [INFO]           → conviction 3/100  |  signals 1/19
2026-06-14 23:47:56,586 [INFO]   [ 36]  APT       (# 95)  $0.68050       7d: +3.5%
2026-06-14 23:47:57,077 [INFO]           → conviction 13/100  |  signals 3/19
2026-06-14 23:47:57,079 [INFO]   [ 37]  PUMP      (# 98)  $0.00157       7d: +6.2%
2026-06-14 23:47:57,540 [INFO]           → conviction 18/100  |  signals 5/19
2026-06-14 23:47:57,546 [INFO]   [ 38]  NIGHT     (#100)  $0.03219       7d: +11.2%
2026-06-14 23:47:58,270 [INFO]           → conviction 13/100  |  signals 3/19
2026-06-14 23:47:58,272 [INFO]   [ 39]  TRUMP     (#106)  $2.09000       7d: +29.0%
2026-06-14 23:47:58,676 [INFO]           → conviction 18/100  |  signals 4/19
2026-06-14 23:47:58,676 [INFO]   [ 40]  FET       (#110)  $0.21140       7d: +2.7%
2026-06-14 23:47:59,106 [INFO]           → conviction 19/100  |  signals 5/19
2026-06-14 23:47:59,113 [INFO]   [ 41]  DASH      (#111)  $37.22000      7d: +2.3%
2026-06-14 23:47:59,526 [INFO]           → conviction 6/100  |  signals 2/19
2026-06-14 23:47:59,529 [INFO]   [ 42]  KITE      (#114)  $0.19235       7d: -1.0%
2026-06-14 23:47:59,946 [INFO]           → conviction 6/100  |  signals 2/19
2026-06-14 23:47:59,947 [INFO]   [ 43]  VIRTUAL   (#117)  $0.63982       7d: +14.8%
2026-06-14 23:48:00,354 [INFO]           → conviction 16/100  |  signals 4/19
2026-06-14 23:48:00,355 [INFO]   [ 44]  LIT       (#118)  $1.69000       7d: +25.5%
2026-06-14 23:48:00,772 [INFO]           → conviction 18/100  |  signals 5/19
2026-06-14 23:48:00,776 [INFO]   [ 45]  APXUSD    (#120)  $0.96043       7d: +1.3%
2026-06-14 23:48:01,252 [INFO]           → conviction 8/100  |  signals 2/19
2026-06-14 23:48:01,256 [INFO]   [ 46]  SKYAI     (#123)  $0.37538       7d: +63.4%
2026-06-14 23:48:01,768 [INFO]           → conviction 14/100  |  signals 5/19
2026-06-14 23:48:01,775 [INFO]   [ 47]  SEI       (#124)  $0.05512       7d: +14.0%
2026-06-14 23:48:02,445 [INFO]           → conviction 21/100  |  signals 5/19
2026-06-14 23:48:02,487 [INFO]   [ 48]  GWEI      (#125)  $0.17290       7d: +33.5%
2026-06-14 23:48:03,052 [INFO]           → conviction 6/100  |  signals 2/19
2026-06-14 23:48:03,055 [INFO]   [ 49]  9BIT      (#126)  $0.04395       7d: +4.8%
2026-06-14 23:48:03,549 [INFO]           → conviction 6/100  |  signals 2/19
2026-06-14 23:48:03,552 [INFO]   [ 50]  CRV       (#128)  $0.23538       7d: +22.4%
2026-06-14 23:48:04,022 [INFO]           → conviction 16/100  |  signals 4/19
2026-06-14 23:48:04,023 [INFO]   [ 51]  TIA       (#131)  $0.34981       7d: +13.7%
2026-06-14 23:48:04,990 [INFO]           → conviction 13/100  |  signals 4/19
2026-06-14 23:48:04,996 [INFO]   [ 52]  UB        (#134)  $0.12591       7d: +3.2%
2026-06-14 23:48:05,583 [INFO]           → conviction 14/100  |  signals 3/19
2026-06-14 23:48:05,594 [INFO]   [ 53]  ETHFI     (#137)  $0.32878       7d: +12.1%
2026-06-14 23:48:06,164 [INFO]           → conviction 10/100  |  signals 3/19
2026-06-14 23:48:06,171 [INFO]   [ 54]  GNO       (#138)  $108.37000     7d: +16.0%
2026-06-14 23:48:06,231 [WARNING]           → skip GNO: OHLCV data is stale (>8h old or duplicates)
2026-06-14 23:48:06,239 [INFO]   [ 55]  JTO       (#139)  $0.56193       7d: -7.5%
2026-06-14 23:48:06,735 [INFO]           → conviction 19/100  |  signals 4/19
2026-06-14 23:48:06,739 [INFO]   [ 56]  XTZ       (#144)  $0.23818       7d: -1.1%
2026-06-14 23:48:07,219 [INFO]           → conviction 14/100  |  signals 4/19
2026-06-14 23:48:07,222 [INFO]   [ 57]  ZBCN      (#146)  $0.00262       7d: +0.6%
2026-06-14 23:48:07,641 [INFO]           → conviction 10/100  |  signals 3/19
2026-06-14 23:48:07,641 [INFO]   [ 58]  GRASS     (#147)  $0.42726       7d: +24.0%
2026-06-14 23:48:08,065 [INFO]           → conviction 21/100  |  signals 5/19
2026-06-14 23:48:08,069 [INFO]   [ 59]  BSV       (#151)  $12.31000      7d: +4.0%
2026-06-14 23:48:08,523 [INFO]           → conviction 11/100  |  signals 3/19
2026-06-14 23:48:08,527 [INFO]   [ 60]  ZRO       (#154)  $0.95627       7d: +7.7%
2026-06-14 23:48:09,237 [INFO]           → conviction 16/100  |  signals 5/19
2026-06-14 23:48:09,240 [INFO]   [ 61]  OP        (#160)  $0.10835       7d: +14.8%
2026-06-14 23:48:09,672 [INFO]           → conviction 18/100  |  signals 5/19
2026-06-14 23:48:09,673 [INFO]   [ 62]  TEL       (#161)  $0.00245       7d: -0.1%
2026-06-14 23:48:10,094 [INFO]           → conviction 5/100  |  signals 2/19
2026-06-14 23:48:10,096 [INFO]   [ 63]  KAIA      (#164)  $0.03869       7d: +6.4%
2026-06-14 23:48:10,517 [INFO]           → conviction 10/100  |  signals 3/19
2026-06-14 23:48:10,518 [INFO]   [ 64]  XPL       (#165)  $0.09007       7d: +33.6%
2026-06-14 23:48:10,947 [INFO]           → conviction 19/100  |  signals 5/19
2026-06-14 23:48:10,947 [INFO]   [ 65]  STRK      (#167)  $0.03548       7d: +8.6%
2026-06-14 23:48:11,356 [INFO]           → conviction 21/100  |  signals 5/19
2026-06-14 23:48:11,357 [INFO]   [ 66]  IOTA      (#172)  $0.04766       7d: +3.7%
2026-06-14 23:48:11,810 [INFO]           → conviction 47/100  |  signals 8/19
2026-06-14 23:48:11,814 [INFO]           ★★★ CONFIRMED CANDIDATE (scan 2) — whale_candles, funding_neg, bb_squeeze, cmf, higher_lows, rs_acceleration, macd_crossover, rsi_in_zone
2026-06-14 23:48:11,815 [INFO]   [ 67]  USDM      (#173)  $1.00500       7d: +0.4%
2026-06-14 23:48:12,227 [INFO]           → skip (flatliner: ATR 3.55% / BB 0.45%)
2026-06-14 23:48:12,228 [INFO]   [ 68]  BTW       (#174)  $0.09445       7d: +46.5%
2026-06-14 23:48:12,641 [INFO]           → conviction 6/100  |  signals 2/19
2026-06-14 23:48:12,642 [INFO]   [ 69]  REAL      (#177)  $0.06180       7d: +20.6%
2026-06-14 23:48:13,064 [INFO]           → conviction 15/100  |  signals 5/19
2026-06-14 23:48:13,065 [INFO]   [ 70]  ULTIMA    (#183)  $2260.34000    7d: -1.0%
2026-06-14 23:48:13,485 [INFO]           → conviction 0/100  |  signals 0/19
2026-06-14 23:48:13,487 [INFO]   [ 71]  BTSE      (#186)  $1.13000       7d: +9.1%
2026-06-14 23:48:13,905 [INFO]           → conviction 6/100  |  signals 2/19
2026-06-14 23:48:13,905 [INFO]   [ 72]  PIEVERSE  (#187)  $0.66759       7d: +8.2%
2026-06-14 23:48:14,304 [INFO]           → conviction 8/100  |  signals 2/19
2026-06-14 23:48:14,305 [INFO]   [ 73]  WFI       (#189)  $2.05000       7d: +2.1%
2026-06-14 23:48:18,484 [INFO]           → skip (flatliner: ATR 0.39% / BB 0.50%)
2026-06-14 23:48:22,986 [INFO]   [ 74]  SYRUP     (#192)  $0.14331       7d: +10.7%
2026-06-14 23:48:23,456 [INFO]           → conviction 10/100  |  signals 3/19
2026-06-14 23:48:23,458 [INFO]   [ 75]  GENIUS    (#204)  $0.47265       7d: +8.2%
2026-06-14 23:48:24,179 [INFO]           → conviction 11/100  |  signals 3/19
2026-06-14 23:48:24,185 [INFO]   [ 76]  MX        (#203)  $1.72000       7d: -1.1%
2026-06-14 23:48:24,645 [INFO]           → skip (flatliner: ATR 0.17% / BB 0.57%)
2026-06-14 23:48:24,651 [INFO]   [ 77]  ZANO      (#214)  $9.37000       7d: +8.5%
2026-06-14 23:48:25,086 [INFO]           → conviction 9/100  |  signals 3/19
2026-06-14 23:48:25,088 [INFO]   [ 78]  EURCV     (#218)  $1.16000       7d: +0.9%
2026-06-14 23:48:25,626 [INFO]           → skip (flatliner: ATR 0.69% / BB 0.43%)
2026-06-14 23:48:25,632 [INFO]   [ 79]  AR        (#220)  $2.07000       7d: +6.9%
2026-06-14 23:48:26,177 [INFO]           → conviction 14/100  |  signals 4/19
2026-06-14 23:48:26,201 [INFO]   [ 80]  RUNE      (#222)  $0.39295       7d: +17.8%
2026-06-14 23:48:26,689 [INFO]           → conviction 6/100  |  signals 2/19
2026-06-14 23:48:26,696 [INFO]   [ 81]  MANA      (#225)  $0.06790       7d: +3.2%
2026-06-14 23:48:27,437 [INFO]           → conviction 31/100  |  signals 4/19
2026-06-14 23:48:27,439 [INFO]   [ 82]  SHFL      (#228)  $0.29993       7d: -0.1%
2026-06-14 23:48:28,235 [INFO]           → conviction 6/100  |  signals 2/19
2026-06-14 23:48:28,237 [INFO]   [ 83]  TIBBIR    (#232)  $0.12431       7d: +14.3%
2026-06-14 23:48:28,597 [INFO]           → conviction 10/100  |  signals 3/19
2026-06-14 23:48:28,598 [INFO]   [ 84]  VSN       (#233)  $0.03334       7d: +11.1%
2026-06-14 23:48:28,922 [INFO]           → conviction 5/100  |  signals 2/19
2026-06-14 23:48:28,923 [INFO]   [ 85]  CASH      (#234)  $1.00100       7d: +0.1%
2026-06-14 23:48:32,505 [INFO]           → skip (flatliner: ATR 0.71% / BB 0.07%)
2026-06-14 23:48:37,006 [INFO]   [ 86]  SFP       (#236)  $0.24535       7d: +11.4%
2026-06-14 23:48:37,365 [INFO]           → conviction 13/100  |  signals 4/19
2026-06-14 23:48:37,366 [INFO]   [ 87]  A         (#240)  $0.07353       7d: +18.7%
2026-06-14 23:48:37,737 [INFO]           → conviction 16/100  |  signals 4/19
2026-06-14 23:48:37,743 [INFO]   [ 88]  SENT      (#250)  $0.01570       7d: +25.0%
2026-06-14 23:48:38,086 [INFO]           → conviction 6/100  |  signals 2/19
2026-06-14 23:48:38,087 [INFO]   [ 89]  WEMIX     (#253)  $0.24380       7d: -6.6%
2026-06-14 23:48:38,428 [INFO]           → conviction 0/100  |  signals 0/19
2026-06-14 23:48:38,429 [INFO]   [ 90]  GOMINING  (#257)  $0.27329       7d: +4.3%
2026-06-14 23:48:38,781 [INFO]           → conviction 13/100  |  signals 4/19
2026-06-14 23:48:38,782 [INFO]   [ 91]  TAG       (#259)  $0.00099       7d: -4.8%
2026-06-14 23:48:39,127 [INFO]           → conviction 6/100  |  signals 2/19
2026-06-14 23:48:39,129 [INFO]   [ 92]  IP        (#261)  $0.30101       7d: -1.9%
2026-06-14 23:48:39,474 [INFO]           → conviction 14/100  |  signals 3/19
2026-06-14 23:48:39,475 [INFO]   [ 93]  AWE       (#266)  $0.05394       7d: +0.5%
2026-06-14 23:48:39,815 [INFO]           → conviction 10/100  |  signals 2/19
2026-06-14 23:48:39,815 [INFO]   [ 94]  BANANAS31  (#268)  $0.01027       7d: -3.1%
2026-06-14 23:48:40,149 [INFO]           → conviction 21/100  |  signals 6/19
2026-06-14 23:48:40,150 [INFO]   [ 95]  NXPC      (#270)  $0.35871       7d: +10.0%
2026-06-14 23:48:40,524 [INFO]           → conviction 10/100  |  signals 3/19
2026-06-14 23:48:40,525 [INFO]   [ 96]  GEOD      (#273)  $0.22336       7d: +42.8%
2026-06-14 23:48:44,214 [INFO]           → conviction 13/100  |  signals 5/19
2026-06-14 23:48:48,715 [INFO]   [ 97]  ATH       (#281)  $0.00474       7d: +9.3%
2026-06-14 23:48:49,050 [INFO]           → conviction 10/100  |  signals 3/19
2026-06-14 23:48:49,051 [INFO]   [ 98]  SN64      (#282)  $18.23000      7d: +32.2%
2026-06-14 23:48:49,421 [INFO]           → conviction 10/100  |  signals 4/19
2026-06-14 23:48:49,422 [INFO]   [ 99]  COW       (#287)  $0.15679       7d: +15.0%
2026-06-14 23:48:49,791 [INFO]           → conviction 11/100  |  signals 3/19
2026-06-14 23:48:49,792 [INFO]   [100]  NOCK      (#288)  $0.04124       7d: -3.4%
2026-06-14 23:48:50,135 [INFO]           → conviction 6/100  |  signals 2/19
2026-06-14 23:48:50,135 [INFO]   [101]  RSR       (#290)  $0.00142       7d: +4.8%
2026-06-14 23:48:50,469 [INFO]           → conviction 11/100  |  signals 3/19
2026-06-14 23:48:50,469 [INFO]   [102]  FLUID     (#292)  $1.09700       7d: +2.9%
2026-06-14 23:48:50,801 [INFO]           → conviction 24/100  |  signals 4/19
2026-06-14 23:48:50,802 [INFO]   [103]  USDA      (#295)  $0.99165       7d: +0.4%
2026-06-14 23:48:51,150 [INFO]           → conviction 7/100  |  signals 2/19
2026-06-14 23:48:51,150 [INFO]   [104]  KMNO      (#296)  $0.01779       7d: +20.1%
2026-06-14 23:48:51,911 [INFO]           → conviction 29/100  |  signals 7/19
2026-06-14 23:48:51,911 [INFO]   [105]  DBR       (#298)  $0.01594       7d: +11.0%
2026-06-14 23:48:52,265 [INFO]           → conviction 14/100  |  signals 4/19
2026-06-14 23:48:52,266 [INFO]   [106]  ARKM      (#300)  $0.13082       7d: +14.8%
2026-06-14 23:48:52,653 [INFO]           → conviction 18/100  |  signals 5/19
2026-06-14 23:48:52,655 [INFO]   [107]  UMXM      (#301)  $1.77000       7d: +4.2%
2026-06-14 23:48:53,022 [INFO]           → conviction 12/100  |  signals 4/19
2026-06-14 23:48:53,023 [INFO]   [108]  KTA       (#302)  $0.14957       7d: -4.5%
2026-06-14 23:48:53,383 [INFO]           → conviction 7/100  |  signals 1/19
2026-06-14 23:48:53,383 [INFO]   [109]  WAL       (#305)  $0.03432       7d: -0.6%
2026-06-14 23:48:53,731 [INFO]           → conviction 13/100  |  signals 4/19
2026-06-14 23:48:53,732 [INFO]   [110]  CFG       (#309)  $0.21476       7d: +10.6%
2026-06-14 23:48:54,078 [INFO]           → conviction 14/100  |  signals 4/19
2026-06-14 23:48:54,078 [INFO]   [111]  TROLL     (#310)  $0.08162       7d: +23.8%
2026-06-14 23:48:54,422 [INFO]           → conviction 10/100  |  signals 3/19
2026-06-14 23:48:54,423 [INFO]   [112]  ARC       (#311)  $0.08119       7d: -3.0%
2026-06-14 23:48:54,756 [INFO]           → conviction 0/100  |  signals 0/19
2026-06-14 23:48:54,756 [INFO]   [113]  MUON      (#314)  $1035.31000    7d: +14.5%
2026-06-14 23:48:55,097 [INFO]           → conviction 10/100  |  signals 4/19
2026-06-14 23:48:55,097 [INFO]   [114]  PROS      (#318)  $0.58188       7d: -7.5%
2026-06-14 23:48:55,106 [WARNING]           → skip PROS: OHLCV data is stale (>8h old or duplicates)
2026-06-14 23:48:55,106 [INFO]   [115]  ZIG       (#319)  $0.05581       7d: +6.8%
2026-06-14 23:48:55,472 [INFO]           → conviction 17/100  |  signals 3/19
2026-06-14 23:48:55,473 [INFO]   [116]  RAVE      (#326)  $0.30614       7d: -8.6%
2026-06-14 23:48:55,847 [INFO]           → conviction 16/100  |  signals 3/19
2026-06-14 23:48:55,853 [INFO]   [117]  MELANIA   (#329)  $0.08006       7d: +10.8%
2026-06-14 23:48:56,201 [INFO]           → conviction 13/100  |  signals 4/19
2026-06-14 23:48:56,202 [INFO]   [118]  BAN       (#332)  $0.07563       7d: +6.5%
2026-06-14 23:48:56,551 [INFO]           → conviction 16/100  |  signals 5/19
2026-06-14 23:48:56,551 [INFO]   [119]  AIOZ      (#345)  $0.05913       7d: +4.1%
2026-06-14 23:48:56,886 [INFO]           → conviction 16/100  |  signals 5/19
2026-06-14 23:48:56,886 [INFO]   [120]  MAG7.SSI  (#349)  $0.42854       7d: +5.7%
2026-06-14 23:49:00,645 [INFO]           → conviction 17/100  |  signals 4/19
2026-06-14 23:49:05,146 [INFO]   [121]  UAI       (#350)  $0.30060       7d: +4.8%
2026-06-14 23:49:05,515 [INFO]           → conviction 16/100  |  signals 5/19
2026-06-14 23:49:05,516 [INFO]   [122]  ORDI      (#353)  $3.41000       7d: +18.1%
2026-06-14 23:49:05,862 [INFO]           → conviction 16/100  |  signals 4/19
2026-06-14 23:49:05,863 [INFO]   [123]  JCT       (#357)  $0.00612       7d: +31.2%
2026-06-14 23:49:06,271 [INFO]           → conviction 16/100  |  signals 5/19
2026-06-14 23:49:06,272 [INFO]   [124]  BIO       (#359)  $0.03288       7d: +20.8%
2026-06-14 23:49:07,889 [INFO]           → conviction 16/100  |  signals 4/19
2026-06-14 23:49:07,890 [INFO]   [125]  ZAMA      (#361)  $0.03179       7d: +7.8%
2026-06-14 23:49:08,232 [INFO]           → conviction 10/100  |  signals 3/19
2026-06-14 23:49:08,233 [INFO]   [126]  COAI      (#364)  $0.36595       7d: +63.7%
2026-06-14 23:49:08,585 [INFO]           → conviction 19/100  |  signals 6/19
2026-06-14 23:49:08,585 [INFO]   [127]  YFI       (#365)  $1921.04000    7d: +4.7%
2026-06-14 23:49:08,940 [INFO]           → conviction 47/100  |  signals 8/19
2026-06-14 23:49:08,964 [INFO]           ★★★ CONFIRMED CANDIDATE (scan 2) — whale_candles, funding_neg, bb_squeeze, cmf, higher_lows, macd_crossover, trend_strong, rsi_in_zone
2026-06-14 23:49:08,965 [INFO]   [128]  Q         (#367)  $0.01689       7d: -0.3%
2026-06-14 23:49:09,303 [INFO]           → conviction 24/100  |  signals 5/19
2026-06-14 23:49:09,303 [INFO]   [129]  METAL     (#366)  $0.13518       7d: +4.2%
2026-06-14 23:49:09,649 [INFO]           → conviction 10/100  |  signals 3/19
2026-06-14 23:49:09,650 [INFO]   [130]  SN4       (#368)  $13.92000      7d: +26.2%
2026-06-14 23:49:09,987 [INFO]           → conviction 12/100  |  signals 4/19
2026-06-14 23:49:09,988 [INFO]   [131]  DOG       (#373)  $0.00067       7d: -0.9%
2026-06-14 23:49:10,259 [WARNING]           → skip DOG: OHLCV data is stale (>8h old or duplicates)
2026-06-14 23:49:10,260 [INFO]   [132]  CARDS     (#375)  $0.25675       7d: +45.5%
2026-06-14 23:49:10,646 [INFO]           → conviction 12/100  |  signals 4/19
2026-06-14 23:49:10,648 [INFO]   [133]  BABY      (#379)  $0.01751       7d: +6.9%
2026-06-14 23:49:11,022 [INFO]           → conviction 45/100  |  signals 8/19
2026-06-14 23:49:11,023 [INFO]           ⚠️  RSI OVERBOUGHT (98.0) — demoting to watchlist, wait for cooldown below 65
2026-06-14 23:49:11,023 [INFO]   [134]  XPR       (#380)  $0.00224       7d: +6.9%
2026-06-14 23:49:11,488 [INFO]           → conviction 10/100  |  signals 3/19
2026-06-14 23:49:11,490 [INFO]   [135]  TURBO     (#382)  $0.00092       7d: +8.6%
2026-06-14 23:49:11,862 [INFO]           → conviction 13/100  |  signals 4/19
2026-06-14 23:49:11,863 [INFO]   [136]  OMI       (#385)  $0.00023       7d: +7.7%
2026-06-14 23:49:12,213 [INFO]           → conviction 0/100  |  signals 0/19
2026-06-14 23:49:12,214 [INFO]   [137]  SUPER     (#387)  $0.09834       7d: +7.4%
2026-06-14 23:49:12,852 [INFO]           → conviction 21/100  |  signals 5/19
2026-06-14 23:49:12,853 [INFO]   [138]  PLUME     (#392)  $0.01082       7d: -2.2%
2026-06-14 23:49:13,455 [INFO]           → conviction 21/100  |  signals 5/19
2026-06-14 23:49:13,456 [INFO]   [139]  AIPF      (#396)  $2.18000       7d: +0.1%
2026-06-14 23:49:13,800 [INFO]           → conviction 9/100  |  signals 3/19
2026-06-14 23:49:13,801 [INFO]   [140]  DIEM      (#405)  $1614.80000    7d: +16.2%
2026-06-14 23:49:14,168 [INFO]           → conviction 5/100  |  signals 2/19
2026-06-14 23:49:14,174 [INFO]   [141]  GMX       (#404)  $5.79000       7d: +4.1%
2026-06-14 23:49:14,545 [INFO]           → conviction 14/100  |  signals 4/19
2026-06-14 23:49:14,552 [INFO]   [142]  W         (#407)  $0.00995       7d: +6.7%
2026-06-14 23:49:14,927 [INFO]           → conviction 10/100  |  signals 3/19
2026-06-14 23:49:14,928 [INFO]   [143]  NMR       (#408)  $8.44000       7d: +1.7%
2026-06-14 23:49:15,294 [INFO]           → conviction 24/100  |  signals 5/19
2026-06-14 23:49:15,295 [INFO]   [144]  TSLAX     (#411)  $409.93000     7d: +4.1%
2026-06-14 23:49:15,651 [INFO]           → skip (flatliner: ATR 0.44% / BB 1.46%)
2026-06-14 23:49:15,651 [INFO]   [145]  ZETA      (#414)  $0.03971       7d: +12.1%
2026-06-14 23:49:15,991 [INFO]           → conviction 24/100  |  signals 4/19
2026-06-14 23:49:15,991 [INFO]   [146]  DEGEN     (#415)  $0.00154       7d: -4.2%
2026-06-14 23:49:16,335 [INFO]           → conviction 6/100  |  signals 2/19
2026-06-14 23:49:16,335 [INFO]   [147]  EURI      (#416)  $1.16000       7d: +0.8%
2026-06-14 23:49:17,235 [INFO]           → skip (flatliner: ATR 0.15% / BB 0.11%)
2026-06-14 23:49:17,236 [INFO]   [148]  MET       (#418)  $0.10822       7d: +12.8%
2026-06-14 23:49:17,603 [INFO]           → conviction 21/100  |  signals 5/19
2026-06-14 23:49:17,605 [INFO]   [149]  TOSHI     (#422)  $0.00014       7d: +10.8%
2026-06-14 23:49:17,971 [INFO]           → conviction 11/100  |  signals 3/19
2026-06-14 23:49:17,971 [INFO]   [150]  ALCH      (#420)  $0.06686       7d: +14.5%
2026-06-14 23:49:18,330 [INFO]           → conviction 16/100  |  signals 4/19
2026-06-14 23:49:18,331 [INFO]   [151]  CKB       (#423)  $0.00116       7d: +10.3%
2026-06-14 23:49:18,933 [INFO]           → conviction 24/100  |  signals 4/19
2026-06-14 23:49:18,934 [INFO]   [152]  PURR      (#425)  $0.09487       7d: +6.6%
2026-06-14 23:49:22,570 [INFO]           → conviction 7/100  |  signals 3/19
2026-06-14 23:49:27,071 [INFO]   [153]  SPK       (#426)  $0.02016       7d: +8.7%
2026-06-14 23:49:27,403 [INFO]           → conviction 13/100  |  signals 4/19
2026-06-14 23:49:27,403 [INFO]   [154]  IDOL      (#429)  $0.02989       7d: -1.2%
2026-06-14 23:49:27,750 [INFO]           → conviction 6/100  |  signals 2/19
2026-06-14 23:49:27,750 [INFO]   [155]  DUSK      (#435)  $0.09272       7d: +2.2%
2026-06-14 23:49:28,638 [INFO]           → conviction 6/100  |  signals 2/19
2026-06-14 23:49:28,639 [INFO]   [156]  OPEN      (#439)  $0.24952       7d: +22.6%
2026-06-14 23:49:29,211 [INFO]           → conviction 18/100  |  signals 5/19
2026-06-14 23:49:29,212 [INFO]   [157]  ELF       (#443)  $0.06459       7d: +0.4%
2026-06-14 23:49:29,219 [WARNING]           → skip ELF: OHLCV data is stale (>8h old or duplicates)
2026-06-14 23:49:29,220 [INFO]   [158]  NVDAON    (#444)  $207.83000     7d: +1.2%
2026-06-14 23:49:29,576 [INFO]           → skip (flatliner: ATR 0.32% / BB 0.54%)
2026-06-14 23:49:29,577 [INFO]   [159]  HOLO      (#446)  $0.07283       7d: +24.8%
2026-06-14 23:49:29,945 [INFO]           → conviction 24/100  |  signals 4/19
2026-06-14 23:49:29,945 [INFO]   [160]  BARD      (#447)  $0.16285       7d: +5.3%
2026-06-14 23:49:30,319 [INFO]           → conviction 10/100  |  signals 2/19
2026-06-14 23:49:30,319 [INFO]   [161]  ASTR      (#451)  $0.00601       7d: +8.0%
2026-06-14 23:49:30,699 [INFO]           → conviction 24/100  |  signals 6/19
2026-06-14 23:49:30,700 [INFO]   [162]  AZTEC     (#452)  $0.01783       7d: +14.1%
2026-06-14 23:49:31,065 [INFO]           → conviction 52/100  |  signals 10/19
2026-06-14 23:49:31,107 [INFO]           ★★★ CONFIRMED CANDIDATE (scan 2) — whale_candles, rsi_divergence, higher_lows, rs_vs_btc, vol_expansion, macd_crossover, vol_velocity, trend_strong, atr_expanding, rsi_in_zone
2026-06-14 23:49:31,109 [INFO]   [163]  POLYX     (#454)  $0.04038       7d: +4.3%
2026-06-14 23:49:31,456 [INFO]           → conviction 24/100  |  signals 4/19
2026-06-14 23:49:31,456 [INFO]   [164]  CTC       (#456)  $0.09505       7d: +6.5%
2026-06-14 23:49:31,807 [INFO]           → conviction 10/100  |  signals 3/19
2026-06-14 23:49:31,808 [INFO]   [165]  SN44      (#457)  $10.79000      7d: +36.0%
2026-06-14 23:49:35,520 [INFO]           → conviction 14/100  |  signals 5/19
2026-06-14 23:49:40,020 [INFO]   [166]  XYO       (#462)  $0.00364       7d: +0.4%
2026-06-14 23:49:40,379 [INFO]           → conviction 3/100  |  signals 1/19
2026-06-14 23:49:40,379 [INFO]   [167]  ROSE      (#463)  $0.00649       7d: -0.5%
2026-06-14 23:49:41,620 [INFO]           → conviction 34/100  |  signals 5/19
2026-06-14 23:49:41,622 [INFO]   [168]  PEAQ      (#471)  $0.02220       7d: -0.6%
2026-06-14 23:49:42,389 [INFO]           → conviction 24/100  |  signals 6/19
2026-06-14 23:49:42,390 [INFO]   [169]  FOGO      (#473)  $0.01283       7d: +15.1%
2026-06-14 23:49:42,737 [INFO]           → conviction 18/100  |  signals 5/19
2026-06-14 23:49:42,737 [INFO]   [170]  SUSHI     (#474)  $0.17976       7d: +7.2%
2026-06-14 23:49:43,099 [INFO]           → conviction 21/100  |  signals 3/19
2026-06-14 23:49:43,100 [INFO]   [171]  XNO       (#475)  $0.36696       7d: -5.5%
2026-06-14 23:49:43,449 [INFO]           → conviction 14/100  |  signals 4/19
2026-06-14 23:49:43,449 [INFO]   [172]  SLX       (#483)  $0.19692       7d: +9.9%
2026-06-14 23:49:43,795 [INFO]           → conviction 14/100  |  signals 4/19
2026-06-14 23:49:43,795 [INFO]   [173]  RON       (#487)  $0.06122       7d: -3.7%
2026-06-14 23:49:44,143 [INFO]           → conviction 19/100  |  signals 3/19
2026-06-14 23:49:44,145 [INFO]   [174]  AMP       (#490)  $0.00053       7d: +0.2%
2026-06-14 23:49:44,491 [INFO]           → conviction 19/100  |  signals 5/19
2026-06-14 23:49:44,491 [INFO]   [175]  PNUT      (#492)  $0.04499       7d: +10.3%
2026-06-14 23:49:44,845 [INFO]           → conviction 13/100  |  signals 4/19
2026-06-14 23:49:44,845 [INFO]   [176]  ROBO      (#497)  $0.01955       7d: +3.2%
2026-06-14 23:49:45,217 [INFO]           → conviction 6/100  |  signals 2/19
2026-06-14 23:49:45,218 [INFO]   [177]  CRCLX     (#498)  $80.43000      7d: -0.6%
2026-06-14 23:49:45,577 [INFO]           → conviction 5/100  |  signals 2/19
2026-06-14 23:49:45,577 [INFO]   [178]  T         (#500)  $0.00385       7d: +1.7%
2026-06-14 23:49:45,949 [INFO]           → conviction 13/100  |  signals 3/19
2026-06-14 23:49:45,960 [INFO] 
[5/5] Building trade plan report...
2026-06-14 23:49:45,961 [INFO]   Raw candidates found: 3
2026-06-14 23:49:46,013 [INFO]   Correlation filter: dropped iota (corr=0.86 with aztec — kept higher conviction)
2026-06-14 23:49:46,023 [INFO]   Correlation filter: dropped yearn-finance (corr=0.78 with aztec — kept higher conviction)
2026-06-14 23:49:46,025 [INFO]   After correlation filter: 1 unique candidates
2026-06-14 23:49:46,025 [INFO] [5/5] Checking major leverage opportunities (BTC/ETH/SOL)...
2026-06-14 23:49:46,027 [INFO]   Major leverage: 0 opportunity(s) found
2026-06-14 23:49:46,036 [INFO] 
================================================================================
  CRYPTO SPOT SCANNER — TRADE PLAN REPORT
  Generated: 2026-06-14 23:49:46
================================================================================

MARKET CONTEXT
----------------------------------------
  BTC Price    :  $   65,372.80
  BTC 7-day    :     +3.26%
  BTC 24-hour  :     +1.48%
  ETH 7-day    :     +2.06%
  BTC Dominance:      56.6%
  Regime       :  🟢 BULL

ACCOUNT
----------------------------------------
  Balance       : $   96,313.06 USDT
  Risk / trade  : 1.5%  ($1,445 USDT per trade)
  Max positions : 8
  Max heat      : 12.0%


TOP 1 SETUPS  (ranked by conviction)
================================================================================

[1] 💡  AZTEC  (Rank #452)
     Conviction  : 52 / 100
     Signals     : 10 / 19 active
     Active      : whale_candles  |  rsi_divergence  |  higher_lows  |  rs_vs_btc  |  vol_expansion  |  macd_crossover  |  vol_velocity  |  trend_strong  |  atr_expanding  |  rsi_in_zone

     ┌─ TRADE PLAN ──────────────────────────────────────────────
     │  Entry price  : $0.017827   <- consider limit or wait for dip
     │  STOP LOSS    : $0.016935   (-5.0%)   ← EXIT HARD — no exceptions
     │
     │  Position     : $    11,753 USDT (12.2% of account)
     │  Risk amount  : $       588 USDT (0.61% of account)
     │
     │  TP1  $0.019609 (+10.0%)  Sell 30%  ≈ $3,879 USDT  R:R 1:2
     │  TP2  $0.020501 (+15.0%)  Sell 40%  ≈ $5,407 USDT  R:R 1:3
     │  TP3  $0.022283 (+25.0%)  Sell 30%  ≈ $4,408 USDT  R:R 1:5
     │
     │  Expected value (40% win rate): +4.8%
     └──────────────────────────────────────────────────────────

     ── INDICATORS ──────────────────────────────────────────────
     RSI = 64.7  [OK — getting extended]  |  ADX = 34.8  |  ATR = 2.95%  |  RS vs BTC = 8.05%  |  BB width = 2.62%
     ⚠️  RSI above is 14-period on 4h candles.  Always confirm on 1h RSI7 before entry.
--------------------------------------------------------------------------------

PORTFOLIO SUMMARY
----------------------------------------
  Total deployed   : $    11,753 USDT  (12.2%)
  Total at risk    : $       588 USDT  (0.6%)  🟢
  Cash reserve     : $    84,560 USDT

WATCHLIST  — tokens building momentum, not ready to enter yet
----------------------------------------
  ⏳ = needs 1 more confirmation scan  |  ↗ = conviction rising  |  ↘ = fading
  Monitor all. Enter only after a fresh scan confirms conviction ≥ threshold.

  #     SYMBOL     RANK         PRICE      7d%   CONV  SIGS  TREND  KEY SIGNALS
  ----  ---------  ----  ------------  -------  -----  ----  -----  ----------------------------
  1     🔴BABY      #379  $0.01751         +6.9%    45     8      →  whale_candles, funding_neg, macd_divergence +5  ⚠️ RSI 98 — wait for cooldown <65
  2     🔹ROSE      #463  $0.00649         -0.5%    34     5      →  whale_candles, stealth_accum, bb_squeeze +2
  3     🔹NEXO      # 81  $0.81172         +7.0%    31     5      →  whale_candles, bb_squeeze, declining_sell_vol +2
  4     🔹MANA      #225  $0.06790         +3.2%    31     4      →  whale_candles, funding_neg, stealth_accum +1
  5     🔹KMNO      #296  $0.01779        +20.1%    29     7      →  stealth_accum, cmf, higher_lows +4
  6     🔹DOT       # 49  $0.98904         +3.8%    27     4      →  whale_candles, funding_neg, macd_crossover +1

--------------------------------------------------------------------------------

TRADING RULES  (non-negotiable)
----------------------------------------
  1. Honor every stop loss.  No exceptions.  No averaging down.
  2. After TP1 hit → move stop to breakeven.  Now it's a free trade.
  3. After TP2 hit → move stop to TP1.  Lock in profit.
  4. Never open more than 8 positions simultaneously.
  5. If BTC drops >5% in a single day → tighten all stops to -5%.
  6. Run this scanner again in 2-3 hours for fresh signals.
  7. ⏳ rule: a token must qualify on 2 consecutive scans before entry.
  8. Cash is a position.  Forcing trades is how accounts blow up.

DISCLAIMER
----------------------------------------
  This is a technical analysis tool, not financial advice.
  Past signals do not guarantee future results.
  Crypto markets are highly volatile.  Only risk what you can afford to lose.
================================================================================
2026-06-14 23:49:46,046 [INFO] 
  Report  → C:\Users\bruno\OneDrive\Ambiente de Trabalho\Workspace\crypto scanner\crypto-scanner\outputs\scanner-results\spot_trade_plan_LATEST.txt
2026-06-14 23:49:46,049 [INFO]   JSON    → C:\Users\bruno\OneDrive\Ambiente de Trabalho\Workspace\crypto scanner\crypto-scanner\outputs\scanner-results\spot_trade_plan_LATEST.json
2026-06-14 23:49:46,052 [INFO]   Log     → C:\Users\bruno\OneDrive\Ambiente de Trabalho\Workspace\crypto scanner\crypto-scanner\outputs\logs\orchestrator_20260614.log
2026-06-14 23:49:46,053 [INFO] 
  Done.  1 high-conviction setup(s) found.
