2026-06-17 10:16:49,800 [INFO]   Live Bybit balance: 96,313.06 USDT
2026-06-17 10:16:49,801 [INFO] 
2026-06-17 10:16:49,802 [INFO] ================================================================================
2026-06-17 10:16:49,802 [INFO]   CRYPTO MASTER ORCHESTRATOR v2.1
2026-06-17 10:16:49,803 [INFO]   18-signal engine | funding rate | corr filter | volume source tagging
2026-06-17 10:16:49,803 [INFO] ================================================================================
2026-06-17 10:16:49,803 [INFO]   Account: $96,313.06 USDT  |  Risk/trade: 1.5%  |  Max positions: 8
2026-06-17 10:16:49,804 [INFO] 
2026-06-17 10:16:49,811 [INFO] [1/5] Analyzing market regime...
2026-06-17 10:16:49,813 [INFO] Fetching market context (Bybit klines primary)...
2026-06-17 10:16:50,875 [INFO]   [Bybit] BTC: $64,905 | 7d: +6.4%  ETH 7d: +9.2%  Dominance: 56.2% | Regime: 🟢 BULL
2026-06-17 10:16:50,875 [INFO]   🟢 BULL — normal parameters apply
2026-06-17 10:16:50,879 [INFO] [2/5] Fetching BTC historical data...
2026-06-17 10:16:53,213 [INFO]   BTC data: OK
2026-06-17 10:16:57,714 [INFO] [3/5] Fetching top 500 coins...
2026-06-17 10:16:57,721 [INFO] Fetching top 500 coins by market cap...
2026-06-17 10:16:59,921 [INFO]   Fetched 500 coins
2026-06-17 10:16:59,931 [INFO]   Fetched 500 coins
2026-06-17 10:16:59,931 [INFO] [4/5] Scanning for high-conviction setups...
2026-06-17 10:16:59,932 [INFO]   Filters: Rank 20–500  |  Vol ≥ $500,000  |  Min conviction: 45
2026-06-17 10:16:59,932 [INFO] 
2026-06-17 10:16:59,939 [INFO]   [  1]  CC        (# 20)  $0.16041       7d: -2.1%
2026-06-17 10:17:00,830 [INFO]           → conviction 6/100  |  signals 1/19
2026-06-17 10:17:00,830 [INFO]   [  2]  LINK      (# 21)  $8.18000       7d: +5.1%
2026-06-17 10:17:01,432 [INFO]           → conviction 11/100  |  signals 3/19
2026-06-17 10:17:01,433 [INFO]   [  3]  GRAM      (# 24)  $1.63000       7d: -1.2%
2026-06-17 10:17:04,831 [INFO]           → conviction 6/100  |  signals 2/19
2026-06-17 10:17:09,332 [INFO]   [  4]  BCH       (# 25)  $213.66000     7d: +8.7%
2026-06-17 10:17:09,963 [INFO]           → conviction 18/100  |  signals 4/19
2026-06-17 10:17:09,963 [INFO]   [  5]  LTC       (# 29)  $45.32000      7d: +7.2%
2026-06-17 10:17:10,603 [INFO]           → conviction 11/100  |  signals 3/19
2026-06-17 10:17:10,604 [INFO]   [  6]  HBAR      (# 30)  $0.08001       7d: +1.8%
2026-06-17 10:17:11,292 [INFO]           → conviction 8/100  |  signals 2/19
2026-06-17 10:17:11,292 [INFO]   [  7]  SUI       (# 31)  $0.78978       7d: +6.5%
2026-06-17 10:17:11,925 [INFO]           → conviction 13/100  |  signals 3/19
2026-06-17 10:17:11,925 [INFO]   [  8]  USYC      (# 32)  $1.13000       7d: +0.0%
2026-06-17 10:17:14,851 [WARNING]           → skip USYC: OHLCV data is stale (>8h old or duplicates)
2026-06-17 10:17:19,352 [INFO]   [  9]  NEAR      (# 33)  $2.28000       7d: +9.2%
2026-06-17 10:17:19,943 [INFO]           → conviction 13/100  |  signals 3/19
2026-06-17 10:17:19,943 [INFO]   [ 10]  AVAX      (# 34)  $6.82000       7d: +5.6%
2026-06-17 10:17:20,521 [INFO]           → conviction 11/100  |  signals 3/19
2026-06-17 10:17:20,522 [INFO]   [ 11]  CRO       (# 38)  $0.05941       7d: -0.4%
2026-06-17 10:17:21,117 [INFO]           → conviction 3/100  |  signals 1/19
2026-06-17 10:17:21,117 [INFO]   [ 12]  TAO       (# 40)  $252.53000     7d: +22.2%
2026-06-17 10:17:21,695 [INFO]           → conviction 14/100  |  signals 3/19
2026-06-17 10:17:21,696 [INFO]   [ 13]  USDY      (# 44)  $1.13000       7d: +0.7%
2026-06-17 10:17:25,215 [INFO]           → conviction 9/100  |  signals 3/19
2026-06-17 10:17:29,717 [INFO]   [ 14]  MNT       (# 47)  $0.55011       7d: +3.6%
2026-06-17 10:17:30,418 [INFO]           → conviction 3/100  |  signals 1/19
2026-06-17 10:17:30,418 [INFO]   [ 15]  ONDO      (# 48)  $0.36695       7d: +5.1%
2026-06-17 10:17:31,001 [INFO]           → conviction 27/100  |  signals 6/19
2026-06-17 10:17:31,001 [INFO]   [ 16]  DOT       (# 50)  $1.01000       7d: +7.7%
2026-06-17 10:17:31,588 [INFO]           → conviction 13/100  |  signals 3/19
2026-06-17 10:17:31,588 [INFO]   [ 17]  OKB       (# 52)  $74.90000      7d: +5.7%
2026-06-17 10:17:32,189 [INFO]           → conviction 6/100  |  signals 2/19
2026-06-17 10:17:32,189 [INFO]   [ 18]  PI        (# 55)  $0.13340       7d: +6.3%
2026-06-17 10:17:35,629 [INFO]           → conviction 10/100  |  signals 3/19
2026-06-17 10:17:40,130 [INFO]   [ 19]  ICP       (# 58)  $2.39000       7d: +7.0%
2026-06-17 10:17:40,715 [INFO]           → conviction 21/100  |  signals 4/19
2026-06-17 10:17:40,716 [INFO]   [ 20]  BGB       (# 60)  $1.81000       7d: +2.3%
2026-06-17 10:17:44,079 [INFO]           → conviction 8/100  |  signals 2/19
2026-06-17 10:17:48,580 [INFO]   [ 21]  MORPHO    (# 61)  $1.92000       7d: -0.9%
2026-06-17 10:17:49,682 [INFO]           → conviction 10/100  |  signals 2/19
2026-06-17 10:17:49,682 [INFO]   [ 22]  AAVE      (# 63)  $75.62000      7d: +23.9%
2026-06-17 10:17:50,249 [INFO]           → conviction 14/100  |  signals 4/19
2026-06-17 10:17:50,250 [INFO]   [ 23]  ETC       (# 64)  $7.33000       7d: +5.4%
2026-06-17 10:17:50,826 [INFO]           → conviction 6/100  |  signals 2/19
2026-06-17 10:17:50,828 [INFO]   [ 24]  QNT       (# 65)  $70.91000      7d: +8.9%
2026-06-17 10:17:51,409 [INFO]           → conviction 21/100  |  signals 5/19
2026-06-17 10:17:51,410 [INFO]   [ 25]  ATOM      (# 66)  $1.97000       7d: +9.4%
2026-06-17 10:17:52,179 [INFO]           → conviction 13/100  |  signals 3/19
2026-06-17 10:17:52,179 [INFO]   [ 26]  KCS       (# 70)  $7.22000       7d: +13.9%
2026-06-17 10:17:55,517 [INFO]           → conviction 10/100  |  signals 3/19
2026-06-17 10:18:00,018 [INFO]   [ 27]  KAS       (# 73)  $0.03219       7d: +0.7%
2026-06-17 10:18:00,573 [INFO]           → conviction 6/100  |  signals 2/19
2026-06-17 10:18:00,573 [INFO]   [ 28]  RENDER    (# 74)  $1.70000       7d: +8.6%
2026-06-17 10:18:01,661 [INFO]           → conviction 10/100  |  signals 3/19
2026-06-17 10:18:01,661 [INFO]   [ 29]  ALGO      (# 76)  $0.09575       7d: +5.2%
2026-06-17 10:18:02,231 [INFO]           → conviction 18/100  |  signals 4/19
2026-06-17 10:18:02,231 [INFO]   [ 30]  NEXO      (# 77)  $0.83303       7d: +8.4%
2026-06-17 10:18:03,087 [INFO]           → conviction 21/100  |  signals 5/19
2026-06-17 10:18:03,087 [INFO]   [ 31]  POL       (# 78)  $0.07640       7d: +1.4%
2026-06-17 10:18:03,654 [INFO]           → conviction 14/100  |  signals 3/19
2026-06-17 10:18:03,655 [INFO]   [ 32]  ENA       (# 79)  $0.08703       7d: +9.8%
2026-06-17 10:18:04,221 [INFO]           → conviction 11/100  |  signals 3/19
2026-06-17 10:18:04,221 [INFO]   [ 33]  VVV       (# 82)  $16.20000      7d: +12.8%
2026-06-17 10:18:04,784 [INFO]           → conviction 23/100  |  signals 5/19
2026-06-17 10:18:04,784 [INFO]   [ 34]  GT        (# 83)  $6.76000       7d: +5.3%
2026-06-17 10:18:08,047 [INFO]           → conviction 7/100  |  signals 3/19
2026-06-17 10:18:12,549 [INFO]   [ 35]  JST       (# 84)  $0.08185       7d: +1.6%
2026-06-17 10:18:13,104 [INFO]           → conviction 14/100  |  signals 4/19
2026-06-17 10:18:13,104 [INFO]   [ 36]  FLR       (# 87)  $0.00763       7d: +10.0%
2026-06-17 10:18:13,686 [INFO]           → conviction 3/100  |  signals 1/19
2026-06-17 10:18:13,686 [INFO]   [ 37]  BDX       (# 90)  $0.07954       7d: +0.5%
2026-06-17 10:18:17,340 [INFO]           → conviction 0/100  |  signals 0/19
2026-06-17 10:18:21,841 [INFO]   [ 38]  XDC       (# 91)  $0.03021       7d: -3.4%
2026-06-17 10:18:22,431 [INFO]           → conviction 6/100  |  signals 2/19
2026-06-17 10:18:22,431 [INFO]   [ 39]  INJ       (# 98)  $5.43000       7d: +5.6%
2026-06-17 10:18:23,012 [INFO]           → conviction 13/100  |  signals 3/19
2026-06-17 10:18:23,012 [INFO]   [ 40]  PUMP      (#102)  $0.00148       7d: +0.7%
2026-06-17 10:18:23,855 [INFO]           → conviction 6/100  |  signals 2/19
2026-06-17 10:18:23,855 [INFO]   [ 41]  NIGHT     (#100)  $0.03097       7d: +0.2%
2026-06-17 10:18:24,449 [INFO]           → conviction 0/100  |  signals 0/19
2026-06-17 10:18:24,449 [INFO]   [ 42]  ADI       (#106)  $3.79000       7d: +1.4%
2026-06-17 10:18:28,098 [INFO]           → skip (flatliner: ATR 0.24% / BB 0.46%)
2026-06-17 10:18:32,604 [INFO]   [ 43]  DASH      (#108)  $37.06000      7d: +6.8%
2026-06-17 10:18:33,179 [INFO]           → conviction 14/100  |  signals 4/19
2026-06-17 10:18:33,179 [INFO]   [ 44]  FET       (#110)  $0.20566       7d: +4.1%
2026-06-17 10:18:34,060 [INFO]           → conviction 8/100  |  signals 2/19
2026-06-17 10:18:34,060 [INFO]   [ 45]  CAKE      (#111)  $1.40000       7d: +7.0%
2026-06-17 10:18:34,611 [INFO]           → conviction 6/100  |  signals 2/19
2026-06-17 10:18:34,611 [INFO]   [ 46]  TRUMP     (#112)  $1.90000       7d: +14.9%
2026-06-17 10:18:35,182 [INFO]           → conviction 24/100  |  signals 5/19
2026-06-17 10:18:35,182 [INFO]   [ 47]  PENGU     (#113)  $0.00712       7d: +6.7%
2026-06-17 10:18:35,750 [INFO]           → conviction 6/100  |  signals 2/19
2026-06-17 10:18:35,750 [INFO]   [ 48]  VET       (#116)  $0.00504       7d: +6.6%
2026-06-17 10:18:36,343 [INFO]           → conviction 0/100  |  signals 0/19
2026-06-17 10:18:36,343 [INFO]   [ 49]  KITE      (#118)  $0.18295       7d: +2.8%
2026-06-17 10:18:36,913 [INFO]           → conviction 0/100  |  signals 0/19
2026-06-17 10:18:36,913 [INFO]   [ 50]  APXUSD    (#125)  $0.93863       7d: -1.8%
2026-06-17 10:18:41,054 [INFO]           → conviction 0/100  |  signals 0/19
2026-06-17 10:18:45,559 [INFO]   [ 51]  TIA       (#128)  $0.39846       7d: +24.5%
2026-06-17 10:18:46,150 [INFO]           → conviction 18/100  |  signals 5/19
2026-06-17 10:18:46,150 [INFO]   [ 52]  STX       (#130)  $0.19034       7d: +5.6%
2026-06-17 10:18:46,894 [INFO]           → conviction 13/100  |  signals 3/19
2026-06-17 10:18:46,895 [INFO]   [ 53]  ETHFI     (#135)  $0.33717       7d: +11.1%
2026-06-17 10:18:47,473 [INFO]           → conviction 23/100  |  signals 5/19
2026-06-17 10:18:47,473 [INFO]   [ 54]  GNO       (#139)  $105.45000     7d: +11.2%
2026-06-17 10:18:47,715 [WARNING]           → skip GNO: OHLCV data is stale (>8h old or duplicates)
2026-06-17 10:18:47,715 [INFO]   [ 55]  CFX       (#145)  $0.04987       7d: +12.8%
2026-06-17 10:18:48,577 [INFO]           → conviction 32/100  |  signals 6/19
2026-06-17 10:18:48,578 [INFO]   [ 56]  ZBCN      (#148)  $0.00259       7d: +3.1%
2026-06-17 10:18:49,148 [INFO]           → conviction 3/100  |  signals 1/19
2026-06-17 10:18:49,148 [INFO]   [ 57]  2Z        (#150)  $0.07285       7d: +3.9%
2026-06-17 10:18:49,713 [INFO]           → conviction 10/100  |  signals 3/19
2026-06-17 10:18:49,714 [INFO]   [ 58]  BSV       (#155)  $12.37000      7d: +8.2%
2026-06-17 10:18:50,312 [INFO]           → conviction 13/100  |  signals 3/19
2026-06-17 10:18:50,313 [INFO]   [ 59]  B         (#157)  $0.24761       7d: +11.4%
2026-06-17 10:18:50,890 [INFO]           → conviction 21/100  |  signals 6/19
2026-06-17 10:18:50,891 [INFO]   [ 60]  JASMY     (#156)  $0.00499       7d: +8.1%
2026-06-17 10:18:51,466 [INFO]           → conviction 24/100  |  signals 5/19
2026-06-17 10:18:51,467 [INFO]   [ 61]  LDO       (#158)  $0.29216       7d: +13.0%
2026-06-17 10:18:52,033 [INFO]           → conviction 36/100  |  signals 7/19
2026-06-17 10:18:52,033 [INFO]   [ 62]  TEL       (#160)  $0.00253       7d: +9.4%
2026-06-17 10:18:55,349 [INFO]           → conviction 12/100  |  signals 4/19
2026-06-17 10:18:59,850 [INFO]   [ 63]  XPL       (#162)  $0.09358       7d: +44.0%
2026-06-17 10:19:00,439 [INFO]           → conviction 19/100  |  signals 5/19
2026-06-17 10:19:00,439 [INFO]   [ 64]  OP        (#163)  $0.10772       7d: +12.0%
2026-06-17 10:19:01,046 [INFO]           → conviction 26/100  |  signals 6/19
2026-06-17 10:19:01,047 [INFO]   [ 65]  STRK      (#164)  $0.03532       7d: +2.6%
2026-06-17 10:19:01,799 [INFO]           → conviction 16/100  |  signals 4/19
2026-06-17 10:19:01,800 [INFO]   [ 66]  KAIA      (#168)  $0.03779       7d: +5.4%
2026-06-17 10:19:02,393 [INFO]           → conviction 6/100  |  signals 2/19
2026-06-17 10:19:02,394 [INFO]   [ 67]  FF        (#169)  $0.07609       7d: -2.4%
2026-06-17 10:19:02,976 [INFO]           → conviction 10/100  |  signals 3/19
2026-06-17 10:19:02,977 [INFO]   [ 68]  ENS       (#171)  $5.36000       7d: +16.1%
2026-06-17 10:19:03,558 [INFO]           → conviction 10/100  |  signals 3/19
2026-06-17 10:19:03,558 [INFO]   [ 69]  DCR       (#172)  $12.38000      7d: +3.7%
2026-06-17 10:19:04,788 [INFO]           → conviction 3/100  |  signals 1/19
2026-06-17 10:19:04,788 [INFO]   [ 70]  IOTA      (#173)  $0.04805       7d: +8.0%
2026-06-17 10:19:05,369 [INFO]           → conviction 6/100  |  signals 2/19
2026-06-17 10:19:05,369 [INFO]   [ 71]  GRT       (#174)  $0.01990       7d: +4.3%
2026-06-17 10:19:05,970 [INFO]           → conviction 21/100  |  signals 4/19
2026-06-17 10:19:05,970 [INFO]   [ 72]  REAL      (#177)  $0.06200       7d: +12.5%
2026-06-17 10:19:09,365 [INFO]           → conviction 3/100  |  signals 1/19
2026-06-17 10:19:13,866 [INFO]   [ 73]  PIEVERSE  (#181)  $0.68569       7d: +15.7%
2026-06-17 10:19:14,458 [INFO]           → conviction 13/100  |  signals 4/19
2026-06-17 10:19:14,458 [INFO]   [ 74]  APYUSD    (#182)  $1.26000       7d: +1.9%
2026-06-17 10:19:18,135 [INFO]           → conviction 6/100  |  signals 2/19
2026-06-17 10:19:22,636 [INFO]   [ 75]  ULTIMA    (#184)  $2184.75000    7d: -5.1%
2026-06-17 10:19:26,094 [INFO]           → conviction 0/100  |  signals 0/19
2026-06-17 10:19:30,595 [INFO]   [ 76]  BTSE      (#185)  $1.12000       7d: +3.3%
2026-06-17 10:19:34,224 [INFO]           → conviction 10/100  |  signals 2/19
2026-06-17 10:19:38,725 [INFO]   [ 77]  AXS       (#188)  $0.99667       7d: +8.9%
2026-06-17 10:19:39,295 [INFO]           → conviction 6/100  |  signals 2/19
2026-06-17 10:19:39,295 [INFO]   [ 78]  SYRUP     (#190)  $0.14454       7d: +11.1%
2026-06-17 10:19:39,877 [INFO]           → conviction 21/100  |  signals 6/19
2026-06-17 10:19:39,877 [INFO]   [ 79]  TWT       (#193)  $0.40689       7d: +8.3%
2026-06-17 10:19:40,448 [INFO]           → conviction 8/100  |  signals 2/19
2026-06-17 10:19:40,449 [INFO]   [ 80]  WIF       (#194)  $0.16797       7d: +10.0%
2026-06-17 10:19:41,045 [INFO]           → conviction 24/100  |  signals 6/19
2026-06-17 10:19:41,046 [INFO]   [ 81]  MX        (#195)  $1.81000       7d: +4.4%
2026-06-17 10:19:44,899 [INFO]           → conviction 6/100  |  signals 2/19
2026-06-17 10:19:49,400 [INFO]   [ 82]  BILL      (#196)  $0.06859       7d: +3.9%
2026-06-17 10:19:50,005 [INFO]           → conviction 10/100  |  signals 3/19
2026-06-17 10:19:50,006 [INFO]   [ 83]  RAY       (#197)  $0.61661       7d: +7.6%
2026-06-17 10:19:50,885 [INFO]           → conviction 3/100  |  signals 1/19
2026-06-17 10:19:50,885 [INFO]   [ 84]  THETA     (#199)  $0.16265       7d: +8.3%
2026-06-17 10:19:51,458 [INFO]           → conviction 11/100  |  signals 3/19
2026-06-17 10:19:51,459 [INFO]   [ 85]  NEO       (#201)  $2.28000       7d: +7.0%
2026-06-17 10:19:52,025 [INFO]           → conviction 18/100  |  signals 4/19
2026-06-17 10:19:52,026 [INFO]   [ 86]  TRAC      (#206)  $0.34504       7d: +1.9%
2026-06-17 10:19:55,550 [INFO]           → conviction 2/100  |  signals 1/19
2026-06-17 10:20:00,051 [INFO]   [ 87]  ZANO      (#208)  $9.77000       7d: +9.1%
2026-06-17 10:20:03,524 [INFO]           → conviction 10/100  |  signals 3/19
2026-06-17 10:20:08,025 [INFO]   [ 88]  SAND      (#214)  $0.05294       7d: +5.9%
2026-06-17 10:20:08,591 [INFO]           → conviction 6/100  |  signals 2/19
2026-06-17 10:20:08,591 [INFO]   [ 89]  BAT       (#221)  $0.09130       7d: -2.5%
2026-06-17 10:20:09,456 [INFO]           → conviction 6/100  |  signals 2/19
2026-06-17 10:20:09,457 [INFO]   [ 90]  AR        (#222)  $2.06000       7d: +8.8%
2026-06-17 10:20:10,031 [INFO]           → conviction 18/100  |  signals 4/19
2026-06-17 10:20:10,032 [INFO]   [ 91]  FARTCOIN  (#223)  $0.13480       7d: +17.9%
2026-06-17 10:20:10,628 [INFO]           → conviction 6/100  |  signals 2/19
2026-06-17 10:20:10,628 [INFO]   [ 92]  MANA      (#225)  $0.06890       7d: +6.2%
2026-06-17 10:20:11,201 [INFO]           → conviction 13/100  |  signals 3/19
2026-06-17 10:20:11,201 [INFO]   [ 93]  TAG       (#226)  $0.00122       7d: +18.1%
2026-06-17 10:20:14,631 [INFO]           → conviction 20/100  |  signals 5/19
2026-06-17 10:20:19,132 [INFO]   [ 94]  GALA      (#228)  $0.00267       7d: +4.0%
2026-06-17 10:20:19,690 [INFO]           → conviction 3/100  |  signals 1/19
2026-06-17 10:20:19,690 [INFO]   [ 95]  APE       (#229)  $0.12837       7d: +8.5%
2026-06-17 10:20:20,277 [INFO]           → conviction 26/100  |  signals 5/19
2026-06-17 10:20:20,278 [INFO]   [ 96]  SFP       (#232)  $0.25149       7d: +9.4%
2026-06-17 10:20:21,157 [INFO]           → conviction 13/100  |  signals 3/19
2026-06-17 10:20:21,158 [INFO]   [ 97]  SHFL      (#238)  $0.29080       7d: -3.7%
2026-06-17 10:20:24,924 [INFO]           → conviction 0/100  |  signals 0/19
2026-06-17 10:20:29,426 [INFO]   [ 98]  IMX       (#239)  $0.14568       7d: +4.0%
2026-06-17 10:20:30,015 [INFO]           → conviction 6/100  |  signals 2/19
2026-06-17 10:20:30,016 [INFO]   [ 99]  S         (#240)  $0.03236       7d: +4.2%
2026-06-17 10:20:30,588 [INFO]           → conviction 11/100  |  signals 3/19
2026-06-17 10:20:30,588 [INFO]   [100]  A         (#243)  $0.07300       7d: +14.2%
2026-06-17 10:20:31,662 [INFO]           → conviction 34/100  |  signals 7/19
2026-06-17 10:20:31,662 [INFO]   [101]  KAITO     (#246)  $0.48137       7d: +13.2%
2026-06-17 10:20:32,230 [INFO]           → conviction 24/100  |  signals 6/19
2026-06-17 10:20:32,231 [INFO]   [102]  CRCLON    (#249)  $79.94000      7d: +1.3%
2026-06-17 10:20:36,121 [INFO]           → conviction 9/100  |  signals 3/19
2026-06-17 10:20:40,622 [INFO]   [103]  GOMINING  (#251)  $0.27925       7d: +10.5%
2026-06-17 10:20:44,034 [INFO]           → conviction 0/100  |  signals 0/19
2026-06-17 10:20:48,535 [INFO]   [104]  GLM       (#253)  $0.11173       7d: +4.6%
2026-06-17 10:20:49,301 [INFO]           → conviction 3/100  |  signals 1/19
2026-06-17 10:20:49,302 [INFO]   [105]  AWE       (#257)  $0.05657       7d: +2.9%
2026-06-17 10:20:49,885 [INFO]           → conviction 3/100  |  signals 1/19
2026-06-17 10:20:49,885 [INFO]   [106]  ZK        (#259)  $0.01130       7d: +8.8%
2026-06-17 10:20:50,973 [INFO]           → conviction 6/100  |  signals 2/19
2026-06-17 10:20:50,973 [INFO]   [107]  IP        (#260)  $0.30730       7d: +3.6%
2026-06-17 10:20:51,536 [INFO]           → conviction 10/100  |  signals 3/19
2026-06-17 10:20:51,536 [INFO]   [108]  BMX       (#265)  $0.30943       7d: +5.1%
2026-06-17 10:20:55,255 [INFO]           → conviction 3/100  |  signals 1/19
2026-06-17 10:20:59,756 [INFO]   [109]  AB        (#266)  $0.00106       7d: -4.6%
2026-06-17 10:21:03,381 [INFO]           → conviction 0/100  |  signals 0/19
2026-06-17 10:21:07,883 [INFO]   [110]  DRV       (#279)  $0.09952       7d: +3.5%
2026-06-17 10:21:11,474 [INFO]           → conviction 18/100  |  signals 5/19
2026-06-17 10:21:15,975 [INFO]   [111]  RIVER     (#280)  $5.05000       7d: +4.1%
2026-06-17 10:21:16,547 [INFO]           → conviction 14/100  |  signals 4/19
2026-06-17 10:21:16,547 [INFO]   [112]  GEOD      (#281)  $0.20996       7d: +30.9%
2026-06-17 10:21:19,865 [INFO]           → conviction 10/100  |  signals 3/19
2026-06-17 10:21:24,371 [INFO]   [113]  TAC       (#288)  $0.01952       7d: +16.3%
2026-06-17 10:21:24,949 [INFO]           → conviction 36/100  |  signals 7/19
2026-06-17 10:21:24,950 [INFO]   [114]  EGLD      (#289)  $2.99000       7d: +3.4%
2026-06-17 10:21:25,841 [INFO]           → conviction 3/100  |  signals 1/19
2026-06-17 10:21:25,841 [INFO]   [115]  LPT       (#290)  $1.80000       7d: +2.8%
2026-06-17 10:21:26,414 [INFO]           → conviction 19/100  |  signals 4/19
2026-06-17 10:21:26,414 [INFO]   [116]  FORM      (#291)  $0.23424       7d: +3.3%
2026-06-17 10:21:26,974 [INFO]           → conviction 6/100  |  signals 2/19
2026-06-17 10:21:26,975 [INFO]   [117]  FLUID     (#292)  $1.13000       7d: +0.7%
2026-06-17 10:21:27,553 [INFO]           → conviction 13/100  |  signals 3/19
2026-06-17 10:21:27,553 [INFO]   [118]  MAGMA     (#293)  $0.46393       7d: +3.4%
2026-06-17 10:21:28,113 [INFO]           → conviction 34/100  |  signals 5/19
2026-06-17 10:21:28,114 [INFO]   [119]  SNX       (#295)  $0.25297       7d: +4.0%
2026-06-17 10:21:28,675 [INFO]           → conviction 19/100  |  signals 4/19
2026-06-17 10:21:28,675 [INFO]   [120]  SHX       (#298)  $0.00489       7d: +11.9%
2026-06-17 10:21:32,408 [INFO]           → conviction 11/100  |  signals 4/19
2026-06-17 10:21:36,910 [INFO]   [121]  RIF       (#300)  $0.08639       7d: +50.8%
2026-06-17 10:21:37,838 [INFO]           → conviction 13/100  |  signals 4/19
2026-06-17 10:21:37,838 [INFO]   [122]  SN64      (#299)  $16.52000      7d: +19.8%
2026-06-17 10:21:41,572 [INFO]           → conviction 14/100  |  signals 3/19
2026-06-17 10:21:46,074 [INFO]   [123]  USDA      (#301)  $0.99188       7d: +0.3%
2026-06-17 10:21:49,802 [INFO]           → conviction 12/100  |  signals 4/19
2026-06-17 10:21:54,303 [INFO]   [124]  UMXM      (#303)  $1.82000       7d: +5.7%
2026-06-17 10:21:57,919 [INFO]           → conviction 6/100  |  signals 2/19
2026-06-17 10:22:02,421 [INFO]   [125]  NOCK      (#305)  $0.03818       7d: +12.7%
2026-06-17 10:22:06,242 [INFO]           → conviction 8/100  |  signals 3/19
2026-06-17 10:22:10,743 [INFO]   [126]  ZEN       (#310)  $4.56000       7d: +5.4%
2026-06-17 10:22:11,328 [INFO]           → conviction 3/100  |  signals 1/19
2026-06-17 10:22:11,329 [INFO]   [127]  WAL       (#315)  $0.03356       7d: +3.4%
2026-06-17 10:22:11,905 [INFO]           → conviction 6/100  |  signals 2/19
2026-06-17 10:22:11,905 [INFO]   [128]  QTUM      (#320)  $0.74474       7d: +7.8%
2026-06-17 10:22:12,481 [INFO]           → conviction 13/100  |  signals 3/19
2026-06-17 10:22:12,481 [INFO]   [129]  ARC       (#321)  $0.07882       7d: -3.3%
2026-06-17 10:22:13,054 [INFO]           → conviction 37/100  |  signals 6/19
2026-06-17 10:22:13,054 [INFO]   [130]  MELANIA   (#323)  $0.08257       7d: +6.0%
2026-06-17 10:22:13,619 [INFO]           → conviction 13/100  |  signals 3/19
2026-06-17 10:22:13,619 [INFO]   [131]  LINEA     (#324)  $0.00257       7d: +8.0%
2026-06-17 10:22:14,183 [INFO]           → conviction 6/100  |  signals 2/19
2026-06-17 10:22:14,183 [INFO]   [132]  DBR       (#327)  $0.01459       7d: -3.4%
2026-06-17 10:22:14,768 [INFO]           → conviction 21/100  |  signals 4/19
2026-06-17 10:22:14,768 [INFO]   [133]  BAS       (#325)  $0.03097       7d: +2.5%
2026-06-17 10:22:18,195 [INFO]           → conviction 14/100  |  signals 3/19
2026-06-17 10:22:22,696 [INFO]   [134]  BAN       (#331)  $0.07613       7d: +14.9%
2026-06-17 10:22:23,460 [INFO]           → conviction 13/100  |  signals 3/19
2026-06-17 10:22:23,460 [INFO]   [135]  ZAMA      (#330)  $0.03452       7d: +16.8%
2026-06-17 10:22:24,027 [INFO]           → conviction 32/100  |  signals 6/19
2026-06-17 10:22:24,028 [INFO]   [136]  ZRX       (#335)  $0.08892       7d: +4.0%
2026-06-17 10:22:25,149 [INFO]           → conviction 13/100  |  signals 3/19
2026-06-17 10:22:25,150 [INFO]   [137]  USELESS   (#340)  $0.07462       7d: +23.4%
2026-06-17 10:22:25,879 [INFO]           → conviction 24/100  |  signals 6/19
2026-06-17 10:22:25,880 [INFO]   [138]  GAS       (#341)  $1.14000       7d: +3.6%
2026-06-17 10:22:26,479 [INFO]           → conviction 3/100  |  signals 1/19
2026-06-17 10:22:26,479 [INFO]   [139]  BIO       (#345)  $0.03460       7d: +15.1%
2026-06-17 10:22:27,069 [INFO]           → conviction 32/100  |  signals 6/19
2026-06-17 10:22:27,070 [INFO]   [140]  AIOZ      (#344)  $0.05897       7d: +6.4%
2026-06-17 10:22:28,208 [INFO]           → conviction 3/100  |  signals 1/19
2026-06-17 10:22:28,209 [INFO]   [141]  MAG7.SSI  (#348)  $0.43127       7d: +7.0%
2026-06-17 10:22:31,585 [INFO]           → conviction 0/100  |  signals 0/19
2026-06-17 10:22:36,086 [INFO]   [142]  CYS       (#349)  $0.44673       7d: +0.2%
2026-06-17 10:22:36,642 [INFO]           → conviction 6/100  |  signals 2/19
2026-06-17 10:22:36,642 [INFO]   [143]  RVN       (#351)  $0.00437       7d: +4.9%
2026-06-17 10:22:37,217 [INFO]           → conviction 3/100  |  signals 1/19
2026-06-17 10:22:37,218 [INFO]   [144]  ORDI      (#354)  $3.37000       7d: +10.8%
2026-06-17 10:22:37,816 [INFO]           → conviction 13/100  |  signals 3/19
2026-06-17 10:22:37,816 [INFO]   [145]  TROLL     (#353)  $0.07079       7d: -0.1%
2026-06-17 10:22:41,206 [INFO]           → conviction 2/100  |  signals 1/19
2026-06-17 10:22:45,706 [INFO]   [146]  YFI       (#355)  $1967.26000    7d: +4.8%
2026-06-17 10:22:46,365 [INFO]           → conviction 8/100  |  signals 2/19
2026-06-17 10:22:46,366 [INFO]   [147]  SAFE      (#359)  $0.09358       7d: +2.7%
2026-06-17 10:22:46,960 [INFO]           → conviction 0/100  |  signals 0/19
2026-06-17 10:22:46,961 [INFO]   [148]  BERA      (#360)  $0.25221       7d: +4.0%
2026-06-17 10:22:48,085 [INFO]           → conviction 10/100  |  signals 3/19
2026-06-17 10:22:48,086 [INFO]   [149]  KSM       (#362)  $3.76000       7d: +5.4%
2026-06-17 10:22:48,671 [INFO]           → conviction 18/100  |  signals 4/19
2026-06-17 10:22:48,671 [INFO]   [150]  PURR      (#363)  $0.11567       7d: +36.1%
2026-06-17 10:23:12,890 [INFO]           → conviction 9/100  |  signals 3/19
2026-06-17 10:23:17,393 [INFO]   [151]  CHIP      (#365)  $0.03441       7d: +1.6%
2026-06-17 10:23:17,981 [INFO]           → conviction 10/100  |  signals 2/19
2026-06-17 10:23:17,981 [INFO]   [152]  JCT       (#364)  $0.00593       7d: -0.3%
2026-06-17 10:23:18,558 [INFO]           → conviction 3/100  |  signals 1/19
2026-06-17 10:23:18,558 [INFO]   [153]  KNTQ      (#369)  $0.23765       7d: +8.7%
2026-06-17 10:23:22,256 [INFO]           → conviction 6/100  |  signals 2/19
2026-06-17 10:23:26,758 [INFO]   [154]  METAL     (#371)  $0.12970       7d: +0.0%
2026-06-17 10:23:30,514 [INFO]           → conviction 5/100  |  signals 1/19
2026-06-17 10:23:35,015 [INFO]   [155]  XPR       (#373)  $0.00228       7d: +6.7%
2026-06-17 10:23:38,694 [INFO]           → conviction 5/100  |  signals 1/19
2026-06-17 10:23:43,195 [INFO]   [156]  LBT       (#374)  $0.26576       7d: +10.8%
2026-06-17 10:23:46,876 [INFO]           → skip (flatliner: ATR 0.33% / BB 5.43%)
2026-06-17 10:23:51,377 [INFO]   [157]  SHOW      (#375)  $2.48000       7d: +51.8%
2026-06-17 10:23:54,839 [INFO]           → conviction 27/100  |  signals 6/19
2026-06-17 10:23:59,340 [INFO]   [158]  DOG       (#379)  $0.00064       7d: +5.8%
2026-06-17 10:23:59,614 [WARNING]           → skip DOG: OHLCV data is stale (>8h old or duplicates)
2026-06-17 10:23:59,614 [INFO]   [159]  ENJ       (#380)  $0.03232       7d: +13.0%
2026-06-17 10:24:00,217 [INFO]           → conviction 16/100  |  signals 4/19
2026-06-17 10:24:00,217 [INFO]   [160]  0G        (#381)  $0.29894       7d: +2.9%
2026-06-17 10:24:00,795 [INFO]           → conviction 6/100  |  signals 2/19
2026-06-17 10:24:00,795 [INFO]   [161]  ZIL       (#383)  $0.00324       7d: +7.0%
2026-06-17 10:24:01,389 [INFO]           → conviction 6/100  |  signals 2/19
2026-06-17 10:24:01,390 [INFO]   [162]  JELLYJELLY  (#389)  $0.06294       7d: +11.2%
2026-06-17 10:24:01,986 [INFO]           → conviction 21/100  |  signals 5/19
2026-06-17 10:24:01,987 [INFO]   [163]  TFUEL     (#393)  $0.00847       7d: +4.2%
2026-06-17 10:24:02,854 [INFO]           → conviction 10/100  |  signals 3/19
2026-06-17 10:24:02,855 [INFO]   [164]  IO        (#394)  $0.17845       7d: +4.7%
2026-06-17 10:24:03,598 [INFO]           → conviction 13/100  |  signals 3/19
2026-06-17 10:24:03,599 [INFO]   [165]  SN4       (#396)  $12.63000      7d: +19.2%
2026-06-17 10:24:07,294 [INFO]           → conviction 6/100  |  signals 2/19
2026-06-17 10:24:11,795 [INFO]   [166]  CARDS     (#397)  $0.23932       7d: +36.8%
2026-06-17 10:24:15,523 [INFO]           → conviction 11/100  |  signals 4/19
2026-06-17 10:24:20,024 [INFO]   [167]  COAI      (#398)  $0.32843       7d: +44.4%
2026-06-17 10:24:20,613 [INFO]           → conviction 24/100  |  signals 6/19
2026-06-17 10:24:20,613 [INFO]   [168]  MEGA      (#400)  $0.05444       7d: +19.9%
2026-06-17 10:24:21,200 [INFO]           → conviction 16/100  |  signals 4/19
2026-06-17 10:24:21,200 [INFO]   [169]  SUPER     (#401)  $0.09592       7d: +3.8%
2026-06-17 10:24:21,776 [INFO]           → conviction 3/100  |  signals 1/19
2026-06-17 10:24:21,777 [INFO]   [170]  GMX       (#402)  $5.88000       7d: +7.4%
2026-06-17 10:24:22,372 [INFO]           → conviction 8/100  |  signals 2/19
2026-06-17 10:24:22,372 [INFO]   [171]  VELO      (#403)  $0.00345       7d: +3.0%
2026-06-17 10:24:23,502 [INFO]           → conviction 6/100  |  signals 2/19
2026-06-17 10:24:23,502 [INFO]   [172]  MET       (#406)  $0.11372       7d: +10.4%
2026-06-17 10:24:24,094 [INFO]           → conviction 11/100  |  signals 3/19
2026-06-17 10:24:24,094 [INFO]   [173]  NMR       (#407)  $8.56000       7d: +0.8%
2026-06-17 10:24:24,669 [INFO]           → conviction 6/100  |  signals 2/19
2026-06-17 10:24:24,670 [INFO]   [174]  SOON      (#411)  $0.17442       7d: +3.2%
2026-06-17 10:24:25,227 [INFO]           → conviction 16/100  |  signals 4/19
2026-06-17 10:24:25,228 [INFO]   [175]  W         (#412)  $0.00979       7d: +9.6%
2026-06-17 10:24:25,813 [INFO]           → conviction 6/100  |  signals 2/19
2026-06-17 10:24:25,814 [INFO]   [176]  BABY      (#413)  $0.01590       7d: -2.1%
2026-06-17 10:24:26,912 [INFO]           → conviction 3/100  |  signals 1/19
2026-06-17 10:24:26,913 [INFO]   [177]  SPK       (#416)  $0.02072       7d: -0.3%
2026-06-17 10:24:27,496 [INFO]           → conviction 13/100  |  signals 4/19
2026-06-17 10:24:27,497 [INFO]   [178]  SQD       (#419)  $0.05367       7d: +56.9%
2026-06-17 10:24:28,061 [INFO]           → conviction 36/100  |  signals 7/19
2026-06-17 10:24:28,061 [INFO]   [179]  DIEM      (#421)  $1547.36000    7d: +17.0%
2026-06-17 10:24:31,509 [INFO]           → conviction 18/100  |  signals 4/19
2026-06-17 10:24:36,010 [INFO]   [180]  HOT       (#426)  $0.00032       7d: +0.1%
2026-06-17 10:24:36,880 [INFO]           → conviction 11/100  |  signals 3/19
2026-06-17 10:24:36,881 [INFO]   [181]  AXL       (#430)  $0.04759       7d: +13.1%
2026-06-17 10:24:37,468 [INFO]           → conviction 31/100  |  signals 7/19
2026-06-17 10:24:37,469 [INFO]   [182]  MINA      (#427)  $0.04366       7d: +4.8%
2026-06-17 10:24:38,199 [INFO]           → conviction 10/100  |  signals 3/19
2026-06-17 10:24:38,200 [INFO]   [183]  ZETA      (#428)  $0.03855       7d: +10.0%
2026-06-17 10:24:38,784 [INFO]           → conviction 8/100  |  signals 2/19
2026-06-17 10:24:38,784 [INFO]   [184]  FXUSD     (#431)  $1.00200       7d: +0.5%
2026-06-17 10:24:42,580 [INFO]           → skip (flatliner: ATR 1.31% / BB 0.29%)
2026-06-17 10:24:47,081 [INFO]   [185]  CKB       (#432)  $0.00113       7d: +6.7%
2026-06-17 10:24:47,652 [INFO]           → conviction 3/100  |  signals 1/19
2026-06-17 10:24:47,652 [INFO]   [186]  DUSK      (#434)  $0.09372       7d: +9.3%
2026-06-17 10:24:48,230 [INFO]           → conviction 6/100  |  signals 2/19
2026-06-17 10:24:48,231 [INFO]   [187]  TOSHI     (#435)  $0.00013       7d: +9.5%
2026-06-17 10:24:51,680 [INFO]           → conviction 11/100  |  signals 3/19
2026-06-17 10:24:56,181 [INFO]   [188]  IDOL      (#436)  $0.02935       7d: +2.1%
2026-06-17 10:24:59,915 [INFO]           → conviction 6/100  |  signals 1/19
2026-06-17 10:25:04,416 [INFO]   [189]  QFI       (#438)  $54.59000      7d: +2.4%
2026-06-17 10:25:08,041 [INFO]           → conviction 8/100  |  signals 3/19
2026-06-17 10:25:12,542 [INFO]   [190]  ELF       (#444)  $0.06468       7d: +0.8%
2026-06-17 10:25:13,443 [WARNING]           → skip ELF: OHLCV data is stale (>8h old or duplicates)
2026-06-17 10:25:13,443 [INFO]   [191]  OPEN      (#447)  $0.24425       7d: +16.3%
2026-06-17 10:25:14,188 [INFO]           → conviction 32/100  |  signals 8/19
2026-06-17 10:25:14,189 [INFO]   [192]  SUSHI     (#448)  $0.19271       7d: +11.9%
2026-06-17 10:25:15,302 [INFO]           → conviction 16/100  |  signals 5/19
2026-06-17 10:25:15,303 [INFO]   [193]  BLUR      (#451)  $0.01834       7d: +4.4%
2026-06-17 10:25:16,416 [INFO]           → conviction 6/100  |  signals 2/19
2026-06-17 10:25:16,417 [INFO]   [194]  KAVA      (#453)  $0.04719       7d: +13.4%
2026-06-17 10:25:16,987 [INFO]           → conviction 21/100  |  signals 5/19
2026-06-17 10:25:16,988 [INFO]   [195]  FOGO      (#459)  $0.01302       7d: +14.8%
2026-06-17 10:25:17,556 [INFO]           → conviction 6/100  |  signals 2/19
2026-06-17 10:25:17,556 [INFO]   [196]  ASTR      (#461)  $0.00573       7d: +5.8%
2026-06-17 10:25:18,195 [INFO]           → conviction 3/100  |  signals 1/19
2026-06-17 10:25:18,195 [INFO]   [197]  MOVE      (#463)  $0.01242       7d: -4.3%
2026-06-17 10:25:18,756 [INFO]           → conviction 19/100  |  signals 5/19
2026-06-17 10:25:18,756 [INFO]   [198]  NVDAON    (#465)  $208.25000     7d: +1.2%
2026-06-17 10:25:22,324 [INFO]           → conviction 4/100  |  signals 2/19
2026-06-17 10:25:26,825 [INFO]   [199]  HOLO      (#467)  $0.06778       7d: +7.3%
2026-06-17 10:25:27,391 [INFO]           → conviction 21/100  |  signals 5/19
2026-06-17 10:25:27,391 [INFO]   [200]  APR       (#464)  $0.19889       7d: -3.5%
2026-06-17 10:25:27,960 [INFO]           → conviction 13/100  |  signals 4/19
2026-06-17 10:25:27,960 [INFO]   [201]  FLOW      (#471)  $0.02939       7d: +9.3%
2026-06-17 10:25:28,533 [INFO]           → conviction 10/100  |  signals 3/19
2026-06-17 10:25:28,534 [INFO]   [202]  RON       (#470)  $0.06343       7d: +6.1%
2026-06-17 10:25:32,267 [INFO]           → conviction 10/100  |  signals 3/19
2026-06-17 10:25:36,769 [INFO]   [203]  ONT       (#475)  $0.04824       7d: +3.6%
2026-06-17 10:25:37,396 [INFO]           → conviction 8/100  |  signals 2/19
2026-06-17 10:25:37,396 [INFO]   [204]  PEAQ      (#476)  $0.02150       7d: -3.5%
2026-06-17 10:25:37,958 [INFO]           → conviction 3/100  |  signals 1/19
2026-06-17 10:25:37,959 [INFO]   [205]  DGB       (#478)  $0.00263       7d: +7.3%
2026-06-17 10:25:38,847 [INFO]           → conviction 6/100  |  signals 2/19
2026-06-17 10:25:38,848 [INFO]   [206]  SN44      (#477)  $10.08000      7d: +22.0%
2026-06-17 10:25:42,523 [INFO]           → conviction 13/100  |  signals 3/19
2026-06-17 10:25:47,025 [INFO]   [207]  AZTEC     (#483)  $0.01607       7d: +5.5%
2026-06-17 10:25:47,581 [INFO]           → conviction 8/100  |  signals 2/19
2026-06-17 10:25:47,582 [INFO]   [208]  SN51      (#486)  $11.49000      7d: +18.5%
2026-06-17 10:25:51,291 [INFO]           → conviction 8/100  |  signals 3/19
2026-06-17 10:25:55,792 [INFO]   [209]  SN120     (#488)  $13.92000      7d: +19.6%
2026-06-17 10:25:59,503 [INFO]           → conviction 18/100  |  signals 4/19
2026-06-17 10:26:04,004 [INFO]   [210]  AMP       (#489)  $0.00054       7d: +2.8%
2026-06-17 10:26:04,884 [INFO]           → conviction 19/100  |  signals 5/19
2026-06-17 10:26:04,884 [INFO]   [211]  ROBO      (#493)  $0.02043       7d: +0.4%
2026-06-17 10:26:05,470 [INFO]           → conviction 3/100  |  signals 1/19
2026-06-17 10:26:05,470 [INFO]   [212]  PNUT      (#495)  $0.04492       7d: +9.0%
2026-06-17 10:26:06,044 [INFO]           → conviction 18/100  |  signals 4/19
2026-06-17 10:26:06,044 [INFO]   [213]  XVS       (#496)  $2.66000       7d: +9.9%
2026-06-17 10:26:06,612 [INFO]           → conviction 23/100  |  signals 5/19
2026-06-17 10:26:06,612 [INFO]   [214]  GUA       (#491)  $0.99124       7d: +43.9%
2026-06-17 10:26:10,067 [INFO]           → conviction 9/100  |  signals 3/19
2026-06-17 10:26:14,568 [INFO]   [215]  CRCLX     (#498)  $80.08000      7d: +0.3%
2026-06-17 10:26:18,272 [INFO]           → conviction 6/100  |  signals 2/19
2026-06-17 10:26:22,773 [INFO]   [216]  CROSS     (#499)  $0.10079       7d: +15.7%
2026-06-17 10:26:23,333 [INFO]           → conviction 6/100  |  signals 2/19
2026-06-17 10:26:23,333 [INFO]   [217]  GPS       (#500)  $0.01002       7d: +45.2%
2026-06-17 10:26:24,111 [INFO]           → conviction 19/100  |  signals 5/19
2026-06-17 10:26:24,116 [INFO] 
[5/5] Building trade plan report...
2026-06-17 10:26:24,116 [INFO]   Raw candidates found: 0
2026-06-17 10:26:24,116 [INFO] [5/5] Checking major leverage opportunities (BTC/ETH/SOL)...
2026-06-17 10:26:24,116 [INFO]   Major leverage: 0 opportunity(s) found
2026-06-17 10:26:24,118 [INFO] 
================================================================================
  CRYPTO SPOT SCANNER — TRADE PLAN REPORT
  Generated: 2026-06-17 10:26:24
================================================================================

MARKET CONTEXT
----------------------------------------
  BTC Price    :  $   64,905.30
  BTC 7-day    :     +6.41%
  BTC 24-hour  :     -2.34%
  ETH 7-day    :     +9.20%
  BTC Dominance:      56.2%
  Regime       :  🟢 BULL

ACCOUNT
----------------------------------------
  Balance       : $   96,313.06 USDT
  Risk / trade  : 1.5%  ($1,445 USDT per trade)
  Max positions : 8
  Max heat      : 12.0%

================================================================================
  NO QUALIFYING SETUPS FOUND

  All scanned tokens failed to meet the minimum conviction threshold.
  This means market conditions are not favorable right now.

  RECOMMENDATION: Stay in USDT. Wait for the next scan.
  Patience is a trading edge. Forcing trades loses money.
================================================================================

WATCHLIST  — tokens building momentum, not ready to enter yet
----------------------------------------
  ⏳ = needs 1 more confirmation scan  |  ↗ = conviction rising  |  ↘ = fading
  Monitor all. Enter only after a fresh scan confirms conviction ≥ threshold.

  #     SYMBOL     RANK         PRICE      7d%   CONV  SIGS  TREND  KEY SIGNALS
  ----  ---------  ----  ------------  -------  -----  ----  -----  ----------------------------
  1     🔹ARC       #321  $0.07882         -3.3%    37     6      →  whale_candles, rsi_divergence, rs_acceleration +3
  2     🔹LDO       #158  $0.29216        +13.0%    36     7      →  whale_candles, cmf, rs_vs_btc +4
  3     🔹TAC       #288  $0.01952        +16.3%    36     7      →  whale_candles, cmf, rs_vs_btc +4
  4     🔹SQD       #419  $0.05367        +56.9%    36     7      ↗  whale_candles, cmf, rs_vs_btc +4
  5     🔹A         #243  $0.07300        +14.2%    34     7      →  macd_turning, stealth_accum, bb_squeeze +4
  6     🔹MAGMA     #293  $0.46393         +3.4%    34     5      →  whale_candles, rsi_divergence, rs_acceleration +2
  7     🔹CFX       #145  $0.04987        +12.8%    32     6      →  whale_candles, cmf, rs_vs_btc +3
  8     🔹ZAMA      #330  $0.03452        +16.8%    32     6      →  whale_candles, cmf, rs_vs_btc +3
  9     🔹BIO       #345  $0.03460        +15.1%    32     6      →  whale_candles, cmf, rs_vs_btc +3
  10    🔹OPEN      #447  $0.24425        +16.3%    32     8      →  stealth_accum, bb_squeeze, rs_vs_btc +5

--------------------------------------------------------------------------------
2026-06-17 10:26:24,122 [INFO] 
  Report  → C:\Users\bruno\OneDrive\Ambiente de Trabalho\Workspace\crypto scanner\crypto-scanner\outputs\scanner-results\spot_trade_plan_LATEST.txt
2026-06-17 10:26:24,123 [INFO]   JSON    → C:\Users\bruno\OneDrive\Ambiente de Trabalho\Workspace\crypto scanner\crypto-scanner\outputs\scanner-results\spot_trade_plan_LATEST.json
2026-06-17 10:26:24,123 [INFO]   Log     → C:\Users\bruno\OneDrive\Ambiente de Trabalho\Workspace\crypto scanner\crypto-scanner\outputs\logs\orchestrator_20260617.log
2026-06-17 10:26:24,123 [INFO] 
  Done.  0 high-conviction setup(s) found.
2026-06-17 19:21:40,789 [INFO]   Live Bybit balance: 96,313.06 USDT
2026-06-17 19:21:40,797 [INFO] 
2026-06-17 19:21:40,801 [INFO] ================================================================================
2026-06-17 19:21:40,802 [INFO]   CRYPTO MASTER ORCHESTRATOR v2.1
2026-06-17 19:21:40,802 [INFO]   18-signal engine | funding rate | corr filter | volume source tagging
2026-06-17 19:21:40,804 [INFO] ================================================================================
2026-06-17 19:21:40,804 [INFO]   Account: $96,313.06 USDT  |  Risk/trade: 1.5%  |  Max positions: 8
2026-06-17 19:21:40,804 [INFO] 
2026-06-17 19:21:40,818 [INFO] [1/5] Analyzing market regime...
2026-06-17 19:21:40,824 [INFO] Fetching market context (Bybit klines primary)...
2026-06-17 19:21:41,893 [INFO]   [Bybit] BTC: $65,470 | 7d: +5.7%  ETH 7d: +8.7%  Dominance: 56.2% | Regime: 🟢 BULL
2026-06-17 19:21:41,896 [INFO]   🟢 BULL — normal parameters apply
2026-06-17 19:21:41,902 [INFO] [2/5] Fetching BTC historical data...
2026-06-17 19:21:44,259 [INFO]   BTC data: OK
2026-06-17 19:21:48,762 [INFO] [3/5] Fetching top 500 coins...
2026-06-17 19:21:48,778 [INFO] Fetching top 500 coins by market cap...
2026-06-17 19:21:50,783 [INFO]   Fetched 500 coins
2026-06-17 19:21:50,801 [INFO]   Fetched 500 coins
2026-06-17 19:21:50,804 [INFO] [4/5] Scanning for high-conviction setups...
2026-06-17 19:21:50,805 [INFO]   Filters: Rank 20–500  |  Vol ≥ $500,000  |  Min conviction: 45
2026-06-17 19:21:50,807 [INFO] 
2026-06-17 19:21:50,819 [INFO]   [  1]  XMR       (# 20)  $335.48000     7d: +3.8%
2026-06-17 19:21:51,735 [INFO]           → conviction 14/100  |  signals 3/19
2026-06-17 19:21:51,737 [INFO]   [  2]  LINK      (# 21)  $8.20000       7d: +6.2%
2026-06-17 19:21:52,348 [INFO]           → conviction 11/100  |  signals 3/19
2026-06-17 19:21:52,348 [INFO]   [  3]  GRAM      (# 24)  $1.65000       7d: -1.0%
2026-06-17 19:21:56,206 [INFO]           → conviction 22/100  |  signals 6/19
2026-06-17 19:22:00,708 [INFO]   [  4]  BCH       (# 25)  $214.34000     7d: +7.7%
2026-06-17 19:22:01,331 [INFO]           → conviction 21/100  |  signals 5/19
2026-06-17 19:22:01,333 [INFO]   [  5]  LAB       (# 27)  $13.11000      7d: +64.7%
2026-06-17 19:22:01,966 [INFO]           → conviction 18/100  |  signals 5/19
2026-06-17 19:22:01,970 [INFO]   [  6]  M         (# 28)  $2.95000       7d: +4.9%
2026-06-17 19:22:02,606 [INFO]           → conviction 13/100  |  signals 4/19
2026-06-17 19:22:02,607 [INFO]   [  7]  HBAR      (# 29)  $0.08067       7d: +2.9%
2026-06-17 19:22:03,247 [INFO]           → conviction 3/100  |  signals 1/19
2026-06-17 19:22:03,249 [INFO]   [  8]  LTC       (# 30)  $45.35000      7d: +7.1%
2026-06-17 19:22:03,865 [INFO]           → conviction 11/100  |  signals 3/19
2026-06-17 19:22:03,865 [INFO]   [  9]  USYC      (# 32)  $1.13000       7d: +0.0%
2026-06-17 19:22:06,973 [WARNING]           → skip USYC: OHLCV data is stale (>8h old or duplicates)
2026-06-17 19:22:11,475 [INFO]   [ 10]  NEAR      (# 33)  $2.29000       7d: +11.5%
2026-06-17 19:22:12,108 [INFO]           → conviction 16/100  |  signals 4/19
2026-06-17 19:22:12,108 [INFO]   [ 11]  CRO       (# 37)  $0.05969       7d: +0.2%
2026-06-17 19:22:12,734 [INFO]           → conviction 3/100  |  signals 1/19
2026-06-17 19:22:12,734 [INFO]   [ 12]  WLD       (# 42)  $0.66181       7d: +49.4%
2026-06-17 19:22:13,364 [INFO]           → conviction 23/100  |  signals 6/19
2026-06-17 19:22:13,369 [INFO]   [ 13]  UNI       (# 44)  $3.27000       7d: +33.0%
2026-06-17 19:22:14,016 [INFO]           → conviction 36/100  |  signals 7/19
2026-06-17 19:22:14,018 [INFO]   [ 14]  WLFI      (# 45)  $0.06143       7d: +3.5%
2026-06-17 19:22:14,813 [INFO]           → conviction 10/100  |  signals 3/19
2026-06-17 19:22:14,813 [INFO]   [ 15]  ASTER     (# 47)  $0.72462       7d: +16.8%
2026-06-17 19:22:15,625 [INFO]           → conviction 34/100  |  signals 7/19
2026-06-17 19:22:15,625 [INFO]   [ 16]  MNT       (# 48)  $0.55238       7d: +3.5%
2026-06-17 19:22:16,246 [INFO]           → conviction 3/100  |  signals 1/19
2026-06-17 19:22:16,246 [INFO]   [ 17]  DOT       (# 50)  $1.02000       7d: +10.0%
2026-06-17 19:22:16,900 [INFO]           → conviction 18/100  |  signals 5/19
2026-06-17 19:22:16,901 [INFO]   [ 18]  OKB       (# 52)  $74.49000      7d: +5.2%
2026-06-17 19:22:17,537 [INFO]           → conviction 11/100  |  signals 3/19
2026-06-17 19:22:17,537 [INFO]   [ 19]  PI        (# 55)  $0.13144       7d: +5.3%
2026-06-17 19:22:21,045 [INFO]           → conviction 2/100  |  signals 1/19
2026-06-17 19:22:25,547 [INFO]   [ 20]  SKY       (# 57)  $0.05832       7d: +4.8%
2026-06-17 19:22:26,328 [INFO]           → conviction 23/100  |  signals 5/19
2026-06-17 19:22:26,328 [INFO]   [ 21]  ICP       (# 58)  $2.39000       7d: +6.9%
2026-06-17 19:22:26,982 [INFO]           → conviction 19/100  |  signals 4/19
2026-06-17 19:22:26,982 [INFO]   [ 22]  BGB       (# 60)  $1.81000       7d: +2.4%
2026-06-17 19:22:30,857 [INFO]           → conviction 8/100  |  signals 2/19
2026-06-17 19:22:35,359 [INFO]   [ 23]  ETC       (# 64)  $7.34000       7d: +5.4%
2026-06-17 19:22:35,995 [INFO]           → conviction 11/100  |  signals 3/19
2026-06-17 19:22:35,995 [INFO]   [ 24]  QNT       (# 65)  $70.85000      7d: +8.7%
2026-06-17 19:22:36,644 [INFO]           → conviction 14/100  |  signals 4/19
2026-06-17 19:22:36,646 [INFO]   [ 25]  ATOM      (# 67)  $1.96000       7d: +9.1%
2026-06-17 19:22:37,262 [INFO]           → conviction 6/100  |  signals 2/19
2026-06-17 19:22:37,262 [INFO]   [ 26]  KCS       (# 69)  $7.28000       7d: +11.8%
2026-06-17 19:22:40,706 [INFO]           → conviction 9/100  |  signals 3/19
2026-06-17 19:22:45,209 [INFO]   [ 27]  RENDER    (# 73)  $1.71000       7d: +10.9%
2026-06-17 19:22:45,836 [INFO]           → conviction 14/100  |  signals 4/19
2026-06-17 19:22:45,836 [INFO]   [ 28]  KAS       (# 74)  $0.03189       7d: +4.7%
2026-06-17 19:22:46,461 [INFO]           → conviction 6/100  |  signals 2/19
2026-06-17 19:22:46,461 [INFO]   [ 29]  ALGO      (# 75)  $0.09794       7d: +9.2%
2026-06-17 19:22:47,132 [INFO]           → conviction 13/100  |  signals 4/19
2026-06-17 19:22:47,134 [INFO]   [ 30]  ENA       (# 77)  $0.09334       7d: +24.0%
2026-06-17 19:22:47,755 [INFO]           → conviction 6/100  |  signals 2/19
2026-06-17 19:22:47,755 [INFO]   [ 31]  POL       (# 78)  $0.07713       7d: +5.8%
2026-06-17 19:22:48,378 [INFO]           → conviction 14/100  |  signals 4/19
2026-06-17 19:22:48,378 [INFO]   [ 32]  STABLE    (# 80)  $0.03345       7d: -0.9%
2026-06-17 19:22:49,006 [INFO]           → conviction 6/100  |  signals 1/19
2026-06-17 19:22:49,006 [INFO]   [ 33]  VVV       (# 81)  $16.11000      7d: +20.7%
2026-06-17 19:22:49,645 [INFO]           → conviction 23/100  |  signals 5/19
2026-06-17 19:22:49,645 [INFO]   [ 34]  GT        (# 82)  $6.77000       7d: +7.7%
2026-06-17 19:22:53,059 [INFO]           → conviction 5/100  |  signals 2/19
2026-06-17 19:22:57,561 [INFO]   [ 35]  JST       (# 83)  $0.08275       7d: +3.1%
2026-06-17 19:22:58,211 [INFO]           → conviction 8/100  |  signals 2/19
2026-06-17 19:22:58,211 [INFO]   [ 36]  币安人生      (# 86)  $0.67496       7d: -3.0%
2026-06-17 19:22:59,134 [INFO]           → conviction 16/100  |  signals 4/19
2026-06-17 19:22:59,134 [INFO]   [ 37]  FLR       (# 87)  $0.00765       7d: +10.6%
2026-06-17 19:22:59,790 [INFO]           → conviction 6/100  |  signals 2/19
2026-06-17 19:22:59,790 [INFO]   [ 38]  FIL       (# 88)  $0.80695       7d: +8.2%
2026-06-17 19:23:00,418 [INFO]           → conviction 14/100  |  signals 4/19
2026-06-17 19:23:00,418 [INFO]   [ 39]  JUP       (# 89)  $0.19103       7d: +26.4%
2026-06-17 19:23:01,032 [INFO]           → conviction 23/100  |  signals 6/19
2026-06-17 19:23:01,032 [INFO]   [ 40]  BDX       (# 90)  $0.07985       7d: -0.4%
2026-06-17 19:23:04,536 [INFO]           → conviction 3/100  |  signals 1/19
2026-06-17 19:23:09,039 [INFO]   [ 41]  ARB       (# 96)  $0.08661       7d: +9.6%
2026-06-17 19:23:09,657 [INFO]           → conviction 39/100  |  signals 7/19
2026-06-17 19:23:09,659 [INFO]   [ 42]  INJ       (# 97)  $5.49000       7d: +6.4%
2026-06-17 19:23:10,272 [INFO]           → conviction 16/100  |  signals 4/19
2026-06-17 19:23:10,272 [INFO]   [ 43]  PUMP      (# 99)  $0.00150       7d: +5.4%
2026-06-17 19:23:11,224 [INFO]           → conviction 10/100  |  signals 3/19
2026-06-17 19:23:11,232 [INFO]   [ 44]  NIGHT     (#101)  $0.03090       7d: +0.9%
2026-06-17 19:23:11,855 [INFO]           → conviction 6/100  |  signals 2/19
2026-06-17 19:23:11,855 [INFO]   [ 45]  ADI       (#105)  $3.88000       7d: +4.1%
2026-06-17 19:23:15,326 [INFO]           → skip (flatliner: ATR 0.46% / BB 0.90%)
2026-06-17 19:23:19,827 [INFO]   [ 46]  AERO      (#106)  $0.50620       7d: +50.9%
2026-06-17 19:23:20,451 [INFO]           → conviction 21/100  |  signals 6/19
2026-06-17 19:23:20,451 [INFO]   [ 47]  DASH      (#108)  $37.00000      7d: +7.3%
2026-06-17 19:23:21,094 [INFO]           → conviction 14/100  |  signals 4/19
2026-06-17 19:23:21,094 [INFO]   [ 48]  FET       (#109)  $0.20625       7d: +6.4%
2026-06-17 19:23:22,073 [INFO]           → conviction 10/100  |  signals 3/19
2026-06-17 19:23:22,073 [INFO]   [ 49]  LIT       (#111)  $1.86000       7d: +25.2%
2026-06-17 19:23:22,703 [INFO]           → conviction 18/100  |  signals 5/19
2026-06-17 19:23:22,703 [INFO]   [ 50]  TRUMP     (#112)  $1.92000       7d: +15.6%
2026-06-17 19:23:23,712 [INFO]           → conviction 24/100  |  signals 5/19
2026-06-17 19:23:23,716 [INFO]   [ 51]  PENGU     (#113)  $0.00715       7d: +9.0%
2026-06-17 19:23:24,332 [INFO]           → conviction 18/100  |  signals 5/19
2026-06-17 19:23:24,334 [INFO]   [ 52]  CAKE      (#114)  $1.38000       7d: +6.0%
2026-06-17 19:23:25,463 [INFO]           → conviction 6/100  |  signals 2/19
2026-06-17 19:23:25,465 [INFO]   [ 53]  VET       (#115)  $0.00507       7d: +6.7%
2026-06-17 19:23:26,084 [INFO]           → conviction 3/100  |  signals 1/19
2026-06-17 19:23:26,084 [INFO]   [ 54]  KITE      (#117)  $0.18492       7d: +8.4%
2026-06-17 19:23:26,723 [INFO]           → conviction 3/100  |  signals 1/19
2026-06-17 19:23:26,725 [INFO]   [ 55]  SPX       (#119)  $0.44599       7d: +43.0%
2026-06-17 19:23:27,826 [INFO]           → conviction 32/100  |  signals 6/19
2026-06-17 19:23:27,827 [INFO]   [ 56]  VIRTUAL   (#121)  $0.61528       7d: +10.2%
2026-06-17 19:23:28,467 [INFO]           → conviction 16/100  |  signals 4/19
2026-06-17 19:23:28,467 [INFO]   [ 57]  APXUSD    (#123)  $0.92146       7d: -4.7%
2026-06-17 19:23:31,916 [INFO]           → conviction 8/100  |  signals 1/19
2026-06-17 19:23:36,418 [INFO]   [ 58]  TIA       (#125)  $0.39913       7d: +26.2%
2026-06-17 19:23:37,068 [INFO]           → conviction 18/100  |  signals 5/19
2026-06-17 19:23:37,073 [INFO]   [ 59]  SEI       (#126)  $0.05514       7d: +17.2%
2026-06-17 19:23:37,697 [INFO]           → conviction 24/100  |  signals 6/19
2026-06-17 19:23:37,699 [INFO]   [ 60]  STX       (#128)  $0.19199       7d: +7.9%
2026-06-17 19:23:38,308 [INFO]           → conviction 18/100  |  signals 5/19
2026-06-17 19:23:38,310 [INFO]   [ 61]  JTO       (#130)  $0.72435       7d: +24.5%
2026-06-17 19:23:38,936 [INFO]           → conviction 13/100  |  signals 4/19
2026-06-17 19:23:38,936 [INFO]   [ 62]  ETHFI     (#132)  $0.36664       7d: +22.3%
2026-06-17 19:23:39,577 [INFO]           → conviction 39/100  |  signals 8/19
2026-06-17 19:23:39,577 [INFO]   [ 63]  SUN       (#135)  $0.01717       7d: -0.0%
2026-06-17 19:23:40,720 [INFO]           → conviction 3/100  |  signals 1/19
2026-06-17 19:23:40,722 [INFO]   [ 64]  PYTH      (#136)  $0.03970       7d: +25.6%
2026-06-17 19:23:41,342 [INFO]           → conviction 19/100  |  signals 4/19
2026-06-17 19:23:41,342 [INFO]   [ 65]  GRASS     (#139)  $0.47990       7d: +41.2%
2026-06-17 19:23:41,965 [INFO]           → conviction 21/100  |  signals 5/19
2026-06-17 19:23:41,965 [INFO]   [ 66]  GNO       (#140)  $105.44000     7d: +11.3%
2026-06-17 19:23:42,257 [WARNING]           → skip GNO: OHLCV data is stale (>8h old or duplicates)
2026-06-17 19:23:42,258 [INFO]   [ 67]  ZRO       (#145)  $1.03900       7d: +25.4%
2026-06-17 19:23:42,884 [INFO]           → conviction 13/100  |  signals 4/19
2026-06-17 19:23:42,884 [INFO]   [ 68]  MON       (#147)  $0.02214       7d: +5.6%
2026-06-17 19:23:43,525 [INFO]           → conviction 18/100  |  signals 4/19
2026-06-17 19:23:43,525 [INFO]   [ 69]  2Z        (#148)  $0.07510       7d: +8.9%
2026-06-17 19:23:44,151 [INFO]           → conviction 11/100  |  signals 3/19
2026-06-17 19:23:44,151 [INFO]   [ 70]  ZBCN      (#149)  $0.00265       7d: +2.2%
2026-06-17 19:23:44,757 [INFO]           → conviction 16/100  |  signals 4/19
2026-06-17 19:23:44,757 [INFO]   [ 71]  PENDLE    (#152)  $1.47000       7d: +21.5%
2026-06-17 19:23:45,388 [INFO]           → conviction 36/100  |  signals 7/19
2026-06-17 19:23:45,388 [INFO]   [ 72]  BSV       (#154)  $12.38000      7d: +9.0%
2026-06-17 19:23:46,002 [INFO]           → conviction 11/100  |  signals 3/19
2026-06-17 19:23:46,003 [INFO]   [ 73]  JASMY     (#155)  $0.00500       7d: +8.2%
2026-06-17 19:23:46,636 [INFO]           → conviction 18/100  |  signals 4/19
2026-06-17 19:23:46,638 [INFO]   [ 74]  TEL       (#160)  $0.00251       7d: +6.0%
2026-06-17 19:23:50,029 [INFO]           → conviction 10/100  |  signals 3/19
2026-06-17 19:23:54,533 [INFO]   [ 75]  AKT       (#161)  $0.80065       7d: +36.1%
2026-06-17 19:23:55,167 [INFO]           → conviction 14/100  |  signals 4/19
2026-06-17 19:23:55,169 [INFO]   [ 76]  STRK      (#163)  $0.03525       7d: +2.2%
2026-06-17 19:23:55,784 [INFO]           → conviction 3/100  |  signals 1/19
2026-06-17 19:23:55,784 [INFO]   [ 77]  B         (#164)  $0.22905       7d: +2.3%
2026-06-17 19:23:56,393 [INFO]           → conviction 3/100  |  signals 1/19
2026-06-17 19:23:56,396 [INFO]   [ 78]  KAIA      (#167)  $0.03783       7d: +5.5%
2026-06-17 19:23:57,304 [INFO]           → conviction 3/100  |  signals 1/19
2026-06-17 19:23:57,304 [INFO]   [ 79]  FF        (#168)  $0.07690       7d: +2.1%
2026-06-17 19:23:57,943 [INFO]           → conviction 11/100  |  signals 3/19
2026-06-17 19:23:57,945 [INFO]   [ 80]  ENS       (#171)  $5.41000       7d: +17.1%
2026-06-17 19:23:58,586 [INFO]           → conviction 19/100  |  signals 5/19
2026-06-17 19:23:58,586 [INFO]   [ 81]  IOTA      (#173)  $0.04779       7d: +6.3%
2026-06-17 19:23:59,233 [INFO]           → conviction 6/100  |  signals 2/19
2026-06-17 19:23:59,233 [INFO]   [ 82]  DCR       (#174)  $12.23000      7d: +1.6%
2026-06-17 19:24:00,232 [INFO]           → conviction 0/100  |  signals 0/19
2026-06-17 19:24:00,232 [INFO]   [ 83]  GRT       (#175)  $0.01977       7d: +3.4%
2026-06-17 19:24:00,876 [INFO]           → conviction 6/100  |  signals 2/19
2026-06-17 19:24:00,882 [INFO]   [ 84]  REAL      (#177)  $0.06254       7d: +12.1%
2026-06-17 19:24:04,332 [INFO]           → conviction 6/100  |  signals 2/19
2026-06-17 19:24:08,834 [INFO]   [ 85]  PIEVERSE  (#179)  $0.72047       7d: +24.4%
2026-06-17 19:24:09,455 [INFO]           → conviction 10/100  |  signals 3/19
2026-06-17 19:24:09,455 [INFO]   [ 86]  ULTIMA    (#183)  $2176.65000    7d: -3.6%
2026-06-17 19:24:12,945 [INFO]           → conviction 3/100  |  signals 1/19
2026-06-17 19:24:17,452 [INFO]   [ 87]  APYUSD    (#184)  $1.23000       7d: -1.0%
2026-06-17 19:24:20,912 [INFO]           → conviction 17/100  |  signals 4/19
2026-06-17 19:24:25,416 [INFO]   [ 88]  AXS       (#187)  $0.99784       7d: +8.8%
2026-06-17 19:24:26,154 [INFO]           → conviction 14/100  |  signals 4/19
2026-06-17 19:24:26,154 [INFO]   [ 89]  WFI       (#188)  $2.03000       7d: -1.1%
2026-06-17 19:24:29,665 [INFO]           → skip (flatliner: ATR 0.34% / BB 0.58%)
2026-06-17 19:24:34,167 [INFO]   [ 90]  SYRUP     (#191)  $0.14262       7d: +10.0%
2026-06-17 19:24:34,800 [INFO]           → conviction 21/100  |  signals 5/19
2026-06-17 19:24:34,800 [INFO]   [ 91]  WIF       (#192)  $0.16983       7d: +12.1%
2026-06-17 19:24:35,431 [INFO]           → conviction 27/100  |  signals 7/19
2026-06-17 19:24:35,432 [INFO]   [ 92]  TWT       (#193)  $0.40358       7d: +6.7%
2026-06-17 19:24:36,053 [INFO]           → conviction 5/100  |  signals 1/19
2026-06-17 19:24:36,053 [INFO]   [ 93]  MX        (#195)  $1.81000       7d: +3.7%
2026-06-17 19:24:39,554 [INFO]           → conviction 6/100  |  signals 2/19
2026-06-17 19:24:44,055 [INFO]   [ 94]  BILL      (#198)  $0.06722       7d: +0.7%
2026-06-17 19:24:44,851 [INFO]           → conviction 6/100  |  signals 2/19
2026-06-17 19:24:44,853 [INFO]   [ 95]  TRAC      (#202)  $0.36245       7d: +7.6%
2026-06-17 19:24:48,505 [INFO]           → conviction 5/100  |  signals 2/19
2026-06-17 19:24:53,019 [INFO]   [ 96]  NEO       (#203)  $2.29000       7d: +8.0%
2026-06-17 19:24:53,643 [INFO]           → conviction 24/100  |  signals 5/19
2026-06-17 19:24:53,643 [INFO]   [ 97]  XCN       (#204)  $0.00414       7d: +11.2%
2026-06-17 19:24:54,303 [INFO]           → conviction 19/100  |  signals 5/19
2026-06-17 19:24:54,303 [INFO]   [ 98]  EIGEN     (#206)  $0.21154       7d: +17.3%
2026-06-17 19:24:55,121 [INFO]           → conviction 13/100  |  signals 4/19
2026-06-17 19:24:55,121 [INFO]   [ 99]  ZANO      (#207)  $9.81000       7d: +12.9%
2026-06-17 19:24:58,617 [INFO]           → conviction 8/100  |  signals 3/19
2026-06-17 19:25:03,130 [INFO]   [100]  SAND      (#212)  $0.05309       7d: +5.2%
2026-06-17 19:25:03,753 [INFO]           → conviction 11/100  |  signals 3/19
2026-06-17 19:25:03,753 [INFO]   [101]  FARTCOIN  (#216)  $0.13727       7d: +21.7%
2026-06-17 19:25:04,550 [INFO]           → conviction 13/100  |  signals 4/19
2026-06-17 19:25:04,552 [INFO]   [102]  EURCV     (#217)  $1.15000       7d: +0.0%
2026-06-17 19:25:08,261 [INFO]           → skip (flatliner: ATR 0.00% / BB 0.32%)
2026-06-17 19:28:18,501 [INFO]   [103]  BAT       (#218)  $0.09099       7d: -1.2%
2026-06-17 19:28:19,667 [INFO]           → conviction 6/100  |  signals 2/19
2026-06-17 19:28:19,667 [INFO]   [104]  TAG       (#219)  $0.00124       7d: +22.7%
2026-06-17 19:28:23,792 [INFO]           → conviction 17/100  |  signals 4/19
2026-06-17 19:28:28,294 [INFO]   [105]  AR        (#224)  $2.01000       7d: +8.5%
2026-06-17 19:28:29,496 [INFO]           → conviction 16/100  |  signals 4/19
2026-06-17 19:28:29,498 [INFO]   [106]  TIBBIR    (#228)  $0.12714       7d: +23.1%
2026-06-17 19:28:33,334 [INFO]           → conviction 20/100  |  signals 5/19
2026-06-17 19:28:37,835 [INFO]   [107]  CVX       (#231)  $1.37000       7d: +7.2%
2026-06-17 19:28:38,465 [INFO]           → conviction 16/100  |  signals 4/19
2026-06-17 19:28:38,466 [INFO]   [108]  SFP       (#233)  $0.24933       7d: +7.1%
2026-06-17 19:28:39,446 [INFO]           → conviction 6/100  |  signals 2/19
2026-06-17 19:28:39,447 [INFO]   [109]  S         (#237)  $0.03263       7d: +6.5%
2026-06-17 19:28:40,080 [INFO]           → conviction 14/100  |  signals 4/19
2026-06-17 19:28:40,081 [INFO]   [110]  SENT      (#239)  $0.01699       7d: +12.4%
2026-06-17 19:28:40,731 [INFO]           → conviction 24/100  |  signals 7/19
2026-06-17 19:28:40,732 [INFO]   [111]  IMX       (#240)  $0.14576       7d: +4.7%
2026-06-17 19:28:41,871 [INFO]           → conviction 3/100  |  signals 1/19
2026-06-17 19:28:41,871 [INFO]   [112]  CRCLON    (#246)  $81.80000      7d: +1.2%
2026-06-17 19:28:45,599 [INFO]           → conviction 14/100  |  signals 4/19
2026-06-17 19:28:50,101 [INFO]   [113]  ZK        (#249)  $0.01185       7d: +10.3%
2026-06-17 19:28:50,759 [INFO]           → conviction 16/100  |  signals 4/19
2026-06-17 19:28:50,759 [INFO]   [114]  KAITO     (#251)  $0.47333       7d: +12.1%
2026-06-17 19:28:51,381 [INFO]           → conviction 13/100  |  signals 4/19
2026-06-17 19:28:51,382 [INFO]   [115]  IP        (#253)  $0.31433       7d: +9.3%
2026-06-17 19:28:52,011 [INFO]           → conviction 16/100  |  signals 4/19
2026-06-17 19:28:52,012 [INFO]   [116]  GOMINING  (#254)  $0.27665       7d: +12.5%
2026-06-17 19:28:55,494 [INFO]           → conviction 3/100  |  signals 1/19
2026-06-17 19:28:59,995 [INFO]   [117]  GLM       (#256)  $0.11153       7d: +5.5%
2026-06-17 19:29:00,631 [INFO]           → conviction 3/100  |  signals 1/19
2026-06-17 19:29:00,631 [INFO]   [118]  BANANAS31  (#259)  $0.01106       7d: +9.0%
2026-06-17 19:29:01,298 [INFO]           → conviction 23/100  |  signals 6/19
2026-06-17 19:29:01,298 [INFO]   [119]  AWE       (#260)  $0.05643       7d: +4.3%
2026-06-17 19:29:02,105 [INFO]           → conviction 8/100  |  signals 2/19
2026-06-17 19:29:02,107 [INFO]   [120]  1INCH     (#263)  $0.07633       7d: +8.5%
2026-06-17 19:29:02,732 [INFO]           → conviction 24/100  |  signals 6/19
2026-06-17 19:29:02,732 [INFO]   [121]  O         (#270)  $0.66228     
2026-06-17 19:29:03,854 [INFO]           → skip (insufficient data)
2026-06-17 19:29:08,356 [INFO]   [122]  AB        (#266)  $0.00105       7d: -4.3%
2026-06-17 19:29:12,153 [INFO]           → conviction 3/100  |  signals 1/19
2026-06-17 19:29:16,654 [INFO]   [123]  BMX       (#268)  $0.30594       7d: +5.4%
2026-06-17 19:29:20,485 [INFO]           → conviction 3/100  |  signals 1/19
2026-06-17 19:29:24,987 [INFO]   [124]  ATH       (#278)  $0.00495       7d: +13.8%
2026-06-17 19:29:26,144 [INFO]           → conviction 18/100  |  signals 4/19
2026-06-17 19:29:26,145 [INFO]   [125]  RIVER     (#282)  $4.92000       7d: -3.0%
2026-06-17 19:29:26,799 [INFO]           → conviction 24/100  |  signals 6/19
2026-06-17 19:29:26,800 [INFO]   [126]  GEOD      (#285)  $0.21085       7d: +30.3%
2026-06-17 19:29:30,685 [INFO]           → conviction 20/100  |  signals 5/19
2026-06-17 19:29:35,186 [INFO]   [127]  COW       (#286)  $0.16222       7d: +18.3%
2026-06-17 19:29:35,859 [INFO]           → conviction 18/100  |  signals 5/19
2026-06-17 19:29:35,862 [INFO]   [128]  EGLD      (#289)  $3.00000       7d: +4.4%
2026-06-17 19:29:36,527 [INFO]           → conviction 6/100  |  signals 2/19
2026-06-17 19:29:36,528 [INFO]   [129]  FORM      (#290)  $0.23668       7d: +3.9%
2026-06-17 19:29:37,182 [INFO]           → conviction 6/100  |  signals 2/19
2026-06-17 19:29:37,182 [INFO]   [130]  LPT       (#291)  $1.81000       7d: +3.9%
2026-06-17 19:29:38,155 [INFO]           → conviction 11/100  |  signals 3/19
2026-06-17 19:29:38,156 [INFO]   [131]  SHX       (#294)  $0.00502       7d: +16.5%
2026-06-17 19:29:42,182 [INFO]           → conviction 6/100  |  signals 2/19
2026-06-17 19:29:46,684 [INFO]   [132]  NOCK      (#295)  $0.04030       7d: +6.9%
2026-06-17 19:29:50,534 [INFO]           → conviction 3/100  |  signals 1/19
2026-06-17 19:29:55,035 [INFO]   [133]  SNX       (#296)  $0.25649       7d: +6.2%
2026-06-17 19:29:55,890 [INFO]           → conviction 6/100  |  signals 2/19
2026-06-17 19:29:55,891 [INFO]   [134]  RSR       (#297)  $0.00139       7d: +4.3%
2026-06-17 19:29:56,549 [INFO]           → conviction 8/100  |  signals 2/19
2026-06-17 19:29:56,550 [INFO]   [135]  UMXM      (#300)  $1.83000       7d: +7.2%
2026-06-17 19:30:00,605 [INFO]           → conviction 10/100  |  signals 4/19
2026-06-17 19:30:05,107 [INFO]   [136]  ARKM      (#301)  $0.13374       7d: +17.6%
2026-06-17 19:30:06,354 [INFO]           → conviction 10/100  |  signals 3/19
2026-06-17 19:30:06,355 [INFO]   [137]  KMNO      (#306)  $0.01739       7d: +20.7%
2026-06-17 19:30:07,286 [INFO]           → conviction 8/100  |  signals 2/19
2026-06-17 19:30:07,288 [INFO]   [138]  WAL       (#310)  $0.03464       7d: +6.0%
2026-06-17 19:30:08,460 [INFO]           → conviction 10/100  |  signals 3/19
2026-06-17 19:30:08,461 [INFO]   [139]  USDA      (#311)  $0.95330       7d: -3.9%
2026-06-17 19:30:12,389 [INFO]           → conviction 2/100  |  signals 1/19
2026-06-17 19:30:16,891 [INFO]   [140]  ZEN       (#312)  $4.57000       7d: +6.3%
2026-06-17 19:30:17,557 [INFO]           → conviction 8/100  |  signals 2/19
2026-06-17 19:30:17,557 [INFO]   [141]  MELANIA   (#315)  $0.08483       7d: +8.6%
2026-06-17 19:30:18,762 [INFO]           → conviction 21/100  |  signals 6/19
2026-06-17 19:30:18,762 [INFO]   [142]  QTUM      (#319)  $0.75627       7d: +9.4%
2026-06-17 19:30:19,572 [INFO]           → conviction 21/100  |  signals 5/19
2026-06-17 19:30:19,572 [INFO]   [143]  BEAM      (#320)  $0.00155       7d: +9.5%
2026-06-17 19:30:20,724 [INFO]           → conviction 31/100  |  signals 8/19
2026-06-17 19:30:20,724 [INFO]   [144]  USELESS   (#323)  $0.07834       7d: +34.0%
2026-06-17 19:30:21,488 [INFO]           → conviction 24/100  |  signals 6/19
2026-06-17 19:30:21,490 [INFO]   [145]  BAS       (#326)  $0.03084       7d: +3.6%
2026-06-17 19:30:25,142 [INFO]           → conviction 6/100  |  signals 2/19
2026-06-17 19:30:29,644 [INFO]   [146]  RIF       (#329)  $0.07637       7d: +28.3%
2026-06-17 19:30:30,605 [INFO]           → conviction 19/100  |  signals 5/19
2026-06-17 19:30:30,613 [INFO]   [147]  DBR       (#330)  $0.01431       7d: -5.5%
2026-06-17 19:30:31,280 [INFO]           → conviction 6/100  |  signals 1/19
2026-06-17 19:30:31,280 [INFO]   [148]  GAS       (#339)  $1.15000       7d: +4.3%
2026-06-17 19:30:32,384 [INFO]           → conviction 6/100  |  signals 2/19
2026-06-17 19:30:32,384 [INFO]   [149]  ZIG       (#341)  $0.05284       7d: -4.7%
2026-06-17 19:30:36,312 [INFO]           → conviction 2/100  |  signals 1/19
2026-06-17 19:30:40,816 [INFO]   [150]  AIOZ      (#342)  $0.05906       7d: +6.1%
2026-06-17 19:30:41,496 [INFO]           → conviction 6/100  |  signals 2/19
2026-06-17 19:30:41,496 [INFO]   [151]  BAN       (#343)  $0.07341       7d: +6.1%
2026-06-17 19:30:42,112 [INFO]           → conviction 13/100  |  signals 3/19
2026-06-17 19:30:42,112 [INFO]   [152]  ORCA      (#344)  $1.21000       7d: +23.2%
2026-06-17 19:30:42,764 [INFO]           → conviction 32/100  |  signals 8/19
2026-06-17 19:30:42,764 [INFO]   [153]  Q         (#345)  $0.01793       7d: +3.3%
2026-06-17 19:30:43,406 [INFO]           → conviction 14/100  |  signals 4/19
2026-06-17 19:30:43,406 [INFO]   [154]  MAG7.SSI  (#346)  $0.43255       7d: +6.5%
2026-06-17 19:30:47,185 [INFO]           → conviction 6/100  |  signals 2/19
2026-06-17 19:30:51,692 [INFO]   [155]  CYS       (#349)  $0.44831       7d: +2.1%
2026-06-17 19:30:52,323 [INFO]           → conviction 10/100  |  signals 3/19
2026-06-17 19:30:52,324 [INFO]   [156]  RVN       (#350)  $0.00439       7d: +6.5%
2026-06-17 19:30:53,071 [INFO]           → conviction 6/100  |  signals 2/19
2026-06-17 19:30:53,072 [INFO]   [157]  BERA      (#351)  $0.25756       7d: +5.7%
2026-06-17 19:30:53,895 [INFO]           → conviction 16/100  |  signals 5/19
2026-06-17 19:30:53,895 [INFO]   [158]  TROLL     (#352)  $0.07118       7d: +4.6%
2026-06-17 19:30:58,242 [INFO]           → conviction 5/100  |  signals 2/19
2026-06-17 19:31:02,747 [INFO]   [159]  SAFE      (#357)  $0.09367       7d: +3.2%
2026-06-17 19:31:03,428 [INFO]           → conviction 3/100  |  signals 1/19
2026-06-17 19:31:03,432 [INFO]   [160]  META      (#359)  $3.09000       7d: +11.4%
2026-06-17 19:31:04,072 [INFO]           → conviction 10/100  |  signals 2/19
2026-06-17 19:31:04,072 [INFO]   [161]  YFI       (#360)  $1959.40000    7d: +5.2%
2026-06-17 19:31:04,720 [INFO]           → conviction 8/100  |  signals 2/19
2026-06-17 19:31:04,720 [INFO]   [162]  BRETT     (#361)  $0.00701       7d: +30.2%
2026-06-17 19:31:05,374 [INFO]           → conviction 34/100  |  signals 9/19
2026-06-17 19:31:05,374 [INFO]   [163]  ORDI      (#363)  $3.32000       7d: +2.1%
2026-06-17 19:31:06,015 [INFO]           → conviction 6/100  |  signals 2/19
2026-06-17 19:31:06,015 [INFO]   [164]  KSM       (#364)  $3.77000       7d: +7.0%
2026-06-17 19:31:06,674 [INFO]           → conviction 18/100  |  signals 4/19
2026-06-17 19:31:06,674 [INFO]   [165]  CHIP      (#370)  $0.03387       7d: +1.9%
2026-06-17 19:31:07,472 [INFO]           → conviction 13/100  |  signals 3/19
2026-06-17 19:31:07,472 [INFO]   [166]  ENJ       (#369)  $0.03438       7d: +20.0%
2026-06-17 19:31:08,133 [INFO]           → conviction 24/100  |  signals 6/19
2026-06-17 19:31:08,136 [INFO]   [167]  PURR      (#372)  $0.11327       7d: +32.3%
2026-06-17 19:31:11,660 [INFO]           → conviction 15/100  |  signals 5/19
2026-06-17 19:31:16,161 [INFO]   [168]  METAL     (#373)  $0.13235       7d: +2.2%
2026-06-17 19:31:19,926 [INFO]           → conviction 0/100  |  signals 0/19
2026-06-17 19:31:24,429 [INFO]   [169]  TRIA      (#376)  $0.03088       7d: +20.0%
2026-06-17 19:31:25,062 [INFO]           → conviction 18/100  |  signals 5/19
2026-06-17 19:31:25,062 [INFO]   [170]  PLUME     (#381)  $0.01137       7d: +13.5%
2026-06-17 19:31:25,717 [INFO]           → conviction 14/100  |  signals 4/19
2026-06-17 19:31:25,717 [INFO]   [171]  KNTQ      (#380)  $0.23325       7d: +5.5%
2026-06-17 19:31:29,463 [INFO]           → conviction 10/100  |  signals 3/19
2026-06-17 19:31:33,966 [INFO]   [172]  AIPF      (#385)  $2.21000       7d: +0.9%
2026-06-17 19:31:38,502 [INFO]           → conviction 3/100  |  signals 1/19
2026-06-17 19:31:43,005 [INFO]   [173]  0G        (#388)  $0.29873       7d: +4.2%
2026-06-17 19:31:43,876 [INFO]           → conviction 3/100  |  signals 1/19
2026-06-17 19:31:43,876 [INFO]   [174]  CARDS     (#391)  $0.24558       7d: +40.2%
2026-06-17 19:31:47,412 [INFO]           → conviction 16/100  |  signals 4/19
2026-06-17 19:31:51,913 [INFO]   [175]  JELLYJELLY  (#392)  $0.06306       7d: +11.3%
2026-06-17 19:31:52,562 [INFO]           → conviction 14/100  |  signals 3/19
2026-06-17 19:31:52,562 [INFO]   [176]  COAI      (#393)  $0.33645       7d: +46.1%
2026-06-17 19:31:53,200 [INFO]           → conviction 34/100  |  signals 8/19
2026-06-17 19:31:53,202 [INFO]   [177]  TFUEL     (#398)  $0.00845       7d: +3.9%
2026-06-17 19:31:54,152 [INFO]           → conviction 6/100  |  signals 2/19
2026-06-17 19:31:54,154 [INFO]   [178]  IO        (#401)  $0.17662       7d: +2.6%
2026-06-17 19:31:54,792 [INFO]           → conviction 3/100  |  signals 1/19
2026-06-17 19:31:54,792 [INFO]   [179]  SUPER     (#402)  $0.09656       7d: +5.1%
2026-06-17 19:31:55,433 [INFO]           → conviction 10/100  |  signals 3/19
2026-06-17 19:31:55,433 [INFO]   [180]  MEGA      (#403)  $0.05454       7d: +22.8%
2026-06-17 19:31:56,097 [INFO]           → conviction 16/100  |  signals 4/19
2026-06-17 19:31:56,097 [INFO]   [181]  GMX       (#404)  $5.86000       7d: +6.4%
2026-06-17 19:31:56,752 [INFO]           → conviction 8/100  |  signals 2/19
2026-06-17 19:31:56,752 [INFO]   [182]  ALCH      (#405)  $0.07184       7d: +19.2%
2026-06-17 19:31:57,392 [INFO]           → conviction 8/100  |  signals 2/19
2026-06-17 19:31:57,392 [INFO]   [183]  VELO      (#406)  $0.00347       7d: +3.8%
2026-06-17 19:31:58,053 [INFO]           → conviction 8/100  |  signals 2/19
2026-06-17 19:31:58,054 [INFO]   [184]  MET       (#407)  $0.11396       7d: +12.0%
2026-06-17 19:31:58,865 [INFO]           → conviction 14/100  |  signals 4/19
2026-06-17 19:31:58,872 [INFO]   [185]  SKR       (#413)  $0.00901       7d: -3.6%
2026-06-17 19:31:59,518 [INFO]           → conviction 14/100  |  signals 3/19
2026-06-17 19:31:59,518 [INFO]   [186]  DEGEN     (#415)  $0.00158       7d: -3.2%
2026-06-17 19:32:03,180 [INFO]           → conviction 19/100  |  signals 7/19
2026-06-17 19:32:07,682 [INFO]   [187]  BABY      (#417)  $0.01556       7d: -1.0%
2026-06-17 19:32:08,349 [INFO]           → conviction 3/100  |  signals 1/19
2026-06-17 19:32:08,349 [INFO]   [188]  EURI      (#418)  $1.16000       7d: +0.2%
2026-06-17 19:32:09,292 [INFO]           → skip (flatliner: ATR 0.22% / BB 0.16%)
2026-06-17 19:32:09,292 [INFO]   [189]  DIEM      (#419)  $1534.72000    7d: +26.0%
2026-06-17 19:32:12,916 [INFO]           → conviction 14/100  |  signals 3/19
2026-06-17 19:32:17,421 [INFO]   [190]  OMI       (#421)  $0.00021       7d: -5.1%
2026-06-17 19:32:21,118 [INFO]           → conviction 3/100  |  signals 1/19
2026-06-17 19:32:25,621 [INFO]   [191]  MINA      (#422)  $0.04405       7d: +6.9%
2026-06-17 19:32:26,262 [INFO]           → conviction 19/100  |  signals 6/19
2026-06-17 19:32:26,262 [INFO]   [192]  SOON      (#423)  $0.16751       7d: -1.3%
2026-06-17 19:32:26,946 [INFO]           → conviction 13/100  |  signals 3/19
2026-06-17 19:32:26,946 [INFO]   [193]  ZETA      (#425)  $0.03865       7d: +5.5%
2026-06-17 19:32:27,568 [INFO]           → conviction 3/100  |  signals 1/19
2026-06-17 19:32:27,568 [INFO]   [194]  HOT       (#426)  $0.00032       7d: +4.4%
2026-06-17 19:32:29,690 [INFO]           → conviction 11/100  |  signals 3/19
2026-06-17 19:32:29,692 [INFO]   [195]  TSLAX     (#427)  $402.53000     7d: +5.3%
2026-06-17 19:32:33,842 [INFO]           → conviction 0/100  |  signals 0/19
2026-06-17 19:32:38,344 [INFO]   [196]  TOSHI     (#431)  $0.00013       7d: +10.8%
2026-06-17 19:32:41,697 [INFO]           → conviction 6/100  |  signals 2/19
2026-06-17 19:32:46,202 [INFO]   [197]  QFI       (#434)  $54.86000      7d: -0.3%
2026-06-17 19:32:49,948 [INFO]           → conviction 15/100  |  signals 5/19
2026-06-17 19:32:54,452 [INFO]   [198]  CKB       (#435)  $0.00112       7d: +6.5%
2026-06-17 19:32:55,109 [INFO]           → conviction 6/100  |  signals 2/19
2026-06-17 19:32:55,109 [INFO]   [199]  CTC       (#437)  $0.10062       7d: +11.8%
2026-06-17 19:32:55,756 [INFO]           → conviction 19/100  |  signals 5/19
2026-06-17 19:32:55,772 [INFO]   [200]  DUSK      (#439)  $0.09245       7d: +7.3%
2026-06-17 19:32:57,013 [INFO]           → conviction 3/100  |  signals 1/19
2026-06-17 19:32:57,032 [INFO]   [201]  SUSHI     (#449)  $0.19193       7d: +13.5%
2026-06-17 19:32:57,708 [INFO]           → conviction 16/100  |  signals 5/19
2026-06-17 19:32:57,708 [INFO]   [202]  BLUR      (#451)  $0.01837       7d: +6.1%
2026-06-17 19:32:58,336 [INFO]           → conviction 6/100  |  signals 2/19
2026-06-17 19:32:58,336 [INFO]   [203]  BARD      (#452)  $0.16052       7d: +5.1%
2026-06-17 19:32:58,984 [INFO]           → conviction 14/100  |  signals 3/19
2026-06-17 19:32:58,984 [INFO]   [204]  KAVA      (#453)  $0.04756       7d: +11.6%
2026-06-17 19:33:00,162 [INFO]           → conviction 18/100  |  signals 5/19
2026-06-17 19:33:00,164 [INFO]   [205]  FLOW      (#454)  $0.03080       7d: +11.0%
2026-06-17 19:33:00,802 [INFO]           → conviction 10/100  |  signals 3/19
2026-06-17 19:33:00,802 [INFO]   [206]  HOLO      (#455)  $0.07051       7d: +11.8%
2026-06-17 19:33:01,962 [INFO]           → conviction 16/100  |  signals 5/19
2026-06-17 19:33:01,962 [INFO]   [207]  MOVE      (#462)  $0.01256       7d: -2.4%
2026-06-17 19:33:02,596 [INFO]           → conviction 14/100  |  signals 4/19
2026-06-17 19:33:02,596 [INFO]   [208]  BR        (#468)  $0.19780       7d: +56.3%
2026-06-17 19:33:03,248 [INFO]           → conviction 32/100  |  signals 6/19
2026-06-17 19:33:03,250 [INFO]   [209]  PEAQ      (#470)  $0.02209       7d: -0.0%
2026-06-17 19:33:03,927 [INFO]           → conviction 3/100  |  signals 1/19
2026-06-17 19:33:03,929 [INFO]   [210]  FOGO      (#471)  $0.01289       7d: +13.6%
2026-06-17 19:33:04,774 [INFO]           → conviction 10/100  |  signals 3/19
2026-06-17 19:33:04,774 [INFO]   [211]  RON       (#469)  $0.06397       7d: +7.7%
2026-06-17 19:33:08,557 [INFO]           → conviction 12/100  |  signals 4/19
2026-06-17 19:33:13,059 [INFO]   [212]  APR       (#474)  $0.19906       7d: +2.2%
2026-06-17 19:33:13,742 [INFO]           → conviction 13/100  |  signals 3/19
2026-06-17 19:33:13,742 [INFO]   [213]  NVDAON    (#475)  $206.01000     7d: +1.5%
2026-06-17 19:33:17,456 [INFO]           → conviction 0/100  |  signals 0/19
2026-06-17 19:33:21,957 [INFO]   [214]  DGB       (#477)  $0.00264       7d: +7.3%
2026-06-17 19:33:23,020 [INFO]           → conviction 3/100  |  signals 1/19
2026-06-17 19:33:23,023 [INFO]   [215]  ONT       (#478)  $0.04836       7d: +2.5%
2026-06-17 19:33:23,727 [INFO]           → conviction 6/100  |  signals 2/19
2026-06-17 19:33:23,729 [INFO]   [216]  SN51      (#480)  $11.71000      7d: +20.4%
2026-06-17 19:33:27,212 [INFO]           → conviction 11/100  |  signals 4/19
2026-06-17 19:33:31,715 [INFO]   [217]  UPUMP     (#481)  $0.00150       7d: +5.4%
2026-06-17 19:33:35,520 [INFO]           → conviction 6/100  |  signals 2/19
2026-06-17 19:33:40,021 [INFO]   [218]  AZTEC     (#483)  $0.01618       7d: +6.3%
2026-06-17 19:33:41,182 [INFO]           → conviction 10/100  |  signals 3/19
2026-06-17 19:33:41,183 [INFO]   [219]  AMP       (#486)  $0.00055       7d: +5.6%
2026-06-17 19:33:42,167 [INFO]           → conviction 13/100  |  signals 3/19
2026-06-17 19:33:42,168 [INFO]   [220]  SN120     (#487)  $13.96000      7d: +21.7%
2026-06-17 19:33:45,968 [INFO]           → conviction 18/100  |  signals 4/19
2026-06-17 19:33:50,469 [INFO]   [221]  ICNT      (#489)  $0.18415       7d: -1.7%
2026-06-17 19:33:51,657 [INFO]           → conviction 11/100  |  signals 2/19
2026-06-17 19:33:51,658 [INFO]   [222]  JUPUSD    (#491)  $0.99940       7d: -0.0%
2026-06-17 19:33:55,155 [INFO]           → skip (flatliner: ATR 0.42% / BB 0.22%)
2026-06-17 19:33:59,656 [INFO]   [223]  BNKR      (#490)  $0.00047       7d: +1.9%
2026-06-17 19:34:03,166 [INFO]           → conviction 10/100  |  signals 2/19
2026-06-17 19:34:07,667 [INFO]   [224]  UP        (#492)  $0.36806       7d: +6.0%
2026-06-17 19:34:11,106 [INFO]           → conviction 10/100  |  signals 3/19
2026-06-17 19:34:15,607 [INFO]   [225]  ROBO      (#493)  $0.02073       7d: +1.6%
2026-06-17 19:34:16,259 [INFO]           → conviction 6/100  |  signals 2/19
2026-06-17 19:34:16,260 [INFO]   [226]  CRCLX     (#494)  $82.15000      7d: +1.7%
2026-06-17 19:34:19,782 [INFO]           → conviction 13/100  |  signals 3/19
2026-06-17 19:34:24,283 [INFO]   [227]  ALEO      (#496)  $0.03855       7d: +24.6%
2026-06-17 19:34:28,004 [INFO]           → conviction 18/100  |  signals 5/19
2026-06-17 19:34:32,505 [INFO]   [228]  XVS       (#500)  $2.68000       7d: +8.8%
2026-06-17 19:34:33,154 [INFO]           → conviction 18/100  |  signals 4/19
2026-06-17 19:34:33,154 [INFO]   [229]  PNUT      (#499)  $0.04508       7d: +8.8%
2026-06-17 19:34:33,809 [INFO]           → conviction 24/100  |  signals 5/19
2026-06-17 19:34:33,823 [INFO] 
[5/5] Building trade plan report...
2026-06-17 19:34:33,824 [INFO]   Raw candidates found: 0
2026-06-17 19:34:33,824 [INFO] [5/5] Checking major leverage opportunities (BTC/ETH/SOL)...
2026-06-17 19:34:33,827 [INFO]   Major leverage: 0 opportunity(s) found
2026-06-17 19:34:33,838 [INFO] 
================================================================================
  CRYPTO SPOT SCANNER — TRADE PLAN REPORT
  Generated: 2026-06-17 19:34:33
================================================================================

MARKET CONTEXT
----------------------------------------
  BTC Price    :  $   65,470.50
  BTC 7-day    :     +5.74%
  BTC 24-hour  :     -0.28%
  ETH 7-day    :     +8.70%
  BTC Dominance:      56.2%
  Regime       :  🟢 BULL

ACCOUNT
----------------------------------------
  Balance       : $   96,313.06 USDT
  Risk / trade  : 1.5%  ($1,445 USDT per trade)
  Max positions : 8
  Max heat      : 12.0%

================================================================================
  NO QUALIFYING SETUPS FOUND

  All scanned tokens failed to meet the minimum conviction threshold.
  This means market conditions are not favorable right now.

  RECOMMENDATION: Stay in USDT. Wait for the next scan.
  Patience is a trading edge. Forcing trades loses money.
================================================================================

WATCHLIST  — tokens building momentum, not ready to enter yet
----------------------------------------
  ⏳ = needs 1 more confirmation scan  |  ↗ = conviction rising  |  ↘ = fading
  Monitor all. Enter only after a fresh scan confirms conviction ≥ threshold.

  #     SYMBOL     RANK         PRICE      7d%   CONV  SIGS  TREND  KEY SIGNALS
  ----  ---------  ----  ------------  -------  -----  ----  -----  ----------------------------
  1     🔶ARB       # 96  $0.08661         +9.6%    39     7      ↗  whale_candles, stealth_accum, cmf +4
  2     🔶ETHFI     #132  $0.36664        +22.3%    39     8      →  whale_candles, cmf, rs_vs_btc +5
  3     🔹UNI       # 44  $3.27000        +33.0%    36     7      ↗  whale_candles, cmf, rs_vs_btc +4
  4     🔹PENDLE    #152  $1.47000        +21.5%    36     7      ↗  whale_candles, cmf, rs_vs_btc +4
  5     🔹ASTER     # 47  $0.72462        +16.8%    34     7      →  whale_candles, rs_vs_btc, vol_expansion +4
  6     🔹BRETT     #361  $0.00701        +30.2%    34     9      →  bb_squeeze, cmf, rs_vs_btc +6
  7     🔹COAI      #393  $0.33645        +46.1%    34     8      →  macd_turning, bb_squeeze, rs_vs_btc +5
  8     🔹SPX       #119  $0.44599        +43.0%    32     6      ↘  whale_candles, cmf, rs_vs_btc +3
  9     🔹ORCA      #344  $1.21000        +23.2%    32     8      →  funding_neg, stealth_accum, rs_vs_btc +5
  10    🔹BR        #468  $0.19780        +56.3%    32     6      →  whale_candles, cmf, rs_vs_btc +3

--------------------------------------------------------------------------------
2026-06-17 19:34:33,854 [INFO] 
  Report  → C:\Users\bruno\OneDrive\Ambiente de Trabalho\Workspace\crypto scanner\crypto-scanner\outputs\scanner-results\spot_trade_plan_LATEST.txt
2026-06-17 19:34:33,857 [INFO]   JSON    → C:\Users\bruno\OneDrive\Ambiente de Trabalho\Workspace\crypto scanner\crypto-scanner\outputs\scanner-results\spot_trade_plan_LATEST.json
2026-06-17 19:34:33,857 [INFO]   Log     → C:\Users\bruno\OneDrive\Ambiente de Trabalho\Workspace\crypto scanner\crypto-scanner\outputs\logs\orchestrator_20260617.log
2026-06-17 19:34:33,858 [INFO] 
  Done.  0 high-conviction setup(s) found.
2026-06-17 21:03:19,976 [INFO]   Live Bybit balance: 96,313.06 USDT
2026-06-17 21:03:19,980 [INFO] 
2026-06-17 21:03:19,980 [INFO] ================================================================================
2026-06-17 21:03:19,982 [INFO]   CRYPTO MASTER ORCHESTRATOR v2.1
2026-06-17 21:03:19,983 [INFO]   18-signal engine | funding rate | corr filter | volume source tagging
2026-06-17 21:03:19,983 [INFO] ================================================================================
2026-06-17 21:03:19,984 [INFO]   Account: $96,313.06 USDT  |  Risk/trade: 1.5%  |  Max positions: 8
2026-06-17 21:03:19,984 [INFO] 
2026-06-17 21:03:19,991 [INFO] [1/5] Analyzing market regime...
2026-06-17 21:03:19,995 [INFO] Fetching market context (Bybit klines primary)...
2026-06-17 21:03:21,220 [INFO]   [Bybit] BTC: $64,337 | 7d: +4.7%  ETH 7d: +7.3%  Dominance: 56.1% | Regime: 🟢 BULL
2026-06-17 21:03:21,222 [INFO]   🟢 BULL — normal parameters apply
2026-06-17 21:03:21,226 [INFO] [2/5] Fetching BTC historical data...
2026-06-17 21:03:21,243 [INFO]   BTC data: OK
2026-06-17 21:03:25,745 [INFO] [3/5] Fetching top 500 coins...
2026-06-17 21:03:25,756 [INFO] Fetching top 500 coins by market cap...
2026-06-17 21:03:28,244 [INFO]   Fetched 500 coins
2026-06-17 21:03:28,258 [INFO]   Fetched 500 coins
2026-06-17 21:03:28,258 [INFO] [4/5] Scanning for high-conviction setups...
2026-06-17 21:03:28,259 [INFO]   Filters: Rank 20–500  |  Vol ≥ $500,000  |  Min conviction: 45
2026-06-17 21:03:28,259 [INFO] 
2026-06-17 21:03:28,267 [INFO]   [  1]  ADA       (# 20)  $0.16557       7d: +1.1%
2026-06-17 21:03:29,401 [INFO]           → conviction 0/100  |  signals 0/19
2026-06-17 21:03:29,402 [INFO]   [  2]  LINK      (# 21)  $8.03000       7d: +5.5%
2026-06-17 21:03:29,812 [INFO]           → conviction 11/100  |  signals 3/19
2026-06-17 21:03:29,813 [INFO]   [  3]  GRAM      (# 24)  $1.62000       7d: -0.5%
2026-06-17 21:03:30,320 [INFO]           → conviction 22/100  |  signals 6/19
2026-06-17 21:03:30,321 [INFO]   [  4]  BCH       (# 25)  $209.25000     7d: +5.7%
2026-06-17 21:03:30,665 [INFO]           → conviction 21/100  |  signals 5/19
2026-06-17 21:03:30,666 [INFO]   [  5]  LAB       (# 27)  $12.96000      7d: +64.2%
2026-06-17 21:03:31,027 [INFO]           → conviction 18/100  |  signals 5/19
2026-06-17 21:03:31,029 [INFO]   [  6]  M         (# 28)  $2.97000       7d: +6.4%
2026-06-17 21:03:31,374 [INFO]           → conviction 13/100  |  signals 4/19
2026-06-17 21:03:31,375 [INFO]   [  7]  HBAR      (# 29)  $0.07978       7d: +2.3%
2026-06-17 21:03:31,746 [INFO]           → conviction 3/100  |  signals 1/19
2026-06-17 21:03:31,747 [INFO]   [  8]  LTC       (# 30)  $44.78000      7d: +7.7%
2026-06-17 21:03:32,098 [INFO]           → conviction 11/100  |  signals 3/19
2026-06-17 21:03:32,098 [INFO]   [  9]  SUI       (# 31)  $0.77347       7d: +5.5%
2026-06-17 21:03:32,877 [INFO]           → conviction 6/100  |  signals 2/19
2026-06-17 21:03:32,878 [INFO]   [ 10]  USYC      (# 32)  $1.13000       7d: +0.0%
2026-06-17 21:03:32,884 [WARNING]           → skip USYC: OHLCV data is stale (>8h old or duplicates)
2026-06-17 21:03:32,885 [INFO]   [ 11]  AVAX      (# 33)  $6.73000       7d: +4.1%
2026-06-17 21:03:33,654 [INFO]           → conviction 3/100  |  signals 1/19
2026-06-17 21:03:33,654 [INFO]   [ 12]  NEAR      (# 34)  $2.24000       7d: +10.9%
2026-06-17 21:03:33,996 [INFO]           → conviction 16/100  |  signals 4/19
2026-06-17 21:03:33,997 [INFO]   [ 13]  CRO       (# 38)  $0.05923       7d: -0.4%
2026-06-17 21:03:34,334 [INFO]           → conviction 3/100  |  signals 1/19
2026-06-17 21:03:34,335 [INFO]   [ 14]  TAO       (# 41)  $247.02000     7d: +22.0%
2026-06-17 21:03:35,072 [INFO]           → conviction 6/100  |  signals 2/19
2026-06-17 21:03:35,073 [INFO]   [ 15]  WLD       (# 42)  $0.64017       7d: +42.7%
2026-06-17 21:03:35,549 [INFO]           → conviction 23/100  |  signals 6/19
2026-06-17 21:03:35,549 [INFO]   [ 16]  WLFI      (# 46)  $0.06075       7d: +2.9%
2026-06-17 21:03:36,059 [INFO]           → conviction 10/100  |  signals 3/19
2026-06-17 21:03:36,059 [INFO]   [ 17]  MNT       (# 48)  $0.54157       7d: +1.9%
2026-06-17 21:03:36,403 [INFO]           → conviction 3/100  |  signals 1/19
2026-06-17 21:03:36,403 [INFO]   [ 18]  DOT       (# 50)  $0.99669       7d: +7.3%
2026-06-17 21:03:36,872 [INFO]           → conviction 18/100  |  signals 5/19
2026-06-17 21:03:36,873 [INFO]   [ 19]  OKB       (# 53)  $72.87000      7d: +3.3%
2026-06-17 21:03:37,216 [INFO]           → conviction 11/100  |  signals 3/19
2026-06-17 21:03:37,216 [INFO]   [ 20]  PI        (# 55)  $0.13035       7d: +4.7%
2026-06-17 21:03:37,558 [INFO]           → conviction 2/100  |  signals 1/19
2026-06-17 21:03:37,559 [INFO]   [ 21]  SKY       (# 57)  $0.05793       7d: +5.4%
2026-06-17 21:03:37,891 [INFO]           → conviction 23/100  |  signals 5/19
2026-06-17 21:03:37,892 [INFO]   [ 22]  BGB       (# 60)  $1.80000       7d: +2.1%
2026-06-17 21:03:38,233 [INFO]           → conviction 8/100  |  signals 2/19
2026-06-17 21:03:38,234 [INFO]   [ 23]  MORPHO    (# 61)  $1.94000       7d: -4.1%
2026-06-17 21:03:38,823 [INFO]           → conviction 18/100  |  signals 4/19
2026-06-17 21:03:38,823 [INFO]   [ 24]  ETC       (# 63)  $7.25000       7d: +4.3%
2026-06-17 21:03:39,153 [INFO]           → conviction 11/100  |  signals 3/19
2026-06-17 21:03:39,153 [INFO]   [ 25]  AAVE      (# 64)  $73.71000      7d: +19.5%
2026-06-17 21:03:39,765 [INFO]           → conviction 14/100  |  signals 4/19
2026-06-17 21:03:39,766 [INFO]   [ 26]  QNT       (# 65)  $70.30000      7d: +8.6%
2026-06-17 21:03:40,115 [INFO]           → conviction 14/100  |  signals 4/19
2026-06-17 21:03:40,115 [INFO]   [ 27]  ATOM      (# 67)  $1.94000       7d: +7.8%
2026-06-17 21:03:40,458 [INFO]           → conviction 6/100  |  signals 2/19
2026-06-17 21:03:40,460 [INFO]   [ 28]  KCS       (# 70)  $7.16000       7d: +10.0%
2026-06-17 21:03:40,800 [INFO]           → conviction 9/100  |  signals 3/19
2026-06-17 21:03:40,800 [INFO]   [ 29]  RENDER    (# 74)  $1.67000       7d: +8.4%
2026-06-17 21:03:41,143 [INFO]           → conviction 21/100  |  signals 5/19
2026-06-17 21:03:41,144 [INFO]   [ 30]  KAS       (# 75)  $0.03131       7d: +2.7%
2026-06-17 21:03:41,481 [INFO]           → conviction 6/100  |  signals 2/19
2026-06-17 21:03:41,481 [INFO]   [ 31]  ALGO      (# 76)  $0.09640       7d: +8.4%
2026-06-17 21:03:41,821 [INFO]           → conviction 13/100  |  signals 4/19
2026-06-17 21:03:41,822 [INFO]   [ 32]  ENA       (# 77)  $0.09111       7d: +22.6%
2026-06-17 21:03:42,160 [INFO]           → conviction 6/100  |  signals 2/19
2026-06-17 21:03:42,160 [INFO]   [ 33]  NEXO      (# 78)  $0.81845       7d: +3.7%
2026-06-17 21:03:43,526 [INFO]           → conviction 13/100  |  signals 3/19
2026-06-17 21:03:43,527 [INFO]   [ 34]  POL       (# 79)  $0.07601       7d: +4.2%
2026-06-17 21:03:43,852 [INFO]           → conviction 14/100  |  signals 4/19
2026-06-17 21:03:43,852 [INFO]   [ 35]  STABLE    (# 80)  $0.03305       7d: -1.7%
2026-06-17 21:03:44,339 [INFO]           → conviction 6/100  |  signals 1/19
2026-06-17 21:03:44,340 [INFO]   [ 36]  VVV       (# 81)  $15.91000      7d: +20.9%
2026-06-17 21:03:45,173 [INFO]           → conviction 23/100  |  signals 5/19
2026-06-17 21:03:45,174 [INFO]   [ 37]  GT        (# 82)  $6.72000       7d: +6.9%
2026-06-17 21:03:45,527 [INFO]           → conviction 5/100  |  signals 2/19
2026-06-17 21:03:45,528 [INFO]   [ 38]  JST       (# 84)  $0.08221       7d: +2.7%
2026-06-17 21:03:45,894 [INFO]           → conviction 8/100  |  signals 2/19
2026-06-17 21:03:45,895 [INFO]   [ 39]  FLR       (# 87)  $0.00754       7d: +10.0%
2026-06-17 21:03:46,296 [INFO]           → conviction 6/100  |  signals 2/19
2026-06-17 21:03:46,296 [INFO]   [ 40]  FIL       (# 89)  $0.78576       7d: +6.5%
2026-06-17 21:03:46,645 [INFO]           → conviction 14/100  |  signals 4/19
2026-06-17 21:03:46,645 [INFO]   [ 41]  JUP       (# 88)  $0.18695       7d: +24.9%
2026-06-17 21:03:47,009 [INFO]           → conviction 29/100  |  signals 7/19
2026-06-17 21:03:47,009 [INFO]   [ 42]  BDX       (# 90)  $0.07954       7d: +0.1%
2026-06-17 21:03:47,346 [INFO]           → conviction 3/100  |  signals 1/19
2026-06-17 21:03:47,347 [INFO]   [ 43]  XDC       (# 92)  $0.02999       7d: -3.5%
2026-06-17 21:03:47,971 [INFO]           → conviction 0/100  |  signals 0/19
2026-06-17 21:03:47,972 [INFO]   [ 44]  APT       (# 96)  $0.65743       7d: +3.2%
2026-06-17 21:03:48,873 [INFO]           → conviction 18/100  |  signals 4/19
2026-06-17 21:03:48,873 [INFO]   [ 45]  INJ       (# 98)  $5.39000       7d: +6.1%
2026-06-17 21:03:49,229 [INFO]           → conviction 16/100  |  signals 4/19
2026-06-17 21:03:49,229 [INFO]   [ 46]  PUMP      (#100)  $0.00147       7d: +4.7%
2026-06-17 21:03:49,610 [INFO]           → conviction 16/100  |  signals 4/19
2026-06-17 21:03:49,611 [INFO]   [ 47]  NIGHT     (#102)  $0.03016       7d: -0.7%
2026-06-17 21:03:49,959 [INFO]           → conviction 13/100  |  signals 3/19
2026-06-17 21:03:49,960 [INFO]   [ 48]  ADI       (#104)  $3.89000       7d: +4.3%
2026-06-17 21:03:50,347 [INFO]           → skip (flatliner: ATR 0.46% / BB 0.90%)
2026-06-17 21:03:50,347 [INFO]   [ 49]  DASH      (#107)  $36.32000      7d: +5.7%
2026-06-17 21:03:50,765 [INFO]           → conviction 14/100  |  signals 4/19
2026-06-17 21:03:50,765 [INFO]   [ 50]  FET       (#109)  $0.20150       7d: +5.2%
2026-06-17 21:03:51,154 [INFO]           → conviction 10/100  |  signals 3/19
2026-06-17 21:03:51,155 [INFO]   [ 51]  AERO      (#110)  $0.47497       7d: +42.3%
2026-06-17 21:03:51,496 [INFO]           → conviction 21/100  |  signals 6/19
2026-06-17 21:03:51,497 [INFO]   [ 52]  TRUMP     (#111)  $1.90000       7d: +14.3%
2026-06-17 21:03:51,866 [INFO]           → conviction 24/100  |  signals 5/19
2026-06-17 21:03:51,866 [INFO]   [ 53]  LIT       (#112)  $1.77000       7d: +20.9%
2026-06-17 21:03:52,221 [INFO]           → conviction 18/100  |  signals 5/19
2026-06-17 21:03:52,221 [INFO]   [ 54]  CAKE      (#113)  $1.36000       7d: +4.6%
2026-06-17 21:03:52,671 [INFO]           → conviction 6/100  |  signals 2/19
2026-06-17 21:03:52,672 [INFO]   [ 55]  PENGU     (#114)  $0.00692       7d: +5.8%
2026-06-17 21:03:53,014 [INFO]           → conviction 24/100  |  signals 6/19
2026-06-17 21:03:53,015 [INFO]   [ 56]  KITE      (#116)  $0.18384       7d: +7.7%
2026-06-17 21:03:53,356 [INFO]           → conviction 3/100  |  signals 1/19
2026-06-17 21:03:53,356 [INFO]   [ 57]  VET       (#117)  $0.00499       7d: +5.6%
2026-06-17 21:03:53,690 [INFO]           → conviction 3/100  |  signals 1/19
2026-06-17 21:03:53,692 [INFO]   [ 58]  VIRTUAL   (#122)  $0.60119       7d: +9.3%
2026-06-17 21:03:54,023 [INFO]           → conviction 16/100  |  signals 4/19
2026-06-17 21:03:54,024 [INFO]   [ 59]  SEI       (#124)  $0.05439       7d: +15.9%
2026-06-17 21:03:54,354 [INFO]           → conviction 24/100  |  signals 6/19
2026-06-17 21:03:54,355 [INFO]   [ 60]  TIA       (#125)  $0.39138       7d: +26.9%
2026-06-17 21:03:54,691 [INFO]           → conviction 18/100  |  signals 5/19
2026-06-17 21:03:54,691 [INFO]   [ 61]  CRV       (#127)  $0.23231       7d: +9.4%
2026-06-17 21:03:55,315 [INFO]           → conviction 6/100  |  signals 2/19
2026-06-17 21:03:55,315 [INFO]   [ 62]  STX       (#130)  $0.18964       7d: +7.4%
2026-06-17 21:03:55,669 [INFO]           → conviction 18/100  |  signals 5/19
2026-06-17 21:03:55,669 [INFO]   [ 63]  JTO       (#131)  $0.71596       7d: +24.5%
2026-06-17 21:03:56,013 [INFO]           → conviction 13/100  |  signals 4/19
2026-06-17 21:03:56,014 [INFO]   [ 64]  SUN       (#134)  $0.01710       7d: -0.3%
2026-06-17 21:03:56,425 [INFO]           → conviction 3/100  |  signals 1/19
2026-06-17 21:03:56,426 [INFO]   [ 65]  PYTH      (#136)  $0.03908       7d: +24.7%
2026-06-17 21:03:56,839 [INFO]           → conviction 13/100  |  signals 3/19
2026-06-17 21:03:56,839 [INFO]   [ 66]  GNO       (#140)  $104.56000     7d: +10.9%
2026-06-17 21:03:56,847 [WARNING]           → skip GNO: OHLCV data is stale (>8h old or duplicates)
2026-06-17 21:03:56,847 [INFO]   [ 67]  XTZ       (#144)  $0.24010       7d: +3.7%
2026-06-17 21:03:57,658 [INFO]           → conviction 13/100  |  signals 3/19
2026-06-17 21:03:57,659 [INFO]   [ 68]  ZRO       (#145)  $1.02500       7d: +25.3%
2026-06-17 21:03:58,007 [INFO]           → conviction 13/100  |  signals 4/19
2026-06-17 21:03:58,007 [INFO]   [ 69]  MON       (#147)  $0.02176       7d: +4.1%
2026-06-17 21:03:58,481 [INFO]           → conviction 18/100  |  signals 4/19
2026-06-17 21:03:58,481 [INFO]   [ 70]  2Z        (#146)  $0.07411       7d: +7.5%
2026-06-17 21:03:58,881 [INFO]           → conviction 11/100  |  signals 3/19
2026-06-17 21:03:58,881 [INFO]   [ 71]  ZBCN      (#149)  $0.00259       7d: +3.4%
2026-06-17 21:03:59,394 [INFO]           → conviction 16/100  |  signals 4/19
2026-06-17 21:03:59,395 [INFO]   [ 72]  BSV       (#154)  $12.20000      7d: +7.8%
2026-06-17 21:03:59,733 [INFO]           → conviction 11/100  |  signals 3/19
2026-06-17 21:03:59,734 [INFO]   [ 73]  TEL       (#159)  $0.00248       7d: +4.3%
2026-06-17 21:04:00,073 [INFO]           → conviction 10/100  |  signals 3/19
2026-06-17 21:04:00,074 [INFO]   [ 74]  B         (#162)  $0.22796       7d: +1.9%
2026-06-17 21:04:00,419 [INFO]           → conviction 3/100  |  signals 1/19
2026-06-17 21:04:00,419 [INFO]   [ 75]  STRK      (#164)  $0.03468       7d: +1.1%
2026-06-17 21:04:00,778 [INFO]           → conviction 10/100  |  signals 2/19
2026-06-17 21:04:00,778 [INFO]   [ 76]  AKT       (#166)  $0.76456       7d: +31.7%
2026-06-17 21:04:01,243 [INFO]           → conviction 14/100  |  signals 4/19
2026-06-17 21:04:01,244 [INFO]   [ 77]  FF        (#168)  $0.07601       7d: +0.3%
2026-06-17 21:04:01,647 [INFO]           → conviction 11/100  |  signals 3/19
2026-06-17 21:04:01,649 [INFO]   [ 78]  KAIA      (#170)  $0.03725       7d: +4.2%
2026-06-17 21:04:02,061 [INFO]           → conviction 3/100  |  signals 1/19
2026-06-17 21:04:02,061 [INFO]   [ 79]  ENS       (#172)  $5.28000       7d: +15.1%
2026-06-17 21:04:02,408 [INFO]           → conviction 19/100  |  signals 5/19
2026-06-17 21:04:02,409 [INFO]   [ 80]  IOTA      (#173)  $0.04727       7d: +5.5%
2026-06-17 21:04:02,876 [INFO]           → conviction 6/100  |  signals 2/19
2026-06-17 21:04:02,878 [INFO]   [ 81]  DCR       (#174)  $12.10000      7d: +1.2%
2026-06-17 21:04:03,225 [INFO]           → conviction 0/100  |  signals 0/19
2026-06-17 21:04:03,226 [INFO]   [ 82]  GRT       (#175)  $0.01939       7d: +2.4%
2026-06-17 21:04:03,589 [INFO]           → conviction 6/100  |  signals 2/19
2026-06-17 21:04:03,589 [INFO]   [ 83]  REAL      (#178)  $0.06119       7d: +9.5%
2026-06-17 21:04:04,424 [INFO]           → conviction 6/100  |  signals 2/19
2026-06-17 21:04:04,425 [INFO]   [ 84]  PIEVERSE  (#179)  $0.70711       7d: +22.3%
2026-06-17 21:04:04,783 [INFO]           → conviction 10/100  |  signals 3/19
2026-06-17 21:04:04,784 [INFO]   [ 85]  APYUSD    (#185)  $1.20000       7d: -2.6%
2026-06-17 21:04:05,125 [INFO]           → conviction 17/100  |  signals 4/19
2026-06-17 21:04:05,126 [INFO]   [ 86]  BTSE      (#186)  $1.10000       7d: -0.9%
2026-06-17 21:04:09,085 [INFO]           → conviction 6/100  |  signals 1/19
2026-06-17 21:04:13,587 [INFO]   [ 87]  WFI       (#187)  $2.02000       7d: -1.6%
2026-06-17 21:04:13,959 [INFO]           → skip (flatliner: ATR 0.35% / BB 0.58%)
2026-06-17 21:04:13,959 [INFO]   [ 88]  AXS       (#188)  $0.98151       7d: +8.0%
2026-06-17 21:04:14,339 [INFO]           → conviction 14/100  |  signals 4/19
2026-06-17 21:04:14,340 [INFO]   [ 89]  COMP      (#190)  $17.45000      7d: -1.4%
2026-06-17 21:04:15,095 [INFO]           → conviction 10/100  |  signals 3/19
2026-06-17 21:04:15,096 [INFO]   [ 90]  SYRUP     (#192)  $0.14115       7d: +8.6%
2026-06-17 21:04:15,520 [INFO]           → conviction 27/100  |  signals 6/19
2026-06-17 21:04:15,520 [INFO]   [ 91]  TWT       (#193)  $0.39999       7d: +6.6%
2026-06-17 21:04:15,939 [INFO]           → conviction 5/100  |  signals 1/19
2026-06-17 21:04:15,939 [INFO]   [ 92]  MX        (#195)  $1.81000       7d: +3.9%
2026-06-17 21:04:16,396 [INFO]           → conviction 6/100  |  signals 2/19
2026-06-17 21:04:16,397 [INFO]   [ 93]  RAY       (#196)  $0.61019       7d: +6.7%
2026-06-17 21:04:17,385 [INFO]           → conviction 10/100  |  signals 3/19
2026-06-17 21:04:17,385 [INFO]   [ 94]  BILL      (#199)  $0.06611       7d: -1.7%
2026-06-17 21:04:17,735 [INFO]           → conviction 6/100  |  signals 2/19
2026-06-17 21:04:17,736 [INFO]   [ 95]  THETA     (#200)  $0.16034       7d: +7.3%
2026-06-17 21:04:18,519 [INFO]           → conviction 11/100  |  signals 3/19
2026-06-17 21:04:18,520 [INFO]   [ 96]  NEO       (#201)  $2.26000       7d: +7.4%
2026-06-17 21:04:18,957 [INFO]           → conviction 24/100  |  signals 5/19
2026-06-17 21:04:18,957 [INFO]   [ 97]  TRAC      (#203)  $0.35082       7d: +2.8%
2026-06-17 21:04:19,302 [INFO]           → conviction 5/100  |  signals 2/19
2026-06-17 21:04:19,303 [INFO]   [ 98]  XCN       (#204)  $0.00402       7d: +8.6%
2026-06-17 21:04:19,661 [INFO]           → conviction 19/100  |  signals 5/19
2026-06-17 21:04:19,662 [INFO]   [ 99]  EIGEN     (#206)  $0.20558       7d: +16.4%
2026-06-17 21:04:20,002 [INFO]           → conviction 19/100  |  signals 5/19
2026-06-17 21:04:20,003 [INFO]   [100]  SAND      (#214)  $0.05204       7d: +4.1%
2026-06-17 21:04:20,356 [INFO]           → conviction 11/100  |  signals 3/19
2026-06-17 21:04:20,356 [INFO]   [101]  TAG       (#216)  $0.00126       7d: +28.9%
2026-06-17 21:04:20,901 [INFO]           → conviction 17/100  |  signals 4/19
2026-06-17 21:04:20,902 [INFO]   [102]  EURCV     (#217)  $1.15000       7d: -0.5%
2026-06-17 21:04:21,246 [INFO]           → skip (flatliner: ATR 0.00% / BB 0.32%)
2026-06-17 21:04:21,247 [INFO]   [103]  BAT       (#219)  $0.09019       7d: -1.6%
2026-06-17 21:04:21,595 [INFO]           → conviction 6/100  |  signals 2/19
2026-06-17 21:04:21,596 [INFO]   [104]  FARTCOIN  (#220)  $0.13479       7d: +20.6%
2026-06-17 21:04:21,939 [INFO]           → conviction 13/100  |  signals 4/19
2026-06-17 21:04:21,940 [INFO]   [105]  MANA      (#222)  $0.06872       7d: +5.6%
2026-06-17 21:04:22,541 [INFO]           → conviction 3/100  |  signals 1/19
2026-06-17 21:04:22,542 [INFO]   [106]  STRCX     (#224)  $93.37000      7d: -6.9%
2026-06-17 21:04:26,269 [INFO]           → conviction 0/100  |  signals 0/19
2026-06-17 21:04:30,770 [INFO]   [107]  AR        (#225)  $1.96000       7d: +6.6%
2026-06-17 21:04:31,790 [INFO]           → conviction 16/100  |  signals 4/19
2026-06-17 21:04:31,791 [INFO]   [108]  GALA      (#226)  $0.00266       7d: +3.0%
2026-06-17 21:04:33,114 [INFO]           → conviction 11/100  |  signals 3/19
2026-06-17 21:04:33,115 [INFO]   [109]  TIBBIR    (#230)  $0.12535       7d: +22.4%
2026-06-17 21:04:33,508 [INFO]           → conviction 20/100  |  signals 5/19
2026-06-17 21:04:33,509 [INFO]   [110]  SFP       (#233)  $0.24597       7d: +5.6%
2026-06-17 21:04:33,934 [INFO]           → conviction 6/100  |  signals 2/19
2026-06-17 21:04:33,934 [INFO]   [111]  CVX       (#236)  $1.34000       7d: +8.0%
2026-06-17 21:04:34,350 [INFO]           → conviction 16/100  |  signals 4/19
2026-06-17 21:04:34,351 [INFO]   [112]  SENT      (#239)  $0.01678       7d: +12.5%
2026-06-17 21:04:34,772 [INFO]           → conviction 24/100  |  signals 7/19
2026-06-17 21:04:34,772 [INFO]   [113]  S         (#238)  $0.03206       7d: +6.7%
2026-06-17 21:04:35,226 [INFO]           → conviction 14/100  |  signals 4/19
2026-06-17 21:04:35,227 [INFO]   [114]  IMX       (#241)  $0.14328       7d: +4.3%
2026-06-17 21:04:35,571 [INFO]           → conviction 10/100  |  signals 2/19
2026-06-17 21:04:35,572 [INFO]   [115]  CRCLON    (#246)  $80.70000      7d: +1.7%
2026-06-17 21:04:35,916 [INFO]           → conviction 14/100  |  signals 4/19
2026-06-17 21:04:35,918 [INFO]   [116]  ZK        (#250)  $0.01165       7d: +10.9%
2026-06-17 21:04:36,260 [INFO]           → conviction 16/100  |  signals 4/19
2026-06-17 21:04:36,260 [INFO]   [117]  KAITO     (#251)  $0.46600       7d: +10.6%
2026-06-17 21:04:36,617 [INFO]           → conviction 13/100  |  signals 4/19
2026-06-17 21:04:36,617 [INFO]   [118]  GOMINING  (#253)  $0.27629       7d: +11.6%
2026-06-17 21:04:36,957 [INFO]           → conviction 3/100  |  signals 1/19
2026-06-17 21:04:36,957 [INFO]   [119]  GLM       (#255)  $0.11036       7d: +5.4%
2026-06-17 21:04:37,301 [INFO]           → conviction 10/100  |  signals 2/19
2026-06-17 21:04:37,301 [INFO]   [120]  IP        (#256)  $0.30975       7d: +11.3%
2026-06-17 21:04:37,639 [INFO]           → conviction 10/100  |  signals 3/19
2026-06-17 21:04:37,639 [INFO]   [121]  AWE       (#258)  $0.05657       7d: +4.7%
2026-06-17 21:04:37,993 [INFO]           → conviction 8/100  |  signals 2/19
2026-06-17 21:04:37,993 [INFO]   [122]  BANANAS31  (#262)  $0.01076       7d: +6.5%
2026-06-17 21:04:38,333 [INFO]           → conviction 23/100  |  signals 6/19
2026-06-17 21:04:38,333 [INFO]   [123]  1INCH     (#265)  $0.07524       7d: +7.5%
2026-06-17 21:04:38,679 [INFO]           → conviction 24/100  |  signals 6/19
2026-06-17 21:04:38,679 [INFO]   [124]  AB        (#266)  $0.00106       7d: -4.3%
2026-06-17 21:04:39,019 [INFO]           → conviction 3/100  |  signals 1/19
2026-06-17 21:04:39,019 [INFO]   [125]  BMX       (#268)  $0.30552       7d: +5.4%
2026-06-17 21:04:39,379 [INFO]           → conviction 3/100  |  signals 1/19
2026-06-17 21:04:39,380 [INFO]   [126]  DYDX      (#271)  $0.11934       7d: +1.6%
2026-06-17 21:04:39,974 [INFO]           → conviction 6/100  |  signals 2/19
2026-06-17 21:04:39,975 [INFO]   [127]  O         (#276)  $0.62194     
2026-06-17 21:04:41,463 [INFO]           → skip (insufficient data)
2026-06-17 21:04:45,966 [INFO]   [128]  ATH       (#280)  $0.00486       7d: +12.9%
2026-06-17 21:04:46,525 [INFO]           → conviction 18/100  |  signals 4/19
2026-06-17 21:04:46,525 [INFO]   [129]  GEOD      (#282)  $0.21449       7d: +31.4%
2026-06-17 21:04:46,927 [INFO]           → conviction 20/100  |  signals 5/19
2026-06-17 21:04:46,928 [INFO]   [130]  RIVER     (#285)  $4.82000       7d: -6.3%
2026-06-17 21:04:47,338 [INFO]           → conviction 24/100  |  signals 6/19
2026-06-17 21:04:47,339 [INFO]   [131]  FORM      (#287)  $0.23872       7d: +5.8%
2026-06-17 21:04:47,747 [INFO]           → conviction 6/100  |  signals 2/19
2026-06-17 21:04:47,748 [INFO]   [132]  LPT       (#290)  $1.79000       7d: +3.7%
2026-06-17 21:04:48,115 [INFO]           → conviction 18/100  |  signals 4/19
2026-06-17 21:04:48,115 [INFO]   [133]  EGLD      (#291)  $2.94000       7d: +3.3%
2026-06-17 21:04:48,653 [INFO]           → conviction 6/100  |  signals 2/19
2026-06-17 21:04:48,653 [INFO]   [134]  SHX       (#292)  $0.00498       7d: +14.0%
2026-06-17 21:04:49,049 [INFO]           → conviction 6/100  |  signals 2/19
2026-06-17 21:04:49,049 [INFO]   [135]  FLUID     (#293)  $1.12000       7d: -6.4%
2026-06-17 21:04:49,981 [INFO]           → conviction 19/100  |  signals 5/19
2026-06-17 21:04:49,981 [INFO]   [136]  SNX       (#295)  $0.25293       7d: +5.6%
2026-06-17 21:04:50,327 [INFO]           → conviction 6/100  |  signals 2/19
2026-06-17 21:04:50,327 [INFO]   [137]  UMXM      (#298)  $1.83000       7d: +7.1%
2026-06-17 21:04:50,908 [INFO]           → conviction 10/100  |  signals 4/19
2026-06-17 21:04:50,908 [INFO]   [138]  RSR       (#299)  $0.00137       7d: +3.2%
2026-06-17 21:04:51,309 [INFO]           → conviction 8/100  |  signals 2/19
2026-06-17 21:04:51,311 [INFO]   [139]  ALLO      (#301)  $0.35662       7d: -6.9%
2026-06-17 21:04:52,047 [INFO]           → conviction 10/100  |  signals 2/19
2026-06-17 21:04:52,048 [INFO]   [140]  ARKM      (#305)  $0.13079       7d: +18.3%
2026-06-17 21:04:52,399 [INFO]           → conviction 10/100  |  signals 3/19
2026-06-17 21:04:52,399 [INFO]   [141]  NOCK      (#307)  $0.03776       7d: +3.2%
2026-06-17 21:04:52,757 [INFO]           → conviction 3/100  |  signals 1/19
2026-06-17 21:04:52,757 [INFO]   [142]  WAL       (#310)  $0.03417       7d: +5.9%
2026-06-17 21:04:53,149 [INFO]           → conviction 10/100  |  signals 3/19
2026-06-17 21:04:53,150 [INFO]   [143]  KMNO      (#311)  $0.01682       7d: +19.1%
2026-06-17 21:04:53,507 [INFO]           → conviction 8/100  |  signals 2/19
2026-06-17 21:04:53,509 [INFO]   [144]  ZEN       (#313)  $4.45000       7d: +4.6%
2026-06-17 21:04:53,865 [INFO]           → conviction 8/100  |  signals 2/19
2026-06-17 21:04:53,866 [INFO]   [145]  MELANIA   (#317)  $0.08340       7d: +7.7%
2026-06-17 21:04:54,253 [INFO]           → conviction 21/100  |  signals 6/19
2026-06-17 21:04:54,254 [INFO]   [146]  LINEA     (#319)  $0.00258       7d: +9.9%
2026-06-17 21:04:55,020 [INFO]           → conviction 18/100  |  signals 5/19
2026-06-17 21:04:55,021 [INFO]   [147]  BAS       (#324)  $0.03113       7d: +4.5%
2026-06-17 21:04:55,444 [INFO]           → conviction 6/100  |  signals 2/19
2026-06-17 21:04:55,445 [INFO]   [148]  DBR       (#327)  $0.01440       7d: -4.6%
2026-06-17 21:04:55,887 [INFO]           → conviction 6/100  |  signals 1/19
2026-06-17 21:04:55,887 [INFO]   [149]  USELESS   (#329)  $0.07551       7d: +29.2%
2026-06-17 21:04:56,406 [INFO]           → conviction 24/100  |  signals 6/19
2026-06-17 21:04:56,406 [INFO]   [150]  ZRX       (#336)  $0.08792       7d: +2.6%
2026-06-17 21:04:57,165 [INFO]           → conviction 10/100  |  signals 2/19
2026-06-17 21:04:57,165 [INFO]   [151]  PROS      (#338)  $0.54923       7d: -5.1%
2026-06-17 21:04:57,743 [WARNING]           → skip PROS: OHLCV data is stale (>8h old or duplicates)
2026-06-17 21:04:57,743 [INFO]   [152]  ZIG       (#339)  $0.05275       7d: -4.3%
2026-06-17 21:04:58,092 [INFO]           → conviction 2/100  |  signals 1/19
2026-06-17 21:04:58,093 [INFO]   [153]  GAS       (#340)  $1.14000       7d: +4.0%
2026-06-17 21:04:58,443 [INFO]           → conviction 6/100  |  signals 2/19
2026-06-17 21:04:58,443 [INFO]   [154]  RIF       (#341)  $0.07253       7d: +23.6%
2026-06-17 21:04:58,787 [INFO]           → conviction 19/100  |  signals 5/19
2026-06-17 21:04:58,788 [INFO]   [155]  AIOZ      (#342)  $0.05815       7d: +5.6%
2026-06-17 21:04:59,300 [INFO]           → conviction 6/100  |  signals 2/19
2026-06-17 21:04:59,301 [INFO]   [156]  BAN       (#344)  $0.07293       7d: +5.0%
2026-06-17 21:04:59,668 [INFO]           → conviction 13/100  |  signals 3/19
2026-06-17 21:04:59,669 [INFO]   [157]  MAG7.SSI  (#346)  $0.42678       7d: +5.7%
2026-06-17 21:05:00,120 [INFO]           → conviction 6/100  |  signals 2/19
2026-06-17 21:05:00,121 [INFO]   [158]  CYS       (#347)  $0.44445       7d: +2.1%
2026-06-17 21:05:00,527 [INFO]           → conviction 10/100  |  signals 3/19
2026-06-17 21:05:00,527 [INFO]   [159]  RVN       (#352)  $0.00434       7d: +6.3%
2026-06-17 21:05:00,873 [INFO]           → conviction 6/100  |  signals 2/19
2026-06-17 21:05:00,874 [INFO]   [160]  Q         (#354)  $0.01728       7d: +0.1%
2026-06-17 21:05:01,222 [INFO]           → conviction 14/100  |  signals 4/19
2026-06-17 21:05:01,222 [INFO]   [161]  SAFE      (#356)  $0.09323       7d: +3.8%
2026-06-17 21:05:01,569 [INFO]           → conviction 3/100  |  signals 1/19
2026-06-17 21:05:01,569 [INFO]   [162]  YFI       (#358)  $1933.55000    7d: +4.3%
2026-06-17 21:05:01,963 [INFO]           → conviction 8/100  |  signals 2/19
2026-06-17 21:05:01,963 [INFO]   [163]  META      (#360)  $3.04000       7d: +9.9%
2026-06-17 21:05:02,304 [INFO]           → conviction 10/100  |  signals 2/19
2026-06-17 21:05:02,305 [INFO]   [164]  BERA      (#359)  $0.24615       7d: +4.7%
2026-06-17 21:05:02,643 [INFO]           → conviction 16/100  |  signals 5/19
2026-06-17 21:05:02,644 [INFO]   [165]  TROLL     (#363)  $0.06839       7d: -0.5%
2026-06-17 21:05:03,188 [INFO]           → conviction 5/100  |  signals 2/19
2026-06-17 21:05:03,188 [INFO]   [166]  KSM       (#365)  $3.70000       7d: +6.5%
2026-06-17 21:05:03,597 [INFO]           → conviction 18/100  |  signals 4/19
2026-06-17 21:05:03,601 [INFO]   [167]  ORDI      (#366)  $3.23000       7d: +3.4%
2026-06-17 21:05:04,111 [INFO]           → conviction 6/100  |  signals 2/19
2026-06-17 21:05:04,112 [INFO]   [168]  CHIP      (#370)  $0.03334       7d: +3.0%
2026-06-17 21:05:04,525 [INFO]           → conviction 13/100  |  signals 3/19
2026-06-17 21:05:04,525 [INFO]   [169]  ENJ       (#373)  $0.03357       7d: +19.0%
2026-06-17 21:05:04,936 [INFO]           → conviction 18/100  |  signals 5/19
2026-06-17 21:05:04,937 [INFO]   [170]  TRIA      (#376)  $0.03036       7d: +19.2%
2026-06-17 21:05:05,453 [INFO]           → conviction 18/100  |  signals 5/19
2026-06-17 21:05:05,454 [INFO]   [171]  METAL     (#379)  $0.12795       7d: -1.1%
2026-06-17 21:05:05,794 [INFO]           → conviction 0/100  |  signals 0/19
2026-06-17 21:05:05,794 [INFO]   [172]  XAUM      (#381)  $4202.26000    7d: +3.0%
2026-06-17 21:05:10,178 [INFO]           → conviction 8/100  |  signals 2/19
2026-06-17 21:05:14,679 [INFO]   [173]  DOG       (#384)  $0.00064       7d: +5.9%
2026-06-17 21:05:15,306 [WARNING]           → skip DOG: OHLCV data is stale (>8h old or duplicates)
2026-06-17 21:05:15,307 [INFO]   [174]  ZIL       (#386)  $0.00322       7d: +6.3%
2026-06-17 21:05:16,091 [INFO]           → conviction 3/100  |  signals 1/19
2026-06-17 21:05:16,092 [INFO]   [175]  0G        (#389)  $0.29173       7d: +2.6%
2026-06-17 21:05:16,428 [INFO]           → conviction 3/100  |  signals 1/19
2026-06-17 21:05:16,429 [INFO]   [176]  MEGA      (#391)  $0.05481       7d: +26.4%
2026-06-17 21:05:16,912 [INFO]           → conviction 23/100  |  signals 5/19
2026-06-17 21:05:16,914 [INFO]   [177]  TURBO     (#393)  $0.00090       7d: +8.4%
2026-06-17 21:05:17,874 [INFO]           → conviction 19/100  |  signals 4/19
2026-06-17 21:05:17,876 [INFO]   [178]  KNTQ      (#394)  $0.21955       7d: +4.4%
2026-06-17 21:05:18,305 [INFO]           → conviction 10/100  |  signals 3/19
2026-06-17 21:05:18,306 [INFO]   [179]  TFUEL     (#398)  $0.00834       7d: +2.9%
2026-06-17 21:05:18,725 [INFO]           → conviction 6/100  |  signals 2/19
2026-06-17 21:05:18,725 [INFO]   [180]  ALCH      (#399)  $0.07192       7d: +20.6%
2026-06-17 21:05:19,150 [INFO]           → conviction 8/100  |  signals 2/19
2026-06-17 21:05:19,150 [INFO]   [181]  CARDS     (#396)  $0.23767       7d: +36.7%
2026-06-17 21:05:19,562 [INFO]           → conviction 16/100  |  signals 4/19
2026-06-17 21:05:19,564 [INFO]   [182]  PURR      (#395)  $0.10271       7d: +24.0%
2026-06-17 21:05:19,963 [INFO]           → conviction 15/100  |  signals 5/19
2026-06-17 21:05:19,964 [INFO]   [183]  SUPER     (#401)  $0.09541       7d: +4.3%
2026-06-17 21:05:20,399 [INFO]           → conviction 10/100  |  signals 3/19
2026-06-17 21:05:20,399 [INFO]   [184]  JELLYJELLY  (#402)  $0.06084       7d: +8.2%
2026-06-17 21:05:20,798 [INFO]           → conviction 14/100  |  signals 3/19
2026-06-17 21:05:20,799 [INFO]   [185]  IO        (#403)  $0.17356       7d: -2.0%
2026-06-17 21:05:21,318 [INFO]           → conviction 10/100  |  signals 2/19
2026-06-17 21:05:21,319 [INFO]   [186]  VELO      (#406)  $0.00342       7d: +2.5%
2026-06-17 21:05:21,656 [INFO]           → conviction 8/100  |  signals 2/19
2026-06-17 21:05:21,656 [INFO]   [187]  GMX       (#408)  $5.77000       7d: +6.1%
2026-06-17 21:05:22,136 [INFO]           → conviction 8/100  |  signals 2/19
2026-06-17 21:05:22,137 [INFO]   [188]  MET       (#410)  $0.11229       7d: +12.5%
2026-06-17 21:05:22,542 [INFO]           → conviction 14/100  |  signals 4/19
2026-06-17 21:05:22,543 [INFO]   [189]  W         (#412)  $0.00973       7d: +9.4%
2026-06-17 21:05:23,372 [INFO]           → conviction 13/100  |  signals 4/19
2026-06-17 21:05:23,373 [INFO]   [190]  SKR       (#414)  $0.00891       7d: -2.5%
2026-06-17 21:05:23,868 [INFO]           → conviction 21/100  |  signals 4/19
2026-06-17 21:05:23,869 [INFO]   [191]  BABY      (#415)  $0.01544       7d: +2.5%
2026-06-17 21:05:24,216 [INFO]           → conviction 10/100  |  signals 2/19
2026-06-17 21:05:24,217 [INFO]   [192]  EURI      (#419)  $1.15000       7d: -0.7%
2026-06-17 21:05:24,796 [INFO]           → skip (flatliner: ATR 0.22% / BB 0.16%)
2026-06-17 21:05:24,797 [INFO]   [193]  DIEM      (#422)  $1505.56000    7d: +25.0%
2026-06-17 21:05:25,207 [INFO]           → conviction 14/100  |  signals 3/19
2026-06-17 21:05:25,208 [INFO]   [194]  MINA      (#421)  $0.04350       7d: +6.1%
2026-06-17 21:05:25,616 [INFO]           → conviction 19/100  |  signals 6/19
2026-06-17 21:05:25,616 [INFO]   [195]  ZETA      (#425)  $0.03814       7d: +3.4%
2026-06-17 21:05:25,953 [INFO]           → conviction 3/100  |  signals 1/19
2026-06-17 21:05:25,954 [INFO]   [196]  HOT       (#424)  $0.00031       7d: +3.0%
2026-06-17 21:05:26,332 [INFO]           → conviction 11/100  |  signals 3/19
2026-06-17 21:05:26,332 [INFO]   [197]  FXUSD     (#427)  $1.00200       7d: +0.1%
2026-06-17 21:05:30,407 [INFO]           → skip (flatliner: ATR 1.40% / BB 0.30%)
2026-06-17 21:05:34,909 [INFO]   [198]  TSLAX     (#429)  $396.26000     7d: +3.6%
2026-06-17 21:05:35,344 [INFO]           → conviction 0/100  |  signals 0/19
2026-06-17 21:05:35,344 [INFO]   [199]  SOON      (#428)  $0.16263       7d: -3.3%
2026-06-17 21:05:35,856 [INFO]           → conviction 13/100  |  signals 3/19
2026-06-17 21:05:35,857 [INFO]   [200]  IDOL      (#431)  $0.02913       7d: +2.8%
2026-06-17 21:05:39,585 [INFO]           → conviction 3/100  |  signals 1/19
2026-06-17 21:05:44,086 [INFO]   [201]  TOSHI     (#432)  $0.00013       7d: +9.3%
2026-06-17 21:05:44,657 [INFO]           → conviction 6/100  |  signals 2/19
2026-06-17 21:05:44,658 [INFO]   [202]  CKB       (#434)  $0.00111       7d: +6.8%
2026-06-17 21:05:44,991 [INFO]           → conviction 6/100  |  signals 2/19
2026-06-17 21:05:44,991 [INFO]   [203]  HNT       (#437)  $0.29540       7d: -6.3%
2026-06-17 21:05:45,890 [INFO]           → conviction 14/100  |  signals 4/19
2026-06-17 21:05:45,891 [INFO]   [204]  CTC       (#436)  $0.09980       7d: +7.5%
2026-06-17 21:05:46,406 [INFO]           → conviction 19/100  |  signals 5/19
2026-06-17 21:05:46,406 [INFO]   [205]  DUSK      (#438)  $0.09099       7d: +5.0%
2026-06-17 21:05:46,739 [INFO]           → conviction 10/100  |  signals 2/19
2026-06-17 21:05:46,740 [INFO]   [206]  HOLO      (#452)  $0.07045       7d: +12.4%
2026-06-17 21:05:47,220 [INFO]           → conviction 16/100  |  signals 5/19
2026-06-17 21:05:47,221 [INFO]   [207]  KAVA      (#455)  $0.04712       7d: +11.2%
2026-06-17 21:05:47,743 [INFO]           → conviction 18/100  |  signals 5/19
2026-06-17 21:05:47,744 [INFO]   [208]  BLUR      (#456)  $0.01799       7d: +4.8%
2026-06-17 21:05:48,082 [INFO]           → conviction 6/100  |  signals 2/19
2026-06-17 21:05:48,083 [INFO]   [209]  FLOW      (#458)  $0.03033       7d: +8.9%
2026-06-17 21:05:48,556 [INFO]           → conviction 10/100  |  signals 3/19
2026-06-17 21:05:48,557 [INFO]   [210]  BARD      (#457)  $0.15693       7d: +4.5%
2026-06-17 21:05:49,067 [INFO]           → conviction 14/100  |  signals 3/19
2026-06-17 21:05:49,067 [INFO]   [211]  XNO       (#461)  $0.37822       7d: -1.7%
2026-06-17 21:05:49,965 [INFO]           → conviction 6/100  |  signals 2/19
2026-06-17 21:05:49,966 [INFO]   [212]  ASTR      (#460)  $0.00578       7d: +8.2%
2026-06-17 21:05:50,572 [INFO]           → conviction 3/100  |  signals 1/19
2026-06-17 21:05:50,572 [INFO]   [213]  XYO       (#464)  $0.00358       7d: +3.6%
2026-06-17 21:05:54,409 [INFO]           → conviction 3/100  |  signals 1/19
2026-06-17 21:05:58,910 [INFO]   [214]  RON       (#469)  $0.06353       7d: +8.8%
2026-06-17 21:05:59,305 [INFO]           → conviction 12/100  |  signals 4/19
2026-06-17 21:05:59,305 [INFO]   [215]  PEAQ      (#471)  $0.02181       7d: -0.3%
2026-06-17 21:05:59,654 [INFO]           → conviction 3/100  |  signals 1/19
2026-06-17 21:05:59,656 [INFO]   [216]  FOGO      (#472)  $0.01270       7d: +13.4%
2026-06-17 21:06:00,019 [INFO]           → conviction 10/100  |  signals 3/19
2026-06-17 21:06:00,019 [INFO]   [217]  NVDAON    (#474)  $204.59000     7d: +1.4%
2026-06-17 21:06:00,434 [INFO]           → conviction 0/100  |  signals 0/19
2026-06-17 21:06:00,435 [INFO]   [218]  DGB       (#475)  $0.00262       7d: +7.4%
2026-06-17 21:06:00,952 [INFO]           → conviction 3/100  |  signals 1/19
2026-06-17 21:06:00,953 [INFO]   [219]  APR       (#479)  $0.19342       7d: +1.3%
2026-06-17 21:06:01,286 [INFO]           → conviction 13/100  |  signals 3/19
2026-06-17 21:06:01,287 [INFO]   [220]  ONT       (#478)  $0.04767       7d: +1.8%
2026-06-17 21:06:01,631 [INFO]           → conviction 6/100  |  signals 2/19
2026-06-17 21:06:01,632 [INFO]   [221]  AZTEC     (#482)  $0.01599       7d: +8.4%
2026-06-17 21:06:02,276 [INFO]           → conviction 10/100  |  signals 3/19
2026-06-17 21:06:02,277 [INFO]   [222]  UPUMP     (#483)  $0.00148       7d: +6.4%
2026-06-17 21:06:02,613 [INFO]           → conviction 6/100  |  signals 2/19
2026-06-17 21:06:02,614 [INFO]   [223]  UP        (#481)  $0.37169       7d: +7.5%
2026-06-17 21:06:03,097 [INFO]           → conviction 10/100  |  signals 3/19
2026-06-17 21:06:03,098 [INFO]   [224]  AMP       (#486)  $0.00054       7d: +4.5%
2026-06-17 21:06:03,503 [INFO]           → conviction 13/100  |  signals 3/19
2026-06-17 21:06:03,503 [INFO]   [225]  ICNT      (#487)  $0.18281       7d: -2.2%
2026-06-17 21:06:03,886 [INFO]           → conviction 11/100  |  signals 2/19
2026-06-17 21:06:03,887 [INFO]   [226]  ROBO      (#490)  $0.02073       7d: +2.4%
2026-06-17 21:06:04,481 [INFO]           → conviction 6/100  |  signals 2/19
2026-06-17 21:06:04,481 [INFO]   [227]  BNKR      (#491)  $0.00046       7d: +1.1%
2026-06-17 21:06:05,282 [INFO]           → conviction 10/100  |  signals 2/19
2026-06-17 21:06:05,283 [INFO]   [228]  CRCLX     (#493)  $81.21000      7d: +2.2%
2026-06-17 21:06:05,691 [INFO]           → conviction 13/100  |  signals 3/19
2026-06-17 21:06:05,692 [INFO]   [229]  PNUT      (#499)  $0.04408       7d: +8.1%
2026-06-17 21:06:06,737 [INFO]           → conviction 24/100  |  signals 5/19
2026-06-17 21:06:06,743 [INFO] 
[5/5] Building trade plan report...
2026-06-17 21:06:06,743 [INFO]   Raw candidates found: 0
2026-06-17 21:06:06,744 [INFO] [5/5] Checking major leverage opportunities (BTC/ETH/SOL)...
2026-06-17 21:06:06,744 [INFO]   Major leverage: 0 opportunity(s) found
2026-06-17 21:06:06,747 [INFO] 
================================================================================
  CRYPTO SPOT SCANNER — TRADE PLAN REPORT
  Generated: 2026-06-17 21:06:06
================================================================================

MARKET CONTEXT
----------------------------------------
  BTC Price    :  $   64,337.10
  BTC 7-day    :     +4.65%
  BTC 24-hour  :     -1.98%
  ETH 7-day    :     +7.26%
  BTC Dominance:      56.1%
  Regime       :  🟢 BULL

ACCOUNT
----------------------------------------
  Balance       : $   96,313.06 USDT
  Risk / trade  : 1.5%  ($1,445 USDT per trade)
  Max positions : 8
  Max heat      : 12.0%

================================================================================
  NO QUALIFYING SETUPS FOUND

  All scanned tokens failed to meet the minimum conviction threshold.
  This means market conditions are not favorable right now.

  RECOMMENDATION: Stay in USDT. Wait for the next scan.
  Patience is a trading edge. Forcing trades loses money.
================================================================================

WATCHLIST  — tokens building momentum, not ready to enter yet
----------------------------------------
  ⏳ = needs 1 more confirmation scan  |  ↗ = conviction rising  |  ↘ = fading
  Monitor all. Enter only after a fresh scan confirms conviction ≥ threshold.

  #     SYMBOL     RANK         PRICE      7d%   CONV  SIGS  TREND  KEY SIGNALS
  ----  ---------  ----  ------------  -------  -----  ----  -----  ----------------------------
  1     🔹JUP       # 88  $0.18695        +24.9%    29     7      →  funding_neg, cmf, higher_lows +4
  2     🔹SYRUP     #192  $0.14115         +8.6%    27     6      →  funding_neg, stealth_accum, cmf +3

--------------------------------------------------------------------------------
2026-06-17 21:06:06,758 [INFO] 
  Report  → C:\Users\bruno\OneDrive\Ambiente de Trabalho\Workspace\crypto scanner\crypto-scanner\outputs\scanner-results\spot_trade_plan_LATEST.txt
2026-06-17 21:06:06,759 [INFO]   JSON    → C:\Users\bruno\OneDrive\Ambiente de Trabalho\Workspace\crypto scanner\crypto-scanner\outputs\scanner-results\spot_trade_plan_LATEST.json
2026-06-17 21:06:06,759 [INFO]   Log     → C:\Users\bruno\OneDrive\Ambiente de Trabalho\Workspace\crypto scanner\crypto-scanner\outputs\logs\orchestrator_20260617.log
2026-06-17 21:06:06,759 [INFO] 
  Done.  0 high-conviction setup(s) found.
