2026-06-18 06:21:07,040 [INFO]   Live Bybit balance: 96,313.06 USDT
2026-06-18 06:21:07,042 [INFO] 
2026-06-18 06:21:07,042 [INFO] ================================================================================
2026-06-18 06:21:07,043 [INFO]   CRYPTO MASTER ORCHESTRATOR v2.1
2026-06-18 06:21:07,043 [INFO]   18-signal engine | funding rate | corr filter | volume source tagging
2026-06-18 06:21:07,043 [INFO] ================================================================================
2026-06-18 06:21:07,043 [INFO]   Account: $96,313.06 USDT  |  Risk/trade: 1.5%  |  Max positions: 8
2026-06-18 06:21:07,043 [INFO] 
2026-06-18 06:21:07,048 [INFO] [1/5] Analyzing market regime...
2026-06-18 06:21:07,051 [INFO] Fetching market context (Bybit klines primary)...
2026-06-18 06:21:08,106 [INFO]   [Bybit] BTC: $63,936 | 7d: +2.0%  ETH 7d: +4.6%  Dominance: 56.1% | Regime: 🟡 SIDEWAYS
2026-06-18 06:21:08,107 [INFO]   🟡 SIDEWAYS — conviction raised to 60, max position capped at 6.0%, stops tightened to 1.0× ATR
2026-06-18 06:21:08,109 [WARNING]   🌙 Quiet hours 00:00–06:00 UTC — low liquidity filter: conviction threshold raised +10 to 70
2026-06-18 06:21:08,109 [INFO] [2/5] Fetching BTC historical data...
2026-06-18 06:21:10,454 [INFO]   BTC data: OK
2026-06-18 06:21:14,955 [INFO] [3/5] Fetching top 500 coins...
2026-06-18 06:21:14,961 [INFO] Fetching top 500 coins by market cap...
2026-06-18 06:21:17,175 [INFO]   Fetched 500 coins
2026-06-18 06:21:17,182 [INFO]   Fetched 500 coins
2026-06-18 06:21:17,182 [INFO] [4/5] Scanning for high-conviction setups...
2026-06-18 06:21:17,183 [INFO]   Filters: Rank 20–500  |  Vol ≥ $500,000  |  Min conviction: 70
2026-06-18 06:21:17,183 [INFO] 
2026-06-18 06:21:17,187 [INFO]   [  1]  ADA       (# 20)  $0.16455       7d: +0.1%
2026-06-18 06:21:18,028 [INFO]           → conviction 10/100  |  signals 2/19
2026-06-18 06:21:18,029 [INFO]   [  2]  LINK      (# 21)  $7.92000       7d: +1.4%
2026-06-18 06:21:18,614 [INFO]           → conviction 0/100  |  signals 0/19
2026-06-18 06:21:18,615 [INFO]   [  3]  GRAM      (# 25)  $1.65000       7d: -0.5%
2026-06-18 06:21:22,026 [INFO]           → conviction 15/100  |  signals 5/19
2026-06-18 06:21:26,527 [INFO]   [  4]  BCH       (# 27)  $206.63000     7d: +2.9%
2026-06-18 06:21:27,129 [INFO]           → conviction 10/100  |  signals 2/19
2026-06-18 06:21:27,129 [INFO]   [  5]  M         (# 28)  $2.90000       7d: -2.9%
2026-06-18 06:21:27,712 [INFO]           → conviction 0/100  |  signals 0/19
2026-06-18 06:21:27,712 [INFO]   [  6]  HBAR      (# 29)  $0.07951       7d: +0.5%
2026-06-18 06:21:28,785 [INFO]           → conviction 3/100  |  signals 1/19
2026-06-18 06:21:28,786 [INFO]   [  7]  LTC       (# 30)  $44.15000      7d: +3.3%
2026-06-18 06:21:29,695 [INFO]           → conviction 0/100  |  signals 0/19
2026-06-18 06:21:29,695 [INFO]   [  8]  USYC      (# 31)  $1.13000       7d: +0.0%
2026-06-18 06:21:32,729 [WARNING]           → skip USYC: OHLCV data is stale (>8h old or duplicates)
2026-06-18 06:21:37,230 [INFO]   [  9]  SUI       (# 32)  $0.74167       7d: -1.8%
2026-06-18 06:21:37,968 [INFO]           → conviction 10/100  |  signals 2/19
2026-06-18 06:21:37,968 [INFO]   [ 10]  AVAX      (# 34)  $6.60000       7d: -0.3%
2026-06-18 06:21:38,604 [INFO]           → conviction 10/100  |  signals 2/19
2026-06-18 06:21:38,604 [INFO]   [ 11]  NEAR      (# 35)  $2.16000       7d: +8.0%
2026-06-18 06:21:39,198 [INFO]           → conviction 3/100  |  signals 1/19
2026-06-18 06:21:39,199 [INFO]   [ 12]  CRO       (# 38)  $0.05905       7d: -1.8%
2026-06-18 06:21:39,991 [INFO]           → conviction 11/100  |  signals 2/19
2026-06-18 06:21:39,991 [INFO]   [ 13]  TAO       (# 41)  $240.18000     7d: +14.6%
2026-06-18 06:21:40,593 [INFO]           → conviction 13/100  |  signals 3/19
2026-06-18 06:21:40,594 [INFO]   [ 14]  WLD       (# 43)  $0.62467       7d: +33.6%
2026-06-18 06:21:41,206 [INFO]           → conviction 19/100  |  signals 5/19
2026-06-18 06:21:41,206 [INFO]   [ 15]  WLFI      (# 45)  $0.06105       7d: +3.4%
2026-06-18 06:21:41,808 [INFO]           → conviction 16/100  |  signals 4/19
2026-06-18 06:21:41,809 [INFO]   [ 16]  MNT       (# 47)  $0.53973       7d: +0.7%
2026-06-18 06:21:42,550 [INFO]           → conviction 3/100  |  signals 1/19
2026-06-18 06:21:42,551 [INFO]   [ 17]  DOT       (# 51)  $0.97032       7d: +3.7%
2026-06-18 06:21:43,126 [INFO]           → conviction 13/100  |  signals 3/19
2026-06-18 06:21:43,127 [INFO]   [ 18]  OKB       (# 53)  $72.72000      7d: +2.3%
2026-06-18 06:21:43,715 [INFO]           → conviction 0/100  |  signals 0/19
2026-06-18 06:21:43,716 [INFO]   [ 19]  PI        (# 55)  $0.13048       7d: +3.6%
2026-06-18 06:21:47,083 [INFO]           → conviction 0/100  |  signals 0/19
2026-06-18 06:21:51,584 [INFO]   [ 20]  SKY       (# 58)  $0.05623       7d: -0.6%
2026-06-18 06:21:52,193 [INFO]           → conviction 14/100  |  signals 4/19
2026-06-18 06:21:52,194 [INFO]   [ 21]  MORPHO    (# 59)  $1.97000       7d: -4.4%
2026-06-18 06:21:52,767 [INFO]           → conviction 13/100  |  signals 3/19
2026-06-18 06:21:52,767 [INFO]   [ 22]  ICP       (# 60)  $2.28000       7d: -0.4%
2026-06-18 06:21:53,333 [INFO]           → conviction 6/100  |  signals 2/19
2026-06-18 06:21:53,333 [INFO]   [ 23]  BGB       (# 61)  $1.80000       7d: +1.6%
2026-06-18 06:21:56,747 [INFO]           → conviction 3/100  |  signals 1/19
2026-06-18 06:22:01,249 [INFO]   [ 24]  ETC       (# 63)  $7.16000       7d: +0.2%
2026-06-18 06:22:01,832 [INFO]           → conviction 3/100  |  signals 1/19
2026-06-18 06:22:01,833 [INFO]   [ 25]  AAVE      (# 64)  $72.97000      7d: +15.1%
2026-06-18 06:22:02,422 [INFO]           → conviction 21/100  |  signals 5/19
2026-06-18 06:22:02,422 [INFO]   [ 26]  QNT       (# 65)  $69.89000      7d: +8.5%
2026-06-18 06:22:03,014 [INFO]           → conviction 13/100  |  signals 3/19
2026-06-18 06:22:03,015 [INFO]   [ 27]  KCS       (# 69)  $7.20000       7d: +8.9%
2026-06-18 06:22:06,278 [INFO]           → conviction 12/100  |  signals 4/19
2026-06-18 06:22:10,779 [INFO]   [ 28]  ATOM      (# 70)  $1.86000       7d: +0.2%
2026-06-18 06:22:11,508 [INFO]           → conviction 0/100  |  signals 0/19
2026-06-18 06:22:11,508 [INFO]   [ 29]  RENDER    (# 74)  $1.67000       7d: +6.2%
2026-06-18 06:22:12,272 [INFO]           → conviction 16/100  |  signals 4/19
2026-06-18 06:22:12,272 [INFO]   [ 30]  ALGO      (# 75)  $0.09678       7d: +8.5%
2026-06-18 06:22:12,864 [INFO]           → conviction 19/100  |  signals 5/19
2026-06-18 06:22:12,864 [INFO]   [ 31]  ENA       (# 76)  $0.09219       7d: +20.1%
2026-06-18 06:22:13,435 [INFO]           → conviction 14/100  |  signals 4/19
2026-06-18 06:22:13,436 [INFO]   [ 32]  KAS       (# 77)  $0.03073       7d: -0.6%
2026-06-18 06:22:14,021 [INFO]           → conviction 3/100  |  signals 1/19
2026-06-18 06:22:14,022 [INFO]   [ 33]  STABLE    (# 78)  $0.03407       7d: +0.4%
2026-06-18 06:22:14,622 [INFO]           → conviction 24/100  |  signals 5/19
2026-06-18 06:22:14,622 [INFO]   [ 34]  NEXO      (# 79)  $0.80665       7d: +0.7%
2026-06-18 06:22:15,495 [INFO]           → conviction 13/100  |  signals 3/19
2026-06-18 06:22:15,496 [INFO]   [ 35]  POL       (# 80)  $0.07543       7d: +2.9%
2026-06-18 06:22:16,096 [INFO]           → conviction 3/100  |  signals 1/19
2026-06-18 06:22:16,097 [INFO]   [ 36]  GT        (# 81)  $6.70000       7d: +4.8%
2026-06-18 06:22:19,355 [INFO]           → conviction 6/100  |  signals 2/19
2026-06-18 06:22:23,856 [INFO]   [ 37]  JST       (# 82)  $0.08312       7d: +6.1%
2026-06-18 06:22:24,455 [INFO]           → conviction 24/100  |  signals 6/19
2026-06-18 06:22:24,455 [INFO]   [ 38]  VVV       (# 83)  $14.94000      7d: +11.6%
2026-06-18 06:22:25,032 [INFO]           → conviction 16/100  |  signals 4/19
2026-06-18 06:22:25,033 [INFO]   [ 39]  币安人生      (# 84)  $0.69643       7d: -1.8%
2026-06-18 06:22:25,915 [INFO]           → conviction 6/100  |  signals 2/19
2026-06-18 06:22:25,916 [INFO]   [ 40]  FLR       (# 86)  $0.00746       7d: +6.7%
2026-06-18 06:22:26,495 [INFO]           → conviction 11/100  |  signals 2/19
2026-06-18 06:22:26,496 [INFO]   [ 41]  FIL       (# 88)  $0.78313       7d: +2.6%
2026-06-18 06:22:27,250 [INFO]           → conviction 19/100  |  signals 4/19
2026-06-18 06:22:27,251 [INFO]   [ 42]  APT       (# 98)  $0.64049       7d: +0.2%
2026-06-18 06:22:27,985 [INFO]           → conviction 13/100  |  signals 3/19
2026-06-18 06:22:27,986 [INFO]   [ 43]  INJ       (# 99)  $5.22000       7d: +0.4%
2026-06-18 06:22:28,576 [INFO]           → conviction 10/100  |  signals 2/19
2026-06-18 06:22:28,576 [INFO]   [ 44]  PUMP      (#103)  $0.00145       7d: +1.6%
2026-06-18 06:22:29,451 [INFO]           → conviction 3/100  |  signals 1/19
2026-06-18 06:22:29,452 [INFO]   [ 45]  NIGHT     (#104)  $0.02980       7d: -8.1%
2026-06-18 06:22:30,054 [INFO]           → conviction 10/100  |  signals 2/19
2026-06-18 06:22:30,054 [INFO]   [ 46]  ADI       (#106)  $3.91000       7d: +4.7%
2026-06-18 06:22:33,761 [INFO]           → conviction 15/100  |  signals 4/19
2026-06-18 06:22:38,262 [INFO]   [ 47]  H         (#108)  $0.25383       7d: +58.5%
2026-06-18 06:22:38,845 [INFO]           → conviction 18/100  |  signals 4/19
2026-06-18 06:22:38,845 [INFO]   [ 48]  DASH      (#109)  $35.09000      7d: +0.4%
2026-06-18 06:22:39,438 [INFO]           → conviction 10/100  |  signals 2/19
2026-06-18 06:22:39,439 [INFO]   [ 49]  FET       (#110)  $0.19648       7d: +3.0%
2026-06-18 06:22:40,321 [INFO]           → conviction 10/100  |  signals 2/19
2026-06-18 06:22:40,321 [INFO]   [ 50]  TRUMP     (#111)  $1.86000       7d: +11.3%
2026-06-18 06:22:40,914 [INFO]           → conviction 13/100  |  signals 3/19
2026-06-18 06:22:40,915 [INFO]   [ 51]  CAKE      (#113)  $1.34000       7d: +1.8%
2026-06-18 06:22:41,487 [INFO]           → conviction 10/100  |  signals 3/19
2026-06-18 06:22:41,487 [INFO]   [ 52]  KITE      (#114)  $0.18537       7d: +4.7%
2026-06-18 06:22:42,062 [INFO]           → conviction 18/100  |  signals 4/19
2026-06-18 06:22:42,063 [INFO]   [ 53]  VET       (#115)  $0.00496       7d: +3.8%
2026-06-18 06:22:43,185 [INFO]           → conviction 0/100  |  signals 0/19
2026-06-18 06:22:43,186 [INFO]   [ 54]  PENGU     (#116)  $0.00673       7d: -1.0%
2026-06-18 06:22:43,758 [INFO]           → conviction 3/100  |  signals 1/19
2026-06-18 06:22:43,759 [INFO]   [ 55]  AERO      (#117)  $0.43672       7d: +28.0%
2026-06-18 06:22:44,341 [INFO]           → conviction 16/100  |  signals 5/19
2026-06-18 06:22:44,342 [INFO]   [ 56]  LIT       (#118)  $1.60000       7d: +9.4%
2026-06-18 06:22:44,920 [INFO]           → conviction 6/100  |  signals 2/19
2026-06-18 06:22:44,920 [INFO]   [ 57]  VIRTUAL   (#122)  $0.59144       7d: +3.9%
2026-06-18 06:22:46,608 [INFO]           → conviction 13/100  |  signals 3/19
2026-06-18 06:22:46,608 [INFO]   [ 58]  APXUSD    (#123)  $0.91753       7d: -4.2%
2026-06-18 06:22:49,848 [INFO]           → conviction 7/100  |  signals 1/19
2026-06-18 06:22:54,351 [INFO]   [ 59]  SEI       (#126)  $0.05358       7d: +12.9%
2026-06-18 06:22:54,915 [INFO]           → conviction 16/100  |  signals 4/19
2026-06-18 06:22:54,916 [INFO]   [ 60]  TIA       (#127)  $0.38475       7d: +17.1%
2026-06-18 06:22:55,505 [INFO]           → conviction 23/100  |  signals 6/19
2026-06-18 06:22:55,505 [INFO]   [ 61]  9BIT      (#129)  $0.04166       7d: -9.1%
2026-06-18 06:22:59,252 [INFO]           → conviction 11/100  |  signals 2/19
2026-06-18 06:23:03,753 [INFO]   [ 62]  JTO       (#130)  $0.70217       7d: +21.0%
2026-06-18 06:23:04,330 [INFO]           → conviction 6/100  |  signals 2/19
2026-06-18 06:23:04,331 [INFO]   [ 63]  STX       (#131)  $0.18325       7d: +0.2%
2026-06-18 06:23:05,080 [INFO]           → conviction 13/100  |  signals 3/19
2026-06-18 06:23:05,081 [INFO]   [ 64]  CRV       (#132)  $0.22172       7d: -5.1%
2026-06-18 06:23:05,682 [INFO]           → conviction 3/100  |  signals 1/19
2026-06-18 06:23:05,682 [INFO]   [ 65]  SUN       (#133)  $0.01721       7d: +0.5%
2026-06-18 06:23:06,273 [INFO]           → conviction 6/100  |  signals 2/19
2026-06-18 06:23:06,274 [INFO]   [ 66]  PYTH      (#136)  $0.03703       7d: +10.3%
2026-06-18 06:23:07,400 [INFO]           → conviction 10/100  |  signals 3/19
2026-06-18 06:23:07,401 [INFO]   [ 67]  GNO       (#138)  $104.44000     7d: +9.3%
2026-06-18 06:23:07,660 [WARNING]           → skip GNO: OHLCV data is stale (>8h old or duplicates)
2026-06-18 06:23:07,660 [INFO]   [ 68]  XPL       (#139)  $0.10591       7d: +65.3%
2026-06-18 06:23:08,735 [INFO]           → conviction 36/100  |  signals 7/19
2026-06-18 06:23:08,735 [INFO]   [ 69]  KAG       (#142)  $68.97000      7d: +8.7%
2026-06-18 06:23:12,389 [INFO]           → conviction 11/100  |  signals 4/19
2026-06-18 06:23:16,889 [INFO]   [ 70]  XTZ       (#143)  $0.23685       7d: +0.6%
2026-06-18 06:23:17,734 [INFO]           → conviction 16/100  |  signals 3/19
2026-06-18 06:23:17,734 [INFO]   [ 71]  2Z        (#145)  $0.07406       7d: +6.1%
2026-06-18 06:23:18,320 [INFO]           → conviction 14/100  |  signals 4/19
2026-06-18 06:23:18,321 [INFO]   [ 72]  GRASS     (#146)  $0.42103       7d: +21.1%
2026-06-18 06:23:18,917 [INFO]           → conviction 10/100  |  signals 3/19
2026-06-18 06:23:18,917 [INFO]   [ 73]  ZRO       (#148)  $0.99820       7d: +21.1%
2026-06-18 06:23:20,195 [INFO]           → conviction 3/100  |  signals 1/19
2026-06-18 06:23:20,196 [INFO]   [ 74]  ZBCN      (#150)  $0.00256       7d: -1.0%
2026-06-18 06:23:21,092 [INFO]           → conviction 0/100  |  signals 0/19
2026-06-18 06:23:21,092 [INFO]   [ 75]  MON       (#149)  $0.02125       7d: -2.3%
2026-06-18 06:23:22,361 [INFO]           → conviction 10/100  |  signals 2/19
2026-06-18 06:23:22,362 [INFO]   [ 76]  BSV       (#155)  $12.00000      7d: +5.9%
2026-06-18 06:23:23,083 [INFO]           → conviction 0/100  |  signals 0/19
2026-06-18 06:23:23,083 [INFO]   [ 77]  JASMY     (#158)  $0.00483       7d: +3.8%
2026-06-18 06:23:23,665 [INFO]           → conviction 10/100  |  signals 2/19
2026-06-18 06:23:23,665 [INFO]   [ 78]  TEL       (#160)  $0.00242       7d: +1.5%
2026-06-18 06:23:27,122 [INFO]           → conviction 0/100  |  signals 0/19
2026-06-18 06:23:31,622 [INFO]   [ 79]  B         (#163)  $0.22337       7d: -1.1%
2026-06-18 06:23:32,233 [INFO]           → conviction 3/100  |  signals 1/19
2026-06-18 06:23:32,234 [INFO]   [ 80]  STRK      (#165)  $0.03384       7d: -2.6%
2026-06-18 06:23:32,824 [INFO]           → conviction 3/100  |  signals 1/19
2026-06-18 06:23:32,825 [INFO]   [ 81]  USDM      (#166)  $1.00500       7d: +0.6%
2026-06-18 06:23:36,277 [INFO]           → skip (flatliner: ATR 0.92% / BB 0.36%)
2026-06-18 06:23:40,778 [INFO]   [ 82]  FF        (#168)  $0.07545       7d: -1.8%
2026-06-18 06:23:41,517 [INFO]           → conviction 3/100  |  signals 1/19
2026-06-18 06:23:41,517 [INFO]   [ 83]  KAIA      (#170)  $0.03656       7d: +2.3%
2026-06-18 06:23:42,148 [INFO]           → conviction 0/100  |  signals 0/19
2026-06-18 06:23:42,148 [INFO]   [ 84]  AKT       (#171)  $0.72965       7d: +23.2%
2026-06-18 06:23:42,739 [INFO]           → conviction 13/100  |  signals 4/19
2026-06-18 06:23:42,739 [INFO]   [ 85]  ENS       (#172)  $5.23000       7d: +11.9%
2026-06-18 06:23:43,330 [INFO]           → conviction 10/100  |  signals 3/19
2026-06-18 06:23:43,331 [INFO]   [ 86]  IOTA      (#173)  $0.04685       7d: +3.1%
2026-06-18 06:23:43,929 [INFO]           → conviction 10/100  |  signals 2/19
2026-06-18 06:23:43,930 [INFO]   [ 87]  DCR       (#174)  $11.86000      7d: -1.6%
2026-06-18 06:23:44,803 [INFO]           → conviction 0/100  |  signals 0/19
2026-06-18 06:23:44,804 [INFO]   [ 88]  GRT       (#176)  $0.01906       7d: -0.2%
2026-06-18 06:23:45,910 [INFO]           → conviction 10/100  |  signals 2/19
2026-06-18 06:23:45,910 [INFO]   [ 89]  REAL      (#178)  $0.06120       7d: +8.3%
2026-06-18 06:23:49,600 [INFO]           → conviction 6/100  |  signals 2/19
2026-06-18 06:23:54,101 [INFO]   [ 90]  PIEVERSE  (#182)  $0.68342       7d: +15.4%
2026-06-18 06:23:54,670 [INFO]           → conviction 19/100  |  signals 5/19
2026-06-18 06:23:54,671 [INFO]   [ 91]  ULTIMA    (#184)  $2191.27000    7d: -3.4%
2026-06-18 06:23:58,153 [INFO]           → conviction 10/100  |  signals 3/19
2026-06-18 06:24:02,654 [INFO]   [ 92]  BTSE      (#185)  $1.10000       7d: -1.2%
2026-06-18 06:24:06,018 [INFO]           → conviction 0/100  |  signals 0/19
2026-06-18 06:24:10,520 [INFO]   [ 93]  APYUSD    (#186)  $1.24000       7d: +0.9%
2026-06-18 06:24:14,009 [INFO]           → conviction 10/100  |  signals 2/19
2026-06-18 06:24:18,510 [INFO]   [ 94]  WFI       (#187)  $2.01000       7d: -1.2%
2026-06-18 06:24:22,177 [INFO]           → skip (flatliner: ATR 0.25% / BB 0.59%)
2026-06-18 06:24:26,678 [INFO]   [ 95]  COMP      (#189)  $17.53000      7d: -3.3%
2026-06-18 06:24:27,492 [INFO]           → conviction 10/100  |  signals 2/19
2026-06-18 06:24:27,492 [INFO]   [ 96]  AXS       (#191)  $0.96526       7d: +5.7%
2026-06-18 06:24:28,059 [INFO]           → conviction 13/100  |  signals 3/19
2026-06-18 06:24:28,059 [INFO]   [ 97]  TWT       (#192)  $0.39791       7d: +3.2%
2026-06-18 06:24:28,805 [INFO]           → conviction 8/100  |  signals 2/19
2026-06-18 06:24:28,806 [INFO]   [ 98]  MX        (#193)  $1.80000       7d: +3.3%
2026-06-18 06:24:32,583 [INFO]           → conviction 10/100  |  signals 3/19
2026-06-18 06:24:37,083 [INFO]   [ 99]  RAY       (#197)  $0.60350       7d: +3.8%
2026-06-18 06:24:37,946 [INFO]           → conviction 3/100  |  signals 1/19
2026-06-18 06:24:37,947 [INFO]   [100]  BILL      (#199)  $0.06508       7d: +0.7%
2026-06-18 06:24:38,518 [INFO]           → conviction 3/100  |  signals 1/19
2026-06-18 06:24:38,519 [INFO]   [101]  THETA     (#201)  $0.15606       7d: -1.2%
2026-06-18 06:24:39,095 [INFO]           → conviction 13/100  |  signals 3/19
2026-06-18 06:24:39,096 [INFO]   [102]  NEO       (#202)  $2.21000       7d: +1.5%
2026-06-18 06:24:39,663 [INFO]           → conviction 14/100  |  signals 3/19
2026-06-18 06:24:39,663 [INFO]   [103]  TRAC      (#203)  $0.34778       7d: +1.5%
2026-06-18 06:24:43,166 [INFO]           → conviction 18/100  |  signals 4/19
2026-06-18 06:24:47,666 [INFO]   [104]  XCN       (#204)  $0.00402       7d: +7.1%
2026-06-18 06:24:48,429 [INFO]           → conviction 27/100  |  signals 7/19
2026-06-18 06:24:48,429 [INFO]   [105]  EIGEN     (#208)  $0.19675       7d: +10.2%
2026-06-18 06:24:49,002 [INFO]           → conviction 6/100  |  signals 2/19
2026-06-18 06:24:49,002 [INFO]   [106]  HOME      (#209)  $0.03540       7d: +5.2%
2026-06-18 06:24:49,591 [INFO]           → conviction 39/100  |  signals 7/19
2026-06-18 06:24:49,591 [INFO]   [107]  ZANO      (#211)  $9.29000       7d: +7.4%
2026-06-18 06:24:52,882 [INFO]           → conviction 6/100  |  signals 2/19
2026-06-18 06:24:57,383 [INFO]   [108]  RUNE      (#214)  $0.40913       7d: +6.3%
2026-06-18 06:24:57,967 [INFO]           → conviction 11/100  |  signals 3/19
2026-06-18 06:24:57,967 [INFO]   [109]  SAND      (#215)  $0.05174       7d: +1.7%
2026-06-18 06:24:58,545 [INFO]           → conviction 3/100  |  signals 1/19
2026-06-18 06:24:58,546 [INFO]   [110]  EURCV     (#216)  $1.15000       7d: -0.2%
2026-06-18 06:25:02,195 [INFO]           → skip (flatliner: ATR 0.09% / BB 0.32%)
2026-06-18 06:25:06,697 [INFO]   [111]  BAT       (#217)  $0.09088       7d: -2.8%
2026-06-18 06:25:07,266 [INFO]           → conviction 14/100  |  signals 3/19
2026-06-18 06:25:07,267 [INFO]   [112]  MANA      (#221)  $0.06792       7d: +4.2%
2026-06-18 06:25:07,853 [INFO]           → conviction 10/100  |  signals 2/19
2026-06-18 06:25:07,854 [INFO]   [113]  STRCX     (#222)  $92.28000      7d: -7.6%
2026-06-18 06:25:11,853 [INFO]           → conviction 0/100  |  signals 0/19
2026-06-18 06:25:16,355 [INFO]   [114]  FARTCOIN  (#225)  $0.12692       7d: +8.7%
2026-06-18 06:25:16,927 [INFO]           → conviction 10/100  |  signals 3/19
2026-06-18 06:25:16,928 [INFO]   [115]  AR        (#226)  $1.92000       7d: +5.2%
2026-06-18 06:25:17,678 [INFO]           → conviction 6/100  |  signals 2/19
2026-06-18 06:25:17,678 [INFO]   [116]  TAG       (#227)  $0.00115       7d: +14.8%
2026-06-18 06:25:21,506 [INFO]           → conviction 14/100  |  signals 5/19
2026-06-18 06:25:26,007 [INFO]   [117]  GALA      (#229)  $0.00260       7d: -2.2%
2026-06-18 06:25:26,569 [INFO]           → conviction 3/100  |  signals 1/19
2026-06-18 06:25:26,569 [INFO]   [118]  EDGE      (#228)  $0.35835       7d: -9.2%
2026-06-18 06:25:27,164 [INFO]           → conviction 6/100  |  signals 2/19
2026-06-18 06:25:27,164 [INFO]   [119]  SHFL      (#232)  $0.29043       7d: -6.3%
2026-06-18 06:25:30,807 [INFO]           → conviction 6/100  |  signals 2/19
2026-06-18 06:25:35,309 [INFO]   [120]  SENT      (#233)  $0.01700       7d: +13.5%
2026-06-18 06:25:35,894 [INFO]           → conviction 14/100  |  signals 4/19
2026-06-18 06:25:35,894 [INFO]   [121]  TIBBIR    (#237)  $0.12026       7d: +12.7%
2026-06-18 06:25:39,150 [INFO]           → conviction 6/100  |  signals 2/19
2026-06-18 06:25:43,651 [INFO]   [122]  SFP       (#239)  $0.23906       7d: -2.6%
2026-06-18 06:25:44,516 [INFO]           → conviction 0/100  |  signals 0/19
2026-06-18 06:25:44,516 [INFO]   [123]  IMX       (#241)  $0.14111       7d: +2.4%
2026-06-18 06:25:45,097 [INFO]           → conviction 13/100  |  signals 3/19
2026-06-18 06:25:45,097 [INFO]   [124]  CVX       (#242)  $1.30000       7d: -0.4%
2026-06-18 06:25:45,843 [INFO]           → conviction 3/100  |  signals 1/19
2026-06-18 06:25:45,843 [INFO]   [125]  S         (#243)  $0.03124       7d: +3.2%
2026-06-18 06:25:46,531 [INFO]           → conviction 6/100  |  signals 2/19
2026-06-18 06:25:46,532 [INFO]   [126]  CRCLON    (#246)  $80.85000      7d: +1.3%
2026-06-18 06:25:50,002 [INFO]           → conviction 27/100  |  signals 6/19
2026-06-18 06:25:54,503 [INFO]   [127]  KAITO     (#248)  $0.47646       7d: +10.2%
2026-06-18 06:25:55,072 [INFO]           → conviction 13/100  |  signals 4/19
2026-06-18 06:25:55,072 [INFO]   [128]  GOMINING  (#251)  $0.27844       7d: +15.9%
2026-06-18 06:25:58,651 [INFO]           → conviction 9/100  |  signals 3/19
2026-06-18 06:26:03,151 [INFO]   [129]  BANANAS31  (#252)  $0.01122       7d: +8.2%
2026-06-18 06:26:03,906 [INFO]           → conviction 19/100  |  signals 5/19
2026-06-18 06:26:03,906 [INFO]   [130]  ZK        (#253)  $0.01152       7d: +8.6%
2026-06-18 06:26:04,482 [INFO]           → conviction 6/100  |  signals 2/19
2026-06-18 06:26:04,482 [INFO]   [131]  IP        (#257)  $0.30765       7d: +5.7%
2026-06-18 06:26:05,066 [INFO]           → conviction 24/100  |  signals 6/19
2026-06-18 06:26:05,067 [INFO]   [132]  GLM       (#258)  $0.10914       7d: +1.9%
2026-06-18 06:26:05,664 [INFO]           → conviction 10/100  |  signals 2/19
2026-06-18 06:26:05,665 [INFO]   [133]  BMX       (#259)  $0.31939       7d: +9.2%
2026-06-18 06:26:09,341 [INFO]           → conviction 6/100  |  signals 2/19
2026-06-18 06:26:13,842 [INFO]   [134]  AWE       (#265)  $0.05466       7d: +2.5%
2026-06-18 06:26:14,423 [INFO]           → conviction 14/100  |  signals 4/19
2026-06-18 06:26:14,423 [INFO]   [135]  1INCH     (#266)  $0.07467       7d: +4.2%
2026-06-18 06:26:15,000 [INFO]           → conviction 6/100  |  signals 2/19
2026-06-18 06:26:15,001 [INFO]   [136]  AB        (#267)  $0.00105       7d: -4.4%
2026-06-18 06:26:18,376 [INFO]           → conviction 8/100  |  signals 1/19
2026-06-18 06:26:22,877 [INFO]   [137]  NUSD      (#276)  $0.99935       7d: -0.0%
2026-06-18 06:26:26,604 [INFO]           → skip (flatliner: ATR 0.25% / BB 0.27%)
2026-06-18 06:26:31,105 [INFO]   [138]  DYDX      (#277)  $0.11621       7d: -2.6%
2026-06-18 06:26:31,670 [INFO]           → conviction 16/100  |  signals 4/19
2026-06-18 06:26:31,670 [INFO]   [139]  GEOD      (#280)  $0.21313       7d: +26.9%
2026-06-18 06:26:35,375 [INFO]           → conviction 21/100  |  signals 6/19
2026-06-18 06:26:39,876 [INFO]   [140]  ATH       (#281)  $0.00466       7d: +4.1%
2026-06-18 06:26:40,633 [INFO]           → conviction 10/100  |  signals 3/19
2026-06-18 06:26:40,633 [INFO]   [141]  RIVER     (#282)  $4.78000       7d: -7.4%
2026-06-18 06:26:41,205 [INFO]           → conviction 6/100  |  signals 2/19
2026-06-18 06:26:41,206 [INFO]   [142]  CFG       (#283)  $0.24386       7d: +22.6%
2026-06-18 06:26:41,793 [INFO]           → conviction 27/100  |  signals 7/19
2026-06-18 06:26:41,794 [INFO]   [143]  O         (#285)  $0.57352     
2026-06-18 06:26:42,893 [INFO]           → skip (insufficient data)
2026-06-18 06:26:47,394 [INFO]   [144]  COW       (#284)  $0.15953       7d: +14.0%
2026-06-18 06:26:48,162 [INFO]           → conviction 23/100  |  signals 5/19
2026-06-18 06:26:48,162 [INFO]   [145]  FORM      (#290)  $0.23735       7d: +4.6%
2026-06-18 06:26:48,742 [INFO]           → conviction 14/100  |  signals 4/19
2026-06-18 06:26:48,743 [INFO]   [146]  SHX       (#291)  $0.00503       7d: +11.1%
2026-06-18 06:26:52,949 [INFO]           → conviction 11/100  |  signals 3/19
2026-06-18 06:26:57,450 [INFO]   [147]  LPT       (#292)  $1.80000       7d: +4.4%
2026-06-18 06:26:58,017 [INFO]           → conviction 19/100  |  signals 4/19
2026-06-18 06:26:58,018 [INFO]   [148]  EGLD      (#295)  $2.88000       7d: -1.1%
2026-06-18 06:26:58,595 [INFO]           → conviction 3/100  |  signals 1/19
2026-06-18 06:26:58,596 [INFO]   [149]  UMXM      (#296)  $1.84000       7d: +6.5%
2026-06-18 06:27:02,347 [INFO]           → conviction 12/100  |  signals 4/19
2026-06-18 06:27:06,848 [INFO]   [150]  FLUID     (#298)  $1.09000       7d: -1.2%
2026-06-18 06:27:07,430 [INFO]           → conviction 6/100  |  signals 2/19
2026-06-18 06:27:07,430 [INFO]   [151]  SNX       (#300)  $0.24737       7d: +2.2%
2026-06-18 06:27:07,993 [INFO]           → conviction 10/100  |  signals 2/19
2026-06-18 06:27:07,994 [INFO]   [152]  KMNO      (#302)  $0.01745       7d: +23.7%
2026-06-18 06:27:08,711 [INFO]           → conviction 14/100  |  signals 4/19
2026-06-18 06:27:08,712 [INFO]   [153]  ALLO      (#303)  $0.36048       7d: -4.9%
2026-06-18 06:27:09,275 [INFO]           → conviction 16/100  |  signals 3/19
2026-06-18 06:27:09,276 [INFO]   [154]  RSR       (#306)  $0.00133       7d: -0.5%
2026-06-18 06:27:09,854 [INFO]           → conviction 3/100  |  signals 1/19
2026-06-18 06:27:09,855 [INFO]   [155]  ARKM      (#309)  $0.12581       7d: +6.2%
2026-06-18 06:27:10,435 [INFO]           → conviction 6/100  |  signals 1/19
2026-06-18 06:27:10,436 [INFO]   [156]  NOCK      (#311)  $0.03710       7d: +4.7%
2026-06-18 06:27:14,702 [INFO]           → conviction 27/100  |  signals 6/19
2026-06-18 06:27:19,214 [INFO]   [157]  BAS       (#312)  $0.03237       7d: +0.0%
2026-06-18 06:27:22,776 [INFO]           → conviction 10/100  |  signals 3/19
2026-06-18 06:27:27,277 [INFO]   [158]  MUON      (#317)  $1078.62000    7d: +18.5%
2026-06-18 06:27:30,635 [INFO]           → conviction 9/100  |  signals 3/19
2026-06-18 06:27:35,136 [INFO]   [159]  ZEN       (#318)  $4.40000       7d: +2.5%
2026-06-18 06:27:35,783 [INFO]           → conviction 3/100  |  signals 1/19
2026-06-18 06:27:35,785 [INFO]   [160]  WAL       (#319)  $0.03290       7d: +1.9%
2026-06-18 06:27:36,524 [INFO]           → conviction 6/100  |  signals 2/19
2026-06-18 06:27:36,525 [INFO]   [161]  QTUM      (#322)  $0.73667       7d: +5.8%
2026-06-18 06:27:37,666 [INFO]           → conviction 19/100  |  signals 4/19
2026-06-18 06:27:37,667 [INFO]   [162]  MELANIA   (#324)  $0.08171       7d: +3.3%
2026-06-18 06:27:38,422 [INFO]           → conviction 24/100  |  signals 5/19
2026-06-18 06:27:38,422 [INFO]   [163]  DBR       (#329)  $0.01439       7d: -4.6%
2026-06-18 06:27:39,512 [INFO]           → conviction 11/100  |  signals 2/19
2026-06-18 06:27:39,513 [INFO]   [164]  ZRX       (#336)  $0.08741       7d: +0.4%
2026-06-18 06:27:40,110 [INFO]           → conviction 10/100  |  signals 2/19
2026-06-18 06:27:40,111 [INFO]   [165]  Q         (#337)  $0.01806       7d: -0.2%
2026-06-18 06:27:40,857 [INFO]           → conviction 5/100  |  signals 1/19
2026-06-18 06:27:40,857 [INFO]   [166]  UAI       (#339)  $0.30581       7d: -4.0%
2026-06-18 06:27:41,619 [INFO]           → conviction 26/100  |  signals 5/19
2026-06-18 06:27:41,619 [INFO]   [167]  BAN       (#340)  $0.07301       7d: +7.7%
2026-06-18 06:27:42,703 [INFO]           → conviction 10/100  |  signals 2/19
2026-06-18 06:27:42,703 [INFO]   [168]  ZIG       (#341)  $0.05166       7d: -6.3%
2026-06-18 06:27:46,389 [INFO]           → conviction 8/100  |  signals 1/19
2026-06-18 06:27:50,890 [INFO]   [169]  RIF       (#342)  $0.07238       7d: +22.9%
2026-06-18 06:27:51,750 [INFO]           → conviction 13/100  |  signals 3/19
2026-06-18 06:27:51,752 [INFO]   [170]  GAS       (#344)  $1.11000       7d: +0.9%
2026-06-18 06:27:52,314 [INFO]           → conviction 6/100  |  signals 2/19
2026-06-18 06:27:52,314 [INFO]   [171]  AIOZ      (#347)  $0.05786       7d: +3.6%
2026-06-18 06:27:53,430 [INFO]           → conviction 3/100  |  signals 1/19
2026-06-18 06:27:53,431 [INFO]   [172]  USELESS   (#348)  $0.07203       7d: +13.8%
2026-06-18 06:27:54,540 [INFO]           → conviction 10/100  |  signals 3/19
2026-06-18 06:27:54,540 [INFO]   [173]  CYS       (#349)  $0.44423       7d: -2.5%
2026-06-18 06:27:55,107 [INFO]           → conviction 11/100  |  signals 2/19
2026-06-18 06:27:55,107 [INFO]   [174]  MAG7.SSI  (#352)  $0.42076       7d: +2.5%
2026-06-18 06:27:58,700 [INFO]           → conviction 0/100  |  signals 0/19
2026-06-18 06:28:03,202 [INFO]   [175]  CARDS     (#354)  $0.27266       7d: +59.2%
2026-06-18 06:28:06,616 [INFO]           → conviction 14/100  |  signals 3/19
2026-06-18 06:28:11,117 [INFO]   [176]  RVN       (#357)  $0.00427       7d: +3.4%
2026-06-18 06:28:11,678 [INFO]           → conviction 3/100  |  signals 1/19
2026-06-18 06:28:11,679 [INFO]   [177]  MEGA      (#358)  $0.06185       7d: +38.7%
2026-06-18 06:28:12,252 [INFO]           → conviction 37/100  |  signals 6/19
2026-06-18 06:28:12,252 [INFO]   [178]  ENJ       (#360)  $0.03495       7d: +21.3%
2026-06-18 06:28:13,112 [INFO]           → conviction 26/100  |  signals 6/19
2026-06-18 06:28:13,113 [INFO]   [179]  XP        (#362)  $0.02445       7d: -2.8%
2026-06-18 06:28:17,000 [INFO]           → conviction 17/100  |  signals 4/19
2026-06-18 06:28:21,501 [INFO]   [180]  YFI       (#363)  $1896.98000    7d: +0.8%
2026-06-18 06:28:22,087 [INFO]           → conviction 0/100  |  signals 0/19
2026-06-18 06:28:22,087 [INFO]   [181]  SAFE      (#364)  $0.09062       7d: -0.2%
2026-06-18 06:28:22,703 [INFO]           → conviction 3/100  |  signals 1/19
2026-06-18 06:28:22,704 [INFO]   [182]  TROLL     (#367)  $0.06792       7d: +0.5%
2026-06-18 06:28:26,474 [INFO]           → conviction 3/100  |  signals 1/19
2026-06-18 06:28:30,974 [INFO]   [183]  META      (#370)  $2.96000       7d: +11.6%
2026-06-18 06:28:31,543 [INFO]           → conviction 14/100  |  signals 4/19
2026-06-18 06:28:31,544 [INFO]   [184]  KSM       (#372)  $3.64000       7d: +1.4%
2026-06-18 06:28:32,126 [INFO]           → conviction 14/100  |  signals 3/19
2026-06-18 06:28:32,126 [INFO]   [185]  BERA      (#376)  $0.23887       7d: -1.2%
2026-06-18 06:28:32,707 [INFO]           → conviction 3/100  |  signals 1/19
2026-06-18 06:28:32,707 [INFO]   [186]  ORDI      (#377)  $3.15000       7d: -2.2%
2026-06-18 06:28:33,270 [INFO]           → conviction 0/100  |  signals 0/19
2026-06-18 06:28:33,270 [INFO]   [187]  TRIA      (#378)  $0.03058       7d: +19.1%
2026-06-18 06:28:33,850 [INFO]           → conviction 21/100  |  signals 6/19
2026-06-18 06:28:33,850 [INFO]   [188]  XAUM      (#379)  $4274.09000    7d: +5.4%
2026-06-18 06:28:37,412 [INFO]           → conviction 14/100  |  signals 3/19
2026-06-18 06:28:41,912 [INFO]   [189]  XPR       (#381)  $0.00229       7d: +1.9%
2026-06-18 06:28:45,682 [INFO]           → conviction 3/100  |  signals 1/19
2026-06-18 06:28:50,183 [INFO]   [190]  METAL     (#384)  $0.12752       7d: -4.2%
2026-06-18 06:28:54,029 [INFO]           → conviction 6/100  |  signals 2/19
2026-06-18 06:28:58,530 [INFO]   [191]  AIPF      (#386)  $2.16000       7d: -0.4%
2026-06-18 06:29:02,140 [INFO]           → conviction 0/100  |  signals 0/19
2026-06-18 06:29:06,641 [INFO]   [192]  PLUME     (#389)  $0.01084       7d: +5.6%
2026-06-18 06:29:07,204 [INFO]           → conviction 19/100  |  signals 5/19
2026-06-18 06:29:07,205 [INFO]   [193]  ZIL       (#390)  $0.00319       7d: +3.9%
2026-06-18 06:29:07,961 [INFO]           → conviction 3/100  |  signals 1/19
2026-06-18 06:29:07,961 [INFO]   [194]  LINEA     (#393)  $0.00251       7d: +5.2%
2026-06-18 06:29:08,822 [INFO]           → conviction 10/100  |  signals 3/19
2026-06-18 06:29:08,822 [INFO]   [195]  TFUEL     (#394)  $0.00824       7d: +0.1%
2026-06-18 06:29:09,800 [INFO]           → conviction 3/100  |  signals 1/19
2026-06-18 06:29:09,800 [INFO]   [196]  VELO      (#395)  $0.00345       7d: +3.8%
2026-06-18 06:29:10,369 [INFO]           → conviction 6/100  |  signals 2/19
2026-06-18 06:29:10,369 [INFO]   [197]  TURBO     (#398)  $0.00088       7d: +5.3%
2026-06-18 06:29:11,257 [INFO]           → conviction 16/100  |  signals 4/19
2026-06-18 06:29:11,257 [INFO]   [198]  ALCH      (#399)  $0.07129       7d: +16.9%
2026-06-18 06:29:11,973 [INFO]           → conviction 11/100  |  signals 3/19
2026-06-18 06:29:11,973 [INFO]   [199]  JELLYJELLY  (#400)  $0.06020       7d: +9.5%
2026-06-18 06:29:12,745 [INFO]           → conviction 10/100  |  signals 3/19
2026-06-18 06:29:12,745 [INFO]   [200]  SUPER     (#402)  $0.09386       7d: +1.2%
2026-06-18 06:29:13,828 [INFO]           → conviction 3/100  |  signals 1/19
2026-06-18 06:29:13,828 [INFO]   [201]  GMX       (#403)  $5.73000       7d: +3.3%
2026-06-18 06:29:14,398 [INFO]           → conviction 11/100  |  signals 3/19
2026-06-18 06:29:14,398 [INFO]   [202]  MET       (#405)  $0.11236       7d: +11.2%
2026-06-18 06:29:14,981 [INFO]           → conviction 6/100  |  signals 2/19
2026-06-18 06:29:14,981 [INFO]   [203]  KNTQ      (#406)  $0.21123       7d: +4.8%
2026-06-18 06:29:18,544 [INFO]           → conviction 5/100  |  signals 2/19
2026-06-18 06:29:23,045 [INFO]   [204]  0G        (#407)  $0.27825       7d: -1.8%
2026-06-18 06:29:23,607 [INFO]           → conviction 3/100  |  signals 1/19
2026-06-18 06:29:23,607 [INFO]   [205]  OMI       (#410)  $0.00022       7d: -6.5%
2026-06-18 06:29:27,375 [INFO]           → conviction 17/100  |  signals 4/19
2026-06-18 06:29:31,876 [INFO]   [206]  IO        (#412)  $0.16671       7d: -5.4%
2026-06-18 06:29:32,442 [INFO]           → conviction 0/100  |  signals 0/19
2026-06-18 06:29:32,444 [INFO]   [207]  SPK       (#414)  $0.01846       7d: -8.6%
2026-06-18 06:29:33,193 [INFO]           → conviction 3/100  |  signals 1/19
2026-06-18 06:29:33,194 [INFO]   [208]  W         (#415)  $0.00954       7d: +7.3%
2026-06-18 06:29:33,757 [INFO]           → conviction 6/100  |  signals 2/19
2026-06-18 06:29:33,757 [INFO]   [209]  BABY      (#417)  $0.01538       7d: +2.4%
2026-06-18 06:29:34,335 [INFO]           → conviction 3/100  |  signals 1/19
2026-06-18 06:29:34,336 [INFO]   [210]  EURI      (#418)  $1.15000       7d: -0.3%
2026-06-18 06:29:35,190 [INFO]           → skip (flatliner: ATR 0.24% / BB 0.31%)
2026-06-18 06:29:35,190 [INFO]   [211]  SKR       (#420)  $0.00876       7d: -5.1%
2026-06-18 06:29:36,264 [INFO]           → conviction 10/100  |  signals 2/19
2026-06-18 06:29:36,264 [INFO]   [212]  PURR      (#422)  $0.09449       7d: +13.6%
2026-06-18 06:29:39,522 [INFO]           → conviction 6/100  |  signals 2/19
2026-06-18 06:29:44,022 [INFO]   [213]  TSLAX     (#423)  $398.01000     7d: +4.0%
2026-06-18 06:29:47,644 [INFO]           → conviction 0/100  |  signals 0/19
2026-06-18 06:29:52,145 [INFO]   [214]  HOT       (#425)  $0.00031       7d: +1.5%
2026-06-18 06:29:52,999 [INFO]           → conviction 14/100  |  signals 3/19
2026-06-18 06:29:52,999 [INFO]   [215]  MINA      (#428)  $0.04237       7d: +2.0%
2026-06-18 06:29:53,727 [INFO]           → conviction 6/100  |  signals 2/19
2026-06-18 06:29:53,727 [INFO]   [216]  SOON      (#430)  $0.15992       7d: -6.6%
2026-06-18 06:29:54,834 [INFO]           → conviction 3/100  |  signals 1/19
2026-06-18 06:29:54,835 [INFO]   [217]  ZETA      (#431)  $0.03716       7d: -2.9%
2026-06-18 06:29:55,487 [INFO]           → conviction 3/100  |  signals 1/19
2026-06-18 06:29:55,488 [INFO]   [218]  IDOL      (#432)  $0.02894       7d: -3.1%
2026-06-18 06:29:59,144 [INFO]           → conviction 0/100  |  signals 0/19
2026-06-18 06:30:03,645 [INFO]   [219]  CKB       (#433)  $0.00111       7d: +1.4%
2026-06-18 06:30:04,228 [INFO]           → conviction 16/100  |  signals 5/19
2026-06-18 06:30:04,228 [INFO]   [220]  TOSHI     (#434)  $0.00013       7d: +2.7%
2026-06-18 06:30:07,814 [INFO]           → conviction 3/100  |  signals 1/19
2026-06-18 06:30:12,315 [INFO]   [221]  DIEM      (#436)  $1432.66000    7d: +14.5%
2026-06-18 06:30:16,191 [INFO]           → conviction 10/100  |  signals 3/19
2026-06-18 06:30:20,693 [INFO]   [222]  UP        (#440)  $0.42010       7d: +19.1%
2026-06-18 06:30:24,284 [INFO]           → conviction 23/100  |  signals 6/19
2026-06-18 06:30:28,785 [INFO]   [223]  ELF       (#442)  $0.06404       7d: +0.3%
2026-06-18 06:30:29,363 [WARNING]           → skip ELF: OHLCV data is stale (>8h old or duplicates)
2026-06-18 06:30:29,364 [INFO]   [224]  DUSK      (#443)  $0.08956       7d: -0.2%
2026-06-18 06:30:29,918 [INFO]           → conviction 3/100  |  signals 1/19
2026-06-18 06:30:29,919 [INFO]   [225]  HNT       (#444)  $0.28887       7d: -3.8%
2026-06-18 06:30:30,487 [INFO]           → conviction 3/100  |  signals 1/19
2026-06-18 06:30:30,488 [INFO]   [226]  AIX       (#445)  $0.52362       7d: +16.6%
2026-06-18 06:30:34,419 [INFO]           → conviction 20/100  |  signals 5/19
2026-06-18 06:30:38,921 [INFO]   [227]  ROSE      (#447)  $0.00672       7d: +6.9%
2026-06-18 06:30:39,572 [INFO]           → conviction 14/100  |  signals 4/19
2026-06-18 06:30:39,573 [INFO]   [228]  CTC       (#450)  $0.09591       7d: -2.5%
2026-06-18 06:30:40,213 [INFO]           → conviction 6/100  |  signals 2/19
2026-06-18 06:30:40,214 [INFO]   [229]  HOLO      (#451)  $0.07134       7d: +13.7%
2026-06-18 06:30:41,287 [INFO]           → conviction 6/100  |  signals 2/19
2026-06-18 06:30:41,288 [INFO]   [230]  POLYX     (#452)  $0.03963       7d: +5.2%
2026-06-18 06:30:42,406 [INFO]           → conviction 11/100  |  signals 2/19
2026-06-18 06:30:42,406 [INFO]   [231]  KAVA      (#456)  $0.04692       7d: +9.1%
2026-06-18 06:30:42,990 [INFO]           → conviction 13/100  |  signals 3/19
2026-06-18 06:30:42,991 [INFO]   [232]  APR       (#457)  $0.20508       7d: +6.7%
2026-06-18 06:30:43,727 [INFO]           → conviction 16/100  |  signals 4/19
2026-06-18 06:30:43,727 [INFO]   [233]  BARD      (#459)  $0.15613       7d: +1.7%
2026-06-18 06:30:44,837 [INFO]           → conviction 16/100  |  signals 4/19
2026-06-18 06:30:44,837 [INFO]   [234]  SUSHI     (#461)  $0.18403       7d: +3.2%
2026-06-18 06:30:45,429 [INFO]           → conviction 10/100  |  signals 3/19
2026-06-18 06:30:45,429 [INFO]   [235]  FLOW      (#462)  $0.03001       7d: +2.4%
2026-06-18 06:30:45,991 [INFO]           → conviction 16/100  |  signals 5/19
2026-06-18 06:30:45,991 [INFO]   [236]  XNO       (#464)  $0.37484       7d: -3.2%
2026-06-18 06:30:46,858 [INFO]           → conviction 6/100  |  signals 2/19
2026-06-18 06:30:46,859 [INFO]   [237]  BLUR      (#466)  $0.01759       7d: -1.2%
2026-06-18 06:30:47,440 [INFO]           → conviction 6/100  |  signals 1/19
2026-06-18 06:30:47,441 [INFO]   [238]  XYO       (#470)  $0.00349       7d: -1.4%
2026-06-18 06:30:51,095 [INFO]           → conviction 5/100  |  signals 1/19
2026-06-18 06:30:55,596 [INFO]   [239]  PEAQ      (#471)  $0.02175       7d: -3.4%
2026-06-18 06:30:56,175 [INFO]           → conviction 3/100  |  signals 1/19
2026-06-18 06:30:56,176 [INFO]   [240]  MOVE      (#472)  $0.01210       7d: -7.5%
2026-06-18 06:30:56,762 [INFO]           → conviction 18/100  |  signals 4/19
2026-06-18 06:30:56,763 [INFO]   [241]  NVDAON    (#476)  $205.62000     7d: +1.8%
2026-06-18 06:31:00,332 [INFO]           → conviction 3/100  |  signals 1/19
2026-06-18 06:31:04,833 [INFO]   [242]  FOGO      (#479)  $0.01242       7d: +9.2%
2026-06-18 06:31:05,595 [INFO]           → conviction 3/100  |  signals 1/19
2026-06-18 06:31:05,595 [INFO]   [243]  DGB       (#480)  $0.00259       7d: +7.0%
2026-06-18 06:31:06,448 [INFO]           → conviction 3/100  |  signals 1/19
2026-06-18 06:31:06,448 [INFO]   [244]  RON       (#481)  $0.06163       7d: +3.1%
2026-06-18 06:31:10,164 [INFO]           → conviction 18/100  |  signals 6/19
2026-06-18 06:31:14,666 [INFO]   [245]  ICNT      (#482)  $0.18423       7d: -6.0%
2026-06-18 06:31:15,407 [INFO]           → conviction 24/100  |  signals 5/19
2026-06-18 06:31:15,407 [INFO]   [246]  ONT       (#485)  $0.04646       7d: -2.3%
2026-06-18 06:31:16,151 [INFO]           → conviction 0/100  |  signals 0/19
2026-06-18 06:31:16,151 [INFO]   [247]  AZTEC     (#486)  $0.01576       7d: +3.6%
2026-06-18 06:31:16,741 [INFO]           → conviction 10/100  |  signals 3/19
2026-06-18 06:31:16,742 [INFO]   [248]  UPUMP     (#490)  $0.00146       7d: +1.6%
2026-06-18 06:31:20,449 [INFO]           → conviction 11/100  |  signals 4/19
2026-06-18 06:31:24,950 [INFO]   [249]  SN51      (#483)  $11.31000      7d: +15.5%
2026-06-18 06:31:28,595 [INFO]           → conviction 18/100  |  signals 6/19
2026-06-18 06:31:33,096 [INFO]   [250]  ROBO      (#484)  $0.02078       7d: +3.1%
2026-06-18 06:31:33,658 [INFO]           → conviction 23/100  |  signals 6/19
2026-06-18 06:31:33,658 [INFO]   [251]  AMP       (#489)  $0.00053       7d: +2.8%
2026-06-18 06:31:34,537 [INFO]           → conviction 3/100  |  signals 1/19
2026-06-18 06:31:34,538 [INFO]   [252]  FOLKS     (#491)  $2.76000       7d: +17.7%
2026-06-18 06:31:35,099 [INFO]           → conviction 16/100  |  signals 7/19
2026-06-18 06:31:35,100 [INFO]   [253]  BNKR      (#494)  $0.00045       7d: -0.6%
2026-06-18 06:31:38,997 [INFO]           → conviction 0/100  |  signals 0/19
2026-06-18 06:31:43,498 [INFO]   [254]  CRCLX     (#496)  $80.87000      7d: +1.2%
2026-06-18 06:31:47,112 [INFO]           → conviction 25/100  |  signals 5/19
2026-06-18 06:31:51,614 [INFO]   [255]  CROSS     (#499)  $0.10157       7d: +14.7%
2026-06-18 06:31:52,190 [INFO]           → conviction 21/100  |  signals 5/19
2026-06-18 06:31:52,197 [INFO] 
[5/5] Building trade plan report...
2026-06-18 06:31:52,197 [INFO]   Raw candidates found: 0
2026-06-18 06:31:52,197 [INFO] [5/5] Checking major leverage opportunities (BTC/ETH/SOL)...
2026-06-18 06:31:52,197 [INFO]   Major leverage: 0 opportunity(s) found
2026-06-18 06:31:52,199 [INFO] 
================================================================================
  CRYPTO SPOT SCANNER — TRADE PLAN REPORT
  Generated: 2026-06-18 06:31:52
================================================================================

MARKET CONTEXT
----------------------------------------
  BTC Price    :  $   63,935.90
  BTC 7-day    :     +1.98%
  BTC 24-hour  :     -2.40%
  ETH 7-day    :     +4.58%
  BTC Dominance:      56.1%
  Regime       :  🟡 SIDEWAYS

  🟡 SIDEWAYS — Thresholds tightened for safety:
     Full entry: Conviction ≥ 60  |  Max position 6.0%  |  Stops 1.0× ATR
     Exception entry: Conviction ≥ 50  |  Max position 3.0%  (6+ signals required)
     Missing a trade is better than losing capital in chop.

ACCOUNT
----------------------------------------
  Balance       : $   96,313.06 USDT
  Risk / trade  : 1.5%  ($1,445 USDT per trade)
  Max positions : 8
  Max heat      : 12.0%

================================================================================
  NO QUALIFYING SETUPS FOUND

  All scanned tokens failed to meet the minimum conviction threshold.
  This means market conditions are not favorable right now.

  RECOMMENDATION: Stay in USDT. Wait for the next scan.
  Patience is a trading edge. Forcing trades loses money.
================================================================================

WATCHLIST  — tokens building momentum, not ready to enter yet
----------------------------------------
  ⏳ = needs 1 more confirmation scan  |  ↗ = conviction rising  |  ↘ = fading
  Monitor all. Enter only after a fresh scan confirms conviction ≥ threshold.

  #     SYMBOL     RANK         PRICE      7d%   CONV  SIGS  TREND  KEY SIGNALS
  ----  ---------  ----  ------------  -------  -----  ----  -----  ----------------------------
  1     🔶HOME      #209  $0.03540         +5.2%    39     7      →  whale_candles, funding_neg, cmf +4
  2     🔹MEGA      #358  $0.06185        +38.7%    37     6      →  whale_candles, funding_neg, macd_divergence +3
  3     🔹XPL       #139  $0.10591        +65.3%    36     7      →  whale_candles, cmf, rs_vs_btc +4
  4     🔹XCN       #204  $0.00402         +7.1%    27     7      →  bb_squeeze, higher_lows, rs_vs_btc +4
  5     🔹CFG       #283  $0.24386        +22.6%    27     7      ↘  funding_neg, cmf, rs_vs_btc +4
  6     🔹CRCLON    #246  $80.85000        +1.3%    27     6      →  whale_candles, macd_turning, stealth_accum +3
  7     🔹NOCK      #311  $0.03710         +4.7%    27     6      →  macd_divergence, macd_turning, cmf +3
  8     🔹UAI       #339  $0.30581         -4.0%    26     5      →  macd_turning, stealth_accum, higher_lows +2
  9     🔹ENJ       #360  $0.03495        +21.3%    26     6      →  funding_neg, cmf, higher_lows +3
  10    🔹CRCLX     #496  $80.87000        +1.2%    25     5      →  whale_candles, macd_turning, stealth_accum +2

--------------------------------------------------------------------------------
2026-06-18 06:31:52,205 [INFO] 
  Report  → C:\Users\bruno\OneDrive\Ambiente de Trabalho\Workspace\crypto scanner\crypto-scanner\outputs\scanner-results\spot_trade_plan_LATEST.txt
2026-06-18 06:31:52,205 [INFO]   JSON    → C:\Users\bruno\OneDrive\Ambiente de Trabalho\Workspace\crypto scanner\crypto-scanner\outputs\scanner-results\spot_trade_plan_LATEST.json
2026-06-18 06:31:52,206 [INFO]   Log     → C:\Users\bruno\OneDrive\Ambiente de Trabalho\Workspace\crypto scanner\crypto-scanner\outputs\logs\orchestrator_20260618.log
2026-06-18 06:31:52,206 [INFO] 
  Done.  0 high-conviction setup(s) found.
2026-06-18 13:13:11,281 [INFO]   Live Bybit balance: 96,313.06 USDT
2026-06-18 13:13:11,286 [INFO] 
2026-06-18 13:13:11,288 [INFO] ================================================================================
2026-06-18 13:13:11,288 [INFO]   CRYPTO MASTER ORCHESTRATOR v2.1
2026-06-18 13:13:11,288 [INFO]   18-signal engine | funding rate | corr filter | volume source tagging
2026-06-18 13:13:11,288 [INFO] ================================================================================
2026-06-18 13:13:11,288 [INFO]   Account: $96,313.06 USDT  |  Risk/trade: 1.5%  |  Max positions: 8
2026-06-18 13:13:11,291 [INFO] 
2026-06-18 13:13:11,299 [INFO] [1/5] Analyzing market regime...
2026-06-18 13:13:11,304 [INFO] Fetching market context (Bybit klines primary)...
2026-06-18 13:13:12,101 [INFO]   [Bybit] BTC: $63,990 | 7d: +2.0%  ETH 7d: +6.1%  Dominance: 56.1% | Regime: 🟡 SIDEWAYS
2026-06-18 13:13:12,101 [INFO]   🟡 SIDEWAYS — conviction raised to 60, max position capped at 6.0%, stops tightened to 1.0× ATR
2026-06-18 13:13:12,103 [INFO] [2/5] Fetching BTC historical data...
2026-06-18 13:13:14,595 [INFO]   BTC data: OK
2026-06-18 13:13:19,098 [INFO] [3/5] Fetching top 500 coins...
2026-06-18 13:13:19,112 [INFO] Fetching top 500 coins by market cap...
2026-06-18 13:13:21,227 [INFO]   Fetched 500 coins
2026-06-18 13:13:21,235 [INFO]   Fetched 500 coins
2026-06-18 13:13:21,235 [INFO] [4/5] Scanning for high-conviction setups...
2026-06-18 13:13:21,235 [INFO]   Filters: Rank 20–500  |  Vol ≥ $500,000  |  Min conviction: 60
2026-06-18 13:13:21,235 [INFO] 
2026-06-18 13:13:21,251 [INFO]   [  1]  ADA       (# 20)  $0.16487       7d: -1.1%
2026-06-18 13:13:22,118 [INFO]           → conviction 18/100  |  signals 3/19
2026-06-18 13:13:22,118 [INFO]   [  2]  LINK      (# 21)  $8.01000       7d: +2.0%
2026-06-18 13:13:22,787 [INFO]           → conviction 10/100  |  signals 2/19
2026-06-18 13:13:22,787 [INFO]   [  3]  GRAM      (# 25)  $1.64000       7d: -1.5%
2026-06-18 13:13:26,160 [INFO]           → conviction 9/100  |  signals 3/19
2026-06-18 13:13:30,663 [INFO]   [  4]  BCH       (# 27)  $205.80000     7d: +2.2%
2026-06-18 13:13:31,217 [INFO]           → conviction 13/100  |  signals 3/19
2026-06-18 13:13:31,217 [INFO]   [  5]  M         (# 28)  $2.98000       7d: +2.1%
2026-06-18 13:13:31,870 [INFO]           → conviction 3/100  |  signals 1/19
2026-06-18 13:13:31,872 [INFO]   [  6]  LTC       (# 30)  $43.96000      7d: +3.2%
2026-06-18 13:13:32,434 [INFO]           → conviction 10/100  |  signals 2/19
2026-06-18 13:13:32,436 [INFO]   [  7]  USYC      (# 31)  $1.13000       7d: +0.0%
2026-06-18 13:13:35,473 [WARNING]           → skip USYC: OHLCV data is stale (>8h old or duplicates)
2026-06-18 13:13:39,975 [INFO]   [  8]  SUI       (# 32)  $0.74501       7d: -1.1%
2026-06-18 13:13:40,597 [INFO]           → conviction 10/100  |  signals 2/19
2026-06-18 13:13:40,597 [INFO]   [  9]  NEAR      (# 33)  $2.21000       7d: +7.0%
2026-06-18 13:13:41,160 [INFO]           → conviction 21/100  |  signals 4/19
2026-06-18 13:13:41,162 [INFO]   [ 10]  AVAX      (# 34)  $6.61000       7d: +0.3%
2026-06-18 13:13:41,726 [INFO]           → conviction 10/100  |  signals 2/19
2026-06-18 13:13:41,726 [INFO]   [ 11]  CRO       (# 38)  $0.05874       7d: -2.0%
2026-06-18 13:13:42,294 [INFO]           → conviction 8/100  |  signals 1/19
2026-06-18 13:13:42,294 [INFO]   [ 12]  TAO       (# 41)  $238.83000     7d: +13.8%
2026-06-18 13:13:42,870 [INFO]           → conviction 6/100  |  signals 2/19
2026-06-18 13:13:42,870 [INFO]   [ 13]  USDY      (# 42)  $1.13000       7d: -0.1%
2026-06-18 13:13:46,285 [INFO]           → conviction 10/100  |  signals 2/19
2026-06-18 13:13:50,788 [INFO]   [ 14]  WLD       (# 43)  $0.62788       7d: +25.0%
2026-06-18 13:13:51,363 [INFO]           → conviction 13/100  |  signals 3/19
2026-06-18 13:13:51,365 [INFO]   [ 15]  MNT       (# 48)  $0.53740       7d: -0.2%
2026-06-18 13:13:51,950 [INFO]           → conviction 3/100  |  signals 1/19
2026-06-18 13:13:51,952 [INFO]   [ 16]  ONDO      (# 49)  $0.36099       7d: +4.4%
2026-06-18 13:13:52,528 [INFO]           → conviction 8/100  |  signals 2/19
2026-06-18 13:13:52,535 [INFO]   [ 17]  DOT       (# 51)  $0.97197       7d: +2.6%
2026-06-18 13:13:53,117 [INFO]           → conviction 10/100  |  signals 2/19
2026-06-18 13:13:53,119 [INFO]   [ 18]  OKB       (# 53)  $73.04000      7d: +2.4%
2026-06-18 13:13:53,713 [INFO]           → conviction 3/100  |  signals 1/19
2026-06-18 13:13:53,713 [INFO]   [ 19]  PI        (# 55)  $0.13097       7d: +3.9%
2026-06-18 13:13:56,983 [INFO]           → conviction 0/100  |  signals 0/19
2026-06-18 13:14:01,486 [INFO]   [ 20]  SKY       (# 57)  $0.05788       7d: +0.9%
2026-06-18 13:14:02,071 [INFO]           → conviction 18/100  |  signals 4/19
2026-06-18 13:14:02,071 [INFO]   [ 21]  MORPHO    (# 59)  $1.97000       7d: -1.4%
2026-06-18 13:14:02,629 [INFO]           → conviction 10/100  |  signals 2/19
2026-06-18 13:14:02,629 [INFO]   [ 22]  ICP       (# 61)  $2.25000       7d: -2.2%
2026-06-18 13:14:03,200 [INFO]           → conviction 3/100  |  signals 1/19
2026-06-18 13:14:03,202 [INFO]   [ 23]  ETC       (# 63)  $7.15000       7d: +0.1%
2026-06-18 13:14:03,823 [INFO]           → conviction 3/100  |  signals 1/19
2026-06-18 13:14:03,823 [INFO]   [ 24]  AAVE      (# 64)  $73.42000      7d: +16.3%
2026-06-18 13:14:04,412 [INFO]           → conviction 26/100  |  signals 6/19
2026-06-18 13:14:04,413 [INFO]   [ 25]  QNT       (# 65)  $69.95000      7d: +7.9%
2026-06-18 13:14:04,988 [INFO]           → conviction 18/100  |  signals 4/19
2026-06-18 13:14:04,988 [INFO]   [ 26]  KCS       (# 69)  $7.20000       7d: +7.6%
2026-06-18 13:14:08,392 [INFO]           → conviction 14/100  |  signals 4/19
2026-06-18 13:14:12,907 [INFO]   [ 27]  ATOM      (# 70)  $1.83000       7d: -5.5%
2026-06-18 13:14:13,542 [INFO]           → conviction 6/100  |  signals 1/19
2026-06-18 13:14:13,543 [INFO]   [ 28]  ALGO      (# 73)  $0.10035       7d: +12.6%
2026-06-18 13:14:14,277 [INFO]           → conviction 16/100  |  signals 5/19
2026-06-18 13:14:14,279 [INFO]   [ 29]  RENDER    (# 74)  $1.69000       7d: +7.0%
2026-06-18 13:14:14,888 [INFO]           → conviction 14/100  |  signals 3/19
2026-06-18 13:14:14,890 [INFO]   [ 30]  ENA       (# 76)  $0.09222       7d: +20.3%
2026-06-18 13:14:15,459 [INFO]           → conviction 18/100  |  signals 5/19
2026-06-18 13:14:15,459 [INFO]   [ 31]  KAS       (# 77)  $0.03084       7d: +0.6%
2026-06-18 13:14:16,115 [INFO]           → conviction 3/100  |  signals 1/19
2026-06-18 13:14:16,115 [INFO]   [ 32]  POL       (# 78)  $0.07658       7d: +4.2%
2026-06-18 13:14:16,741 [INFO]           → conviction 13/100  |  signals 3/19
2026-06-18 13:14:16,745 [INFO]   [ 33]  NEXO      (# 79)  $0.80699       7d: -0.7%
2026-06-18 13:14:17,610 [INFO]           → conviction 10/100  |  signals 3/19
2026-06-18 13:14:17,612 [INFO]   [ 34]  STABLE    (# 80)  $0.03372       7d: -0.9%
2026-06-18 13:14:18,186 [INFO]           → conviction 18/100  |  signals 3/19
2026-06-18 13:14:18,186 [INFO]   [ 35]  币安人生      (# 81)  $0.74252       7d: +3.8%
2026-06-18 13:14:19,032 [INFO]           → conviction 24/100  |  signals 4/19
2026-06-18 13:14:19,032 [INFO]   [ 36]  JST       (# 82)  $0.08264       7d: +6.5%
2026-06-18 13:14:19,628 [INFO]           → conviction 14/100  |  signals 4/19
2026-06-18 13:14:19,628 [INFO]   [ 37]  VVV       (# 83)  $15.03000      7d: +9.0%
2026-06-18 13:14:20,231 [INFO]           → conviction 13/100  |  signals 3/19
2026-06-18 13:14:20,234 [INFO]   [ 38]  GT        (# 84)  $6.59000       7d: +2.4%
2026-06-18 13:14:23,703 [INFO]           → conviction 0/100  |  signals 0/19
2026-06-18 13:14:28,206 [INFO]   [ 39]  FLR       (# 87)  $0.00741       7d: +5.9%
2026-06-18 13:14:28,809 [INFO]           → conviction 11/100  |  signals 2/19
2026-06-18 13:14:28,809 [INFO]   [ 40]  BDX       (# 88)  $0.08185       7d: +5.1%
2026-06-18 13:14:32,391 [INFO]           → conviction 14/100  |  signals 3/19
2026-06-18 13:14:36,895 [INFO]   [ 41]  FIL       (# 89)  $0.78500       7d: +3.8%
2026-06-18 13:14:37,497 [INFO]           → conviction 24/100  |  signals 5/19
2026-06-18 13:14:37,501 [INFO]   [ 42]  XDC       (# 91)  $0.03070       7d: -1.3%
2026-06-18 13:14:38,069 [INFO]           → conviction 39/100  |  signals 7/19
2026-06-18 13:14:38,069 [INFO]   [ 43]  APT       (# 97)  $0.64617       7d: +2.6%
2026-06-18 13:14:38,654 [INFO]           → conviction 10/100  |  signals 2/19
2026-06-18 13:14:38,654 [INFO]   [ 44]  INJ       (# 99)  $5.19000       7d: -1.3%
2026-06-18 13:14:39,253 [INFO]           → conviction 10/100  |  signals 2/19
2026-06-18 13:14:39,254 [INFO]   [ 45]  PUMP      (#100)  $0.00148       7d: +3.0%
2026-06-18 13:14:40,101 [INFO]           → conviction 14/100  |  signals 3/19
2026-06-18 13:14:40,102 [INFO]   [ 46]  ADI       (#105)  $3.93000       7d: +5.3%
2026-06-18 13:14:43,521 [INFO]           → conviction 8/100  |  signals 3/19
2026-06-18 13:14:48,023 [INFO]   [ 47]  H         (#107)  $0.25302       7d: +57.7%
2026-06-18 13:14:48,569 [INFO]           → conviction 19/100  |  signals 5/19
2026-06-18 13:14:48,569 [INFO]   [ 48]  AERO      (#109)  $0.47983       7d: +38.4%
2026-06-18 13:14:49,207 [INFO]           → conviction 13/100  |  signals 4/19
2026-06-18 13:14:49,207 [INFO]   [ 49]  DASH      (#108)  $35.67000      7d: +1.3%
2026-06-18 13:14:49,805 [INFO]           → conviction 3/100  |  signals 1/19
2026-06-18 13:14:49,805 [INFO]   [ 50]  FET       (#110)  $0.19701       7d: +4.4%
2026-06-18 13:14:50,673 [INFO]           → conviction 3/100  |  signals 1/19
2026-06-18 13:14:50,678 [INFO]   [ 51]  TRUMP     (#111)  $1.86000       7d: +9.0%
2026-06-18 13:14:51,237 [INFO]           → conviction 16/100  |  signals 4/19
2026-06-18 13:14:51,237 [INFO]   [ 52]  CAKE      (#113)  $1.35000       7d: +2.9%
2026-06-18 13:14:51,881 [INFO]           → conviction 10/100  |  signals 2/19
2026-06-18 13:14:51,881 [INFO]   [ 53]  KITE      (#114)  $0.18637       7d: +2.0%
2026-06-18 13:14:52,447 [INFO]           → conviction 14/100  |  signals 3/19
2026-06-18 13:14:52,447 [INFO]   [ 54]  VET       (#116)  $0.00495       7d: +3.6%
2026-06-18 13:14:53,015 [INFO]           → conviction 10/100  |  signals 2/19
2026-06-18 13:14:53,017 [INFO]   [ 55]  PENGU     (#117)  $0.00672       7d: -0.3%
2026-06-18 13:14:53,703 [INFO]           → conviction 10/100  |  signals 2/19
2026-06-18 13:14:53,703 [INFO]   [ 56]  LIT       (#119)  $1.61000       7d: +10.9%
2026-06-18 13:14:54,278 [INFO]           → conviction 3/100  |  signals 1/19
2026-06-18 13:14:54,278 [INFO]   [ 57]  VIRTUAL   (#120)  $0.59459       7d: +4.2%
2026-06-18 13:14:54,840 [INFO]           → conviction 10/100  |  signals 2/19
2026-06-18 13:14:54,840 [INFO]   [ 58]  APXUSD    (#124)  $0.87448       7d: -8.6%
2026-06-18 13:14:58,458 [INFO]           → conviction 10/100  |  signals 2/19
2026-06-18 13:15:02,960 [INFO]   [ 59]  SKYAI     (#123)  $0.36394       7d: +61.2%
2026-06-18 13:15:06,481 [INFO]           → conviction 11/100  |  signals 2/19
2026-06-18 13:15:10,983 [INFO]   [ 60]  SEI       (#126)  $0.05396       7d: +10.9%
2026-06-18 13:15:11,555 [INFO]           → conviction 26/100  |  signals 6/19
2026-06-18 13:15:11,555 [INFO]   [ 61]  TIA       (#127)  $0.38531       7d: +19.2%
2026-06-18 13:15:12,115 [INFO]           → conviction 10/100  |  signals 3/19
2026-06-18 13:15:12,115 [INFO]   [ 62]  JTO       (#130)  $0.70958       7d: +23.3%
2026-06-18 13:15:12,687 [INFO]           → conviction 6/100  |  signals 2/19
2026-06-18 13:15:12,687 [INFO]   [ 63]  STX       (#129)  $0.18556       7d: +1.3%
2026-06-18 13:15:13,287 [INFO]           → conviction 10/100  |  signals 2/19
2026-06-18 13:15:13,296 [INFO]   [ 64]  SUN       (#133)  $0.01715       7d: +0.3%
2026-06-18 13:15:14,086 [INFO]           → conviction 10/100  |  signals 3/19
2026-06-18 13:15:14,086 [INFO]   [ 65]  PYTH      (#136)  $0.03744       7d: +8.5%
2026-06-18 13:15:14,687 [INFO]           → conviction 3/100  |  signals 1/19
2026-06-18 13:15:14,687 [INFO]   [ 66]  UB        (#137)  $0.11516       7d: -4.7%
2026-06-18 13:15:15,275 [INFO]           → conviction 23/100  |  signals 4/19
2026-06-18 13:15:15,275 [INFO]   [ 67]  XTZ       (#142)  $0.23696       7d: +1.0%
2026-06-18 13:15:15,843 [INFO]           → conviction 13/100  |  signals 3/19
2026-06-18 13:15:15,843 [INFO]   [ 68]  CFX       (#143)  $0.04902       7d: +11.1%
2026-06-18 13:15:16,785 [INFO]           → conviction 23/100  |  signals 6/19
2026-06-18 13:15:16,787 [INFO]   [ 69]  GRASS     (#145)  $0.41595       7d: +15.6%
2026-06-18 13:15:17,357 [INFO]           → conviction 10/100  |  signals 3/19
2026-06-18 13:15:17,357 [INFO]   [ 70]  ZBCN      (#146)  $0.00259       7d: +0.4%
2026-06-18 13:15:17,938 [INFO]           → conviction 14/100  |  signals 3/19
2026-06-18 13:15:17,943 [INFO]   [ 71]  2Z        (#144)  $0.07296       7d: +4.8%
2026-06-18 13:15:18,502 [INFO]           → conviction 21/100  |  signals 5/19
2026-06-18 13:15:18,502 [INFO]   [ 72]  KAG       (#148)  $66.55000      7d: +3.3%
2026-06-18 13:15:21,761 [INFO]           → conviction 2/100  |  signals 1/19
2026-06-18 13:15:26,262 [INFO]   [ 73]  MON       (#149)  $0.02128       7d: -3.4%
2026-06-18 13:15:26,853 [INFO]           → conviction 13/100  |  signals 3/19
2026-06-18 13:15:26,853 [INFO]   [ 74]  ZRO       (#147)  $0.99075       7d: +10.8%
2026-06-18 13:15:27,403 [INFO]           → conviction 13/100  |  signals 3/19
2026-06-18 13:15:27,403 [INFO]   [ 75]  JASMY     (#155)  $0.00484       7d: +4.2%
2026-06-18 13:15:28,203 [INFO]           → conviction 3/100  |  signals 1/19
2026-06-18 13:15:28,203 [INFO]   [ 76]  BSV       (#157)  $11.94000      7d: +3.3%
2026-06-18 13:15:28,813 [INFO]           → conviction 0/100  |  signals 0/19
2026-06-18 13:15:28,813 [INFO]   [ 77]  LDO       (#158)  $0.28005       7d: +6.5%
2026-06-18 13:15:29,377 [INFO]           → conviction 18/100  |  signals 4/19
2026-06-18 13:15:29,379 [INFO]   [ 78]  TEL       (#160)  $0.00242       7d: -2.1%
2026-06-18 13:15:32,653 [INFO]           → conviction 0/100  |  signals 0/19
2026-06-18 13:15:37,155 [INFO]   [ 79]  OP        (#161)  $0.10650       7d: +13.6%
2026-06-18 13:15:37,727 [INFO]           → conviction 23/100  |  signals 5/19
2026-06-18 13:15:37,727 [INFO]   [ 80]  B         (#164)  $0.22412       7d: -7.3%
2026-06-18 13:15:38,340 [INFO]           → conviction 3/100  |  signals 1/19
2026-06-18 13:15:38,340 [INFO]   [ 81]  KAIA      (#165)  $0.03773       7d: +4.7%
2026-06-18 13:15:38,977 [INFO]           → conviction 18/100  |  signals 4/19
2026-06-18 13:15:38,977 [INFO]   [ 82]  STRK      (#166)  $0.03403       7d: -1.0%
2026-06-18 13:15:39,554 [INFO]           → conviction 3/100  |  signals 1/19
2026-06-18 13:15:39,554 [INFO]   [ 83]  IOTA      (#170)  $0.04767       7d: +5.5%
2026-06-18 13:15:40,125 [INFO]           → conviction 6/100  |  signals 2/19
2026-06-18 13:15:40,127 [INFO]   [ 84]  FF        (#171)  $0.07446       7d: -3.2%
2026-06-18 13:15:40,694 [INFO]           → conviction 6/100  |  signals 2/19
2026-06-18 13:15:40,697 [INFO]   [ 85]  ENS       (#172)  $5.27000       7d: +12.1%
2026-06-18 13:15:41,298 [INFO]           → conviction 16/100  |  signals 4/19
2026-06-18 13:15:41,300 [INFO]   [ 86]  AKT       (#173)  $0.72255       7d: +18.3%
2026-06-18 13:15:41,900 [INFO]           → conviction 6/100  |  signals 2/19
2026-06-18 13:15:41,902 [INFO]   [ 87]  DCR       (#174)  $11.92000      7d: -1.3%
2026-06-18 13:15:42,748 [INFO]           → conviction 3/100  |  signals 1/19
2026-06-18 13:15:42,748 [INFO]   [ 88]  GRT       (#175)  $0.01921       7d: -0.7%
2026-06-18 13:15:43,338 [INFO]           → conviction 10/100  |  signals 2/19
2026-06-18 13:15:43,338 [INFO]   [ 89]  REAL      (#178)  $0.06113       7d: +6.0%
2026-06-18 13:15:46,622 [INFO]           → conviction 6/100  |  signals 2/19
2026-06-18 13:15:51,125 [INFO]   [ 90]  PIEVERSE  (#179)  $0.71280       7d: +20.3%
2026-06-18 13:15:51,690 [INFO]           → conviction 23/100  |  signals 6/19
2026-06-18 13:15:51,690 [INFO]   [ 91]  ULTIMA    (#184)  $2175.58000    7d: -3.9%
2026-06-18 13:15:55,285 [INFO]           → conviction 6/100  |  signals 2/19
2026-06-18 13:15:59,786 [INFO]   [ 92]  BTSE      (#185)  $1.09300       7d: +0.1%
2026-06-18 13:16:03,331 [INFO]           → conviction 0/100  |  signals 0/19
2026-06-18 13:16:07,834 [INFO]   [ 93]  COMP      (#187)  $17.60000      7d: -1.9%
2026-06-18 13:16:08,441 [INFO]           → conviction 14/100  |  signals 3/19
2026-06-18 13:16:08,441 [INFO]   [ 94]  AXS       (#191)  $0.96461       7d: +4.0%
2026-06-18 13:16:08,998 [INFO]           → conviction 3/100  |  signals 1/19
2026-06-18 13:16:08,998 [INFO]   [ 95]  APYUSD    (#190)  $1.18000       7d: -5.5%
2026-06-18 13:16:12,530 [INFO]           → conviction 10/100  |  signals 2/19
2026-06-18 13:16:17,031 [INFO]   [ 96]  TWT       (#196)  $0.39408       7d: +1.1%
2026-06-18 13:16:17,599 [INFO]           → conviction 8/100  |  signals 2/19
2026-06-18 13:16:17,600 [INFO]   [ 97]  MX        (#195)  $1.79000       7d: +2.9%
2026-06-18 13:16:21,442 [INFO]           → conviction 6/100  |  signals 2/19
2026-06-18 13:16:25,943 [INFO]   [ 98]  RAY       (#198)  $0.60347       7d: +4.0%
2026-06-18 13:16:26,792 [INFO]           → conviction 6/100  |  signals 2/19
2026-06-18 13:16:26,793 [INFO]   [ 99]  BILL      (#199)  $0.06554       7d: +2.5%
2026-06-18 13:16:27,387 [INFO]           → conviction 6/100  |  signals 2/19
2026-06-18 13:16:27,388 [INFO]   [100]  TRAC      (#203)  $0.35049       7d: +2.6%
2026-06-18 13:16:30,984 [INFO]           → conviction 11/100  |  signals 4/19
2026-06-18 13:16:35,485 [INFO]   [101]  NEO       (#204)  $2.20000       7d: +1.7%
2026-06-18 13:16:36,096 [INFO]           → conviction 14/100  |  signals 3/19
2026-06-18 13:16:36,096 [INFO]   [102]  THETA     (#206)  $0.15426       7d: -1.0%
2026-06-18 13:16:36,632 [INFO]           → conviction 3/100  |  signals 1/19
2026-06-18 13:16:36,633 [INFO]   [103]  EIGEN     (#207)  $0.20483       7d: +15.1%
2026-06-18 13:16:37,235 [INFO]           → conviction 10/100  |  signals 3/19
2026-06-18 13:16:37,235 [INFO]   [104]  ZANO      (#209)  $9.83000       7d: +11.3%
2026-06-18 13:16:41,122 [INFO]           → conviction 17/100  |  signals 4/19
2026-06-18 13:16:45,624 [INFO]   [105]  RUNE      (#213)  $0.42328       7d: +2.8%
2026-06-18 13:16:46,238 [INFO]           → conviction 36/100  |  signals 7/19
2026-06-18 13:16:46,239 [INFO]   [106]  SAND      (#215)  $0.05233       7d: +0.7%
2026-06-18 13:16:46,855 [INFO]           → conviction 13/100  |  signals 3/19
2026-06-18 13:16:46,856 [INFO]   [107]  EURCV     (#216)  $1.15000       7d: -0.5%
2026-06-18 13:16:50,412 [INFO]           → skip (flatliner: ATR 0.09% / BB 0.38%)
2026-06-18 13:16:54,913 [INFO]   [108]  APE       (#221)  $0.13331       7d: +6.3%
2026-06-18 13:16:55,543 [INFO]           → conviction 14/100  |  signals 4/19
2026-06-18 13:16:55,544 [INFO]   [109]  MANA      (#223)  $0.06771       7d: +1.4%
2026-06-18 13:16:56,123 [INFO]           → conviction 6/100  |  signals 2/19
2026-06-18 13:16:56,124 [INFO]   [110]  FARTCOIN  (#224)  $0.12899       7d: +9.7%
2026-06-18 13:16:56,715 [INFO]           → conviction 3/100  |  signals 1/19
2026-06-18 13:16:56,716 [INFO]   [111]  AR        (#226)  $1.95000       7d: +3.7%
2026-06-18 13:16:57,287 [INFO]           → conviction 3/100  |  signals 1/19
2026-06-18 13:16:57,288 [INFO]   [112]  GALA      (#227)  $0.00262       7d: -2.7%
2026-06-18 13:16:57,892 [INFO]           → conviction 3/100  |  signals 1/19
2026-06-18 13:16:57,893 [INFO]   [113]  VSN       (#228)  $0.03386       7d: +9.9%
2026-06-18 13:17:01,189 [INFO]           → conviction 11/100  |  signals 4/19
2026-06-18 13:17:05,690 [INFO]   [114]  TIBBIR    (#230)  $0.12416       7d: +13.1%
2026-06-18 13:17:09,276 [INFO]           → conviction 6/100  |  signals 2/19
2026-06-18 13:17:13,777 [INFO]   [115]  THBILL    (#234)  $1.01000       7d: -1.2%
2026-06-18 13:17:17,255 [INFO]           → skip (flatliner: ATR 0.29% / BB 0.44%)
2026-06-18 13:17:21,757 [INFO]   [116]  S         (#236)  $0.03165       7d: +3.9%
2026-06-18 13:17:22,323 [INFO]           → conviction 0/100  |  signals 0/19
2026-06-18 13:17:22,324 [INFO]   [117]  IMX       (#237)  $0.14193       7d: +0.4%
2026-06-18 13:17:22,878 [INFO]           → conviction 10/100  |  signals 2/19
2026-06-18 13:17:22,879 [INFO]   [118]  SENT      (#238)  $0.01644       7d: +10.6%
2026-06-18 13:17:23,437 [INFO]           → conviction 11/100  |  signals 3/19
2026-06-18 13:17:23,438 [INFO]   [119]  CVX       (#239)  $1.30000       7d: -3.4%
2026-06-18 13:17:24,021 [INFO]           → conviction 3/100  |  signals 1/19
2026-06-18 13:17:24,022 [INFO]   [120]  SFP       (#240)  $0.23732       7d: -3.2%
2026-06-18 13:17:24,849 [INFO]           → conviction 0/100  |  signals 0/19
2026-06-18 13:17:24,850 [INFO]   [121]  A         (#243)  $0.07087       7d: +7.9%
2026-06-18 13:17:25,411 [INFO]           → conviction 6/100  |  signals 2/19
2026-06-18 13:17:25,411 [INFO]   [122]  KAITO     (#244)  $0.48078       7d: +13.1%
2026-06-18 13:17:26,006 [INFO]           → conviction 21/100  |  signals 4/19
2026-06-18 13:17:26,007 [INFO]   [123]  ZK        (#250)  $0.01170       7d: +3.8%
2026-06-18 13:17:26,568 [INFO]           → conviction 13/100  |  signals 4/19
2026-06-18 13:17:26,569 [INFO]   [124]  GOMINING  (#251)  $0.27721       7d: +9.2%
2026-06-18 13:17:30,196 [INFO]           → conviction 14/100  |  signals 3/19
2026-06-18 13:17:34,698 [INFO]   [125]  TAC       (#253)  $0.02371       7d: +43.9%
2026-06-18 13:17:35,261 [INFO]           → conviction 32/100  |  signals 6/19
2026-06-18 13:17:35,263 [INFO]   [126]  TAG       (#257)  $0.00100       7d: +1.0%
2026-06-18 13:17:38,951 [INFO]           → conviction 11/100  |  signals 4/19
2026-06-18 13:17:43,453 [INFO]   [127]  GLM       (#259)  $0.10867       7d: +1.8%
2026-06-18 13:17:44,028 [INFO]           → conviction 13/100  |  signals 3/19
2026-06-18 13:17:44,029 [INFO]   [128]  BMX       (#260)  $0.32026       7d: +10.6%
2026-06-18 13:17:47,698 [INFO]           → conviction 6/100  |  signals 2/19
2026-06-18 13:17:52,199 [INFO]   [129]  BANANAS31  (#264)  $0.01066       7d: +5.8%
2026-06-18 13:17:52,801 [INFO]           → conviction 13/100  |  signals 4/19
2026-06-18 13:17:52,802 [INFO]   [130]  AWE       (#266)  $0.05471       7d: +1.1%
2026-06-18 13:17:53,350 [INFO]           → conviction 8/100  |  signals 2/19
2026-06-18 13:17:53,351 [INFO]   [131]  1INCH     (#267)  $0.07468       7d: +3.6%
2026-06-18 13:17:53,920 [INFO]           → conviction 8/100  |  signals 2/19
2026-06-18 13:17:53,921 [INFO]   [132]  DYDX      (#275)  $0.11716       7d: -0.8%
2026-06-18 13:17:54,541 [INFO]           → conviction 3/100  |  signals 1/19
2026-06-18 13:17:54,542 [INFO]   [133]  QAIT      (#277)  $0.02216       7d: -3.5%
2026-06-18 13:17:57,917 [INFO]           → conviction 0/100  |  signals 0/19
2026-06-18 13:18:02,419 [INFO]   [134]  O         (#280)  $0.59544     
2026-06-18 13:18:03,394 [INFO]           → skip (insufficient data)
2026-06-18 13:18:07,896 [INFO]   [135]  ATH       (#282)  $0.00469       7d: +5.8%
2026-06-18 13:18:08,515 [INFO]           → conviction 0/100  |  signals 0/19
2026-06-18 13:18:08,516 [INFO]   [136]  ALLO      (#283)  $0.38881       7d: -0.1%
2026-06-18 13:18:09,244 [INFO]           → conviction 6/100  |  signals 2/19
2026-06-18 13:18:09,244 [INFO]   [137]  COW       (#284)  $0.16078       7d: +15.1%
2026-06-18 13:18:09,811 [INFO]           → conviction 31/100  |  signals 6/19
2026-06-18 13:18:09,812 [INFO]   [138]  RIVER     (#287)  $4.67000       7d: -8.9%
2026-06-18 13:18:10,658 [INFO]           → conviction 3/100  |  signals 1/19
2026-06-18 13:18:10,659 [INFO]   [139]  FORM      (#290)  $0.23491       7d: +2.5%
2026-06-18 13:18:11,219 [INFO]           → conviction 21/100  |  signals 5/19
2026-06-18 13:18:11,220 [INFO]   [140]  LPT       (#292)  $1.79000       7d: +3.6%
2026-06-18 13:18:11,770 [INFO]           → conviction 14/100  |  signals 3/19
2026-06-18 13:18:11,771 [INFO]   [141]  SHX       (#291)  $0.00498       7d: +11.0%
2026-06-18 13:18:15,546 [INFO]           → conviction 18/100  |  signals 5/19
2026-06-18 13:18:20,047 [INFO]   [142]  EGLD      (#295)  $2.89000       7d: +0.1%
2026-06-18 13:18:20,600 [INFO]           → conviction 0/100  |  signals 0/19
2026-06-18 13:18:20,601 [INFO]   [143]  UMXM      (#296)  $1.84000       7d: +6.8%
2026-06-18 13:18:24,315 [INFO]           → conviction 12/100  |  signals 4/19
2026-06-18 13:18:28,817 [INFO]   [144]  USDA      (#298)  $0.95510       7d: -1.3%
2026-06-18 13:18:32,598 [INFO]           → conviction 6/100  |  signals 2/19
2026-06-18 13:18:37,099 [INFO]   [145]  ARKM      (#297)  $0.12965       7d: +7.8%
2026-06-18 13:18:37,690 [INFO]           → conviction 3/100  |  signals 1/19
2026-06-18 13:18:37,691 [INFO]   [146]  FLUID     (#301)  $1.08400       7d: -2.3%
2026-06-18 13:18:38,253 [INFO]           → conviction 0/100  |  signals 0/19
2026-06-18 13:18:38,253 [INFO]   [147]  KMNO      (#299)  $0.01750       7d: +22.4%
2026-06-18 13:18:38,816 [INFO]           → conviction 26/100  |  signals 6/19
2026-06-18 13:18:38,817 [INFO]   [148]  SNX       (#302)  $0.24671       7d: +1.2%
2026-06-18 13:18:39,404 [INFO]           → conviction 3/100  |  signals 1/19
2026-06-18 13:18:39,405 [INFO]   [149]  ARC       (#303)  $0.08440       7d: +1.5%
2026-06-18 13:18:39,968 [INFO]           → conviction 6/100  |  signals 2/19
2026-06-18 13:18:39,970 [INFO]   [150]  MAGMA     (#304)  $0.43887       7d: +11.4%
2026-06-18 13:18:40,541 [INFO]           → conviction 16/100  |  signals 5/19
2026-06-18 13:18:40,542 [INFO]   [151]  RSR       (#306)  $0.00133       7d: -2.1%
2026-06-18 13:18:41,102 [INFO]           → conviction 5/100  |  signals 1/19
2026-06-18 13:18:41,103 [INFO]   [152]  PROS      (#311)  $0.60807       7d: +12.6%
2026-06-18 13:18:41,626 [WARNING]           → skip PROS: OHLCV data is stale (>8h old or duplicates)
2026-06-18 13:18:41,627 [INFO]   [153]  MUON      (#313)  $1088.28000    7d: +17.9%
2026-06-18 13:18:45,021 [INFO]           → conviction 14/100  |  signals 3/19
2026-06-18 13:18:49,522 [INFO]   [154]  ZEN       (#314)  $4.45000       7d: +3.1%
2026-06-18 13:18:50,072 [INFO]           → conviction 3/100  |  signals 1/19
2026-06-18 13:18:50,072 [INFO]   [155]  RIF       (#315)  $0.07990       7d: +37.5%
2026-06-18 13:18:50,910 [INFO]           → conviction 27/100  |  signals 6/19
2026-06-18 13:18:50,911 [INFO]   [156]  WAL       (#319)  $0.03313       7d: +2.0%
2026-06-18 13:18:51,486 [INFO]           → conviction 10/100  |  signals 2/19
2026-06-18 13:18:51,487 [INFO]   [157]  QTUM      (#323)  $0.73383       7d: +5.5%
2026-06-18 13:18:52,060 [INFO]           → conviction 6/100  |  signals 2/19
2026-06-18 13:18:52,060 [INFO]   [158]  MELANIA   (#324)  $0.08151       7d: +6.5%
2026-06-18 13:18:52,626 [INFO]           → conviction 24/100  |  signals 5/19
2026-06-18 13:18:52,627 [INFO]   [159]  USELESS   (#330)  $0.07613       7d: +21.7%
2026-06-18 13:18:53,208 [INFO]           → conviction 16/100  |  signals 4/19
2026-06-18 13:18:53,209 [INFO]   [160]  BAS       (#329)  $0.03016       7d: -5.2%
2026-06-18 13:18:56,888 [INFO]           → conviction 10/100  |  signals 3/19
2026-06-18 13:19:01,390 [INFO]   [161]  DBR       (#333)  $0.01416       7d: -6.1%
2026-06-18 13:19:01,969 [INFO]           → conviction 0/100  |  signals 0/19
2026-06-18 13:19:01,970 [INFO]   [162]  ZAMA      (#334)  $0.03422       7d: +9.8%
2026-06-18 13:19:03,004 [INFO]           → conviction 24/100  |  signals 6/19
2026-06-18 13:19:03,005 [INFO]   [163]  ZRX       (#340)  $0.08724       7d: +0.8%
2026-06-18 13:19:03,562 [INFO]           → conviction 13/100  |  signals 3/19
2026-06-18 13:19:03,565 [INFO]   [164]  CARDS     (#337)  $0.28512       7d: +61.7%
2026-06-18 13:19:06,858 [INFO]           → conviction 17/100  |  signals 4/19
2026-06-18 13:19:11,360 [INFO]   [165]  ZIG       (#341)  $0.05205       7d: -6.7%
2026-06-18 13:19:15,104 [INFO]           → conviction 8/100  |  signals 1/19
2026-06-18 13:19:19,605 [INFO]   [166]  Q         (#343)  $0.01799       7d: -0.9%
2026-06-18 13:19:20,254 [INFO]           → conviction 11/100  |  signals 3/19
2026-06-18 13:19:20,255 [INFO]   [167]  CHIP      (#347)  $0.03606       7d: +12.6%
2026-06-18 13:19:20,849 [INFO]           → conviction 31/100  |  signals 6/19
2026-06-18 13:19:20,850 [INFO]   [168]  GAS       (#348)  $1.11000       7d: +1.0%
2026-06-18 13:19:21,454 [INFO]           → conviction 6/100  |  signals 1/19
2026-06-18 13:19:21,455 [INFO]   [169]  AIOZ      (#349)  $0.05786       7d: +2.9%
2026-06-18 13:19:22,105 [INFO]           → conviction 3/100  |  signals 1/19
2026-06-18 13:19:22,106 [INFO]   [170]  MAG7.SSI  (#354)  $0.42123       7d: +1.6%
2026-06-18 13:19:25,950 [INFO]           → conviction 0/100  |  signals 0/19
2026-06-18 13:19:30,453 [INFO]   [171]  CYS       (#355)  $0.43829       7d: -6.6%
2026-06-18 13:19:31,045 [INFO]           → conviction 3/100  |  signals 1/19
2026-06-18 13:19:31,046 [INFO]   [172]  TROLL     (#357)  $0.06965       7d: +0.0%
2026-06-18 13:19:34,763 [INFO]           → conviction 18/100  |  signals 4/19
2026-06-18 13:19:39,264 [INFO]   [173]  RVN       (#358)  $0.00422       7d: +1.1%
2026-06-18 13:19:39,905 [INFO]           → conviction 6/100  |  signals 1/19
2026-06-18 13:19:39,906 [INFO]   [174]  META      (#360)  $3.01000       7d: +13.1%
2026-06-18 13:19:40,447 [INFO]           → conviction 0/100  |  signals 0/19
2026-06-18 13:19:40,447 [INFO]   [175]  YFI       (#361)  $1895.54000    7d: +1.4%
2026-06-18 13:19:41,058 [INFO]           → conviction 10/100  |  signals 2/19
2026-06-18 13:19:41,060 [INFO]   [176]  SAFE      (#362)  $0.09009       7d: -2.2%
2026-06-18 13:19:41,682 [INFO]           → conviction 3/100  |  signals 1/19
2026-06-18 13:19:41,682 [INFO]   [177]  BAN       (#365)  $0.06730       7d: -6.8%
2026-06-18 13:19:42,286 [INFO]           → conviction 3/100  |  signals 1/19
2026-06-18 13:19:42,287 [INFO]   [178]  KSM       (#368)  $3.64000       7d: +0.5%
2026-06-18 13:19:43,202 [INFO]           → conviction 11/100  |  signals 3/19
2026-06-18 13:19:43,204 [INFO]   [179]  JCT       (#371)  $0.00578       7d: -9.9%
2026-06-18 13:19:43,839 [INFO]           → conviction 10/100  |  signals 2/19
2026-06-18 13:19:43,842 [INFO]   [180]  PLUME     (#373)  $0.01148       7d: +12.4%
2026-06-18 13:19:44,485 [INFO]           → conviction 16/100  |  signals 4/19
2026-06-18 13:19:44,486 [INFO]   [181]  XPR       (#375)  $0.00228       7d: +3.3%
2026-06-18 13:19:47,895 [INFO]           → conviction 3/100  |  signals 1/19
2026-06-18 13:19:52,397 [INFO]   [182]  ORDI      (#376)  $3.11000       7d: -1.4%
2026-06-18 13:19:52,998 [INFO]           → conviction 6/100  |  signals 1/19
2026-06-18 13:19:52,999 [INFO]   [183]  BERA      (#377)  $0.23502       7d: -6.8%
2026-06-18 13:19:53,557 [INFO]           → conviction 0/100  |  signals 0/19
2026-06-18 13:19:53,559 [INFO]   [184]  DOG       (#383)  $0.00064       7d: +4.5%
2026-06-18 13:19:53,791 [WARNING]           → skip DOG: OHLCV data is stale (>8h old or duplicates)
2026-06-18 13:19:53,792 [INFO]   [185]  TRIA      (#384)  $0.02927       7d: +15.8%
2026-06-18 13:19:54,377 [INFO]           → conviction 14/100  |  signals 4/19
2026-06-18 13:19:54,378 [INFO]   [186]  MHORSE    (#387)  $0.06263       7d: +7.7%
2026-06-18 13:19:57,728 [INFO]           → conviction 17/100  |  signals 4/19
2026-06-18 13:20:02,229 [INFO]   [187]  ZIL       (#390)  $0.00316       7d: +2.5%
2026-06-18 13:20:02,807 [INFO]           → conviction 3/100  |  signals 1/19
2026-06-18 13:20:02,808 [INFO]   [188]  TURBO     (#392)  $0.00089       7d: +3.0%
2026-06-18 13:20:03,744 [INFO]           → conviction 10/100  |  signals 2/19
2026-06-18 13:20:03,745 [INFO]   [189]  VELO      (#393)  $0.00348       7d: +3.3%
2026-06-18 13:20:04,386 [INFO]           → conviction 19/100  |  signals 4/19
2026-06-18 13:20:04,386 [INFO]   [190]  ALCH      (#395)  $0.07136       7d: +18.7%
2026-06-18 13:20:04,933 [INFO]           → conviction 11/100  |  signals 3/19
2026-06-18 13:20:04,934 [INFO]   [191]  LINEA     (#397)  $0.00250       7d: +5.1%
2026-06-18 13:20:05,513 [INFO]           → conviction 3/100  |  signals 1/19
2026-06-18 13:20:05,515 [INFO]   [192]  IO        (#396)  $0.17282       7d: +0.1%
2026-06-18 13:20:06,085 [INFO]           → conviction 3/100  |  signals 1/19
2026-06-18 13:20:06,085 [INFO]   [193]  TFUEL     (#399)  $0.00819       7d: -2.5%
2026-06-18 13:20:06,933 [INFO]           → conviction 3/100  |  signals 1/19
2026-06-18 13:20:06,933 [INFO]   [194]  JELLYJELLY  (#400)  $0.06024       7d: +3.6%
2026-06-18 13:20:07,637 [INFO]           → conviction 21/100  |  signals 5/19
2026-06-18 13:20:07,638 [INFO]   [195]  SUPER     (#401)  $0.09398       7d: +0.9%
2026-06-18 13:20:08,380 [INFO]           → conviction 6/100  |  signals 2/19
2026-06-18 13:20:08,381 [INFO]   [196]  0G        (#404)  $0.28215       7d: -3.0%
2026-06-18 13:20:08,913 [INFO]           → conviction 10/100  |  signals 2/19
2026-06-18 13:20:08,914 [INFO]   [197]  GMX       (#402)  $5.74000       7d: +5.2%
2026-06-18 13:20:09,503 [INFO]           → conviction 14/100  |  signals 3/19
2026-06-18 13:20:09,505 [INFO]   [198]  NMR       (#403)  $8.49000       7d: +1.8%
2026-06-18 13:20:10,052 [INFO]           → conviction 10/100  |  signals 2/19
2026-06-18 13:20:10,055 [INFO]   [199]  KNTQ      (#406)  $0.21199       7d: -0.8%
2026-06-18 13:20:13,897 [INFO]           → conviction 0/100  |  signals 0/19
2026-06-18 13:20:18,399 [INFO]   [200]  MET       (#409)  $0.11126       7d: +7.8%
2026-06-18 13:20:19,022 [INFO]           → conviction 13/100  |  signals 4/19
2026-06-18 13:20:19,023 [INFO]   [201]  OMI       (#412)  $0.00021       7d: -8.2%
2026-06-18 13:20:22,604 [INFO]           → conviction 25/100  |  signals 5/19
2026-06-18 13:20:27,106 [INFO]   [202]  PURR      (#413)  $0.09647       7d: +12.7%
2026-06-18 13:20:30,793 [INFO]           → conviction 3/100  |  signals 1/19
2026-06-18 13:20:35,294 [INFO]   [203]  DUSK      (#415)  $0.09716       7d: +6.8%
2026-06-18 13:20:35,855 [INFO]           → conviction 42/100  |  signals 8/19
2026-06-18 13:20:35,856 [INFO]   [204]  SPK       (#417)  $0.01833       7d: -8.2%
2026-06-18 13:20:36,419 [INFO]           → conviction 13/100  |  signals 3/19
2026-06-18 13:20:36,420 [INFO]   [205]  BABY      (#419)  $0.01535       7d: +3.4%
2026-06-18 13:20:37,033 [INFO]           → conviction 14/100  |  signals 3/19
2026-06-18 13:20:37,034 [INFO]   [206]  EURI      (#421)  $1.15000       7d: -0.4%
2026-06-18 13:20:37,965 [INFO]           → skip (flatliner: ATR 0.29% / BB 0.42%)
2026-06-18 13:20:37,967 [INFO]   [207]  SKR       (#423)  $0.00876       7d: -2.3%
2026-06-18 13:20:38,523 [INFO]           → conviction 3/100  |  signals 1/19
2026-06-18 13:20:38,523 [INFO]   [208]  TSLAX     (#424)  $397.61000     7d: +2.6%
2026-06-18 13:20:41,836 [INFO]           → conviction 14/100  |  signals 3/19
2026-06-18 13:20:46,337 [INFO]   [209]  HOT       (#426)  $0.00031       7d: -0.1%
2026-06-18 13:20:47,251 [INFO]           → conviction 11/100  |  signals 2/19
2026-06-18 13:20:47,251 [INFO]   [210]  SOON      (#429)  $0.16058       7d: -5.8%
2026-06-18 13:20:47,818 [INFO]           → conviction 3/100  |  signals 1/19
2026-06-18 13:20:47,818 [INFO]   [211]  QFI       (#427)  $54.34000      7d: -1.8%
2026-06-18 13:20:51,581 [INFO]           → skip (flatliner: ATR 1.00% / BB 0.44%)
2026-06-18 13:20:56,083 [INFO]   [212]  MINA      (#430)  $0.04212       7d: +1.6%
2026-06-18 13:20:56,655 [INFO]           → conviction 0/100  |  signals 0/19
2026-06-18 13:20:56,656 [INFO]   [213]  ZETA      (#432)  $0.03700       7d: -1.6%
2026-06-18 13:20:57,223 [INFO]           → conviction 3/100  |  signals 1/19
2026-06-18 13:20:57,224 [INFO]   [214]  TOSHI     (#434)  $0.00013       7d: +3.2%
2026-06-18 13:21:00,696 [INFO]           → conviction 3/100  |  signals 1/19
2026-06-18 13:21:05,197 [INFO]   [215]  DIEM      (#436)  $1441.79000    7d: +12.7%
2026-06-18 13:21:09,061 [INFO]           → conviction 6/100  |  signals 2/19
2026-06-18 13:21:13,563 [INFO]   [216]  CKB       (#433)  $0.00109       7d: -1.3%
2026-06-18 13:21:14,327 [INFO]           → conviction 13/100  |  signals 4/19
2026-06-18 13:21:14,328 [INFO]   [217]  HNT       (#435)  $0.29366       7d: -4.0%
2026-06-18 13:21:14,930 [INFO]           → conviction 3/100  |  signals 1/19
2026-06-18 13:21:14,931 [INFO]   [218]  IDOL      (#439)  $0.02831       7d: -7.7%
2026-06-18 13:21:18,929 [INFO]           → conviction 0/100  |  signals 0/19
2026-06-18 13:21:23,431 [INFO]   [219]  AXL       (#441)  $0.04448       7d: +3.6%
2026-06-18 13:21:24,022 [INFO]           → conviction 16/100  |  signals 4/19
2026-06-18 13:21:24,023 [INFO]   [220]  ELF       (#438)  $0.06486       7d: +6.0%
2026-06-18 13:21:24,540 [WARNING]           → skip ELF: OHLCV data is stale (>8h old or duplicates)
2026-06-18 13:21:24,541 [INFO]   [221]  CTC       (#444)  $0.09593       7d: -7.7%
2026-06-18 13:21:25,180 [INFO]           → conviction 10/100  |  signals 3/19
2026-06-18 13:21:25,181 [INFO]   [222]  HOLO      (#449)  $0.07137       7d: +14.9%
2026-06-18 13:21:25,783 [INFO]           → conviction 13/100  |  signals 3/19
2026-06-18 13:21:25,784 [INFO]   [223]  ROSE      (#447)  $0.00665       7d: +5.3%
2026-06-18 13:21:26,384 [INFO]           → conviction 8/100  |  signals 2/19
2026-06-18 13:21:26,385 [INFO]   [224]  UP        (#453)  $0.40547       7d: +8.1%
2026-06-18 13:21:30,195 [INFO]           → conviction 23/100  |  signals 6/19
2026-06-18 13:21:34,696 [INFO]   [225]  FLOW      (#454)  $0.03034       7d: +3.6%
2026-06-18 13:21:35,268 [INFO]           → conviction 10/100  |  signals 3/19
2026-06-18 13:21:35,269 [INFO]   [226]  KAVA      (#456)  $0.04663       7d: +8.5%
2026-06-18 13:21:35,916 [INFO]           → conviction 13/100  |  signals 3/19
2026-06-18 13:21:35,916 [INFO]   [227]  SQD       (#452)  $0.04641       7d: +29.4%
2026-06-18 13:21:36,500 [INFO]           → conviction 21/100  |  signals 6/19
2026-06-18 13:21:36,504 [INFO]   [228]  POLYX     (#457)  $0.03907       7d: +3.7%
2026-06-18 13:21:37,042 [INFO]           → conviction 5/100  |  signals 1/19
2026-06-18 13:21:37,047 [INFO]   [229]  APR       (#459)  $0.20335       7d: +5.6%
2026-06-18 13:21:37,667 [INFO]           → conviction 19/100  |  signals 5/19
2026-06-18 13:21:37,667 [INFO]   [230]  SUSHI     (#458)  $0.18379       7d: +4.3%
2026-06-18 13:21:38,304 [INFO]           → conviction 6/100  |  signals 2/19
2026-06-18 13:21:38,306 [INFO]   [231]  BARD      (#460)  $0.15547       7d: +3.2%
2026-06-18 13:21:38,898 [INFO]           → conviction 13/100  |  signals 3/19
2026-06-18 13:21:38,899 [INFO]   [232]  XNO       (#470)  $0.37336       7d: -3.2%
2026-06-18 13:21:39,753 [INFO]           → conviction 3/100  |  signals 1/19
2026-06-18 13:21:39,754 [INFO]   [233]  PEAQ      (#465)  $0.02192       7d: -1.6%
2026-06-18 13:21:40,297 [INFO]           → conviction 18/100  |  signals 4/19
2026-06-18 13:21:40,298 [INFO]   [234]  XYO       (#466)  $0.00352       7d: -0.8%
2026-06-18 13:21:44,082 [INFO]           → conviction 8/100  |  signals 2/19
2026-06-18 13:21:48,584 [INFO]   [235]  FOGO      (#468)  $0.01267       7d: +11.7%
2026-06-18 13:21:49,219 [INFO]           → conviction 6/100  |  signals 2/19
2026-06-18 13:21:49,220 [INFO]   [236]  NVDAON    (#469)  $206.70000     7d: +2.1%
2026-06-18 13:21:52,962 [INFO]           → conviction 11/100  |  signals 2/19
2026-06-18 13:21:57,464 [INFO]   [237]  RON       (#473)  $0.06230       7d: +6.0%
2026-06-18 13:22:01,115 [INFO]           → conviction 8/100  |  signals 3/19
2026-06-18 13:22:05,618 [INFO]   [238]  OPEN      (#474)  $0.22226       7d: +2.3%
2026-06-18 13:22:06,214 [INFO]           → conviction 3/100  |  signals 1/19
2026-06-18 13:22:06,216 [INFO]   [239]  ICNT      (#475)  $0.18789       7d: +0.4%
2026-06-18 13:22:06,828 [INFO]           → conviction 21/100  |  signals 4/19
2026-06-18 13:22:06,829 [INFO]   [240]  MOVE      (#477)  $0.01193       7d: -4.6%
2026-06-18 13:22:07,397 [INFO]           → conviction 14/100  |  signals 3/19
2026-06-18 13:22:07,398 [INFO]   [241]  DGB       (#480)  $0.00258       7d: +5.1%
2026-06-18 13:22:08,282 [INFO]           → conviction 0/100  |  signals 0/19
2026-06-18 13:22:08,282 [INFO]   [242]  UPUMP     (#479)  $0.00148       7d: +1.6%
2026-06-18 13:22:12,109 [INFO]           → conviction 16/100  |  signals 4/19
2026-06-18 13:22:16,611 [INFO]   [243]  ROBO      (#483)  $0.02077       7d: -1.2%
2026-06-18 13:22:17,176 [INFO]           → conviction 19/100  |  signals 5/19
2026-06-18 13:22:17,177 [INFO]   [244]  AMP       (#484)  $0.00053       7d: +2.4%
2026-06-18 13:22:18,014 [INFO]           → conviction 16/100  |  signals 4/19
2026-06-18 13:22:18,014 [INFO]   [245]  SN51      (#486)  $11.24000      7d: +15.1%
2026-06-18 13:22:21,894 [INFO]           → conviction 8/100  |  signals 3/19
2026-06-18 13:22:26,396 [INFO]   [246]  AZTEC     (#487)  $0.01567       7d: -1.7%
2026-06-18 13:22:26,963 [INFO]           → conviction 3/100  |  signals 1/19
2026-06-18 13:22:26,964 [INFO]   [247]  ONT       (#488)  $0.04579       7d: -3.1%
2026-06-18 13:22:27,496 [INFO]           → conviction 6/100  |  signals 1/19
2026-06-18 13:22:27,497 [INFO]   [248]  BNKR      (#492)  $0.00045       7d: +0.1%
2026-06-18 13:22:31,239 [INFO]           → conviction 3/100  |  signals 1/19
2026-06-18 13:22:35,740 [INFO]   [249]  BLUR      (#491)  $0.01595       7d: -9.5%
2026-06-18 13:22:36,284 [INFO]           → conviction 13/100  |  signals 3/19
2026-06-18 13:22:36,285 [INFO]   [250]  AIX       (#495)  $0.44988       7d: +0.2%
2026-06-18 13:22:40,264 [INFO]           → conviction 17/100  |  signals 4/19
2026-06-18 13:22:44,765 [INFO]   [251]  FOLKS     (#498)  $2.68000       7d: +12.7%
2026-06-18 13:22:45,461 [INFO]           → conviction 26/100  |  signals 7/19
2026-06-18 13:22:45,462 [INFO]   [252]  RED       (#500)  $0.10425       7d: +10.5%
2026-06-18 13:22:46,171 [INFO]           → conviction 18/100  |  signals 5/19
2026-06-18 13:22:46,179 [INFO] 
[5/5] Building trade plan report...
2026-06-18 13:22:46,180 [INFO]   Raw candidates found: 0
2026-06-18 13:22:46,180 [INFO] [5/5] Checking major leverage opportunities (BTC/ETH/SOL)...
2026-06-18 13:22:46,181 [INFO]   Major leverage: 0 opportunity(s) found
2026-06-18 13:22:46,184 [INFO] 
================================================================================
  CRYPTO SPOT SCANNER — TRADE PLAN REPORT
  Generated: 2026-06-18 13:22:46
================================================================================

MARKET CONTEXT
----------------------------------------
  BTC Price    :  $   63,989.90
  BTC 7-day    :     +2.01%
  BTC 24-hour  :     -2.62%
  ETH 7-day    :     +6.11%
  BTC Dominance:      56.1%
  Regime       :  🟡 SIDEWAYS

  🟡 SIDEWAYS — Thresholds tightened for safety:
     Full entry: Conviction ≥ 60  |  Max position 6.0%  |  Stops 1.0× ATR
     Exception entry: Conviction ≥ 50  |  Max position 3.0%  (6+ signals required)
     Missing a trade is better than losing capital in chop.

ACCOUNT
----------------------------------------
  Balance       : $   96,313.06 USDT
  Risk / trade  : 1.5%  ($1,445 USDT per trade)
  Max positions : 8
  Max heat      : 12.0%

================================================================================
  NO QUALIFYING SETUPS FOUND

  All scanned tokens failed to meet the minimum conviction threshold.
  This means market conditions are not favorable right now.

  RECOMMENDATION: Stay in USDT. Wait for the next scan.
  Patience is a trading edge. Forcing trades loses money.
================================================================================

WATCHLIST  — tokens building momentum, not ready to enter yet
----------------------------------------
  ⏳ = needs 1 more confirmation scan  |  ↗ = conviction rising  |  ↘ = fading
  Monitor all. Enter only after a fresh scan confirms conviction ≥ threshold.

  #     SYMBOL     RANK         PRICE      7d%   CONV  SIGS  TREND  KEY SIGNALS
  ----  ---------  ----  ------------  -------  -----  ----  -----  ----------------------------
  1     🔶DUSK      #415  $0.09716         +6.8%    42     8      →  whale_candles, funding_neg, cmf +5
  2     🔶XDC       # 91  $0.03070         -1.3%    39     7      →  whale_candles, stealth_accum, cmf +4
  3     🔹RUNE      #213  $0.42328         +2.8%    36     7      ↗  whale_candles, higher_lows, rs_vs_btc +4
  4     🔹TAC       #253  $0.02371        +43.9%    32     6      ↘  whale_candles, cmf, rs_vs_btc +3
  5     🔹COW       #284  $0.16078        +15.1%    31     6      →  macd_turning, stealth_accum, bb_squeeze +3
  6     🔹CHIP      #347  $0.03606        +12.6%    31     6      →  funding_neg, macd_turning, stealth_accum +3
  7     🔹RIF       #315  $0.07990        +37.5%    27     6      →  funding_neg, macd_turning, rs_vs_btc +3
  8     🔹AAVE      # 64  $73.42000       +16.3%    26     6      →  funding_neg, cmf, higher_lows +3
  9     🔹SEI       #126  $0.05396        +10.9%    26     6      →  funding_neg, bb_squeeze, rs_vs_btc +3
  10    🔹KMNO      #299  $0.01750        +22.4%    26     6      →  macd_turning, cmf, rs_vs_btc +3

--------------------------------------------------------------------------------
2026-06-18 13:22:46,196 [INFO] 
  Report  → C:\Users\bruno\OneDrive\Ambiente de Trabalho\Workspace\crypto scanner\crypto-scanner\outputs\scanner-results\spot_trade_plan_LATEST.txt
2026-06-18 13:22:46,196 [INFO]   JSON    → C:\Users\bruno\OneDrive\Ambiente de Trabalho\Workspace\crypto scanner\crypto-scanner\outputs\scanner-results\spot_trade_plan_LATEST.json
2026-06-18 13:22:46,198 [INFO]   Log     → C:\Users\bruno\OneDrive\Ambiente de Trabalho\Workspace\crypto scanner\crypto-scanner\outputs\logs\orchestrator_20260618.log
2026-06-18 13:22:46,198 [INFO] 
  Done.  0 high-conviction setup(s) found.
2026-06-18 14:34:46,734 [INFO]   Live Bybit balance: 96,313.06 USDT
2026-06-18 14:34:46,752 [INFO] 
2026-06-18 14:34:46,754 [INFO] ================================================================================
2026-06-18 14:34:46,754 [INFO]   CRYPTO MASTER ORCHESTRATOR v2.1
2026-06-18 14:34:46,756 [INFO]   18-signal engine | funding rate | corr filter | volume source tagging
2026-06-18 14:34:46,756 [INFO] ================================================================================
2026-06-18 14:34:46,756 [INFO]   Account: $96,313.06 USDT  |  Risk/trade: 1.5%  |  Max positions: 8
2026-06-18 14:34:46,756 [INFO] 
2026-06-18 14:34:46,768 [INFO] [1/5] Analyzing market regime...
2026-06-18 14:34:46,774 [INFO] Fetching market context (Bybit klines primary)...
2026-06-18 14:34:47,749 [INFO]   [Bybit] BTC: $64,140 | 7d: +2.3%  ETH 7d: +5.9%  Dominance: 56.1% | Regime: 🟡 SIDEWAYS
2026-06-18 14:34:47,752 [INFO]   🟡 SIDEWAYS — conviction raised to 60, max position capped at 6.0%, stops tightened to 1.0× ATR
2026-06-18 14:34:47,759 [INFO] [2/5] Fetching BTC historical data...
2026-06-18 14:34:47,784 [INFO]   BTC data: OK
2026-06-18 14:34:52,286 [INFO] [3/5] Fetching top 500 coins...
2026-06-18 14:34:52,302 [INFO] Fetching top 500 coins by market cap...
2026-06-18 14:34:54,217 [INFO]   Fetched 500 coins
2026-06-18 14:34:54,248 [INFO]   Fetched 500 coins
2026-06-18 14:34:54,251 [INFO] [4/5] Scanning for high-conviction setups...
2026-06-18 14:34:54,251 [INFO]   Filters: Rank 20–500  |  Vol ≥ $500,000  |  Min conviction: 60
2026-06-18 14:34:54,254 [INFO] 
2026-06-18 14:34:54,260 [INFO]   [  1]  XMR       (# 20)  $328.55000     7d: -6.2%
2026-06-18 14:34:55,135 [INFO]           → conviction 8/100  |  signals 2/19
2026-06-18 14:34:55,137 [INFO]   [  2]  LINK      (# 21)  $8.09000       7d: +3.9%
2026-06-18 14:34:55,504 [INFO]           → conviction 10/100  |  signals 2/19
2026-06-18 14:34:55,506 [INFO]   [  3]  GRAM      (# 25)  $1.66000       7d: -0.4%
2026-06-18 14:34:55,870 [INFO]           → conviction 9/100  |  signals 3/19
2026-06-18 14:34:55,872 [INFO]   [  4]  BCH       (# 27)  $206.80000     7d: +3.2%
2026-06-18 14:34:56,249 [INFO]           → conviction 13/100  |  signals 3/19
2026-06-18 14:34:56,249 [INFO]   [  5]  M         (# 28)  $2.97000       7d: +2.2%
2026-06-18 14:34:56,709 [INFO]           → conviction 3/100  |  signals 1/19
2026-06-18 14:34:56,709 [INFO]   [  6]  LTC       (# 30)  $44.07000      7d: +3.7%
2026-06-18 14:34:57,064 [INFO]           → conviction 10/100  |  signals 2/19
2026-06-18 14:34:57,064 [INFO]   [  7]  USYC      (# 31)  $1.13000       7d: +0.0%
2026-06-18 14:34:57,108 [WARNING]           → skip USYC: OHLCV data is stale (>8h old or duplicates)
2026-06-18 14:34:57,110 [INFO]   [  8]  SUI       (# 32)  $0.74656       7d: -0.9%
2026-06-18 14:34:57,508 [INFO]           → conviction 10/100  |  signals 2/19
2026-06-18 14:34:57,512 [INFO]   [  9]  NEAR      (# 33)  $2.28000       7d: +12.9%
2026-06-18 14:34:57,909 [INFO]           → conviction 21/100  |  signals 4/19
2026-06-18 14:34:57,911 [INFO]   [ 10]  AVAX      (# 34)  $6.65000       7d: +0.9%
2026-06-18 14:34:58,280 [INFO]           → conviction 10/100  |  signals 2/19
2026-06-18 14:34:58,286 [INFO]   [ 11]  CRO       (# 38)  $0.05906       7d: -1.3%
2026-06-18 14:34:58,645 [INFO]           → conviction 8/100  |  signals 1/19
2026-06-18 14:34:58,645 [INFO]   [ 12]  TAO       (# 41)  $240.20000     7d: +15.6%
2026-06-18 14:34:59,000 [INFO]           → conviction 6/100  |  signals 2/19
2026-06-18 14:34:59,001 [INFO]   [ 13]  WLD       (# 42)  $0.63237       7d: +25.8%
2026-06-18 14:34:59,366 [INFO]           → conviction 13/100  |  signals 3/19
2026-06-18 14:34:59,366 [INFO]   [ 14]  USDY      (# 43)  $1.12000       7d: -1.1%
2026-06-18 14:34:59,708 [INFO]           → conviction 10/100  |  signals 2/19
2026-06-18 14:34:59,708 [INFO]   [ 15]  WLFI      (# 46)  $0.06060       7d: +2.8%
2026-06-18 14:35:00,284 [INFO]           → conviction 13/100  |  signals 3/19
2026-06-18 14:35:00,284 [INFO]   [ 16]  MNT       (# 49)  $0.54056       7d: +0.1%
2026-06-18 14:35:00,682 [INFO]           → conviction 3/100  |  signals 1/19
2026-06-18 14:35:00,682 [INFO]   [ 17]  DOT       (# 50)  $0.98098       7d: +3.8%
2026-06-18 14:35:01,050 [INFO]           → conviction 10/100  |  signals 2/19
2026-06-18 14:35:01,050 [INFO]   [ 18]  OKB       (# 53)  $73.47000      7d: +3.4%
2026-06-18 14:35:01,432 [INFO]           → conviction 3/100  |  signals 1/19
2026-06-18 14:35:01,432 [INFO]   [ 19]  PI        (# 55)  $0.13125       7d: +4.7%
2026-06-18 14:35:01,882 [INFO]           → conviction 0/100  |  signals 0/19
2026-06-18 14:35:01,882 [INFO]   [ 20]  SKY       (# 57)  $0.05800       7d: +0.9%
2026-06-18 14:35:02,263 [INFO]           → conviction 18/100  |  signals 4/19
2026-06-18 14:35:02,266 [INFO]   [ 21]  MORPHO    (# 59)  $1.97000       7d: -1.4%
2026-06-18 14:35:02,615 [INFO]           → conviction 10/100  |  signals 2/19
2026-06-18 14:35:02,616 [INFO]   [ 22]  ICP       (# 60)  $2.27000       7d: -1.0%
2026-06-18 14:35:02,976 [INFO]           → conviction 3/100  |  signals 1/19
2026-06-18 14:35:02,976 [INFO]   [ 23]  BGB       (# 61)  $1.80000       7d: +1.3%
2026-06-18 14:35:06,628 [INFO]           → conviction 0/100  |  signals 0/19
2026-06-18 14:35:11,131 [INFO]   [ 24]  ETC       (# 63)  $7.20000       7d: +1.2%
2026-06-18 14:35:11,487 [INFO]           → conviction 3/100  |  signals 1/19
2026-06-18 14:35:11,487 [INFO]   [ 25]  QNT       (# 65)  $70.17000      7d: +7.5%
2026-06-18 14:35:11,846 [INFO]           → conviction 18/100  |  signals 4/19
2026-06-18 14:35:11,846 [INFO]   [ 26]  KCS       (# 69)  $7.26000       7d: +9.0%
2026-06-18 14:35:12,714 [INFO]           → conviction 14/100  |  signals 4/19
2026-06-18 14:35:12,714 [INFO]   [ 27]  ATOM      (# 70)  $1.83000       7d: -5.1%
2026-06-18 14:35:13,492 [INFO]           → conviction 6/100  |  signals 1/19
2026-06-18 14:35:13,494 [INFO]   [ 28]  ALGO      (# 73)  $0.10207       7d: +15.7%
2026-06-18 14:35:14,296 [INFO]           → conviction 16/100  |  signals 5/19
2026-06-18 14:35:14,296 [INFO]   [ 29]  ENA       (# 76)  $0.09174       7d: +19.7%
2026-06-18 14:35:14,642 [INFO]           → conviction 18/100  |  signals 5/19
2026-06-18 14:35:14,642 [INFO]   [ 30]  KAS       (# 77)  $0.03079       7d: +0.4%
2026-06-18 14:35:14,978 [INFO]           → conviction 3/100  |  signals 1/19
2026-06-18 14:35:14,986 [INFO]   [ 31]  POL       (# 78)  $0.07822       7d: +6.2%
2026-06-18 14:35:15,331 [INFO]           → conviction 13/100  |  signals 3/19
2026-06-18 14:35:15,335 [INFO]   [ 32]  NEXO      (# 79)  $0.81037       7d: -0.1%
2026-06-18 14:35:16,139 [INFO]           → conviction 10/100  |  signals 3/19
2026-06-18 14:35:16,141 [INFO]   [ 33]  STABLE    (# 80)  $0.03356       7d: -1.1%
2026-06-18 14:35:16,484 [INFO]           → conviction 18/100  |  signals 3/19
2026-06-18 14:35:16,485 [INFO]   [ 34]  币安人生      (# 81)  $0.71751       7d: +0.6%
2026-06-18 14:35:16,838 [INFO]           → conviction 27/100  |  signals 5/19
2026-06-18 14:35:16,838 [INFO]   [ 35]  VVV       (# 82)  $15.16000      7d: +12.9%
2026-06-18 14:35:17,198 [INFO]           → conviction 13/100  |  signals 3/19
2026-06-18 14:35:17,200 [INFO]   [ 36]  JST       (# 83)  $0.08266       7d: +7.4%
2026-06-18 14:35:17,542 [INFO]           → conviction 14/100  |  signals 4/19
2026-06-18 14:35:17,544 [INFO]   [ 37]  GT        (# 84)  $6.62000       7d: +2.6%
2026-06-18 14:35:17,904 [INFO]           → conviction 0/100  |  signals 0/19
2026-06-18 14:35:17,904 [INFO]   [ 38]  FLR       (# 87)  $0.00742       7d: +6.4%
2026-06-18 14:35:18,260 [INFO]           → conviction 11/100  |  signals 2/19
2026-06-18 14:35:18,260 [INFO]   [ 39]  BDX       (# 88)  $0.08200       7d: +3.6%
2026-06-18 14:35:18,621 [INFO]           → conviction 14/100  |  signals 3/19
2026-06-18 14:35:18,621 [INFO]   [ 40]  FIL       (# 90)  $0.79457       7d: +5.1%
2026-06-18 14:35:18,984 [INFO]           → conviction 24/100  |  signals 5/19
2026-06-18 14:35:18,985 [INFO]   [ 41]  APT       (# 97)  $0.65064       7d: +2.8%
2026-06-18 14:35:19,340 [INFO]           → conviction 10/100  |  signals 2/19
2026-06-18 14:35:19,343 [INFO]   [ 42]  INJ       (# 99)  $5.26000       7d: +0.5%
2026-06-18 14:35:19,704 [INFO]           → conviction 10/100  |  signals 2/19
2026-06-18 14:35:19,704 [INFO]   [ 43]  PUMP      (#100)  $0.00149       7d: +2.5%
2026-06-18 14:35:20,073 [INFO]           → conviction 14/100  |  signals 3/19
2026-06-18 14:35:20,073 [INFO]   [ 44]  ADI       (#105)  $3.93000       7d: +5.4%
2026-06-18 14:35:20,423 [INFO]           → conviction 8/100  |  signals 3/19
2026-06-18 14:35:20,423 [INFO]   [ 45]  H         (#108)  $0.25418       7d: +50.5%
2026-06-18 14:35:20,773 [INFO]           → conviction 19/100  |  signals 5/19
2026-06-18 14:35:20,776 [INFO]   [ 46]  DASH      (#109)  $36.04000      7d: +3.3%
2026-06-18 14:35:21,126 [INFO]           → conviction 3/100  |  signals 1/19
2026-06-18 14:35:21,126 [INFO]   [ 47]  AERO      (#110)  $0.47630       7d: +39.4%
2026-06-18 14:35:21,522 [INFO]           → conviction 13/100  |  signals 4/19
2026-06-18 14:35:21,522 [INFO]   [ 48]  FET       (#111)  $0.19874       7d: +6.2%
2026-06-18 14:35:21,918 [INFO]           → conviction 3/100  |  signals 1/19
2026-06-18 14:35:21,921 [INFO]   [ 49]  TRUMP     (#112)  $1.87000       7d: +10.4%
2026-06-18 14:35:22,282 [INFO]           → conviction 16/100  |  signals 4/19
2026-06-18 14:35:22,284 [INFO]   [ 50]  KITE      (#113)  $0.18857       7d: +2.7%
2026-06-18 14:35:22,630 [INFO]           → conviction 14/100  |  signals 3/19
2026-06-18 14:35:22,630 [INFO]   [ 51]  CAKE      (#114)  $1.35000       7d: +3.2%
2026-06-18 14:35:22,979 [INFO]           → conviction 10/100  |  signals 2/19
2026-06-18 14:35:22,984 [INFO]   [ 52]  VET       (#116)  $0.00497       7d: +3.5%
2026-06-18 14:35:23,326 [INFO]           → conviction 10/100  |  signals 2/19
2026-06-18 14:35:23,326 [INFO]   [ 53]  PENGU     (#117)  $0.00677       7d: +0.4%
2026-06-18 14:35:23,673 [INFO]           → conviction 10/100  |  signals 2/19
2026-06-18 14:35:23,675 [INFO]   [ 54]  LIT       (#118)  $1.64000       7d: +14.4%
2026-06-18 14:35:24,028 [INFO]           → conviction 3/100  |  signals 1/19
2026-06-18 14:35:24,028 [INFO]   [ 55]  VIRTUAL   (#121)  $0.60091       7d: +4.5%
2026-06-18 14:35:24,422 [INFO]           → conviction 10/100  |  signals 2/19
2026-06-18 14:35:24,422 [INFO]   [ 56]  APXUSD    (#123)  $0.89564       7d: -6.4%
2026-06-18 14:35:24,804 [INFO]           → conviction 10/100  |  signals 2/19
2026-06-18 14:35:24,806 [INFO]   [ 57]  TIA       (#126)  $0.38967       7d: +21.3%
2026-06-18 14:35:25,160 [INFO]           → conviction 10/100  |  signals 3/19
2026-06-18 14:35:25,160 [INFO]   [ 58]  SKYAI     (#127)  $0.35580       7d: +57.4%
2026-06-18 14:35:25,516 [INFO]           → conviction 11/100  |  signals 2/19
2026-06-18 14:35:25,519 [INFO]   [ 59]  JTO       (#129)  $0.71447       7d: +26.4%
2026-06-18 14:35:25,888 [INFO]           → conviction 6/100  |  signals 2/19
2026-06-18 14:35:25,890 [INFO]   [ 60]  STX       (#130)  $0.18664       7d: +2.6%
2026-06-18 14:35:26,433 [INFO]           → conviction 10/100  |  signals 2/19
2026-06-18 14:35:26,436 [INFO]   [ 61]  CRV       (#131)  $0.22668       7d: -7.9%
2026-06-18 14:35:27,017 [INFO]           → conviction 3/100  |  signals 1/19
2026-06-18 14:35:27,017 [INFO]   [ 62]  SUN       (#133)  $0.01709       7d: +0.0%
2026-06-18 14:35:27,426 [INFO]           → conviction 10/100  |  signals 3/19
2026-06-18 14:35:27,426 [INFO]   [ 63]  PYTH      (#136)  $0.03790       7d: +9.9%
2026-06-18 14:35:27,799 [INFO]           → conviction 3/100  |  signals 1/19
2026-06-18 14:35:27,799 [INFO]   [ 64]  UB        (#137)  $0.11473       7d: -1.0%
2026-06-18 14:35:28,150 [INFO]           → conviction 23/100  |  signals 4/19
2026-06-18 14:35:28,151 [INFO]   [ 65]  GNO       (#138)  $105.84000     7d: +9.6%
2026-06-18 14:35:28,389 [WARNING]           → skip GNO: OHLCV data is stale (>8h old or duplicates)
2026-06-18 14:35:28,389 [INFO]   [ 66]  XTZ       (#142)  $0.23788       7d: +1.2%
2026-06-18 14:35:28,736 [INFO]           → conviction 13/100  |  signals 3/19
2026-06-18 14:35:28,740 [INFO]   [ 67]  ZBCN      (#144)  $0.00261       7d: +2.0%
2026-06-18 14:35:29,096 [INFO]           → conviction 14/100  |  signals 3/19
2026-06-18 14:35:29,096 [INFO]   [ 68]  CFX       (#145)  $0.04875       7d: +10.2%
2026-06-18 14:35:29,437 [INFO]           → conviction 23/100  |  signals 6/19
2026-06-18 14:35:29,437 [INFO]   [ 69]  2Z        (#147)  $0.07284       7d: +5.2%
2026-06-18 14:35:29,785 [INFO]           → conviction 21/100  |  signals 5/19
2026-06-18 14:35:29,786 [INFO]   [ 70]  MON       (#146)  $0.02133       7d: -2.5%
2026-06-18 14:35:30,136 [INFO]           → conviction 13/100  |  signals 3/19
2026-06-18 14:35:30,138 [INFO]   [ 71]  ZRO       (#149)  $0.99727       7d: +11.6%
2026-06-18 14:35:30,556 [INFO]           → conviction 13/100  |  signals 3/19
2026-06-18 14:35:30,559 [INFO]   [ 72]  GRASS     (#148)  $0.41275       7d: +15.1%
2026-06-18 14:35:30,909 [INFO]           → conviction 10/100  |  signals 3/19
2026-06-18 14:35:30,909 [INFO]   [ 73]  KAG       (#150)  $67.08000      7d: +4.7%
2026-06-18 14:35:31,270 [INFO]           → conviction 2/100  |  signals 1/19
2026-06-18 14:35:31,270 [INFO]   [ 74]  JASMY     (#153)  $0.00493       7d: +5.6%
2026-06-18 14:35:31,608 [INFO]           → conviction 3/100  |  signals 1/19
2026-06-18 14:35:31,608 [INFO]   [ 75]  LDO       (#157)  $0.28213       7d: +6.9%
2026-06-18 14:35:31,976 [INFO]           → conviction 18/100  |  signals 4/19
2026-06-18 14:35:31,976 [INFO]   [ 76]  BSV       (#158)  $11.86000      7d: +3.5%
2026-06-18 14:35:32,776 [INFO]           → conviction 0/100  |  signals 0/19
2026-06-18 14:35:32,776 [INFO]   [ 77]  OP        (#159)  $0.10887       7d: +15.0%
2026-06-18 14:35:33,123 [INFO]           → conviction 23/100  |  signals 5/19
2026-06-18 14:35:33,123 [INFO]   [ 78]  TEL       (#160)  $0.00244       7d: -1.7%
2026-06-18 14:35:33,618 [INFO]           → conviction 0/100  |  signals 0/19
2026-06-18 14:35:33,620 [INFO]   [ 79]  B         (#164)  $0.22529       7d: -5.7%
2026-06-18 14:35:34,442 [INFO]           → conviction 3/100  |  signals 1/19
2026-06-18 14:35:34,444 [INFO]   [ 80]  STRK      (#165)  $0.03421       7d: +0.3%
2026-06-18 14:35:34,800 [INFO]           → conviction 3/100  |  signals 1/19
2026-06-18 14:35:34,800 [INFO]   [ 81]  KAIA      (#166)  $0.03793       7d: +5.0%
2026-06-18 14:35:35,144 [INFO]           → conviction 14/100  |  signals 3/19
2026-06-18 14:35:35,144 [INFO]   [ 82]  ENS       (#169)  $5.35000       7d: +14.0%
2026-06-18 14:35:35,492 [INFO]           → conviction 16/100  |  signals 4/19
2026-06-18 14:35:35,492 [INFO]   [ 83]  AKT       (#171)  $0.73272       7d: +22.3%
2026-06-18 14:35:35,849 [INFO]           → conviction 6/100  |  signals 2/19
2026-06-18 14:35:35,849 [INFO]   [ 84]  FF        (#172)  $0.07418       7d: -3.6%
2026-06-18 14:35:36,201 [INFO]           → conviction 6/100  |  signals 2/19
2026-06-18 14:35:36,201 [INFO]   [ 85]  IOTA      (#173)  $0.04724       7d: +4.4%
2026-06-18 14:35:36,626 [INFO]           → conviction 6/100  |  signals 2/19
2026-06-18 14:35:36,626 [INFO]   [ 86]  GRT       (#174)  $0.01940       7d: +0.3%
2026-06-18 14:35:37,020 [INFO]           → conviction 10/100  |  signals 2/19
2026-06-18 14:35:37,020 [INFO]   [ 87]  DCR       (#175)  $11.94000      7d: -1.5%
2026-06-18 14:35:37,389 [INFO]           → conviction 3/100  |  signals 1/19
2026-06-18 14:35:37,391 [INFO]   [ 88]  PIEVERSE  (#179)  $0.71332       7d: +22.3%
2026-06-18 14:35:37,756 [INFO]           → conviction 23/100  |  signals 6/19
2026-06-18 14:35:37,756 [INFO]   [ 89]  ULTIMA    (#184)  $2170.91000    7d: -4.9%
2026-06-18 14:35:38,106 [INFO]           → conviction 6/100  |  signals 2/19
2026-06-18 14:35:38,112 [INFO]   [ 90]  BTSE      (#185)  $1.09000       7d: +0.1%
2026-06-18 14:35:38,463 [INFO]           → conviction 0/100  |  signals 0/19
2026-06-18 14:35:38,463 [INFO]   [ 91]  COMP      (#188)  $17.64000      7d: -1.0%
2026-06-18 14:35:38,815 [INFO]           → conviction 14/100  |  signals 3/19
2026-06-18 14:35:38,816 [INFO]   [ 92]  APYUSD    (#189)  $1.20000       7d: -3.9%
2026-06-18 14:35:39,172 [INFO]           → conviction 10/100  |  signals 2/19
2026-06-18 14:35:39,172 [INFO]   [ 93]  AXS       (#191)  $0.96855       7d: +5.1%
2026-06-18 14:35:39,530 [INFO]           → conviction 3/100  |  signals 1/19
2026-06-18 14:35:39,530 [INFO]   [ 94]  TWT       (#195)  $0.39593       7d: +2.5%
2026-06-18 14:35:39,917 [INFO]           → conviction 8/100  |  signals 2/19
2026-06-18 14:35:39,919 [INFO]   [ 95]  RAY       (#196)  $0.60804       7d: +4.3%
2026-06-18 14:35:40,370 [INFO]           → conviction 6/100  |  signals 2/19
2026-06-18 14:35:40,370 [INFO]   [ 96]  MX        (#197)  $1.78000       7d: +2.4%
2026-06-18 14:35:40,726 [INFO]           → conviction 6/100  |  signals 2/19
2026-06-18 14:35:40,728 [INFO]   [ 97]  BILL      (#199)  $0.06607       7d: +3.9%
2026-06-18 14:35:41,491 [INFO]           → conviction 6/100  |  signals 2/19
2026-06-18 14:35:41,491 [INFO]   [ 98]  NEO       (#202)  $2.22000       7d: +2.2%
2026-06-18 14:35:41,838 [INFO]           → conviction 14/100  |  signals 3/19
2026-06-18 14:35:41,838 [INFO]   [ 99]  EIGEN     (#204)  $0.21042       7d: +17.8%
2026-06-18 14:35:42,186 [INFO]           → conviction 10/100  |  signals 3/19
2026-06-18 14:35:42,186 [INFO]   [100]  THETA     (#207)  $0.15466       7d: -0.5%
2026-06-18 14:35:42,559 [INFO]           → conviction 3/100  |  signals 1/19
2026-06-18 14:35:42,559 [INFO]   [101]  ZANO      (#211)  $9.73000       7d: +9.8%
2026-06-18 14:35:42,914 [INFO]           → conviction 17/100  |  signals 4/19
2026-06-18 14:35:42,914 [INFO]   [102]  SAND      (#214)  $0.05233       7d: +0.7%
2026-06-18 14:35:43,266 [INFO]           → conviction 13/100  |  signals 3/19
2026-06-18 14:35:43,266 [INFO]   [103]  EURCV     (#217)  $1.15000       7d: -0.5%
2026-06-18 14:35:43,614 [INFO]           → skip (flatliner: ATR 0.09% / BB 0.38%)
2026-06-18 14:35:43,614 [INFO]   [104]  APE       (#221)  $0.13317       7d: +6.8%
2026-06-18 14:35:44,117 [INFO]           → conviction 14/100  |  signals 4/19
2026-06-18 14:35:44,117 [INFO]   [105]  MANA      (#223)  $0.06792       7d: +1.7%
2026-06-18 14:35:44,480 [INFO]           → conviction 6/100  |  signals 2/19
2026-06-18 14:35:44,486 [INFO]   [106]  FARTCOIN  (#224)  $0.12971       7d: +12.2%
2026-06-18 14:35:44,823 [INFO]           → conviction 3/100  |  signals 1/19
2026-06-18 14:35:44,823 [INFO]   [107]  AR        (#225)  $1.97000       7d: +6.2%
2026-06-18 14:35:45,186 [INFO]           → conviction 3/100  |  signals 1/19
2026-06-18 14:35:45,186 [INFO]   [108]  GALA      (#227)  $0.00263       7d: -1.4%
2026-06-18 14:35:45,531 [INFO]           → conviction 3/100  |  signals 1/19
2026-06-18 14:35:45,531 [INFO]   [109]  TIBBIR    (#229)  $0.12530       7d: +15.3%
2026-06-18 14:35:45,882 [INFO]           → conviction 6/100  |  signals 2/19
2026-06-18 14:35:45,882 [INFO]   [110]  SHFL      (#233)  $0.28824       7d: -4.9%
2026-06-18 14:35:49,286 [INFO]           → conviction 8/100  |  signals 3/19
2026-06-18 14:35:53,787 [INFO]   [111]  THBILL    (#234)  $1.00800       7d: -1.7%
2026-06-18 14:35:54,136 [INFO]           → skip (flatliner: ATR 0.29% / BB 0.44%)
2026-06-18 14:35:54,136 [INFO]   [112]  S         (#236)  $0.03193       7d: +5.9%
2026-06-18 14:35:54,486 [INFO]           → conviction 0/100  |  signals 0/19
2026-06-18 14:35:54,486 [INFO]   [113]  IMX       (#237)  $0.14289       7d: +1.1%
2026-06-18 14:35:54,840 [INFO]           → conviction 10/100  |  signals 2/19
2026-06-18 14:35:54,843 [INFO]   [114]  CVX       (#238)  $1.31000       7d: -3.0%
2026-06-18 14:35:55,265 [INFO]           → conviction 3/100  |  signals 1/19
2026-06-18 14:35:55,265 [INFO]   [115]  SFP       (#239)  $0.23791       7d: -2.3%
2026-06-18 14:35:55,616 [INFO]           → conviction 0/100  |  signals 0/19
2026-06-18 14:35:55,616 [INFO]   [116]  SENT      (#240)  $0.01634       7d: +9.4%
2026-06-18 14:35:55,969 [INFO]           → conviction 11/100  |  signals 3/19
2026-06-18 14:35:55,969 [INFO]   [117]  KAITO     (#241)  $0.48810       7d: +16.0%
2026-06-18 14:35:56,326 [INFO]           → conviction 21/100  |  signals 4/19
2026-06-18 14:35:56,326 [INFO]   [118]  A         (#245)  $0.07073       7d: +5.9%
2026-06-18 14:35:56,673 [INFO]           → conviction 6/100  |  signals 2/19
2026-06-18 14:35:56,674 [INFO]   [119]  ZK        (#250)  $0.01172       7d: +4.8%
2026-06-18 14:35:57,236 [INFO]           → conviction 13/100  |  signals 4/19
2026-06-18 14:35:57,236 [INFO]   [120]  GOMINING  (#251)  $0.27663       7d: +9.0%
2026-06-18 14:35:57,591 [INFO]           → conviction 14/100  |  signals 3/19
2026-06-18 14:35:57,596 [INFO]   [121]  TAG       (#254)  $0.00102       7d: +3.8%
2026-06-18 14:35:57,947 [INFO]           → conviction 11/100  |  signals 4/19
2026-06-18 14:35:57,947 [INFO]   [122]  GLM       (#257)  $0.10904       7d: +2.9%
2026-06-18 14:35:58,306 [INFO]           → conviction 13/100  |  signals 3/19
2026-06-18 14:35:58,306 [INFO]   [123]  IP        (#258)  $0.30406       7d: +5.1%
2026-06-18 14:35:58,880 [INFO]           → conviction 31/100  |  signals 7/19
2026-06-18 14:35:58,880 [INFO]   [124]  BMX       (#259)  $0.31927       7d: +10.2%
2026-06-18 14:35:59,227 [INFO]           → conviction 6/100  |  signals 2/19
2026-06-18 14:35:59,227 [INFO]   [125]  BANANAS31  (#260)  $0.01080       7d: +28.0%
2026-06-18 14:35:59,575 [INFO]           → conviction 13/100  |  signals 4/19
2026-06-18 14:35:59,576 [INFO]   [126]  AWE       (#265)  $0.05480       7d: +1.5%
2026-06-18 14:35:59,926 [INFO]           → conviction 8/100  |  signals 2/19
2026-06-18 14:35:59,926 [INFO]   [127]  1INCH     (#267)  $0.07507       7d: +5.0%
2026-06-18 14:36:00,276 [INFO]           → conviction 8/100  |  signals 2/19
2026-06-18 14:36:00,276 [INFO]   [128]  AB        (#268)  $0.00105       7d: -5.0%
2026-06-18 14:36:03,950 [INFO]           → conviction 8/100  |  signals 1/19
2026-06-18 14:36:08,453 [INFO]   [129]  DYDX      (#276)  $0.11753       7d: -0.3%
2026-06-18 14:36:08,808 [INFO]           → conviction 3/100  |  signals 1/19
2026-06-18 14:36:08,808 [INFO]   [130]  O         (#275)  $0.61738     
2026-06-18 14:36:09,716 [INFO]           → skip (insufficient data)
2026-06-18 14:36:14,221 [INFO]   [131]  GEOD      (#278)  $0.21751       7d: +29.5%
2026-06-18 14:36:17,819 [INFO]           → conviction 18/100  |  signals 5/19
2026-06-18 14:36:22,322 [INFO]   [132]  QAIT      (#279)  $0.02217       7d: -2.8%
2026-06-18 14:36:22,672 [INFO]           → conviction 0/100  |  signals 0/19
2026-06-18 14:36:22,672 [INFO]   [133]  ATH       (#282)  $0.00471       7d: +6.3%
2026-06-18 14:36:23,020 [INFO]           → conviction 0/100  |  signals 0/19
2026-06-18 14:36:23,020 [INFO]   [134]  RIVER     (#284)  $4.70000       7d: -7.8%
2026-06-18 14:36:23,366 [INFO]           → conviction 3/100  |  signals 1/19
2026-06-18 14:36:23,368 [INFO]   [135]  ALLO      (#287)  $0.39035       7d: +1.8%
2026-06-18 14:36:23,723 [INFO]           → conviction 6/100  |  signals 2/19
2026-06-18 14:36:23,723 [INFO]   [136]  SHX       (#289)  $0.00505       7d: +12.8%
2026-06-18 14:36:24,078 [INFO]           → conviction 18/100  |  signals 5/19
2026-06-18 14:36:24,078 [INFO]   [137]  LPT       (#291)  $1.79000       7d: +3.6%
2026-06-18 14:36:24,427 [INFO]           → conviction 14/100  |  signals 3/19
2026-06-18 14:36:24,427 [INFO]   [138]  EGLD      (#294)  $2.90000       7d: +1.5%
2026-06-18 14:36:24,786 [INFO]           → conviction 0/100  |  signals 0/19
2026-06-18 14:36:24,786 [INFO]   [139]  ARKM      (#296)  $0.13159       7d: +7.3%
2026-06-18 14:36:25,132 [INFO]           → conviction 3/100  |  signals 1/19
2026-06-18 14:36:25,132 [INFO]   [140]  UMXM      (#297)  $1.84000       7d: +7.0%
2026-06-18 14:36:25,495 [INFO]           → conviction 12/100  |  signals 4/19
2026-06-18 14:36:25,496 [INFO]   [141]  SNX       (#299)  $0.24767       7d: +1.1%
2026-06-18 14:36:25,850 [INFO]           → conviction 3/100  |  signals 1/19
2026-06-18 14:36:25,850 [INFO]   [142]  ARC       (#302)  $0.08489       7d: +2.4%
2026-06-18 14:36:26,190 [INFO]           → conviction 6/100  |  signals 2/19
2026-06-18 14:36:26,190 [INFO]   [143]  FLUID     (#304)  $1.07400       7d: -3.4%
2026-06-18 14:36:26,529 [INFO]           → conviction 0/100  |  signals 0/19
2026-06-18 14:36:26,534 [INFO]   [144]  WAL       (#306)  $0.03479       7d: +8.4%
2026-06-18 14:36:26,878 [INFO]           → conviction 10/100  |  signals 2/19
2026-06-18 14:36:26,878 [INFO]   [145]  RSR       (#305)  $0.00134       7d: -1.1%
2026-06-18 14:36:27,484 [INFO]           → conviction 5/100  |  signals 1/19
2026-06-18 14:36:27,486 [INFO]   [146]  PROS      (#309)  $0.61129       7d: +13.2%
2026-06-18 14:36:27,496 [WARNING]           → skip PROS: OHLCV data is stale (>8h old or duplicates)
2026-06-18 14:36:27,498 [INFO]   [147]  MUON      (#313)  $1108.27000    7d: +20.4%
2026-06-18 14:36:27,838 [INFO]           → conviction 14/100  |  signals 3/19
2026-06-18 14:36:27,838 [INFO]   [148]  MAGMA     (#312)  $0.42687       7d: +7.3%
2026-06-18 14:36:28,175 [INFO]           → conviction 16/100  |  signals 5/19
2026-06-18 14:36:28,176 [INFO]   [149]  ZEN       (#315)  $4.47000       7d: +3.1%
2026-06-18 14:36:28,519 [INFO]           → conviction 3/100  |  signals 1/19
2026-06-18 14:36:28,519 [INFO]   [150]  QTUM      (#320)  $0.73724       7d: +6.7%
2026-06-18 14:36:28,879 [INFO]           → conviction 6/100  |  signals 2/19
2026-06-18 14:36:28,879 [INFO]   [151]  USELESS   (#324)  $0.07732       7d: +25.9%
2026-06-18 14:36:29,231 [INFO]           → conviction 16/100  |  signals 4/19
2026-06-18 14:36:29,231 [INFO]   [152]  MELANIA   (#325)  $0.08127       7d: +4.9%
2026-06-18 14:36:29,599 [INFO]           → conviction 24/100  |  signals 5/19
2026-06-18 14:36:29,600 [INFO]   [153]  BAS       (#330)  $0.03055       7d: -9.6%
2026-06-18 14:36:29,951 [INFO]           → conviction 10/100  |  signals 3/19
2026-06-18 14:36:29,951 [INFO]   [154]  BIO       (#331)  $0.03547       7d: +15.7%
2026-06-18 14:36:30,531 [INFO]           → conviction 18/100  |  signals 5/19
2026-06-18 14:36:30,533 [INFO]   [155]  DBR       (#334)  $0.01415       7d: -6.6%
2026-06-18 14:36:30,886 [INFO]           → conviction 0/100  |  signals 0/19
2026-06-18 14:36:30,888 [INFO]   [156]  ZRX       (#341)  $0.08753       7d: +1.8%
2026-06-18 14:36:31,244 [INFO]           → conviction 13/100  |  signals 3/19
2026-06-18 14:36:31,246 [INFO]   [157]  ZAMA      (#340)  $0.03343       7d: +7.4%
2026-06-18 14:36:31,657 [INFO]           → conviction 24/100  |  signals 6/19
2026-06-18 14:36:31,661 [INFO]   [158]  AIOZ      (#344)  $0.05877       7d: +5.6%
2026-06-18 14:36:32,101 [INFO]           → conviction 3/100  |  signals 1/19
2026-06-18 14:36:32,102 [INFO]   [159]  Q         (#343)  $0.01801       7d: -0.3%
2026-06-18 14:36:32,569 [INFO]           → conviction 11/100  |  signals 3/19
2026-06-18 14:36:32,571 [INFO]   [160]  ZIG       (#346)  $0.05154       7d: -6.9%
2026-06-18 14:36:32,926 [INFO]           → conviction 8/100  |  signals 1/19
2026-06-18 14:36:32,926 [INFO]   [161]  GAS       (#347)  $1.11000       7d: +0.7%
2026-06-18 14:36:33,276 [INFO]           → conviction 6/100  |  signals 1/19
2026-06-18 14:36:33,276 [INFO]   [162]  CARDS     (#349)  $0.27953       7d: +58.8%
2026-06-18 14:36:33,640 [INFO]           → conviction 17/100  |  signals 4/19
2026-06-18 14:36:33,640 [INFO]   [163]  MAG7.SSI  (#353)  $0.42412       7d: +3.4%
2026-06-18 14:36:33,991 [INFO]           → conviction 0/100  |  signals 0/19
2026-06-18 14:36:33,991 [INFO]   [164]  META      (#354)  $3.12000       7d: +15.8%
2026-06-18 14:36:34,392 [INFO]           → conviction 0/100  |  signals 0/19
2026-06-18 14:36:34,398 [INFO]   [165]  CYS       (#355)  $0.43946       7d: -7.5%
2026-06-18 14:36:34,824 [INFO]           → conviction 3/100  |  signals 1/19
2026-06-18 14:36:34,826 [INFO]   [166]  TROLL     (#358)  $0.06964       7d: +0.1%
2026-06-18 14:36:35,186 [INFO]           → conviction 18/100  |  signals 4/19
2026-06-18 14:36:35,188 [INFO]   [167]  RVN       (#359)  $0.00425       7d: +1.6%
2026-06-18 14:36:35,548 [INFO]           → conviction 6/100  |  signals 1/19
2026-06-18 14:36:35,552 [INFO]   [168]  YFI       (#362)  $1905.52000    7d: +1.7%
2026-06-18 14:36:35,976 [INFO]           → conviction 10/100  |  signals 2/19
2026-06-18 14:36:35,976 [INFO]   [169]  SAFE      (#363)  $0.09046       7d: -1.7%
2026-06-18 14:36:36,336 [INFO]           → conviction 3/100  |  signals 1/19
2026-06-18 14:36:36,336 [INFO]   [170]  KSM       (#367)  $3.66000       7d: +0.4%
2026-06-18 14:36:36,686 [INFO]           → conviction 11/100  |  signals 3/19
2026-06-18 14:36:36,686 [INFO]   [171]  JCT       (#369)  $0.00582       7d: -9.1%
2026-06-18 14:36:37,050 [INFO]           → conviction 10/100  |  signals 2/19
2026-06-18 14:36:37,050 [INFO]   [172]  BERA      (#374)  $0.23807       7d: -5.5%
2026-06-18 14:36:37,472 [INFO]           → conviction 0/100  |  signals 0/19
2026-06-18 14:36:37,472 [INFO]   [173]  METAL     (#371)  $0.12987       7d: -1.4%
2026-06-18 14:36:40,916 [INFO]           → conviction 14/100  |  signals 3/19
2026-06-18 14:36:45,420 [INFO]   [174]  PLUME     (#376)  $0.01141       7d: +11.7%
2026-06-18 14:36:45,778 [INFO]           → conviction 16/100  |  signals 4/19
2026-06-18 14:36:45,778 [INFO]   [175]  ORDI      (#377)  $3.12000       7d: -1.0%
2026-06-18 14:36:46,122 [INFO]           → conviction 6/100  |  signals 1/19
2026-06-18 14:36:46,126 [INFO]   [176]  VELO      (#383)  $0.00362       7d: +7.2%
2026-06-18 14:36:46,495 [INFO]           → conviction 19/100  |  signals 4/19
2026-06-18 14:36:46,496 [INFO]   [177]  TRIA      (#385)  $0.02909       7d: +15.0%
2026-06-18 14:36:46,847 [INFO]           → conviction 14/100  |  signals 4/19
2026-06-18 14:36:46,847 [INFO]   [178]  MHORSE    (#386)  $0.06264       7d: +7.7%
2026-06-18 14:36:47,972 [INFO]           → conviction 17/100  |  signals 4/19
2026-06-18 14:36:47,972 [INFO]   [179]  ZIL       (#388)  $0.00318       7d: +2.3%
2026-06-18 14:36:48,376 [INFO]           → conviction 3/100  |  signals 1/19
2026-06-18 14:36:48,377 [INFO]   [180]  TURBO     (#391)  $0.00089       7d: +2.8%
2026-06-18 14:36:48,720 [INFO]           → conviction 10/100  |  signals 2/19
2026-06-18 14:36:48,722 [INFO]   [181]  DOG       (#393)  $0.00062       7d: +1.2%
2026-06-18 14:36:48,740 [WARNING]           → skip DOG: OHLCV data is stale (>8h old or duplicates)
2026-06-18 14:36:48,740 [INFO]   [182]  IO        (#396)  $0.17392       7d: +0.8%
2026-06-18 14:36:49,086 [INFO]           → conviction 3/100  |  signals 1/19
2026-06-18 14:36:49,091 [INFO]   [183]  TFUEL     (#400)  $0.00824       7d: -1.5%
2026-06-18 14:36:49,441 [INFO]           → conviction 3/100  |  signals 1/19
2026-06-18 14:36:49,441 [INFO]   [184]  LINEA     (#395)  $0.00250       7d: +5.8%
2026-06-18 14:36:49,806 [INFO]           → conviction 3/100  |  signals 1/19
2026-06-18 14:36:49,809 [INFO]   [185]  SUPER     (#398)  $0.09454       7d: +1.9%
2026-06-18 14:36:50,168 [INFO]           → conviction 6/100  |  signals 2/19
2026-06-18 14:36:50,172 [INFO]   [186]  ALCH      (#397)  $0.07090       7d: +17.7%
2026-06-18 14:36:50,519 [INFO]           → conviction 11/100  |  signals 3/19
2026-06-18 14:36:50,521 [INFO]   [187]  0G        (#401)  $0.28305       7d: -2.7%
2026-06-18 14:36:50,886 [INFO]           → conviction 10/100  |  signals 2/19
2026-06-18 14:36:50,886 [INFO]   [188]  GMX       (#402)  $5.76000       7d: +6.3%
2026-06-18 14:36:51,246 [INFO]           → conviction 14/100  |  signals 3/19
2026-06-18 14:36:51,246 [INFO]   [189]  NMR       (#403)  $8.50000       7d: +1.8%
2026-06-18 14:36:51,596 [INFO]           → conviction 10/100  |  signals 2/19
2026-06-18 14:36:51,596 [INFO]   [190]  JELLYJELLY  (#404)  $0.05958       7d: +2.5%
2026-06-18 14:36:51,956 [INFO]           → conviction 21/100  |  signals 5/19
2026-06-18 14:36:51,959 [INFO]   [191]  KNTQ      (#406)  $0.21151       7d: +0.2%
2026-06-18 14:36:52,316 [INFO]           → conviction 0/100  |  signals 0/19
2026-06-18 14:36:52,316 [INFO]   [192]  PURR      (#409)  $0.09865       7d: +16.5%
2026-06-18 14:36:52,706 [INFO]           → conviction 3/100  |  signals 1/19
2026-06-18 14:36:52,709 [INFO]   [193]  MET       (#410)  $0.11067       7d: +7.2%
2026-06-18 14:36:53,060 [INFO]           → conviction 13/100  |  signals 4/19
2026-06-18 14:36:53,061 [INFO]   [194]  W         (#411)  $0.00968       7d: +6.9%
2026-06-18 14:36:53,620 [INFO]           → conviction 10/100  |  signals 3/19
2026-06-18 14:36:53,620 [INFO]   [195]  SPK       (#416)  $0.01845       7d: -8.4%
2026-06-18 14:36:53,992 [INFO]           → conviction 13/100  |  signals 3/19
2026-06-18 14:36:53,992 [INFO]   [196]  SKR       (#418)  $0.00881       7d: -1.4%
2026-06-18 14:36:54,342 [INFO]           → conviction 3/100  |  signals 1/19
2026-06-18 14:36:54,343 [INFO]   [197]  EURI      (#420)  $1.15000       7d: -0.5%
2026-06-18 14:36:54,694 [INFO]           → skip (flatliner: ATR 0.29% / BB 0.42%)
2026-06-18 14:36:54,696 [INFO]   [198]  BABY      (#423)  $0.01518       7d: +2.3%
2026-06-18 14:36:55,048 [INFO]           → conviction 14/100  |  signals 3/19
2026-06-18 14:36:55,048 [INFO]   [199]  TSLAX     (#424)  $397.67000     7d: +2.9%
2026-06-18 14:36:55,402 [INFO]           → conviction 14/100  |  signals 3/19
2026-06-18 14:36:55,402 [INFO]   [200]  HOT       (#426)  $0.00031       7d: -0.3%
2026-06-18 14:36:55,778 [INFO]           → conviction 11/100  |  signals 2/19
2026-06-18 14:36:55,778 [INFO]   [201]  MINA      (#429)  $0.04236       7d: +2.5%
2026-06-18 14:36:56,116 [INFO]           → conviction 0/100  |  signals 0/19
2026-06-18 14:36:56,121 [INFO]   [202]  SOON      (#428)  $0.16079       7d: -4.8%
2026-06-18 14:36:56,500 [INFO]           → conviction 3/100  |  signals 1/19
2026-06-18 14:36:56,502 [INFO]   [203]  QFI       (#430)  $54.51000      7d: -1.3%
2026-06-18 14:36:56,856 [INFO]           → skip (flatliner: ATR 1.00% / BB 0.44%)
2026-06-18 14:36:56,856 [INFO]   [204]  ZETA      (#431)  $0.03726       7d: -0.4%
2026-06-18 14:36:57,221 [INFO]           → conviction 3/100  |  signals 1/19
2026-06-18 14:36:57,221 [INFO]   [205]  DIEM      (#432)  $1447.08000    7d: +9.9%
2026-06-18 14:36:57,572 [INFO]           → conviction 6/100  |  signals 2/19
2026-06-18 14:36:57,572 [INFO]   [206]  TOSHI     (#433)  $0.00013       7d: +3.8%
2026-06-18 14:36:57,921 [INFO]           → conviction 3/100  |  signals 1/19
2026-06-18 14:36:57,921 [INFO]   [207]  CKB       (#435)  $0.00110       7d: -1.4%
2026-06-18 14:36:58,402 [INFO]           → conviction 13/100  |  signals 4/19
2026-06-18 14:36:58,402 [INFO]   [208]  HNT       (#436)  $0.29362       7d: -2.3%
2026-06-18 14:36:58,756 [INFO]           → conviction 3/100  |  signals 1/19
2026-06-18 14:36:58,760 [INFO]   [209]  IDOL      (#439)  $0.02847       7d: -6.6%
2026-06-18 14:36:59,126 [INFO]           → conviction 0/100  |  signals 0/19
2026-06-18 14:36:59,128 [INFO]   [210]  AXL       (#440)  $0.04489       7d: +5.7%
2026-06-18 14:36:59,491 [INFO]           → conviction 16/100  |  signals 4/19
2026-06-18 14:36:59,492 [INFO]   [211]  UP        (#442)  $0.41935       7d: +9.5%
2026-06-18 14:36:59,848 [INFO]           → conviction 23/100  |  signals 6/19
2026-06-18 14:36:59,848 [INFO]   [212]  HOLO      (#446)  $0.07185       7d: +14.7%
2026-06-18 14:37:00,208 [INFO]           → conviction 13/100  |  signals 3/19
2026-06-18 14:37:00,208 [INFO]   [213]  CTC       (#445)  $0.09635       7d: -3.0%
2026-06-18 14:37:01,136 [INFO]           → conviction 10/100  |  signals 3/19
2026-06-18 14:37:01,136 [INFO]   [214]  ROSE      (#448)  $0.00666       7d: +6.5%
2026-06-18 14:37:01,489 [INFO]           → conviction 8/100  |  signals 2/19
2026-06-18 14:37:01,491 [INFO]   [215]  APR       (#449)  $0.21082       7d: +9.6%
2026-06-18 14:37:01,832 [INFO]           → conviction 19/100  |  signals 5/19
2026-06-18 14:37:01,834 [INFO]   [216]  ELF       (#437)  $0.06217       7d: +1.3%
2026-06-18 14:37:01,852 [WARNING]           → skip ELF: OHLCV data is stale (>8h old or duplicates)
2026-06-18 14:37:01,852 [INFO]   [217]  ASTR      (#454)  $0.00583       7d: -6.8%
2026-06-18 14:37:02,406 [INFO]           → conviction 13/100  |  signals 3/19
2026-06-18 14:37:02,407 [INFO]   [218]  FLOW      (#455)  $0.03035       7d: +4.6%
2026-06-18 14:37:02,766 [INFO]           → conviction 10/100  |  signals 3/19
2026-06-18 14:37:02,767 [INFO]   [219]  KAVA      (#456)  $0.04677       7d: +9.0%
2026-06-18 14:37:03,108 [INFO]           → conviction 13/100  |  signals 3/19
2026-06-18 14:37:03,108 [INFO]   [220]  POLYX     (#457)  $0.03921       7d: +4.4%
2026-06-18 14:37:03,451 [INFO]           → conviction 5/100  |  signals 1/19
2026-06-18 14:37:03,451 [INFO]   [221]  SUSHI     (#458)  $0.18496       7d: +5.6%
2026-06-18 14:37:03,804 [INFO]           → conviction 6/100  |  signals 2/19
2026-06-18 14:37:03,806 [INFO]   [222]  BARD      (#460)  $0.15553       7d: +2.7%
2026-06-18 14:37:04,190 [INFO]           → conviction 13/100  |  signals 3/19
2026-06-18 14:37:04,193 [INFO]   [223]  SQD       (#461)  $0.04623       7d: +28.9%
2026-06-18 14:37:04,544 [INFO]           → conviction 21/100  |  signals 6/19
2026-06-18 14:37:04,546 [INFO]   [224]  XNO       (#472)  $0.37016       7d: -2.9%
2026-06-18 14:37:04,888 [INFO]           → conviction 3/100  |  signals 1/19
2026-06-18 14:37:04,890 [INFO]   [225]  XYO       (#467)  $0.00351       7d: -0.7%
2026-06-18 14:37:05,353 [INFO]           → conviction 8/100  |  signals 2/19
2026-06-18 14:37:05,357 [INFO]   [226]  PEAQ      (#470)  $0.02170       7d: -2.6%
2026-06-18 14:37:05,724 [INFO]           → conviction 18/100  |  signals 4/19
2026-06-18 14:37:05,726 [INFO]   [227]  RON       (#473)  $0.06266       7d: +8.0%
2026-06-18 14:37:06,091 [INFO]           → conviction 8/100  |  signals 3/19
2026-06-18 14:37:06,091 [INFO]   [228]  OPEN      (#474)  $0.22371       7d: +2.8%
2026-06-18 14:37:06,435 [INFO]           → conviction 3/100  |  signals 1/19
2026-06-18 14:37:06,436 [INFO]   [229]  UPUMP     (#476)  $0.00148       7d: +4.0%
2026-06-18 14:37:06,783 [INFO]           → conviction 16/100  |  signals 4/19
2026-06-18 14:37:06,783 [INFO]   [230]  MOVE      (#477)  $0.01187       7d: -5.8%
2026-06-18 14:37:07,121 [INFO]           → conviction 14/100  |  signals 3/19
2026-06-18 14:37:07,123 [INFO]   [231]  DGB       (#480)  $0.00258       7d: +5.5%
2026-06-18 14:37:07,476 [INFO]           → conviction 0/100  |  signals 0/19
2026-06-18 14:37:07,476 [INFO]   [232]  AIX       (#481)  $0.46611       7d: +5.8%
2026-06-18 14:37:07,850 [INFO]           → conviction 17/100  |  signals 4/19
2026-06-18 14:37:07,850 [INFO]   [233]  SN51      (#483)  $11.30000      7d: +15.1%
2026-06-18 14:37:08,206 [INFO]           → conviction 8/100  |  signals 3/19
2026-06-18 14:37:08,206 [INFO]   [234]  AZTEC     (#484)  $0.01576       7d: -1.1%
2026-06-18 14:37:08,552 [INFO]           → conviction 3/100  |  signals 1/19
2026-06-18 14:37:08,554 [INFO]   [235]  AMP       (#486)  $0.00053       7d: +0.9%
2026-06-18 14:37:08,936 [INFO]           → conviction 16/100  |  signals 4/19
2026-06-18 14:37:08,936 [INFO]   [236]  ZCHF      (#490)  $1.25000       7d: -0.5%
2026-06-18 14:37:12,518 [INFO]           → skip (flatliner: ATR 0.08% / BB 0.35%)
2026-06-18 14:37:17,021 [INFO]   [237]  ROBO      (#487)  $0.02064       7d: -1.8%
2026-06-18 14:37:17,366 [INFO]           → conviction 19/100  |  signals 5/19
2026-06-18 14:37:17,370 [INFO]   [238]  ONT       (#491)  $0.04591       7d: -1.8%
2026-06-18 14:37:17,716 [INFO]           → conviction 6/100  |  signals 1/19
2026-06-18 14:37:17,716 [INFO]   [239]  BNKR      (#496)  $0.00045       7d: +0.7%
2026-06-18 14:37:18,076 [INFO]           → conviction 3/100  |  signals 1/19
2026-06-18 14:37:18,076 [INFO]   [240]  XVS       (#497)  $2.67000       7d: +6.3%
2026-06-18 14:37:18,666 [INFO]           → conviction 21/100  |  signals 5/19
2026-06-18 14:37:18,666 [INFO]   [241]  ICNT      (#498)  $0.17768       7d: -4.3%
2026-06-18 14:37:19,024 [INFO]           → conviction 21/100  |  signals 4/19
2026-06-18 14:37:19,026 [INFO]   [242]  CROSS     (#500)  $0.10146       7d: +18.8%
2026-06-18 14:37:19,659 [INFO]           → conviction 29/100  |  signals 5/19
2026-06-18 14:37:19,670 [INFO] 
[5/5] Building trade plan report...
2026-06-18 14:37:19,670 [INFO]   Raw candidates found: 0
2026-06-18 14:37:19,673 [INFO] [5/5] Checking major leverage opportunities (BTC/ETH/SOL)...
2026-06-18 14:37:19,673 [INFO]   Major leverage: 0 opportunity(s) found
2026-06-18 14:37:19,674 [INFO] 
================================================================================
  CRYPTO SPOT SCANNER — TRADE PLAN REPORT
  Generated: 2026-06-18 14:37:19
================================================================================

MARKET CONTEXT
----------------------------------------
  BTC Price    :  $   64,140.50
  BTC 7-day    :     +2.25%
  BTC 24-hour  :     -2.39%
  ETH 7-day    :     +5.91%
  BTC Dominance:      56.1%
  Regime       :  🟡 SIDEWAYS

  🟡 SIDEWAYS — Thresholds tightened for safety:
     Full entry: Conviction ≥ 60  |  Max position 6.0%  |  Stops 1.0× ATR
     Exception entry: Conviction ≥ 50  |  Max position 3.0%  (6+ signals required)
     Missing a trade is better than losing capital in chop.

ACCOUNT
----------------------------------------
  Balance       : $   96,313.06 USDT
  Risk / trade  : 1.5%  ($1,445 USDT per trade)
  Max positions : 8
  Max heat      : 12.0%

================================================================================
  NO QUALIFYING SETUPS FOUND

  All scanned tokens failed to meet the minimum conviction threshold.
  This means market conditions are not favorable right now.

  RECOMMENDATION: Stay in USDT. Wait for the next scan.
  Patience is a trading edge. Forcing trades loses money.
================================================================================

WATCHLIST  — tokens building momentum, not ready to enter yet
----------------------------------------
  ⏳ = needs 1 more confirmation scan  |  ↗ = conviction rising  |  ↘ = fading
  Monitor all. Enter only after a fresh scan confirms conviction ≥ threshold.

  #     SYMBOL     RANK         PRICE      7d%   CONV  SIGS  TREND  KEY SIGNALS
  ----  ---------  ----  ------------  -------  -----  ----  -----  ----------------------------
  1     🔹IP        #258  $0.30406         +5.1%    31     7      →  funding_neg, bb_squeeze, higher_lows +4
  2     🔹CROSS     #500  $0.10146        +18.8%    29     5      →  whale_candles, higher_lows, rs_vs_btc +2
  3     🔹币安人生      # 81  $0.71751         +0.6%    27     5      →  whale_candles, rs_vs_btc, rs_acceleration +2

--------------------------------------------------------------------------------
2026-06-18 14:37:19,682 [INFO] 
  Report  → C:\Users\bruno\OneDrive\Ambiente de Trabalho\Workspace\crypto scanner\crypto-scanner\outputs\scanner-results\spot_trade_plan_LATEST.txt
2026-06-18 14:37:19,682 [INFO]   JSON    → C:\Users\bruno\OneDrive\Ambiente de Trabalho\Workspace\crypto scanner\crypto-scanner\outputs\scanner-results\spot_trade_plan_LATEST.json
2026-06-18 14:37:19,686 [INFO]   Log     → C:\Users\bruno\OneDrive\Ambiente de Trabalho\Workspace\crypto scanner\crypto-scanner\outputs\logs\orchestrator_20260618.log
2026-06-18 14:37:19,687 [INFO] 
  Done.  0 high-conviction setup(s) found.
2026-06-18 16:27:12,434 [INFO]   Live Bybit balance: 96,313.06 USDT
2026-06-18 16:27:12,447 [INFO] 
2026-06-18 16:27:12,447 [INFO] ================================================================================
2026-06-18 16:27:12,447 [INFO]   CRYPTO MASTER ORCHESTRATOR v2.1
2026-06-18 16:27:12,449 [INFO]   18-signal engine | funding rate | corr filter | volume source tagging
2026-06-18 16:27:12,449 [INFO] ================================================================================
2026-06-18 16:27:12,450 [INFO]   Account: $96,313.06 USDT  |  Risk/trade: 1.5%  |  Max positions: 8
2026-06-18 16:27:12,450 [INFO] 
2026-06-18 16:27:12,455 [INFO] [1/5] Analyzing market regime...
2026-06-18 16:27:12,459 [INFO] Fetching market context (Bybit klines primary)...
2026-06-18 16:27:14,364 [INFO]   [Bybit] BTC: $63,358 | 7d: +1.0%  ETH 7d: +4.9%  Dominance: 55.9% | Regime: 🟡 SIDEWAYS
2026-06-18 16:27:14,365 [INFO]   🟡 SIDEWAYS — conviction raised to 60, max position capped at 6.0%, stops tightened to 1.0× ATR
2026-06-18 16:27:14,366 [WARNING]   ⚠️  BTC dropping -3.6% today — conviction threshold raised by +5 to 65
2026-06-18 16:27:14,369 [INFO] [2/5] Fetching BTC historical data...
2026-06-18 16:27:14,394 [INFO]   BTC data: OK
2026-06-18 16:27:18,895 [INFO] [3/5] Fetching top 500 coins...
2026-06-18 16:27:18,905 [INFO] Fetching top 500 coins by market cap...
2026-06-18 16:27:21,803 [INFO]   Fetched 500 coins
2026-06-18 16:27:21,816 [INFO]   Fetched 500 coins
2026-06-18 16:27:21,818 [INFO] [4/5] Scanning for high-conviction setups...
2026-06-18 16:27:21,819 [INFO]   Filters: Rank 20–500  |  Vol ≥ $500,000  |  Min conviction: 65
2026-06-18 16:27:21,820 [INFO] 
2026-06-18 16:27:21,832 [INFO]   [  1]  ADA       (# 20)  $0.16266       7d: -1.8%
2026-06-18 16:27:22,908 [INFO]           → conviction 18/100  |  signals 3/19
2026-06-18 16:27:22,909 [INFO]   [  2]  LINK      (# 21)  $7.93000       7d: +1.9%
2026-06-18 16:27:23,225 [INFO]           → conviction 10/100  |  signals 2/19
2026-06-18 16:27:23,227 [INFO]   [  3]  BCH       (# 27)  $203.34000     7d: +1.2%
2026-06-18 16:27:23,537 [INFO]           → conviction 13/100  |  signals 3/19
2026-06-18 16:27:23,539 [INFO]   [  4]  M         (# 28)  $2.92000       7d: +0.9%
2026-06-18 16:27:23,841 [INFO]           → conviction 3/100  |  signals 1/19
2026-06-18 16:27:23,844 [INFO]   [  5]  HBAR      (# 29)  $0.07946       7d: +1.1%
2026-06-18 16:27:24,372 [INFO]           → conviction 10/100  |  signals 2/19
2026-06-18 16:27:24,374 [INFO]   [  6]  LTC       (# 30)  $43.60000      7d: +2.7%
2026-06-18 16:27:24,732 [INFO]           → conviction 10/100  |  signals 2/19
2026-06-18 16:27:24,733 [INFO]   [  7]  USYC      (# 31)  $1.13000       7d: +0.0%
2026-06-18 16:27:24,754 [WARNING]           → skip USYC: OHLCV data is stale (>8h old or duplicates)
2026-06-18 16:27:24,755 [INFO]   [  8]  SUI       (# 32)  $0.73083       7d: -2.7%
2026-06-18 16:27:25,051 [INFO]           → conviction 10/100  |  signals 2/19
2026-06-18 16:27:25,052 [INFO]   [  9]  NEAR      (# 33)  $2.25000       7d: +10.8%
2026-06-18 16:27:25,355 [INFO]           → conviction 21/100  |  signals 4/19
2026-06-18 16:27:25,356 [INFO]   [ 10]  AVAX      (# 36)  $6.37000       7d: -3.1%
2026-06-18 16:27:25,660 [INFO]           → conviction 10/100  |  signals 2/19
2026-06-18 16:27:25,661 [INFO]   [ 11]  CRO       (# 38)  $0.05839       7d: -2.4%
2026-06-18 16:27:25,974 [INFO]           → conviction 8/100  |  signals 1/19
2026-06-18 16:27:25,974 [INFO]   [ 12]  TAO       (# 41)  $237.63000     7d: +13.7%
2026-06-18 16:27:26,291 [INFO]           → conviction 6/100  |  signals 2/19
2026-06-18 16:27:26,293 [INFO]   [ 13]  USDY      (# 42)  $1.14000       7d: +0.5%
2026-06-18 16:27:26,604 [INFO]           → conviction 10/100  |  signals 2/19
2026-06-18 16:27:26,605 [INFO]   [ 14]  WLD       (# 43)  $0.62369       7d: +28.6%
2026-06-18 16:27:26,935 [INFO]           → conviction 13/100  |  signals 3/19
2026-06-18 16:27:26,937 [INFO]   [ 15]  WLFI      (# 46)  $0.05940       7d: +0.9%
2026-06-18 16:27:27,257 [INFO]           → conviction 13/100  |  signals 3/19
2026-06-18 16:27:27,257 [INFO]   [ 16]  ONDO      (# 47)  $0.36841       7d: +4.0%
2026-06-18 16:27:27,557 [INFO]           → conviction 8/100  |  signals 2/19
2026-06-18 16:27:27,557 [INFO]   [ 17]  MNT       (# 49)  $0.53158       7d: -1.1%
2026-06-18 16:27:27,979 [INFO]           → conviction 3/100  |  signals 1/19
2026-06-18 16:27:27,982 [INFO]   [ 18]  DOT       (# 51)  $0.96446       7d: +1.6%
2026-06-18 16:27:28,297 [INFO]           → conviction 10/100  |  signals 2/19
2026-06-18 16:27:28,297 [INFO]   [ 19]  OKB       (# 53)  $72.60000      7d: +2.1%
2026-06-18 16:27:28,598 [INFO]           → conviction 3/100  |  signals 1/19
2026-06-18 16:27:28,598 [INFO]   [ 20]  PI        (# 55)  $0.13017       7d: +3.5%
2026-06-18 16:27:28,897 [INFO]           → conviction 0/100  |  signals 0/19
2026-06-18 16:27:28,898 [INFO]   [ 21]  SKY       (# 57)  $0.05692       7d: -1.1%
2026-06-18 16:27:29,197 [INFO]           → conviction 18/100  |  signals 4/19
2026-06-18 16:27:29,197 [INFO]   [ 22]  ICP       (# 60)  $2.26000       7d: +0.7%
2026-06-18 16:27:29,495 [INFO]           → conviction 3/100  |  signals 1/19
2026-06-18 16:27:29,495 [INFO]   [ 23]  BGB       (# 61)  $1.79000       7d: +1.0%
2026-06-18 16:27:29,864 [INFO]           → conviction 0/100  |  signals 0/19
2026-06-18 16:27:29,864 [INFO]   [ 24]  ETC       (# 63)  $7.11000       7d: -0.4%
2026-06-18 16:27:30,306 [INFO]           → conviction 3/100  |  signals 1/19
2026-06-18 16:27:30,310 [INFO]   [ 25]  QNT       (# 66)  $69.14000      7d: +6.3%
2026-06-18 16:27:30,766 [INFO]           → conviction 18/100  |  signals 4/19
2026-06-18 16:27:30,767 [INFO]   [ 26]  KCS       (# 69)  $7.20000       7d: +7.9%
2026-06-18 16:27:31,114 [INFO]           → conviction 14/100  |  signals 4/19
2026-06-18 16:27:31,114 [INFO]   [ 27]  ATOM      (# 70)  $1.82000       7d: -5.9%
2026-06-18 16:27:31,464 [INFO]           → conviction 6/100  |  signals 1/19
2026-06-18 16:27:31,466 [INFO]   [ 28]  ALGO      (# 73)  $0.09901       7d: +12.7%
2026-06-18 16:27:31,768 [INFO]           → conviction 16/100  |  signals 5/19
2026-06-18 16:27:31,768 [INFO]   [ 29]  RENDER    (# 74)  $1.69000       7d: +8.2%
2026-06-18 16:27:32,081 [INFO]           → conviction 14/100  |  signals 3/19
2026-06-18 16:27:32,089 [INFO]   [ 30]  ENA       (# 75)  $0.09302       7d: +22.2%
2026-06-18 16:27:32,417 [INFO]           → conviction 18/100  |  signals 5/19
2026-06-18 16:27:32,419 [INFO]   [ 31]  KAS       (# 77)  $0.03043       7d: -0.4%
2026-06-18 16:27:32,749 [INFO]           → conviction 3/100  |  signals 1/19
2026-06-18 16:27:32,750 [INFO]   [ 32]  POL       (# 78)  $0.07681       7d: +5.3%
2026-06-18 16:27:33,055 [INFO]           → conviction 13/100  |  signals 3/19
2026-06-18 16:27:33,056 [INFO]   [ 33]  NEXO      (# 79)  $0.80005       7d: -0.6%
2026-06-18 16:27:33,429 [INFO]           → conviction 10/100  |  signals 3/19
2026-06-18 16:27:33,430 [INFO]   [ 34]  STABLE    (# 80)  $0.03339       7d: -1.8%
2026-06-18 16:27:33,818 [INFO]           → conviction 18/100  |  signals 3/19
2026-06-18 16:27:33,819 [INFO]   [ 35]  VVV       (# 82)  $14.98000      7d: +11.2%
2026-06-18 16:27:34,124 [INFO]           → conviction 13/100  |  signals 3/19
2026-06-18 16:27:34,124 [INFO]   [ 36]  GT        (# 83)  $6.57000       7d: +2.3%
2026-06-18 16:27:34,596 [INFO]           → conviction 0/100  |  signals 0/19
2026-06-18 16:27:34,599 [INFO]   [ 37]  JST       (# 84)  $0.08074       7d: +7.2%
2026-06-18 16:27:34,964 [INFO]           → conviction 14/100  |  signals 4/19
2026-06-18 16:27:34,966 [INFO]   [ 38]  FLR       (# 88)  $0.00737       7d: +6.3%
2026-06-18 16:27:35,280 [INFO]           → conviction 11/100  |  signals 2/19
2026-06-18 16:27:35,280 [INFO]   [ 39]  BDX       (# 87)  $0.08157       7d: +3.2%
2026-06-18 16:27:35,604 [INFO]           → conviction 14/100  |  signals 3/19
2026-06-18 16:27:35,605 [INFO]   [ 40]  FIL       (# 89)  $0.78241       7d: +4.0%
2026-06-18 16:27:35,916 [INFO]           → conviction 24/100  |  signals 5/19
2026-06-18 16:27:35,918 [INFO]   [ 41]  APT       (# 98)  $0.63706       7d: -0.0%
2026-06-18 16:27:36,248 [INFO]           → conviction 10/100  |  signals 2/19
2026-06-18 16:27:36,248 [INFO]   [ 42]  INJ       (# 99)  $5.19000       7d: -0.1%
2026-06-18 16:27:36,562 [INFO]           → conviction 10/100  |  signals 2/19
2026-06-18 16:27:36,564 [INFO]   [ 43]  PUMP      (#101)  $0.00145       7d: +1.1%
2026-06-18 16:27:36,916 [INFO]           → conviction 14/100  |  signals 3/19
2026-06-18 16:27:36,917 [INFO]   [ 44]  ADI       (#105)  $3.93000       7d: +5.5%
2026-06-18 16:27:37,221 [INFO]           → conviction 8/100  |  signals 3/19
2026-06-18 16:27:37,221 [INFO]   [ 45]  DASH      (#108)  $35.67000      7d: +2.4%
2026-06-18 16:27:37,550 [INFO]           → conviction 3/100  |  signals 1/19
2026-06-18 16:27:37,551 [INFO]   [ 46]  H         (#109)  $0.24480       7d: +46.9%
2026-06-18 16:27:37,856 [INFO]           → conviction 19/100  |  signals 5/19
2026-06-18 16:27:37,857 [INFO]   [ 47]  FET       (#110)  $0.19457       7d: +4.8%
2026-06-18 16:27:38,160 [INFO]           → conviction 3/100  |  signals 1/19
2026-06-18 16:27:38,160 [INFO]   [ 48]  TRUMP     (#111)  $1.84000       7d: +7.2%
2026-06-18 16:27:38,578 [INFO]           → conviction 16/100  |  signals 4/19
2026-06-18 16:27:38,583 [INFO]   [ 49]  CAKE      (#112)  $1.34000       7d: +2.7%
2026-06-18 16:27:38,926 [INFO]           → conviction 10/100  |  signals 2/19
2026-06-18 16:27:38,930 [INFO]   [ 50]  KITE      (#114)  $0.18436       7d: +0.0%
2026-06-18 16:27:39,312 [INFO]           → conviction 14/100  |  signals 3/19
2026-06-18 16:27:39,314 [INFO]   [ 51]  AERO      (#115)  $0.44077       7d: +28.6%
2026-06-18 16:27:39,686 [INFO]           → conviction 13/100  |  signals 4/19
2026-06-18 16:27:39,686 [INFO]   [ 52]  PENGU     (#117)  $0.00668       7d: -0.1%
2026-06-18 16:27:40,002 [INFO]           → conviction 10/100  |  signals 2/19
2026-06-18 16:27:40,003 [INFO]   [ 53]  VET       (#116)  $0.00488       7d: +1.5%
2026-06-18 16:27:40,318 [INFO]           → conviction 10/100  |  signals 2/19
2026-06-18 16:27:40,319 [INFO]   [ 54]  LIT       (#118)  $1.61000       7d: +7.8%
2026-06-18 16:27:40,651 [INFO]           → conviction 3/100  |  signals 1/19
2026-06-18 16:27:40,654 [INFO]   [ 55]  VIRTUAL   (#122)  $0.59069       7d: +3.1%
2026-06-18 16:27:40,968 [INFO]           → conviction 10/100  |  signals 2/19
2026-06-18 16:27:40,969 [INFO]   [ 56]  TIA       (#125)  $0.38303       7d: +17.8%
2026-06-18 16:27:41,280 [INFO]           → conviction 10/100  |  signals 3/19
2026-06-18 16:27:41,281 [INFO]   [ 57]  SKYAI     (#128)  $0.34213       7d: +50.8%
2026-06-18 16:27:41,599 [INFO]           → conviction 11/100  |  signals 2/19
2026-06-18 16:27:41,599 [INFO]   [ 58]  JTO       (#129)  $0.70797       7d: +26.1%
2026-06-18 16:27:41,964 [INFO]           → conviction 6/100  |  signals 2/19
2026-06-18 16:27:41,969 [INFO]   [ 59]  STX       (#130)  $0.18371       7d: -0.3%
2026-06-18 16:27:42,320 [INFO]           → conviction 10/100  |  signals 2/19
2026-06-18 16:27:42,327 [INFO]   [ 60]  SUN       (#133)  $0.01700       7d: -0.2%
2026-06-18 16:27:42,697 [INFO]           → conviction 10/100  |  signals 3/19
2026-06-18 16:27:42,698 [INFO]   [ 61]  PYTH      (#136)  $0.03714       7d: +2.5%
2026-06-18 16:27:43,118 [INFO]           → conviction 3/100  |  signals 1/19
2026-06-18 16:27:43,119 [INFO]   [ 62]  UB        (#137)  $0.11191       7d: -4.9%
2026-06-18 16:27:43,467 [INFO]           → conviction 23/100  |  signals 4/19
2026-06-18 16:27:43,468 [INFO]   [ 63]  GNO       (#138)  $104.81000     7d: +9.3%
2026-06-18 16:27:43,533 [WARNING]           → skip GNO: OHLCV data is stale (>8h old or duplicates)
2026-06-18 16:27:43,533 [INFO]   [ 64]  XTZ       (#142)  $0.23340       7d: -0.5%
2026-06-18 16:27:43,848 [INFO]           → conviction 13/100  |  signals 3/19
2026-06-18 16:27:43,848 [INFO]   [ 65]  CFX       (#145)  $0.04804       7d: +8.7%
2026-06-18 16:27:44,177 [INFO]           → conviction 23/100  |  signals 6/19
2026-06-18 16:27:44,178 [INFO]   [ 66]  ZBCN      (#144)  $0.00256       7d: -0.1%
2026-06-18 16:27:44,496 [INFO]           → conviction 14/100  |  signals 3/19
2026-06-18 16:27:44,496 [INFO]   [ 67]  KAG       (#146)  $66.34000      7d: +3.7%
2026-06-18 16:27:44,798 [INFO]           → conviction 2/100  |  signals 1/19
2026-06-18 16:27:44,798 [INFO]   [ 68]  ZRO       (#150)  $0.98694       7d: +10.4%
2026-06-18 16:27:45,121 [INFO]           → conviction 13/100  |  signals 3/19
2026-06-18 16:27:45,121 [INFO]   [ 69]  2Z        (#149)  $0.07171       7d: +3.0%
2026-06-18 16:27:45,424 [INFO]           → conviction 21/100  |  signals 5/19
2026-06-18 16:27:45,424 [INFO]   [ 70]  MON       (#148)  $0.02103       7d: -3.8%
2026-06-18 16:27:45,735 [INFO]           → conviction 13/100  |  signals 3/19
2026-06-18 16:27:45,735 [INFO]   [ 71]  GRASS     (#151)  $0.40260       7d: +13.0%
2026-06-18 16:27:46,038 [INFO]           → conviction 10/100  |  signals 3/19
2026-06-18 16:27:46,038 [INFO]   [ 72]  JASMY     (#153)  $0.00484       7d: +3.5%
2026-06-18 16:27:46,372 [INFO]           → conviction 3/100  |  signals 1/19
2026-06-18 16:27:46,377 [INFO]   [ 73]  BSV       (#157)  $11.73000      7d: +1.8%
2026-06-18 16:27:46,755 [INFO]           → conviction 0/100  |  signals 0/19
2026-06-18 16:27:46,755 [INFO]   [ 74]  LDO       (#158)  $0.27624       7d: +4.8%
2026-06-18 16:27:47,163 [INFO]           → conviction 18/100  |  signals 4/19
2026-06-18 16:27:47,164 [INFO]   [ 75]  OP        (#159)  $0.10714       7d: +13.7%
2026-06-18 16:27:47,503 [INFO]           → conviction 23/100  |  signals 5/19
2026-06-18 16:27:47,504 [INFO]   [ 76]  TEL       (#160)  $0.00241       7d: -2.0%
2026-06-18 16:27:47,831 [INFO]           → conviction 0/100  |  signals 0/19
2026-06-18 16:27:47,833 [INFO]   [ 77]  STRK      (#164)  $0.03411       7d: -1.1%
2026-06-18 16:27:48,176 [INFO]           → conviction 3/100  |  signals 1/19
2026-06-18 16:27:48,177 [INFO]   [ 78]  B         (#165)  $0.22121       7d: -7.1%
2026-06-18 16:27:48,499 [INFO]           → conviction 3/100  |  signals 1/19
2026-06-18 16:27:48,500 [INFO]   [ 79]  KAIA      (#167)  $0.03723       7d: +2.6%
2026-06-18 16:27:48,848 [INFO]           → conviction 18/100  |  signals 4/19
2026-06-18 16:27:48,849 [INFO]   [ 80]  ENS       (#170)  $5.25000       7d: +11.3%
2026-06-18 16:27:49,231 [INFO]           → conviction 16/100  |  signals 4/19
2026-06-18 16:27:49,234 [INFO]   [ 81]  AKT       (#171)  $0.72445       7d: +18.1%
2026-06-18 16:27:49,562 [INFO]           → conviction 6/100  |  signals 2/19
2026-06-18 16:27:49,563 [INFO]   [ 82]  FF        (#172)  $0.07358       7d: -4.2%
2026-06-18 16:27:49,906 [INFO]           → conviction 6/100  |  signals 2/19
2026-06-18 16:27:49,907 [INFO]   [ 83]  IOTA      (#173)  $0.04631       7d: +2.0%
2026-06-18 16:27:50,269 [INFO]           → conviction 6/100  |  signals 2/19
2026-06-18 16:27:50,269 [INFO]   [ 84]  GRT       (#174)  $0.01908       7d: -1.1%
2026-06-18 16:27:50,582 [INFO]           → conviction 10/100  |  signals 2/19
2026-06-18 16:27:50,583 [INFO]   [ 85]  DCR       (#176)  $11.82000      7d: -2.9%
2026-06-18 16:27:50,920 [INFO]           → conviction 3/100  |  signals 1/19
2026-06-18 16:27:50,922 [INFO]   [ 86]  REAL      (#178)  $0.06057       7d: +4.9%
2026-06-18 16:27:51,247 [INFO]           → conviction 6/100  |  signals 2/19
2026-06-18 16:27:51,248 [INFO]   [ 87]  PIEVERSE  (#180)  $0.68765       7d: +17.9%
2026-06-18 16:27:51,622 [INFO]           → conviction 23/100  |  signals 6/19
2026-06-18 16:27:51,627 [INFO]   [ 88]  ULTIMA    (#184)  $2145.02000    7d: -5.6%
2026-06-18 16:27:52,033 [INFO]           → conviction 6/100  |  signals 2/19
2026-06-18 16:27:52,033 [INFO]   [ 89]  BTSE      (#185)  $1.08900       7d: +0.9%
2026-06-18 16:27:52,426 [INFO]           → conviction 0/100  |  signals 0/19
2026-06-18 16:27:52,427 [INFO]   [ 90]  COMP      (#189)  $17.45000      7d: -1.9%
2026-06-18 16:27:52,805 [INFO]           → conviction 14/100  |  signals 3/19
2026-06-18 16:27:52,806 [INFO]   [ 91]  AXS       (#191)  $0.95115       7d: +2.1%
2026-06-18 16:27:53,133 [INFO]           → conviction 3/100  |  signals 1/19
2026-06-18 16:27:53,134 [INFO]   [ 92]  MX        (#193)  $1.78000       7d: +2.6%
2026-06-18 16:27:53,468 [INFO]           → conviction 6/100  |  signals 2/19
2026-06-18 16:27:53,468 [INFO]   [ 93]  TWT       (#195)  $0.38987       7d: +1.7%
2026-06-18 16:27:53,839 [INFO]           → conviction 8/100  |  signals 2/19
2026-06-18 16:27:53,839 [INFO]   [ 94]  RAY       (#197)  $0.59598       7d: +3.1%
2026-06-18 16:27:54,190 [INFO]           → conviction 6/100  |  signals 2/19
2026-06-18 16:27:54,190 [INFO]   [ 95]  BILL      (#198)  $0.06533       7d: +1.8%
2026-06-18 16:27:54,528 [INFO]           → conviction 6/100  |  signals 2/19
2026-06-18 16:27:54,536 [INFO]   [ 96]  TRAC      (#203)  $0.34730       7d: +0.2%
2026-06-18 16:27:54,863 [INFO]           → conviction 11/100  |  signals 4/19
2026-06-18 16:27:54,865 [INFO]   [ 97]  NEO       (#205)  $2.19000       7d: +1.0%
2026-06-18 16:27:55,165 [INFO]           → conviction 14/100  |  signals 3/19
2026-06-18 16:27:55,165 [INFO]   [ 98]  EIGEN     (#206)  $0.20854       7d: +17.9%
2026-06-18 16:27:55,465 [INFO]           → conviction 10/100  |  signals 3/19
2026-06-18 16:27:55,466 [INFO]   [ 99]  THETA     (#208)  $0.15269       7d: -2.6%
2026-06-18 16:27:55,775 [INFO]           → conviction 3/100  |  signals 1/19
2026-06-18 16:27:55,775 [INFO]   [100]  ZANO      (#211)  $9.59000       7d: +7.6%
2026-06-18 16:27:56,096 [INFO]           → conviction 17/100  |  signals 4/19
2026-06-18 16:27:56,096 [INFO]   [101]  SAND      (#215)  $0.05153       7d: -1.4%
2026-06-18 16:27:56,418 [INFO]           → conviction 13/100  |  signals 3/19
2026-06-18 16:27:56,420 [INFO]   [102]  EURCV     (#216)  $1.15000       7d: -0.4%
2026-06-18 16:27:56,733 [INFO]           → skip (flatliner: ATR 0.09% / BB 0.38%)
2026-06-18 16:27:56,734 [INFO]   [103]  BAT       (#217)  $0.08986       7d: -2.1%
2026-06-18 16:27:57,418 [INFO]           → conviction 14/100  |  signals 3/19
2026-06-18 16:27:57,422 [INFO]   [104]  MANA      (#222)  $0.06685       7d: -1.0%
2026-06-18 16:27:57,738 [INFO]           → conviction 6/100  |  signals 2/19
2026-06-18 16:27:57,740 [INFO]   [105]  AR        (#223)  $1.94000       7d: +3.9%
2026-06-18 16:27:58,081 [INFO]           → conviction 3/100  |  signals 1/19
2026-06-18 16:27:58,082 [INFO]   [106]  FARTCOIN  (#225)  $0.12698       7d: +9.5%
2026-06-18 16:27:58,400 [INFO]           → conviction 3/100  |  signals 1/19
2026-06-18 16:27:58,401 [INFO]   [107]  SHFL      (#227)  $0.29676       7d: -3.3%
2026-06-18 16:27:58,705 [INFO]           → conviction 8/100  |  signals 3/19
2026-06-18 16:27:58,705 [INFO]   [108]  GALA      (#229)  $0.00259       7d: -4.0%
2026-06-18 16:27:59,010 [INFO]           → conviction 3/100  |  signals 1/19
2026-06-18 16:27:59,010 [INFO]   [109]  TIBBIR    (#231)  $0.12315       7d: +13.6%
2026-06-18 16:27:59,325 [INFO]           → conviction 6/100  |  signals 2/19
2026-06-18 16:27:59,325 [INFO]   [110]  THBILL    (#233)  $1.00700       7d: -1.8%
2026-06-18 16:27:59,631 [INFO]           → skip (flatliner: ATR 0.29% / BB 0.44%)
2026-06-18 16:27:59,631 [INFO]   [111]  S         (#234)  $0.03152       7d: +3.6%
2026-06-18 16:27:59,969 [INFO]           → conviction 0/100  |  signals 0/19
2026-06-18 16:27:59,970 [INFO]   [112]  IMX       (#237)  $0.14015       7d: -0.6%
2026-06-18 16:28:00,334 [INFO]           → conviction 10/100  |  signals 2/19
2026-06-18 16:28:00,335 [INFO]   [113]  SFP       (#238)  $0.23393       7d: -5.2%
2026-06-18 16:28:00,662 [INFO]           → conviction 0/100  |  signals 0/19
2026-06-18 16:28:00,662 [INFO]   [114]  CVX       (#241)  $1.27000       7d: -5.5%
2026-06-18 16:28:00,996 [INFO]           → conviction 3/100  |  signals 1/19
2026-06-18 16:28:00,996 [INFO]   [115]  KAITO     (#243)  $0.47681       7d: +14.0%
2026-06-18 16:28:01,296 [INFO]           → conviction 21/100  |  signals 4/19
2026-06-18 16:28:01,296 [INFO]   [116]  SENT      (#242)  $0.01589       7d: +4.9%
2026-06-18 16:28:01,608 [INFO]           → conviction 11/100  |  signals 3/19
2026-06-18 16:28:01,608 [INFO]   [117]  A         (#248)  $0.06873       7d: -1.0%
2026-06-18 16:28:01,924 [INFO]           → conviction 6/100  |  signals 2/19
2026-06-18 16:28:01,925 [INFO]   [118]  ZK        (#249)  $0.01148       7d: +0.7%
2026-06-18 16:28:02,331 [INFO]           → conviction 13/100  |  signals 4/19
2026-06-18 16:28:02,331 [INFO]   [119]  GOMINING  (#252)  $0.27463       7d: +6.9%
2026-06-18 16:28:02,630 [INFO]           → conviction 14/100  |  signals 3/19
2026-06-18 16:28:02,631 [INFO]   [120]  BMX       (#256)  $0.31912       7d: +10.2%
2026-06-18 16:28:02,997 [INFO]           → conviction 6/100  |  signals 2/19
2026-06-18 16:28:02,998 [INFO]   [121]  WEMIX     (#257)  $0.23354       7d: -10.1%
2026-06-18 16:28:08,077 [INFO]           → conviction 0/100  |  signals 0/19
2026-06-18 16:28:12,578 [INFO]   [122]  GLM       (#258)  $0.10696       7d: -0.8%
2026-06-18 16:28:12,899 [INFO]           → conviction 13/100  |  signals 3/19
2026-06-18 16:28:12,900 [INFO]   [123]  TAG       (#261)  $0.00098       7d: -0.2%
2026-06-18 16:28:13,219 [INFO]           → conviction 11/100  |  signals 4/19
2026-06-18 16:28:13,219 [INFO]   [124]  BANANAS31  (#264)  $0.01050       7d: +15.8%
2026-06-18 16:28:13,526 [INFO]           → conviction 13/100  |  signals 4/19
2026-06-18 16:28:13,526 [INFO]   [125]  AWE       (#265)  $0.05407       7d: +0.3%
2026-06-18 16:28:13,851 [INFO]           → conviction 8/100  |  signals 2/19
2026-06-18 16:28:13,851 [INFO]   [126]  1INCH     (#266)  $0.07373       7d: +2.4%
2026-06-18 16:28:14,206 [INFO]           → conviction 8/100  |  signals 2/19
2026-06-18 16:28:14,206 [INFO]   [127]  AB        (#267)  $0.00105       7d: -5.3%
2026-06-18 16:28:14,562 [INFO]           → conviction 8/100  |  signals 1/19
2026-06-18 16:28:14,563 [INFO]   [128]  O         (#271)  $0.62774     
2026-06-18 16:28:15,816 [INFO]           → skip (insufficient data)
2026-06-18 16:28:20,317 [INFO]   [129]  GEOD      (#276)  $0.21876       7d: +28.6%
2026-06-18 16:28:20,620 [INFO]           → conviction 18/100  |  signals 5/19
2026-06-18 16:28:20,620 [INFO]   [130]  QAIT      (#277)  $0.02223       7d: +0.5%
2026-06-18 16:28:20,919 [INFO]           → conviction 0/100  |  signals 0/19
2026-06-18 16:28:20,919 [INFO]   [131]  DYDX      (#278)  $0.11531       7d: -3.3%
2026-06-18 16:28:21,222 [INFO]           → conviction 3/100  |  signals 1/19
2026-06-18 16:28:21,222 [INFO]   [132]  ATH       (#282)  $0.00466       7d: +5.3%
2026-06-18 16:28:21,572 [INFO]           → conviction 0/100  |  signals 0/19
2026-06-18 16:28:21,574 [INFO]   [133]  RIVER     (#286)  $4.62000       7d: -9.4%
2026-06-18 16:28:21,889 [INFO]           → conviction 3/100  |  signals 1/19
2026-06-18 16:28:21,889 [INFO]   [134]  SHX       (#289)  $0.00506       7d: +13.1%
2026-06-18 16:28:22,203 [INFO]           → conviction 18/100  |  signals 5/19
2026-06-18 16:28:22,203 [INFO]   [135]  ALLO      (#288)  $0.38265       7d: +1.1%
2026-06-18 16:28:22,548 [INFO]           → conviction 6/100  |  signals 2/19
2026-06-18 16:28:22,549 [INFO]   [136]  FORM      (#291)  $0.23190       7d: -0.1%
2026-06-18 16:28:22,859 [INFO]           → conviction 21/100  |  signals 5/19
2026-06-18 16:28:22,860 [INFO]   [137]  LPT       (#292)  $1.77000       7d: +2.3%
2026-06-18 16:28:23,168 [INFO]           → conviction 14/100  |  signals 3/19
2026-06-18 16:28:23,168 [INFO]   [138]  UMXM      (#295)  $1.84000       7d: +6.8%
2026-06-18 16:28:23,533 [INFO]           → conviction 12/100  |  signals 4/19
2026-06-18 16:28:23,533 [INFO]   [139]  EGLD      (#297)  $2.84000       7d: -1.7%
2026-06-18 16:28:23,889 [INFO]           → conviction 0/100  |  signals 0/19
2026-06-18 16:28:23,889 [INFO]   [140]  ARKM      (#298)  $0.12944       7d: +5.0%
2026-06-18 16:28:24,191 [INFO]           → conviction 3/100  |  signals 1/19
2026-06-18 16:28:24,191 [INFO]   [141]  SNX       (#300)  $0.24533       7d: +0.4%
2026-06-18 16:28:24,503 [INFO]           → conviction 3/100  |  signals 1/19
2026-06-18 16:28:24,503 [INFO]   [142]  MUON      (#302)  $1129.17000    7d: +24.1%
2026-06-18 16:28:24,842 [INFO]           → conviction 14/100  |  signals 3/19
2026-06-18 16:28:24,844 [INFO]   [143]  FLUID     (#303)  $1.05400       7d: -4.6%
2026-06-18 16:28:25,208 [INFO]           → conviction 0/100  |  signals 0/19
2026-06-18 16:28:25,209 [INFO]   [144]  WAL       (#304)  $0.03451       7d: +5.9%
2026-06-18 16:28:25,566 [INFO]           → conviction 10/100  |  signals 2/19
2026-06-18 16:28:25,567 [INFO]   [145]  ARC       (#305)  $0.08330       7d: +0.5%
2026-06-18 16:28:25,887 [INFO]           → conviction 6/100  |  signals 2/19
2026-06-18 16:28:25,888 [INFO]   [146]  SN64      (#310)  $15.60000      7d: +10.9%
2026-06-18 16:28:30,143 [INFO]           → conviction 11/100  |  signals 3/19
2026-06-18 16:28:34,645 [INFO]   [147]  RSR       (#308)  $0.00131       7d: -3.2%
2026-06-18 16:28:34,956 [INFO]           → conviction 5/100  |  signals 1/19
2026-06-18 16:28:34,956 [INFO]   [148]  PROS      (#311)  $0.60495       7d: +12.0%
2026-06-18 16:28:34,966 [WARNING]           → skip PROS: OHLCV data is stale (>8h old or duplicates)
2026-06-18 16:28:34,966 [INFO]   [149]  ZEN       (#314)  $4.39000       7d: +1.8%
2026-06-18 16:28:35,266 [INFO]           → conviction 3/100  |  signals 1/19
2026-06-18 16:28:35,266 [INFO]   [150]  USELESS   (#321)  $0.07787       7d: +26.4%
2026-06-18 16:28:35,591 [INFO]           → conviction 16/100  |  signals 4/19
2026-06-18 16:28:35,592 [INFO]   [151]  MAGMA     (#323)  $0.40787       7d: +5.1%
2026-06-18 16:28:35,899 [INFO]           → conviction 16/100  |  signals 5/19
2026-06-18 16:28:35,900 [INFO]   [152]  QTUM      (#324)  $0.72509       7d: +3.3%
2026-06-18 16:28:36,273 [INFO]           → conviction 6/100  |  signals 2/19
2026-06-18 16:28:36,274 [INFO]   [153]  MELANIA   (#327)  $0.08009       7d: +3.1%
2026-06-18 16:28:36,681 [INFO]           → conviction 24/100  |  signals 5/19
2026-06-18 16:28:36,683 [INFO]   [154]  BAS       (#330)  $0.03052       7d: -6.2%
2026-06-18 16:28:37,066 [INFO]           → conviction 10/100  |  signals 3/19
2026-06-18 16:28:37,068 [INFO]   [155]  AIOZ      (#333)  $0.06070       7d: +8.7%
2026-06-18 16:28:37,497 [INFO]           → conviction 3/100  |  signals 1/19
2026-06-18 16:28:37,499 [INFO]   [156]  ZAMA      (#336)  $0.03404       7d: +8.0%
2026-06-18 16:28:37,828 [INFO]           → conviction 24/100  |  signals 6/19
2026-06-18 16:28:37,828 [INFO]   [157]  DBR       (#340)  $0.01396       7d: -7.8%
2026-06-18 16:28:38,160 [INFO]           → conviction 0/100  |  signals 0/19
2026-06-18 16:28:38,160 [INFO]   [158]  Q         (#339)  $0.01820       7d: +0.7%
2026-06-18 16:28:38,557 [INFO]           → conviction 11/100  |  signals 3/19
2026-06-18 16:28:38,560 [INFO]   [159]  ZRX       (#342)  $0.08624       7d: -1.4%
2026-06-18 16:28:38,872 [INFO]           → conviction 13/100  |  signals 3/19
2026-06-18 16:28:38,873 [INFO]   [160]  ZIG       (#344)  $0.05137       7d: -7.2%
2026-06-18 16:28:39,223 [INFO]           → conviction 8/100  |  signals 1/19
2026-06-18 16:28:39,224 [INFO]   [161]  META      (#346)  $3.16000       7d: +15.4%
2026-06-18 16:28:39,541 [INFO]           → conviction 0/100  |  signals 0/19
2026-06-18 16:28:39,542 [INFO]   [162]  GAS       (#351)  $1.09100       7d: -0.7%
2026-06-18 16:28:39,851 [INFO]           → conviction 6/100  |  signals 1/19
2026-06-18 16:28:39,851 [INFO]   [163]  MAG7.SSI  (#353)  $0.41766       7d: +1.6%
2026-06-18 16:28:40,155 [INFO]           → conviction 0/100  |  signals 0/19
2026-06-18 16:28:40,156 [INFO]   [164]  CYS       (#355)  $0.43271       7d: -6.7%
2026-06-18 16:28:40,480 [INFO]           → conviction 3/100  |  signals 1/19
2026-06-18 16:28:40,481 [INFO]   [165]  TROLL     (#358)  $0.06795       7d: -0.3%
2026-06-18 16:28:40,796 [INFO]           → conviction 18/100  |  signals 4/19
2026-06-18 16:28:40,797 [INFO]   [166]  CARDS     (#357)  $0.26379       7d: +51.9%
2026-06-18 16:28:41,162 [INFO]           → conviction 17/100  |  signals 4/19
2026-06-18 16:28:41,164 [INFO]   [167]  RVN       (#359)  $0.00415       7d: -0.6%
2026-06-18 16:28:41,532 [INFO]           → conviction 6/100  |  signals 1/19
2026-06-18 16:28:41,532 [INFO]   [168]  YFI       (#362)  $1881.37000    7d: -0.1%
2026-06-18 16:28:41,899 [INFO]           → conviction 10/100  |  signals 2/19
2026-06-18 16:28:41,899 [INFO]   [169]  BAN       (#368)  $0.06650       7d: -7.9%
2026-06-18 16:28:42,198 [INFO]           → conviction 3/100  |  signals 1/19
2026-06-18 16:28:42,198 [INFO]   [170]  PLUME     (#369)  $0.01152       7d: +11.5%
2026-06-18 16:28:42,498 [INFO]           → conviction 16/100  |  signals 4/19
2026-06-18 16:28:42,498 [INFO]   [171]  SAFE      (#371)  $0.08820       7d: -4.6%
2026-06-18 16:28:42,812 [INFO]           → conviction 3/100  |  signals 1/19
2026-06-18 16:28:42,812 [INFO]   [172]  JCT       (#373)  $0.00575       7d: -7.5%
2026-06-18 16:28:43,115 [INFO]           → conviction 10/100  |  signals 2/19
2026-06-18 16:28:43,115 [INFO]   [173]  KSM       (#370)  $3.59000       7d: -1.6%
2026-06-18 16:28:43,436 [INFO]           → conviction 11/100  |  signals 3/19
2026-06-18 16:28:43,436 [INFO]   [174]  BERA      (#376)  $0.23408       7d: -6.3%
2026-06-18 16:28:43,815 [INFO]           → conviction 0/100  |  signals 0/19
2026-06-18 16:28:43,817 [INFO]   [175]  METAL     (#377)  $0.12781       7d: -2.2%
2026-06-18 16:28:44,140 [INFO]           → conviction 14/100  |  signals 3/19
2026-06-18 16:28:44,143 [INFO]   [176]  XPR       (#378)  $0.00227       7d: +2.8%
2026-06-18 16:28:44,500 [INFO]           → conviction 3/100  |  signals 1/19
2026-06-18 16:28:44,500 [INFO]   [177]  AIPF      (#382)  $2.19000       7d: -0.0%
2026-06-18 16:28:48,824 [INFO]           → conviction 3/100  |  signals 1/19
2026-06-18 16:28:53,328 [INFO]   [178]  ORDI      (#380)  $3.06000       7d: -3.3%
2026-06-18 16:28:53,701 [INFO]           → conviction 6/100  |  signals 1/19
2026-06-18 16:28:53,702 [INFO]   [179]  MHORSE    (#385)  $0.06263       7d: +7.7%
2026-06-18 16:28:54,018 [INFO]           → conviction 17/100  |  signals 4/19
2026-06-18 16:28:54,018 [INFO]   [180]  VELO      (#387)  $0.00354       7d: +6.1%
2026-06-18 16:28:54,327 [INFO]           → conviction 19/100  |  signals 4/19
2026-06-18 16:28:54,328 [INFO]   [181]  DOG       (#389)  $0.00061       7d: -0.5%
2026-06-18 16:28:54,343 [WARNING]           → skip DOG: OHLCV data is stale (>8h old or duplicates)
2026-06-18 16:28:54,343 [INFO]   [182]  TRIA      (#391)  $0.02842       7d: +11.6%
2026-06-18 16:28:54,735 [INFO]           → conviction 14/100  |  signals 4/19
2026-06-18 16:28:54,736 [INFO]   [183]  ZIL       (#390)  $0.00313       7d: +0.9%
2026-06-18 16:28:55,044 [INFO]           → conviction 3/100  |  signals 1/19
2026-06-18 16:28:55,045 [INFO]   [184]  TURBO     (#392)  $0.00088       7d: +2.1%
2026-06-18 16:28:55,358 [INFO]           → conviction 10/100  |  signals 2/19
2026-06-18 16:28:55,359 [INFO]   [185]  TFUEL     (#394)  $0.00819       7d: -2.7%
2026-06-18 16:28:55,717 [INFO]           → conviction 3/100  |  signals 1/19
2026-06-18 16:28:55,718 [INFO]   [186]  ALCH      (#396)  $0.07088       7d: +17.9%
2026-06-18 16:28:56,017 [INFO]           → conviction 11/100  |  signals 3/19
2026-06-18 16:28:56,017 [INFO]   [187]  SUPER     (#398)  $0.09357       7d: +0.4%
2026-06-18 16:28:56,329 [INFO]           → conviction 6/100  |  signals 2/19
2026-06-18 16:28:56,331 [INFO]   [188]  IO        (#395)  $0.17156       7d: +2.0%
2026-06-18 16:28:56,764 [INFO]           → conviction 3/100  |  signals 1/19
2026-06-18 16:28:56,765 [INFO]   [189]  LINEA     (#399)  $0.00247       7d: +3.7%
2026-06-18 16:28:57,096 [INFO]           → conviction 3/100  |  signals 1/19
2026-06-18 16:28:57,097 [INFO]   [190]  NMR       (#401)  $8.48000       7d: +1.9%
2026-06-18 16:28:57,425 [INFO]           → conviction 10/100  |  signals 2/19
2026-06-18 16:28:57,426 [INFO]   [191]  0G        (#402)  $0.27754       7d: -5.6%
2026-06-18 16:28:57,784 [INFO]           → conviction 10/100  |  signals 2/19
2026-06-18 16:28:57,784 [INFO]   [192]  GMX       (#405)  $5.63000       7d: +3.6%
2026-06-18 16:28:58,146 [INFO]           → conviction 14/100  |  signals 3/19
2026-06-18 16:28:58,147 [INFO]   [193]  JELLYJELLY  (#410)  $0.05788       7d: +0.5%
2026-06-18 16:28:58,463 [INFO]           → conviction 21/100  |  signals 5/19
2026-06-18 16:28:58,463 [INFO]   [194]  MET       (#409)  $0.10909       7d: +5.0%
2026-06-18 16:28:58,828 [INFO]           → conviction 13/100  |  signals 4/19
2026-06-18 16:28:58,828 [INFO]   [195]  KNTQ      (#412)  $0.20565       7d: -2.5%
2026-06-18 16:28:59,185 [INFO]           → conviction 0/100  |  signals 0/19
2026-06-18 16:28:59,186 [INFO]   [196]  W         (#411)  $0.00951       7d: +5.8%
2026-06-18 16:28:59,508 [INFO]           → conviction 10/100  |  signals 3/19
2026-06-18 16:28:59,509 [INFO]   [197]  EURI      (#415)  $1.15000       7d: -0.1%
2026-06-18 16:28:59,830 [INFO]           → skip (flatliner: ATR 0.29% / BB 0.42%)
2026-06-18 16:28:59,830 [INFO]   [198]  SPK       (#417)  $0.01804       7d: -10.6%
2026-06-18 16:29:00,132 [INFO]           → conviction 13/100  |  signals 3/19
2026-06-18 16:29:00,132 [INFO]   [199]  SKR       (#418)  $0.00861       7d: -3.0%
2026-06-18 16:29:00,448 [INFO]           → conviction 3/100  |  signals 1/19
2026-06-18 16:29:00,449 [INFO]   [200]  BABY      (#420)  $0.01496       7d: +1.2%
2026-06-18 16:29:00,770 [INFO]           → conviction 14/100  |  signals 3/19
2026-06-18 16:29:00,771 [INFO]   [201]  FXUSD     (#422)  $0.99577       7d: -0.9%
2026-06-18 16:29:05,005 [INFO]           → skip (flatliner: ATR 1.25% / BB 0.31%)
2026-06-18 16:29:09,507 [INFO]   [202]  TSLAX     (#425)  $389.26000     7d: +0.8%
2026-06-18 16:29:09,822 [INFO]           → conviction 14/100  |  signals 3/19
2026-06-18 16:29:09,823 [INFO]   [203]  PURR      (#424)  $0.09210       7d: +7.5%
2026-06-18 16:29:10,148 [INFO]           → conviction 3/100  |  signals 1/19
2026-06-18 16:29:10,148 [INFO]   [204]  SOON      (#426)  $0.16014       7d: -5.4%
2026-06-18 16:29:10,450 [INFO]           → conviction 3/100  |  signals 1/19
2026-06-18 16:29:10,451 [INFO]   [205]  QFI       (#427)  $54.37000      7d: -1.6%
2026-06-18 16:29:10,751 [INFO]           → skip (flatliner: ATR 1.00% / BB 0.44%)
2026-06-18 16:29:10,751 [INFO]   [206]  MINA      (#428)  $0.04196       7d: +0.6%
2026-06-18 16:29:11,069 [INFO]           → conviction 0/100  |  signals 0/19
2026-06-18 16:29:11,070 [INFO]   [207]  HOT       (#430)  $0.00030       7d: -1.2%
2026-06-18 16:29:11,382 [INFO]           → conviction 11/100  |  signals 2/19
2026-06-18 16:29:11,383 [INFO]   [208]  ZETA      (#431)  $0.03679       7d: -1.8%
2026-06-18 16:29:11,713 [INFO]           → conviction 3/100  |  signals 1/19
2026-06-18 16:29:11,714 [INFO]   [209]  IDOL      (#433)  $0.02866       7d: -10.5%
2026-06-18 16:29:12,013 [INFO]           → conviction 0/100  |  signals 0/19
2026-06-18 16:29:12,014 [INFO]   [210]  DIEM      (#432)  $1439.31000    7d: +5.4%
2026-06-18 16:29:12,325 [INFO]           → conviction 6/100  |  signals 2/19
2026-06-18 16:29:12,326 [INFO]   [211]  TOSHI     (#436)  $0.00013       7d: +1.5%
2026-06-18 16:29:12,629 [INFO]           → conviction 3/100  |  signals 1/19
2026-06-18 16:29:12,629 [INFO]   [212]  CKB       (#435)  $0.00108       7d: -2.1%
2026-06-18 16:29:12,926 [INFO]           → conviction 13/100  |  signals 4/19
2026-06-18 16:29:12,927 [INFO]   [213]  HNT       (#438)  $0.28933       7d: -5.5%
2026-06-18 16:29:13,238 [INFO]           → conviction 3/100  |  signals 1/19
2026-06-18 16:29:13,238 [INFO]   [214]  ELF       (#441)  $0.06386       7d: +3.8%
2026-06-18 16:29:13,261 [WARNING]           → skip ELF: OHLCV data is stale (>8h old or duplicates)
2026-06-18 16:29:13,262 [INFO]   [215]  AXL       (#442)  $0.04403       7d: +3.7%
2026-06-18 16:29:13,562 [INFO]           → conviction 16/100  |  signals 4/19
2026-06-18 16:29:13,562 [INFO]   [216]  APR       (#444)  $0.21160       7d: +4.5%
2026-06-18 16:29:13,861 [INFO]           → conviction 19/100  |  signals 5/19
2026-06-18 16:29:13,861 [INFO]   [217]  HOLO      (#445)  $0.07149       7d: +13.9%
2026-06-18 16:29:14,178 [INFO]           → conviction 13/100  |  signals 3/19
2026-06-18 16:29:14,178 [INFO]   [218]  ROSE      (#446)  $0.00662       7d: +4.1%
2026-06-18 16:29:14,480 [INFO]           → conviction 8/100  |  signals 2/19
2026-06-18 16:29:14,482 [INFO]   [219]  CTC       (#447)  $0.09526       7d: -8.1%
2026-06-18 16:29:14,773 [INFO]           → conviction 10/100  |  signals 3/19
2026-06-18 16:29:14,773 [INFO]   [220]  UP        (#450)  $0.40660       7d: +11.0%
2026-06-18 16:29:15,091 [INFO]           → conviction 23/100  |  signals 6/19
2026-06-18 16:29:15,092 [INFO]   [221]  FLOW      (#454)  $0.03014       7d: +2.7%
2026-06-18 16:29:15,399 [INFO]           → conviction 10/100  |  signals 3/19
2026-06-18 16:29:15,400 [INFO]   [222]  ASTR      (#457)  $0.00573       7d: -7.4%
2026-06-18 16:29:15,706 [INFO]           → conviction 13/100  |  signals 3/19
2026-06-18 16:29:15,708 [INFO]   [223]  KAVA      (#456)  $0.04610       7d: +7.0%
2026-06-18 16:29:16,025 [INFO]           → conviction 13/100  |  signals 3/19
2026-06-18 16:29:16,026 [INFO]   [224]  SUSHI     (#461)  $0.18169       7d: +2.3%
2026-06-18 16:29:16,333 [INFO]           → conviction 6/100  |  signals 2/19
2026-06-18 16:29:16,333 [INFO]   [225]  POLYX     (#462)  $0.03848       7d: +2.4%
2026-06-18 16:29:16,646 [INFO]           → conviction 5/100  |  signals 1/19
2026-06-18 16:29:16,648 [INFO]   [226]  SQD       (#463)  $0.04563       7d: +27.6%
2026-06-18 16:29:16,962 [INFO]           → conviction 21/100  |  signals 6/19
2026-06-18 16:29:16,963 [INFO]   [227]  BARD      (#460)  $0.15300       7d: +0.3%
2026-06-18 16:29:17,296 [INFO]           → conviction 13/100  |  signals 3/19
2026-06-18 16:29:17,297 [INFO]   [228]  XNO       (#465)  $0.36869       7d: -0.9%
2026-06-18 16:29:17,630 [INFO]           → conviction 3/100  |  signals 1/19
2026-06-18 16:29:17,631 [INFO]   [229]  FOGO      (#466)  $0.01274       7d: +10.4%
2026-06-18 16:29:17,942 [INFO]           → conviction 6/100  |  signals 2/19
2026-06-18 16:29:17,942 [INFO]   [230]  NVDAON    (#468)  $209.01000     7d: +3.7%
2026-06-18 16:29:18,257 [INFO]           → conviction 11/100  |  signals 2/19
2026-06-18 16:29:18,258 [INFO]   [231]  XYO       (#469)  $0.00349       7d: -1.4%
2026-06-18 16:29:18,576 [INFO]           → conviction 8/100  |  signals 2/19
2026-06-18 16:29:18,578 [INFO]   [232]  PEAQ      (#471)  $0.02159       7d: -2.2%
2026-06-18 16:29:18,892 [INFO]           → conviction 18/100  |  signals 4/19
2026-06-18 16:29:18,892 [INFO]   [233]  AIX       (#472)  $0.47685       7d: +9.6%
2026-06-18 16:29:19,221 [INFO]           → conviction 17/100  |  signals 4/19
2026-06-18 16:29:19,221 [INFO]   [234]  RON       (#475)  $0.06135       7d: +4.3%
2026-06-18 16:29:19,516 [INFO]           → conviction 8/100  |  signals 3/19
2026-06-18 16:29:19,517 [INFO]   [235]  MOVE      (#477)  $0.01173       7d: -6.6%
2026-06-18 16:29:19,870 [INFO]           → conviction 14/100  |  signals 3/19
2026-06-18 16:29:19,871 [INFO]   [236]  DGB       (#479)  $0.00257       7d: +3.8%
2026-06-18 16:29:20,289 [INFO]           → conviction 0/100  |  signals 0/19
2026-06-18 16:29:20,290 [INFO]   [237]  OPEN      (#480)  $0.21673       7d: +0.1%
2026-06-18 16:29:20,632 [INFO]           → conviction 3/100  |  signals 1/19
2026-06-18 16:29:20,633 [INFO]   [238]  ZCHF      (#481)  $1.24000       7d: -0.6%
2026-06-18 16:29:20,937 [INFO]           → skip (flatliner: ATR 0.08% / BB 0.35%)
2026-06-18 16:29:20,938 [INFO]   [239]  UPUMP     (#482)  $0.00146       7d: +1.7%
2026-06-18 16:29:21,291 [INFO]           → conviction 16/100  |  signals 4/19
2026-06-18 16:29:21,292 [INFO]   [240]  SN51      (#485)  $11.18000      7d: +14.7%
2026-06-18 16:29:21,635 [INFO]           → conviction 8/100  |  signals 3/19
2026-06-18 16:29:21,637 [INFO]   [241]  AMP       (#488)  $0.00053       7d: +0.4%
2026-06-18 16:29:21,982 [INFO]           → conviction 16/100  |  signals 4/19
2026-06-18 16:29:21,984 [INFO]   [242]  AZTEC     (#489)  $0.01548       7d: -1.6%
2026-06-18 16:29:22,362 [INFO]           → conviction 3/100  |  signals 1/19
2026-06-18 16:29:22,363 [INFO]   [243]  ROBO      (#486)  $0.02058       7d: -6.1%
2026-06-18 16:29:22,676 [INFO]           → conviction 19/100  |  signals 5/19
2026-06-18 16:29:22,676 [INFO]   [244]  ONT       (#490)  $0.04516       7d: -4.6%
2026-06-18 16:29:23,048 [INFO]           → conviction 6/100  |  signals 1/19
2026-06-18 16:29:23,049 [INFO]   [245]  BLUR      (#495)  $0.01590       7d: -10.8%
2026-06-18 16:29:23,379 [INFO]           → conviction 13/100  |  signals 3/19
2026-06-18 16:29:23,380 [INFO]   [246]  ICNT      (#497)  $0.17483       7d: -8.0%
2026-06-18 16:29:23,724 [INFO]           → conviction 21/100  |  signals 4/19
2026-06-18 16:29:23,724 [INFO]   [247]  BNKR      (#498)  $0.00044       7d: -1.5%
2026-06-18 16:29:24,084 [INFO]           → conviction 3/100  |  signals 1/19
2026-06-18 16:29:24,084 [INFO]   [248]  XVS       (#500)  $2.61000       7d: +4.2%
2026-06-18 16:29:24,378 [INFO]           → conviction 21/100  |  signals 5/19
2026-06-18 16:29:24,385 [INFO] 
[5/5] Building trade plan report...
2026-06-18 16:29:24,385 [INFO]   Raw candidates found: 0
2026-06-18 16:29:24,385 [INFO] [5/5] Checking major leverage opportunities (BTC/ETH/SOL)...
2026-06-18 16:29:24,385 [INFO]   Major leverage: 0 opportunity(s) found
2026-06-18 16:29:24,390 [INFO] 
================================================================================
  CRYPTO SPOT SCANNER — TRADE PLAN REPORT
  Generated: 2026-06-18 16:29:24
================================================================================

MARKET CONTEXT
----------------------------------------
  BTC Price    :  $   63,358.40
  BTC 7-day    :     +1.01%
  BTC 24-hour  :     -3.58%
  ETH 7-day    :     +4.93%
  BTC Dominance:      55.9%
  Regime       :  🟡 SIDEWAYS

  🟡 SIDEWAYS — Thresholds tightened for safety:
     Full entry: Conviction ≥ 60  |  Max position 6.0%  |  Stops 1.0× ATR
     Exception entry: Conviction ≥ 50  |  Max position 3.0%  (6+ signals required)
     Missing a trade is better than losing capital in chop.

  ⚠️  BTC down -3.6% today — conviction threshold raised +5.

ACCOUNT
----------------------------------------
  Balance       : $   96,313.06 USDT
  Risk / trade  : 1.5%  ($1,445 USDT per trade)
  Max positions : 8
  Max heat      : 12.0%

================================================================================
  NO QUALIFYING SETUPS FOUND

  All scanned tokens failed to meet the minimum conviction threshold.
  This means market conditions are not favorable right now.

  RECOMMENDATION: Stay in USDT. Wait for the next scan.
  Patience is a trading edge. Forcing trades loses money.
================================================================================
2026-06-18 16:29:24,400 [INFO] 
  Report  → C:\Users\bruno\OneDrive\Ambiente de Trabalho\Workspace\crypto scanner\crypto-scanner\outputs\scanner-results\spot_trade_plan_LATEST.txt
2026-06-18 16:29:24,400 [INFO]   JSON    → C:\Users\bruno\OneDrive\Ambiente de Trabalho\Workspace\crypto scanner\crypto-scanner\outputs\scanner-results\spot_trade_plan_LATEST.json
2026-06-18 16:29:24,400 [INFO]   Log     → C:\Users\bruno\OneDrive\Ambiente de Trabalho\Workspace\crypto scanner\crypto-scanner\outputs\logs\orchestrator_20260618.log
2026-06-18 16:29:24,401 [INFO] 
  Done.  0 high-conviction setup(s) found.
2026-06-18 17:43:22,222 [INFO]   Live Bybit balance: 96,313.06 USDT
2026-06-18 17:43:22,224 [INFO] 
2026-06-18 17:43:22,224 [INFO] ================================================================================
2026-06-18 17:43:22,224 [INFO]   CRYPTO MASTER ORCHESTRATOR v2.1
2026-06-18 17:43:22,224 [INFO]   18-signal engine | funding rate | corr filter | volume source tagging
2026-06-18 17:43:22,224 [INFO] ================================================================================
2026-06-18 17:43:22,225 [INFO]   Account: $96,313.06 USDT  |  Risk/trade: 1.5%  |  Max positions: 8
2026-06-18 17:43:22,225 [INFO] 
2026-06-18 17:43:22,231 [INFO] [1/5] Analyzing market regime...
2026-06-18 17:43:22,233 [INFO] Fetching market context (Bybit klines primary)...
2026-06-18 17:43:24,035 [INFO]   [Bybit] BTC: $62,691 | 7d: -1.4%  ETH 7d: +0.3%  Dominance: 55.9% | Regime: 🟡 SIDEWAYS
2026-06-18 17:43:24,036 [INFO]   🟡 SIDEWAYS — conviction raised to 60, max position capped at 6.0%, stops tightened to 1.0× ATR
2026-06-18 17:43:24,039 [INFO] [2/5] Fetching BTC historical data...
2026-06-18 17:43:26,990 [INFO]   BTC data: OK
2026-06-18 17:43:31,492 [INFO] [3/5] Fetching top 500 coins...
2026-06-18 17:43:31,501 [INFO] Fetching top 500 coins by market cap...
2026-06-18 17:43:34,348 [INFO]   Fetched 500 coins
2026-06-18 17:43:34,357 [INFO]   Fetched 500 coins
2026-06-18 17:43:34,358 [INFO] [4/5] Scanning for high-conviction setups...
2026-06-18 17:43:34,358 [INFO]   Filters: Rank 20–500  |  Vol ≥ $500,000  |  Min conviction: 60
2026-06-18 17:43:34,358 [INFO] 
2026-06-18 17:43:34,363 [INFO]   [  1]  ADA       (# 20)  $0.16062       7d: -3.4%
2026-06-18 17:43:35,655 [INFO]           → conviction 10/100  |  signals 2/19
2026-06-18 17:43:35,656 [INFO]   [  2]  LINK      (# 21)  $7.83000       7d: +0.6%
2026-06-18 17:43:36,195 [INFO]           → conviction 10/100  |  signals 2/19
2026-06-18 17:43:36,196 [INFO]   [  3]  LAB       (# 22)  $16.15000      7d: +71.1%
2026-06-18 17:43:36,754 [INFO]           → conviction 11/100  |  signals 3/19
2026-06-18 17:43:36,755 [INFO]   [  4]  GRAM      (# 25)  $1.63000       7d: +0.8%
2026-06-18 17:43:40,879 [INFO]           → conviction 9/100  |  signals 3/19
2026-06-18 17:43:45,381 [INFO]   [  5]  BCH       (# 27)  $195.92000     7d: -2.3%
2026-06-18 17:43:45,923 [INFO]           → conviction 10/100  |  signals 2/19
2026-06-18 17:43:45,924 [INFO]   [  6]  M         (# 28)  $2.91000       7d: +0.5%
2026-06-18 17:43:46,450 [INFO]           → conviction 6/100  |  signals 2/19
2026-06-18 17:43:46,451 [INFO]   [  7]  HBAR      (# 29)  $0.07903       7d: +1.3%
2026-06-18 17:43:46,749 [INFO]           → conviction 3/100  |  signals 1/19
2026-06-18 17:43:46,750 [INFO]   [  8]  LTC       (# 30)  $43.18000      7d: +1.7%
2026-06-18 17:43:47,413 [INFO]           → conviction 10/100  |  signals 2/19
2026-06-18 17:43:47,413 [INFO]   [  9]  USYC      (# 31)  $1.13000       7d: +0.0%
2026-06-18 17:43:50,856 [WARNING]           → skip USYC: OHLCV data is stale (>8h old or duplicates)
2026-06-18 17:43:55,357 [INFO]   [ 10]  SUI       (# 32)  $0.71377       7d: -4.8%
2026-06-18 17:43:55,902 [INFO]           → conviction 10/100  |  signals 2/19
2026-06-18 17:43:55,903 [INFO]   [ 11]  NEAR      (# 33)  $2.20000       7d: +10.0%
2026-06-18 17:43:56,445 [INFO]           → conviction 21/100  |  signals 4/19
2026-06-18 17:43:56,446 [INFO]   [ 12]  AVAX      (# 37)  $6.29000       7d: -4.3%
2026-06-18 17:43:56,976 [INFO]           → conviction 10/100  |  signals 2/19
2026-06-18 17:43:56,977 [INFO]   [ 13]  CRO       (# 38)  $0.05789       7d: -3.2%
2026-06-18 17:43:57,493 [INFO]           → conviction 3/100  |  signals 1/19
2026-06-18 17:43:57,493 [INFO]   [ 14]  TAO       (# 41)  $234.48000     7d: +12.6%
2026-06-18 17:43:58,052 [INFO]           → conviction 6/100  |  signals 2/19
2026-06-18 17:43:58,053 [INFO]   [ 15]  USDY      (# 42)  $1.14000       7d: +0.5%
2026-06-18 17:44:01,930 [INFO]           → conviction 9/100  |  signals 3/19
2026-06-18 17:44:06,431 [INFO]   [ 16]  WLD       (# 43)  $0.61028       7d: +23.5%
2026-06-18 17:44:06,953 [INFO]           → conviction 6/100  |  signals 2/19
2026-06-18 17:44:06,954 [INFO]   [ 17]  WLFI      (# 45)  $0.05901       7d: +0.3%
2026-06-18 17:44:07,278 [INFO]           → conviction 16/100  |  signals 4/19
2026-06-18 17:44:07,278 [INFO]   [ 18]  ONDO      (# 47)  $0.35796       7d: +2.2%
2026-06-18 17:44:07,830 [INFO]           → conviction 13/100  |  signals 3/19
2026-06-18 17:44:07,831 [INFO]   [ 19]  MNT       (# 48)  $0.52459       7d: -2.3%
2026-06-18 17:44:08,378 [INFO]           → conviction 3/100  |  signals 1/19
2026-06-18 17:44:08,379 [INFO]   [ 20]  DOT       (# 51)  $0.95168       7d: +0.9%
2026-06-18 17:44:08,958 [INFO]           → conviction 13/100  |  signals 3/19
2026-06-18 17:44:08,959 [INFO]   [ 21]  OKB       (# 53)  $72.18000      7d: +1.5%
2026-06-18 17:44:09,495 [INFO]           → conviction 6/100  |  signals 2/19
2026-06-18 17:44:09,496 [INFO]   [ 22]  PI        (# 55)  $0.12859       7d: +2.3%
2026-06-18 17:44:13,310 [INFO]           → conviction 3/100  |  signals 1/19
2026-06-18 17:44:17,811 [INFO]   [ 23]  SKY       (# 58)  $0.05619       7d: -2.3%
2026-06-18 17:44:18,578 [INFO]           → conviction 6/100  |  signals 2/19
2026-06-18 17:44:18,579 [INFO]   [ 24]  BGB       (# 59)  $1.78000       7d: +1.1%
2026-06-18 17:44:18,884 [INFO]           → conviction 6/100  |  signals 2/19
2026-06-18 17:44:18,885 [INFO]   [ 25]  MORPHO    (# 60)  $1.92000       7d: -3.0%
2026-06-18 17:44:19,465 [INFO]           → conviction 10/100  |  signals 3/19
2026-06-18 17:44:19,466 [INFO]   [ 26]  ICP       (# 61)  $2.21000       7d: -0.3%
2026-06-18 17:44:20,063 [INFO]           → conviction 10/100  |  signals 2/19
2026-06-18 17:44:20,065 [INFO]   [ 27]  ETC       (# 63)  $7.04000       7d: -1.1%
2026-06-18 17:44:20,610 [INFO]           → conviction 6/100  |  signals 1/19
2026-06-18 17:44:20,610 [INFO]   [ 28]  QNT       (# 66)  $68.22000      7d: +4.9%
2026-06-18 17:44:21,217 [INFO]           → conviction 10/100  |  signals 2/19
2026-06-18 17:44:21,220 [INFO]   [ 29]  KCS       (# 69)  $7.00000       7d: +5.0%
2026-06-18 17:44:25,720 [INFO]           → conviction 11/100  |  signals 3/19
2026-06-18 17:44:30,221 [INFO]   [ 30]  ATOM      (# 71)  $1.79000       7d: -7.2%
2026-06-18 17:44:30,777 [INFO]           → conviction 10/100  |  signals 2/19
2026-06-18 17:44:30,778 [INFO]   [ 31]  ALGO      (# 73)  $0.09870       7d: +12.3%
2026-06-18 17:44:31,325 [INFO]           → conviction 19/100  |  signals 5/19
2026-06-18 17:44:31,326 [INFO]   [ 32]  RENDER    (# 75)  $1.63000       7d: +4.9%
2026-06-18 17:44:31,903 [INFO]           → conviction 16/100  |  signals 4/19
2026-06-18 17:44:31,904 [INFO]   [ 33]  ENA       (# 76)  $0.08974       7d: +18.1%
2026-06-18 17:44:32,519 [INFO]           → conviction 18/100  |  signals 5/19
2026-06-18 17:44:32,520 [INFO]   [ 34]  KAS       (# 77)  $0.03000       7d: -1.8%
2026-06-18 17:44:33,095 [INFO]           → conviction 10/100  |  signals 2/19
2026-06-18 17:44:33,095 [INFO]   [ 35]  POL       (# 78)  $0.07569       7d: +5.2%
2026-06-18 17:44:33,639 [INFO]           → conviction 16/100  |  signals 4/19
2026-06-18 17:44:33,640 [INFO]   [ 36]  NEXO      (# 79)  $0.79211       7d: -1.3%
2026-06-18 17:44:34,449 [INFO]           → conviction 3/100  |  signals 1/19
2026-06-18 17:44:34,449 [INFO]   [ 37]  STABLE    (# 80)  $0.03345       7d: -1.8%
2026-06-18 17:44:35,095 [INFO]           → conviction 27/100  |  signals 6/19
2026-06-18 17:44:35,097 [INFO]   [ 38]  GT        (# 83)  $6.51000       7d: +1.4%
2026-06-18 17:44:39,099 [INFO]           → conviction 3/100  |  signals 1/19
2026-06-18 17:44:43,600 [INFO]   [ 39]  JST       (# 84)  $0.08114       7d: +7.7%
2026-06-18 17:44:44,140 [INFO]           → conviction 18/100  |  signals 4/19
2026-06-18 17:44:44,141 [INFO]   [ 40]  VVV       (# 86)  $14.41000      7d: +6.9%
2026-06-18 17:44:44,693 [INFO]           → conviction 10/100  |  signals 2/19
2026-06-18 17:44:44,693 [INFO]   [ 41]  BDX       (# 87)  $0.08098       7d: +2.4%
2026-06-18 17:44:48,516 [INFO]           → conviction 18/100  |  signals 4/19
2026-06-18 17:44:53,017 [INFO]   [ 42]  FLR       (# 88)  $0.00731       7d: +5.1%
2026-06-18 17:44:53,596 [INFO]           → conviction 3/100  |  signals 1/19
2026-06-18 17:44:53,597 [INFO]   [ 43]  FIL       (# 90)  $0.76412       7d: +1.6%
2026-06-18 17:44:54,154 [INFO]           → conviction 14/100  |  signals 4/19
2026-06-18 17:44:54,154 [INFO]   [ 44]  APT       (# 99)  $0.62724       7d: -1.5%
2026-06-18 17:44:54,689 [INFO]           → conviction 13/100  |  signals 3/19
2026-06-18 17:44:54,690 [INFO]   [ 45]  INJ       (#100)  $5.11000       7d: -0.9%
2026-06-18 17:44:55,226 [INFO]           → conviction 10/100  |  signals 2/19
2026-06-18 17:44:55,226 [INFO]   [ 46]  NIGHT     (#103)  $0.02982       7d: -11.4%
2026-06-18 17:44:55,802 [INFO]           → conviction 10/100  |  signals 3/19
2026-06-18 17:44:55,803 [INFO]   [ 47]  ADI       (#105)  $3.93000       7d: +5.4%
2026-06-18 17:44:59,794 [INFO]           → conviction 8/100  |  signals 3/19
2026-06-18 17:45:04,296 [INFO]   [ 48]  PUMP      (#106)  $0.00142       7d: -1.5%
2026-06-18 17:45:05,086 [INFO]           → conviction 16/100  |  signals 4/19
2026-06-18 17:45:05,086 [INFO]   [ 49]  DASH      (#108)  $34.87000      7d: +0.7%
2026-06-18 17:45:05,599 [INFO]           → conviction 10/100  |  signals 2/19
2026-06-18 17:45:05,600 [INFO]   [ 50]  TRUMP     (#109)  $1.83000       7d: +6.9%
2026-06-18 17:45:06,149 [INFO]           → conviction 19/100  |  signals 5/19
2026-06-18 17:45:06,149 [INFO]   [ 51]  FET       (#112)  $0.19096       7d: +3.5%
2026-06-18 17:45:06,943 [INFO]           → conviction 6/100  |  signals 2/19
2026-06-18 17:45:06,943 [INFO]   [ 52]  H         (#110)  $0.23482       7d: +38.9%
2026-06-18 17:45:07,486 [INFO]           → conviction 27/100  |  signals 6/19
2026-06-18 17:45:07,487 [INFO]   [ 53]  CAKE      (#113)  $1.32000       7d: +1.8%
2026-06-18 17:45:08,029 [INFO]           → conviction 3/100  |  signals 1/19
2026-06-18 17:45:08,029 [INFO]   [ 54]  KITE      (#114)  $0.18292       7d: -0.8%
2026-06-18 17:45:08,572 [INFO]           → conviction 13/100  |  signals 4/19
2026-06-18 17:45:08,572 [INFO]   [ 55]  AERO      (#115)  $0.43530       7d: +27.9%
2026-06-18 17:45:09,094 [INFO]           → conviction 6/100  |  signals 2/19
2026-06-18 17:45:09,094 [INFO]   [ 56]  VET       (#116)  $0.00482       7d: +0.3%
2026-06-18 17:45:09,611 [INFO]           → conviction 10/100  |  signals 2/19
2026-06-18 17:45:09,612 [INFO]   [ 57]  PENGU     (#117)  $0.00655       7d: -2.0%
2026-06-18 17:45:10,140 [INFO]           → conviction 6/100  |  signals 1/19
2026-06-18 17:45:10,140 [INFO]   [ 58]  LIT       (#118)  $1.58000       7d: +4.8%
2026-06-18 17:45:10,675 [INFO]           → conviction 6/100  |  signals 2/19
2026-06-18 17:45:10,676 [INFO]   [ 59]  VIRTUAL   (#122)  $0.57676       7d: +1.0%
2026-06-18 17:45:11,202 [INFO]           → conviction 13/100  |  signals 3/19
2026-06-18 17:45:11,202 [INFO]   [ 60]  TIA       (#126)  $0.37312       7d: +15.1%
2026-06-18 17:45:11,740 [INFO]           → conviction 6/100  |  signals 2/19
2026-06-18 17:45:11,741 [INFO]   [ 61]  APXUSD    (#127)  $0.86469       7d: -10.0%
2026-06-18 17:45:16,258 [INFO]           → conviction 12/100  |  signals 3/19
2026-06-18 17:45:20,759 [INFO]   [ 62]  SKYAI     (#128)  $0.34707       7d: +52.6%
2026-06-18 17:45:24,599 [INFO]           → conviction 3/100  |  signals 1/19
2026-06-18 17:45:29,101 [INFO]   [ 63]  JTO       (#129)  $0.69923       7d: +26.8%
2026-06-18 17:45:29,656 [INFO]           → conviction 6/100  |  signals 2/19
2026-06-18 17:45:29,656 [INFO]   [ 64]  STX       (#130)  $0.18046       7d: -2.1%
2026-06-18 17:45:30,191 [INFO]           → conviction 10/100  |  signals 2/19
2026-06-18 17:45:30,191 [INFO]   [ 65]  SUN       (#132)  $0.01690       7d: -0.6%
2026-06-18 17:45:30,710 [INFO]           → conviction 16/100  |  signals 4/19
2026-06-18 17:45:30,710 [INFO]   [ 66]  PYTH      (#136)  $0.03625       7d: +1.6%
2026-06-18 17:45:31,245 [INFO]           → conviction 10/100  |  signals 2/19
2026-06-18 17:45:31,245 [INFO]   [ 67]  UB        (#137)  $0.11336       7d: -3.7%
2026-06-18 17:45:31,782 [INFO]           → conviction 10/100  |  signals 2/19
2026-06-18 17:45:31,782 [INFO]   [ 68]  GNO       (#138)  $103.61000     7d: +7.6%
2026-06-18 17:45:31,790 [WARNING]           → skip GNO: OHLCV data is stale (>8h old or duplicates)
2026-06-18 17:45:31,792 [INFO]   [ 69]  GRASS     (#141)  $0.41362       7d: +15.8%
2026-06-18 17:45:32,315 [INFO]           → conviction 6/100  |  signals 2/19
2026-06-18 17:45:32,316 [INFO]   [ 70]  KAG       (#142)  $66.47000      7d: +3.9%
2026-06-18 17:45:36,113 [INFO]           → conviction 2/100  |  signals 1/19
2026-06-18 17:45:40,614 [INFO]   [ 71]  XTZ       (#145)  $0.22731       7d: -3.1%
2026-06-18 17:45:41,151 [INFO]           → conviction 13/100  |  signals 3/19
2026-06-18 17:45:41,152 [INFO]   [ 72]  CFX       (#147)  $0.04734       7d: +6.5%
2026-06-18 17:45:41,682 [INFO]           → conviction 16/100  |  signals 4/19
2026-06-18 17:45:41,682 [INFO]   [ 73]  ZBCN      (#148)  $0.00251       7d: -2.4%
2026-06-18 17:45:42,205 [INFO]           → conviction 6/100  |  signals 2/19
2026-06-18 17:45:42,206 [INFO]   [ 74]  ZRO       (#150)  $0.97077       7d: +7.9%
2026-06-18 17:45:42,742 [INFO]           → conviction 6/100  |  signals 2/19
2026-06-18 17:45:42,743 [INFO]   [ 75]  MON       (#149)  $0.02073       7d: -4.1%
2026-06-18 17:45:43,274 [INFO]           → conviction 13/100  |  signals 3/19
2026-06-18 17:45:43,274 [INFO]   [ 76]  2Z        (#151)  $0.07012       7d: +0.8%
2026-06-18 17:45:43,801 [INFO]           → conviction 14/100  |  signals 4/19
2026-06-18 17:45:43,802 [INFO]   [ 77]  JASMY     (#153)  $0.00476       7d: +2.0%
2026-06-18 17:45:44,328 [INFO]           → conviction 10/100  |  signals 2/19
2026-06-18 17:45:44,329 [INFO]   [ 78]  BSV       (#155)  $11.52000      7d: +0.4%
2026-06-18 17:45:44,887 [INFO]           → conviction 3/100  |  signals 1/19
2026-06-18 17:45:44,887 [INFO]   [ 79]  OP        (#158)  $0.10460       7d: +12.3%
2026-06-18 17:45:45,440 [INFO]           → conviction 16/100  |  signals 4/19
2026-06-18 17:45:45,440 [INFO]   [ 80]  TEL       (#159)  $0.00238       7d: -3.3%
2026-06-18 17:45:49,088 [INFO]           → conviction 0/100  |  signals 0/19
2026-06-18 17:45:53,590 [INFO]   [ 81]  LDO       (#160)  $0.26578       7d: +0.6%
2026-06-18 17:45:54,122 [INFO]           → conviction 18/100  |  signals 4/19
2026-06-18 17:45:54,123 [INFO]   [ 82]  B         (#163)  $0.22006       7d: -7.6%
2026-06-18 17:45:54,661 [INFO]           → conviction 6/100  |  signals 2/19
2026-06-18 17:45:54,662 [INFO]   [ 83]  STRK      (#164)  $0.03368       7d: -2.2%
2026-06-18 17:45:55,204 [INFO]           → conviction 10/100  |  signals 2/19
2026-06-18 17:45:55,204 [INFO]   [ 84]  KAIA      (#167)  $0.03699       7d: +2.2%
2026-06-18 17:45:55,728 [INFO]           → conviction 19/100  |  signals 5/19
2026-06-18 17:45:55,729 [INFO]   [ 85]  AKT       (#170)  $0.72994       7d: +19.0%
2026-06-18 17:45:56,268 [INFO]           → conviction 6/100  |  signals 2/19
2026-06-18 17:45:56,268 [INFO]   [ 86]  FF        (#171)  $0.07300       7d: -4.8%
2026-06-18 17:45:56,796 [INFO]           → conviction 0/100  |  signals 0/19
2026-06-18 17:45:56,797 [INFO]   [ 87]  ENS       (#172)  $5.20000       7d: +10.7%
2026-06-18 17:45:57,344 [INFO]           → conviction 16/100  |  signals 4/19
2026-06-18 17:45:57,345 [INFO]   [ 88]  IOTA      (#174)  $0.04537       7d: +0.2%
2026-06-18 17:45:57,879 [INFO]           → conviction 10/100  |  signals 2/19
2026-06-18 17:45:57,879 [INFO]   [ 89]  GRT       (#175)  $0.01884       7d: -1.9%
2026-06-18 17:45:58,424 [INFO]           → conviction 10/100  |  signals 2/19
2026-06-18 17:45:58,424 [INFO]   [ 90]  DCR       (#177)  $11.58000      7d: -4.4%
2026-06-18 17:45:59,223 [INFO]           → conviction 0/100  |  signals 0/19
2026-06-18 17:45:59,223 [INFO]   [ 91]  REAL      (#179)  $0.05993       7d: +3.8%
2026-06-18 17:46:03,122 [INFO]           → conviction 3/100  |  signals 1/19
2026-06-18 17:46:07,624 [INFO]   [ 92]  PIEVERSE  (#183)  $0.68071       7d: +11.0%
2026-06-18 17:46:08,148 [INFO]           → conviction 16/100  |  signals 4/19
2026-06-18 17:46:08,149 [INFO]   [ 93]  ULTIMA    (#184)  $2130.76000    7d: -6.2%
2026-06-18 17:46:11,983 [INFO]           → conviction 6/100  |  signals 2/19
2026-06-18 17:46:16,486 [INFO]   [ 94]  BTSE      (#185)  $1.09100       7d: +1.1%
2026-06-18 17:46:20,559 [INFO]           → conviction 0/100  |  signals 0/19
2026-06-18 17:46:25,059 [INFO]   [ 95]  WFI       (#187)  $2.01000       7d: -1.7%
2026-06-18 17:46:28,848 [INFO]           → skip (flatliner: ATR 0.45% / BB 0.51%)
2026-06-18 17:46:33,349 [INFO]   [ 96]  COMP      (#190)  $17.15000      7d: -3.1%
2026-06-18 17:46:33,889 [INFO]           → conviction 16/100  |  signals 4/19
2026-06-18 17:46:33,890 [INFO]   [ 97]  MX        (#191)  $1.77000       7d: +4.3%
2026-06-18 17:46:37,724 [INFO]           → conviction 3/100  |  signals 1/19
2026-06-18 17:46:42,225 [INFO]   [ 98]  AXS       (#193)  $0.93100       7d: -0.1%
2026-06-18 17:46:42,764 [INFO]           → conviction 13/100  |  signals 3/19
2026-06-18 17:46:42,765 [INFO]   [ 99]  TWT       (#196)  $0.38144       7d: -0.5%
2026-06-18 17:46:43,312 [INFO]           → conviction 0/100  |  signals 0/19
2026-06-18 17:46:43,312 [INFO]   [100]  RAY       (#197)  $0.58893       7d: +1.8%
2026-06-18 17:46:44,166 [INFO]           → conviction 3/100  |  signals 1/19
2026-06-18 17:46:44,167 [INFO]   [101]  BILL      (#199)  $0.06362       7d: -2.7%
2026-06-18 17:46:44,729 [INFO]           → conviction 0/100  |  signals 0/19
2026-06-18 17:46:44,730 [INFO]   [102]  TRAC      (#200)  $0.34508       7d: +0.0%
2026-06-18 17:46:48,609 [INFO]           → conviction 11/100  |  signals 4/19
2026-06-18 17:46:53,110 [INFO]   [103]  NEO       (#202)  $2.16000       7d: -0.2%
2026-06-18 17:46:53,664 [INFO]           → conviction 10/100  |  signals 2/19
2026-06-18 17:46:53,665 [INFO]   [104]  THETA     (#205)  $0.15101       7d: -3.7%
2026-06-18 17:46:54,194 [INFO]           → conviction 10/100  |  signals 2/19
2026-06-18 17:46:54,194 [INFO]   [105]  EIGEN     (#209)  $0.20089       7d: +13.8%
2026-06-18 17:46:54,714 [INFO]           → conviction 16/100  |  signals 4/19
2026-06-18 17:46:54,714 [INFO]   [106]  ZANO      (#210)  $9.69000       7d: +8.0%
2026-06-18 17:46:58,627 [INFO]           → conviction 17/100  |  signals 4/19
2026-06-18 17:47:03,129 [INFO]   [107]  APYUSD    (#211)  $1.16000       7d: -11.4%
2026-06-18 17:47:07,010 [INFO]           → conviction 12/100  |  signals 3/19
2026-06-18 17:47:11,512 [INFO]   [108]  EURCV     (#215)  $1.15000       7d: -0.4%
2026-06-18 17:47:15,396 [INFO]           → skip (flatliner: ATR 0.09% / BB 0.41%)
2026-06-18 17:47:19,897 [INFO]   [109]  SAND      (#217)  $0.05035       7d: -3.7%
2026-06-18 17:47:20,418 [INFO]           → conviction 6/100  |  signals 2/19
2026-06-18 17:47:20,420 [INFO]   [110]  BAT       (#219)  $0.08840       7d: -3.7%
2026-06-18 17:47:20,723 [INFO]           → conviction 21/100  |  signals 4/19
2026-06-18 17:47:20,725 [INFO]   [111]  MANA      (#220)  $0.06564       7d: -2.8%
2026-06-18 17:47:21,253 [INFO]           → conviction 10/100  |  signals 2/19
2026-06-18 17:47:21,253 [INFO]   [112]  AR        (#222)  $1.93000       7d: +4.0%
2026-06-18 17:47:21,790 [INFO]           → conviction 13/100  |  signals 3/19
2026-06-18 17:47:21,791 [INFO]   [113]  APE       (#223)  $0.12638       7d: -0.4%
2026-06-18 17:47:22,325 [INFO]           → conviction 16/100  |  signals 4/19
2026-06-18 17:47:22,326 [INFO]   [114]  SHFL      (#224)  $0.29701       7d: -3.2%
2026-06-18 17:47:22,620 [INFO]           → conviction 11/100  |  signals 4/19
2026-06-18 17:47:22,620 [INFO]   [115]  VSN       (#228)  $0.03358       7d: +5.4%
2026-06-18 17:47:26,425 [INFO]           → conviction 10/100  |  signals 3/19
2026-06-18 17:47:30,926 [INFO]   [116]  FARTCOIN  (#229)  $0.12316       7d: +6.5%
2026-06-18 17:47:31,453 [INFO]           → conviction 6/100  |  signals 2/19
2026-06-18 17:47:31,453 [INFO]   [117]  GALA      (#230)  $0.00254       7d: -5.9%
2026-06-18 17:47:31,995 [INFO]           → conviction 10/100  |  signals 2/19
2026-06-18 17:47:31,995 [INFO]   [118]  THBILL    (#232)  $1.00600       7d: -1.8%
2026-06-18 17:47:35,801 [INFO]           → skip (flatliner: ATR 0.30% / BB 0.52%)
2026-06-18 17:47:40,303 [INFO]   [119]  CASH      (#234)  $0.99922       7d: -0.0%
2026-06-18 17:47:44,171 [INFO]           → conviction 25/100  |  signals 5/19
2026-06-18 17:47:48,673 [INFO]   [120]  TIBBIR    (#235)  $0.11736       7d: +8.3%
2026-06-18 17:47:52,508 [INFO]           → conviction 6/100  |  signals 2/19
2026-06-18 17:47:57,010 [INFO]   [121]  S         (#237)  $0.03081       7d: +1.3%
2026-06-18 17:47:57,533 [INFO]           → conviction 6/100  |  signals 2/19
2026-06-18 17:47:57,534 [INFO]   [122]  SFP       (#239)  $0.23207       7d: -5.1%
2026-06-18 17:47:58,332 [INFO]           → conviction 0/100  |  signals 0/19
2026-06-18 17:47:58,333 [INFO]   [123]  IMX       (#240)  $0.13751       7d: -2.4%
2026-06-18 17:47:58,879 [INFO]           → conviction 10/100  |  signals 2/19
2026-06-18 17:47:58,880 [INFO]   [124]  CVX       (#245)  $1.24000       7d: -9.2%
2026-06-18 17:47:59,408 [INFO]           → conviction 10/100  |  signals 2/19
2026-06-18 17:47:59,409 [INFO]   [125]  KAITO     (#246)  $0.46826       7d: +13.1%
2026-06-18 17:47:59,933 [INFO]           → conviction 14/100  |  signals 4/19
2026-06-18 17:47:59,934 [INFO]   [126]  SENT      (#247)  $0.01562       7d: +3.1%
2026-06-18 17:48:00,503 [INFO]           → conviction 6/100  |  signals 2/19
2026-06-18 17:48:00,503 [INFO]   [127]  A         (#249)  $0.06795       7d: -2.2%
2026-06-18 17:48:01,036 [INFO]           → conviction 3/100  |  signals 1/19
2026-06-18 17:48:01,037 [INFO]   [128]  TAG       (#253)  $0.00102       7d: +4.4%
2026-06-18 17:48:05,199 [INFO]           → conviction 8/100  |  signals 3/19
2026-06-18 17:48:09,700 [INFO]   [129]  GOMINING  (#251)  $0.27366       7d: +6.5%
2026-06-18 17:48:13,486 [INFO]           → conviction 3/100  |  signals 1/19
2026-06-18 17:48:17,988 [INFO]   [130]  WEMIX     (#255)  $0.23311       7d: -10.2%
2026-06-18 17:48:18,288 [INFO]           → conviction 3/100  |  signals 1/19
2026-06-18 17:48:18,289 [INFO]   [131]  ZK        (#256)  $0.01111       7d: -2.6%
2026-06-18 17:48:18,829 [INFO]           → conviction 19/100  |  signals 5/19
2026-06-18 17:48:18,830 [INFO]   [132]  BMX       (#259)  $0.31040       7d: +7.2%
2026-06-18 17:48:22,640 [INFO]           → conviction 14/100  |  signals 4/19
2026-06-18 17:48:27,142 [INFO]   [133]  BANANAS31  (#260)  $0.01057       7d: +16.6%
2026-06-18 17:48:27,672 [INFO]           → conviction 16/100  |  signals 5/19
2026-06-18 17:48:27,673 [INFO]   [134]  GLM       (#261)  $0.10499       7d: -2.1%
2026-06-18 17:48:28,195 [INFO]           → conviction 6/100  |  signals 1/19
2026-06-18 17:48:28,196 [INFO]   [135]  O         (#262)  $0.65423     
2026-06-18 17:48:29,560 [INFO]           → skip (insufficient data)
2026-06-18 17:48:34,062 [INFO]   [136]  AWE       (#265)  $0.05376       7d: -0.3%
2026-06-18 17:48:34,578 [INFO]           → conviction 6/100  |  signals 1/19
2026-06-18 17:48:34,579 [INFO]   [137]  AB        (#267)  $0.00105       7d: -5.0%
2026-06-18 17:48:34,874 [INFO]           → conviction 11/100  |  signals 2/19
2026-06-18 17:48:34,874 [INFO]   [138]  1INCH     (#270)  $0.07241       7d: +0.6%
2026-06-18 17:48:35,386 [INFO]           → conviction 10/100  |  signals 2/19
2026-06-18 17:48:35,387 [INFO]   [139]  GEOD      (#276)  $0.21791       7d: +33.9%
2026-06-18 17:48:35,683 [INFO]           → conviction 18/100  |  signals 5/19
2026-06-18 17:48:35,683 [INFO]   [140]  QAIT      (#277)  $0.02224       7d: -2.4%
2026-06-18 17:48:39,442 [INFO]           → conviction 6/100  |  signals 2/19
2026-06-18 17:48:43,943 [INFO]   [141]  DYDX      (#280)  $0.11262       7d: -4.7%
2026-06-18 17:48:44,479 [INFO]           → conviction 10/100  |  signals 2/19
2026-06-18 17:48:44,480 [INFO]   [142]  ATH       (#282)  $0.00454       7d: +3.3%
2026-06-18 17:48:45,022 [INFO]           → conviction 10/100  |  signals 3/19
2026-06-18 17:48:45,022 [INFO]   [143]  ALLO      (#284)  $0.38703       7d: +2.7%
2026-06-18 17:48:45,560 [INFO]           → conviction 11/100  |  signals 3/19
2026-06-18 17:48:45,560 [INFO]   [144]  FORM      (#293)  $0.22751       7d: -1.3%
2026-06-18 17:48:46,085 [INFO]           → conviction 13/100  |  signals 3/19
2026-06-18 17:48:46,085 [INFO]   [145]  UMXM      (#294)  $1.84000       7d: +7.0%
2026-06-18 17:48:49,883 [INFO]           → conviction 12/100  |  signals 4/19
2026-06-18 17:48:54,385 [INFO]   [146]  LPT       (#295)  $1.74000       7d: +0.9%
2026-06-18 17:48:54,913 [INFO]           → conviction 11/100  |  signals 2/19
2026-06-18 17:48:54,914 [INFO]   [147]  EGLD      (#298)  $2.79000       7d: -3.7%
2026-06-18 17:48:55,445 [INFO]           → conviction 10/100  |  signals 2/19
2026-06-18 17:48:55,445 [INFO]   [148]  USDA      (#296)  $0.96583       7d: -2.3%
2026-06-18 17:48:59,276 [INFO]           → conviction 12/100  |  signals 4/19
2026-06-18 17:49:03,778 [INFO]   [149]  MUON      (#299)  $1125.13000    7d: +23.7%
2026-06-18 17:49:07,600 [INFO]           → conviction 6/100  |  signals 2/19
2026-06-18 17:49:12,102 [INFO]   [150]  ARKM      (#300)  $0.12680       7d: +4.8%
2026-06-18 17:49:12,632 [INFO]           → conviction 16/100  |  signals 4/19
2026-06-18 17:49:12,636 [INFO]   [151]  SNX       (#302)  $0.24091       7d: -1.3%
2026-06-18 17:49:13,156 [INFO]           → conviction 13/100  |  signals 3/19
2026-06-18 17:49:13,157 [INFO]   [152]  PROS      (#303)  $0.60644       7d: +12.2%
2026-06-18 17:49:13,659 [WARNING]           → skip PROS: OHLCV data is stale (>8h old or duplicates)
2026-06-18 17:49:13,660 [INFO]   [153]  ARC       (#305)  $0.08182       7d: -1.2%
2026-06-18 17:49:14,197 [INFO]           → conviction 10/100  |  signals 3/19
2026-06-18 17:49:14,198 [INFO]   [154]  FLUID     (#308)  $1.02500       7d: -7.3%
2026-06-18 17:49:14,740 [INFO]           → conviction 3/100  |  signals 1/19
2026-06-18 17:49:14,741 [INFO]   [155]  SN64      (#309)  $15.40000      7d: +10.0%
2026-06-18 17:49:15,040 [INFO]           → conviction 11/100  |  signals 3/19
2026-06-18 17:49:15,041 [INFO]   [156]  WAL       (#310)  $0.03344       7d: +2.1%
2026-06-18 17:49:15,563 [INFO]           → conviction 13/100  |  signals 4/19
2026-06-18 17:49:15,563 [INFO]   [157]  RSR       (#313)  $0.00128       7d: -5.4%
2026-06-18 17:49:16,103 [INFO]           → conviction 10/100  |  signals 2/19
2026-06-18 17:49:16,104 [INFO]   [158]  ZEN       (#322)  $4.26000       7d: -0.6%
2026-06-18 17:49:16,634 [INFO]           → conviction 10/100  |  signals 2/19
2026-06-18 17:49:16,635 [INFO]   [159]  BAS       (#324)  $0.03035       7d: -6.8%
2026-06-18 17:49:20,543 [INFO]           → conviction 16/100  |  signals 5/19
2026-06-18 17:49:25,044 [INFO]   [160]  USELESS   (#325)  $0.07561       7d: +22.8%
2026-06-18 17:49:25,584 [INFO]           → conviction 19/100  |  signals 5/19
2026-06-18 17:49:25,586 [INFO]   [161]  QTUM      (#327)  $0.71299       7d: +1.5%
2026-06-18 17:49:26,123 [INFO]           → conviction 3/100  |  signals 1/19
2026-06-18 17:49:26,124 [INFO]   [162]  BIO       (#330)  $0.03511       7d: +12.6%
2026-06-18 17:49:26,437 [INFO]           → conviction 18/100  |  signals 5/19
2026-06-18 17:49:26,438 [INFO]   [163]  Q         (#328)  $0.01838       7d: +1.9%
2026-06-18 17:49:26,988 [INFO]           → conviction 18/100  |  signals 5/19
2026-06-18 17:49:26,988 [INFO]   [164]  MELANIA   (#334)  $0.07828       7d: +0.7%
2026-06-18 17:49:27,528 [INFO]           → conviction 3/100  |  signals 1/19
2026-06-18 17:49:27,528 [INFO]   [165]  MAGMA     (#335)  $0.39299       7d: +1.1%
2026-06-18 17:49:28,082 [INFO]           → conviction 16/100  |  signals 5/19
2026-06-18 17:49:28,084 [INFO]   [166]  DBR       (#338)  $0.01382       7d: -9.1%
2026-06-18 17:49:28,615 [INFO]           → conviction 0/100  |  signals 0/19
2026-06-18 17:49:28,616 [INFO]   [167]  ZAMA      (#339)  $0.03306       7d: +2.9%
2026-06-18 17:49:29,172 [INFO]           → conviction 19/100  |  signals 5/19
2026-06-18 17:49:29,172 [INFO]   [168]  AIOZ      (#341)  $0.05823       7d: +4.5%
2026-06-18 17:49:29,711 [INFO]           → conviction 27/100  |  signals 7/19
2026-06-18 17:49:29,712 [INFO]   [169]  ZRX       (#343)  $0.08493       7d: -2.4%
2026-06-18 17:49:30,248 [INFO]           → conviction 6/100  |  signals 2/19
2026-06-18 17:49:30,249 [INFO]   [170]  ZIG       (#344)  $0.05092       7d: -7.8%
2026-06-18 17:49:34,116 [INFO]           → conviction 0/100  |  signals 0/19
2026-06-18 17:49:38,617 [INFO]   [171]  GAS       (#350)  $1.07900       7d: -1.7%
2026-06-18 17:49:39,138 [INFO]           → conviction 10/100  |  signals 2/19
2026-06-18 17:49:39,139 [INFO]   [172]  META      (#353)  $3.05000       7d: +11.5%
2026-06-18 17:49:39,704 [INFO]           → conviction 11/100  |  signals 3/19
2026-06-18 17:49:39,705 [INFO]   [173]  MAG7.SSI  (#354)  $0.41091       7d: +0.2%
2026-06-18 17:49:43,606 [INFO]           → conviction 0/100  |  signals 0/19
2026-06-18 17:49:48,108 [INFO]   [174]  CYS       (#355)  $0.42915       7d: -7.5%
2026-06-18 17:49:48,644 [INFO]           → conviction 3/100  |  signals 1/19
2026-06-18 17:49:48,645 [INFO]   [175]  CARDS     (#363)  $0.25934       7d: +46.5%
2026-06-18 17:49:52,564 [INFO]           → conviction 25/100  |  signals 6/19
2026-06-18 17:49:57,065 [INFO]   [176]  RVN       (#362)  $0.00410       7d: -2.0%
2026-06-18 17:49:57,608 [INFO]           → conviction 6/100  |  signals 1/19
2026-06-18 17:49:57,609 [INFO]   [177]  TROLL     (#367)  $0.06615       7d: -1.3%
2026-06-18 17:50:03,065 [INFO]           → conviction 3/100  |  signals 1/19
2026-06-18 17:50:07,566 [INFO]   [178]  YFI       (#366)  $1837.25000    7d: -2.5%
2026-06-18 17:50:08,119 [INFO]           → conviction 6/100  |  signals 1/19
2026-06-18 17:50:08,120 [INFO]   [179]  JCT       (#369)  $0.00569       7d: -4.1%
2026-06-18 17:50:08,649 [INFO]           → conviction 3/100  |  signals 1/19
2026-06-18 17:50:08,650 [INFO]   [180]  METAL     (#373)  $0.12821       7d: -1.6%
2026-06-18 17:50:09,090 [INFO]           → conviction 18/100  |  signals 4/19
2026-06-18 17:50:09,091 [INFO]   [181]  AIPF      (#372)  $2.18000       7d: -0.5%
2026-06-18 17:50:09,394 [INFO]           → conviction 6/100  |  signals 2/19
2026-06-18 17:50:09,395 [INFO]   [182]  PLUME     (#371)  $0.01125       7d: +9.2%
2026-06-18 17:50:09,929 [INFO]           → conviction 26/100  |  signals 6/19
2026-06-18 17:50:09,929 [INFO]   [183]  SAFE      (#374)  $0.08634       7d: -6.6%
2026-06-18 17:50:10,467 [INFO]           → conviction 6/100  |  signals 2/19
2026-06-18 17:50:10,467 [INFO]   [184]  KSM       (#375)  $3.52000       7d: -2.6%
2026-06-18 17:50:11,001 [INFO]           → conviction 6/100  |  signals 1/19
2026-06-18 17:50:11,001 [INFO]   [185]  XPR       (#376)  $0.00225       7d: +2.1%
2026-06-18 17:50:14,918 [INFO]           → conviction 3/100  |  signals 1/19
2026-06-18 17:50:19,420 [INFO]   [186]  BERA      (#380)  $0.23042       7d: -7.0%
2026-06-18 17:50:19,961 [INFO]           → conviction 3/100  |  signals 1/19
2026-06-18 17:50:19,961 [INFO]   [187]  BAN       (#381)  $0.06313       7d: -12.6%
2026-06-18 17:50:20,494 [INFO]           → conviction 6/100  |  signals 2/19
2026-06-18 17:50:20,494 [INFO]   [188]  ORDI      (#382)  $3.01000       7d: -5.1%
2026-06-18 17:50:21,044 [INFO]           → conviction 6/100  |  signals 1/19
2026-06-18 17:50:21,044 [INFO]   [189]  MHORSE    (#384)  $0.06264       7d: +7.7%
2026-06-18 17:50:24,897 [INFO]           → conviction 23/100  |  signals 6/19
2026-06-18 17:50:29,399 [INFO]   [190]  DOG       (#387)  $0.00061       7d: -1.0%
2026-06-18 17:50:29,844 [WARNING]           → skip DOG: OHLCV data is stale (>8h old or duplicates)
2026-06-18 17:50:29,844 [INFO]   [191]  VELO      (#388)  $0.00346       7d: +3.5%
2026-06-18 17:50:30,437 [INFO]           → conviction 32/100  |  signals 7/19
2026-06-18 17:50:30,437 [INFO]   [192]  ZIL       (#392)  $0.00309       7d: -0.4%
2026-06-18 17:50:31,200 [INFO]           → conviction 6/100  |  signals 1/19
2026-06-18 17:50:31,200 [INFO]   [193]  TRIA      (#393)  $0.02792       7d: +9.0%
2026-06-18 17:50:32,273 [INFO]           → conviction 14/100  |  signals 4/19
2026-06-18 17:50:32,274 [INFO]   [194]  NMR       (#394)  $8.51000       7d: +3.0%
2026-06-18 17:50:33,302 [INFO]           → conviction 19/100  |  signals 4/19
2026-06-18 17:50:33,303 [INFO]   [195]  TFUEL     (#395)  $0.00810       7d: -3.6%
2026-06-18 17:50:35,315 [INFO]           → conviction 0/100  |  signals 0/19
2026-06-18 17:50:35,316 [INFO]   [196]  ALCH      (#397)  $0.06981       7d: +16.1%
2026-06-18 17:50:36,067 [INFO]           → conviction 11/100  |  signals 3/19
2026-06-18 17:50:36,068 [INFO]   [197]  TURBO     (#398)  $0.00086       7d: -0.2%
2026-06-18 17:50:36,883 [INFO]           → conviction 6/100  |  signals 2/19
2026-06-18 17:50:36,883 [INFO]   [198]  SUPER     (#400)  $0.09192       7d: -1.3%
2026-06-18 17:50:37,416 [INFO]           → conviction 6/100  |  signals 2/19
2026-06-18 17:50:37,416 [INFO]   [199]  LINEA     (#402)  $0.00243       7d: +1.8%
2026-06-18 17:50:37,938 [INFO]           → conviction 16/100  |  signals 4/19
2026-06-18 17:50:37,938 [INFO]   [200]  IO        (#403)  $0.16664       7d: +0.1%
2026-06-18 17:50:38,471 [INFO]           → conviction 3/100  |  signals 1/19
2026-06-18 17:50:38,471 [INFO]   [201]  JELLYJELLY  (#404)  $0.05812       7d: -0.1%
2026-06-18 17:50:39,008 [INFO]           → conviction 6/100  |  signals 2/19
2026-06-18 17:50:39,008 [INFO]   [202]  0G        (#406)  $0.27103       7d: -7.8%
2026-06-18 17:50:39,552 [INFO]           → conviction 10/100  |  signals 2/19
2026-06-18 17:50:39,553 [INFO]   [203]  GMX       (#407)  $5.54000       7d: +2.2%
2026-06-18 17:50:40,088 [INFO]           → conviction 10/100  |  signals 2/19
2026-06-18 17:50:40,088 [INFO]   [204]  EURI      (#413)  $1.15000       7d: -0.4%
2026-06-18 17:50:40,889 [INFO]           → skip (flatliner: ATR 0.33% / BB 0.45%)
2026-06-18 17:50:40,890 [INFO]   [205]  KNTQ      (#414)  $0.20234       7d: -3.6%
2026-06-18 17:50:44,740 [INFO]           → conviction 0/100  |  signals 0/19
2026-06-18 17:50:49,241 [INFO]   [206]  FXUSD     (#415)  $1.00100       7d: +0.2%
2026-06-18 17:50:49,541 [INFO]           → skip (flatliner: ATR 1.24% / BB 0.31%)
2026-06-18 17:50:49,541 [INFO]   [207]  MET       (#416)  $0.10620       7d: +1.8%
2026-06-18 17:50:50,078 [INFO]           → conviction 10/100  |  signals 3/19
2026-06-18 17:50:50,078 [INFO]   [208]  W         (#417)  $0.00926       7d: +2.5%
2026-06-18 17:50:50,382 [INFO]           → conviction 10/100  |  signals 3/19
2026-06-18 17:50:50,383 [INFO]   [209]  TSLAX     (#418)  $392.90000     7d: +2.0%
2026-06-18 17:50:54,407 [INFO]           → conviction 0/100  |  signals 0/19
2026-06-18 17:50:58,908 [INFO]   [210]  SPK       (#419)  $0.01774       7d: -11.2%
2026-06-18 17:50:59,786 [INFO]           → conviction 10/100  |  signals 2/19
2026-06-18 17:50:59,787 [INFO]   [211]  PURR      (#420)  $0.09264       7d: +8.1%
2026-06-18 17:51:03,663 [INFO]           → conviction 3/100  |  signals 1/19
2026-06-18 17:51:08,164 [INFO]   [212]  SKR       (#421)  $0.00842       7d: -5.0%
2026-06-18 17:51:08,697 [INFO]           → conviction 6/100  |  signals 1/19
2026-06-18 17:51:08,698 [INFO]   [213]  IDOL      (#426)  $0.02906       7d: -9.3%
2026-06-18 17:51:12,551 [INFO]           → conviction 0/100  |  signals 0/19
2026-06-18 17:51:17,052 [INFO]   [214]  BABY      (#425)  $0.01468       7d: +0.6%
2026-06-18 17:51:17,582 [INFO]           → conviction 13/100  |  signals 3/19
2026-06-18 17:51:17,583 [INFO]   [215]  QFI       (#424)  $54.39000      7d: -1.0%
2026-06-18 17:51:21,533 [INFO]           → skip (flatliner: ATR 0.98% / BB 0.45%)
2026-06-18 17:51:26,035 [INFO]   [216]  SOON      (#427)  $0.15891       7d: -6.3%
2026-06-18 17:51:26,550 [INFO]           → conviction 0/100  |  signals 0/19
2026-06-18 17:51:26,552 [INFO]   [217]  HOT       (#431)  $0.00030       7d: -3.0%
2026-06-18 17:51:27,346 [INFO]           → conviction 6/100  |  signals 1/19
2026-06-18 17:51:27,347 [INFO]   [218]  MINA      (#432)  $0.04111       7d: -0.9%
2026-06-18 17:51:27,894 [INFO]           → conviction 10/100  |  signals 2/19
2026-06-18 17:51:27,896 [INFO]   [219]  ZETA      (#434)  $0.03616       7d: -4.9%
2026-06-18 17:51:28,425 [INFO]           → conviction 3/100  |  signals 1/19
2026-06-18 17:51:28,426 [INFO]   [220]  TOSHI     (#438)  $0.00012       7d: +0.9%
2026-06-18 17:51:32,479 [INFO]           → conviction 3/100  |  signals 1/19
2026-06-18 17:51:36,981 [INFO]   [221]  CKB       (#440)  $0.00106       7d: -3.7%
2026-06-18 17:51:37,516 [INFO]           → conviction 16/100  |  signals 4/19
2026-06-18 17:51:37,517 [INFO]   [222]  APR       (#441)  $0.21042       7d: +3.9%
2026-06-18 17:51:38,042 [INFO]           → conviction 19/100  |  signals 6/19
2026-06-18 17:51:38,043 [INFO]   [223]  AXL       (#442)  $0.04355       7d: +2.4%
2026-06-18 17:51:38,562 [INFO]           → conviction 16/100  |  signals 4/19
2026-06-18 17:51:38,563 [INFO]   [224]  DIEM      (#443)  $1390.57000    7d: +1.8%
2026-06-18 17:51:42,458 [INFO]           → conviction 5/100  |  signals 2/19
2026-06-18 17:51:46,961 [INFO]   [225]  NVDAON    (#446)  $210.79000     7d: +4.8%
2026-06-18 17:51:50,863 [INFO]           → conviction 24/100  |  signals 6/19
2026-06-18 17:51:55,366 [INFO]   [226]  HNT       (#448)  $0.28019       7d: -6.9%
2026-06-18 17:51:55,889 [INFO]           → conviction 0/100  |  signals 0/19
2026-06-18 17:51:55,890 [INFO]   [227]  UP        (#447)  $0.40532       7d: +8.1%
2026-06-18 17:51:59,933 [INFO]           → conviction 23/100  |  signals 6/19
2026-06-18 17:52:04,435 [INFO]   [228]  CTC       (#452)  $0.09359       7d: -8.6%
2026-06-18 17:52:05,019 [INFO]           → conviction 3/100  |  signals 1/19
2026-06-18 17:52:05,020 [INFO]   [229]  ROSE      (#453)  $0.00646       7d: +2.0%
2026-06-18 17:52:05,612 [INFO]           → conviction 18/100  |  signals 4/19
2026-06-18 17:52:05,613 [INFO]   [230]  BARD      (#455)  $0.15007       7d: -1.6%
2026-06-18 17:52:06,181 [INFO]           → conviction 10/100  |  signals 2/19
2026-06-18 17:52:06,182 [INFO]   [231]  KAVA      (#460)  $0.04550       7d: +5.9%
2026-06-18 17:52:06,722 [INFO]           → conviction 10/100  |  signals 3/19
2026-06-18 17:52:06,723 [INFO]   [232]  SQD       (#461)  $0.04498       7d: +25.8%
2026-06-18 17:52:07,254 [INFO]           → conviction 10/100  |  signals 3/19
2026-06-18 17:52:07,255 [INFO]   [233]  ASTR      (#462)  $0.00564       7d: -7.9%
2026-06-18 17:52:07,565 [INFO]           → conviction 16/100  |  signals 4/19
2026-06-18 17:52:07,566 [INFO]   [234]  FLOW      (#463)  $0.02935       7d: +1.2%
2026-06-18 17:52:08,112 [INFO]           → conviction 19/100  |  signals 5/19
2026-06-18 17:52:08,114 [INFO]   [235]  POLYX     (#465)  $0.03773       7d: +1.0%
2026-06-18 17:52:08,636 [INFO]           → conviction 14/100  |  signals 3/19
2026-06-18 17:52:08,636 [INFO]   [236]  XYO       (#466)  $0.00345       7d: -2.0%
2026-06-18 17:52:12,921 [INFO]           → conviction 5/100  |  signals 1/19
2026-06-18 17:52:17,423 [INFO]   [237]  FOGO      (#467)  $0.01250       7d: +8.3%
2026-06-18 17:52:17,957 [INFO]           → conviction 13/100  |  signals 4/19
2026-06-18 17:52:17,958 [INFO]   [238]  SUSHI     (#469)  $0.17456       7d: -1.1%
2026-06-18 17:52:18,511 [INFO]           → conviction 3/100  |  signals 1/19
2026-06-18 17:52:18,511 [INFO]   [239]  PEAQ      (#472)  $0.02104       7d: -4.6%
2026-06-18 17:52:19,038 [INFO]           → conviction 10/100  |  signals 3/19
2026-06-18 17:52:19,038 [INFO]   [240]  XNO       (#473)  $0.35183       7d: -5.5%
2026-06-18 17:52:19,829 [INFO]           → conviction 8/100  |  signals 2/19
2026-06-18 17:52:19,829 [INFO]   [241]  ZCHF      (#474)  $1.24000       7d: -0.6%
2026-06-18 17:52:20,123 [INFO]           → skip (flatliner: ATR 0.08% / BB 0.35%)
2026-06-18 17:52:20,123 [INFO]   [242]  AIX       (#477)  $0.46360       7d: +6.5%
2026-06-18 17:52:23,942 [INFO]           → conviction 20/100  |  signals 5/19
2026-06-18 17:52:28,443 [INFO]   [243]  RON       (#476)  $0.06006       7d: +2.1%
2026-06-18 17:52:32,242 [INFO]           → conviction 5/100  |  signals 2/19
2026-06-18 17:52:36,746 [INFO]   [244]  DGB       (#479)  $0.00252       7d: +1.6%
2026-06-18 17:52:37,549 [INFO]           → conviction 10/100  |  signals 3/19
2026-06-18 17:52:37,549 [INFO]   [245]  MOVE      (#483)  $0.01142       7d: -8.8%
2026-06-18 17:52:38,089 [INFO]           → conviction 14/100  |  signals 3/19
2026-06-18 17:52:38,090 [INFO]   [246]  OPEN      (#482)  $0.21223       7d: -4.1%
2026-06-18 17:52:38,632 [INFO]           → conviction 3/100  |  signals 1/19
2026-06-18 17:52:38,632 [INFO]   [247]  SN51      (#485)  $11.06000      7d: +13.8%
2026-06-18 17:52:42,461 [INFO]           → conviction 5/100  |  signals 2/19
2026-06-18 17:52:46,962 [INFO]   [248]  UPUMP     (#484)  $0.00142       7d: -1.4%
2026-06-18 17:52:50,946 [INFO]           → conviction 3/100  |  signals 1/19
2026-06-18 17:52:55,450 [INFO]   [249]  AMP       (#486)  $0.00052       7d: -0.8%
2026-06-18 17:52:56,249 [INFO]           → conviction 10/100  |  signals 3/19
2026-06-18 17:52:56,249 [INFO]   [250]  ONT       (#488)  $0.04465       7d: -5.5%
2026-06-18 17:52:56,779 [INFO]           → conviction 10/100  |  signals 2/19
2026-06-18 17:52:56,780 [INFO]   [251]  AZTEC     (#489)  $0.01506       7d: -3.6%
2026-06-18 17:52:57,322 [INFO]           → conviction 3/100  |  signals 1/19
2026-06-18 17:52:57,322 [INFO]   [252]  BLUR      (#490)  $0.01568       7d: -12.4%
2026-06-18 17:52:57,850 [INFO]           → conviction 13/100  |  signals 3/19
2026-06-18 17:52:57,850 [INFO]   [253]  ROBO      (#493)  $0.01975       7d: -10.8%
2026-06-18 17:52:58,362 [INFO]           → conviction 21/100  |  signals 5/19
2026-06-18 17:52:58,363 [INFO]   [254]  XVS       (#496)  $2.60000       7d: +4.7%
2026-06-18 17:52:58,654 [INFO]           → conviction 21/100  |  signals 5/19
2026-06-18 17:52:58,654 [INFO]   [255]  BNKR      (#497)  $0.00044       7d: -2.6%
2026-06-18 17:53:02,686 [INFO]           → conviction 0/100  |  signals 0/19
2026-06-18 17:53:07,187 [INFO]   [256]  ICNT      (#499)  $0.16990       7d: -10.3%
2026-06-18 17:53:07,729 [INFO]           → conviction 10/100  |  signals 2/19
2026-06-18 17:53:07,736 [INFO] 
[5/5] Building trade plan report...
2026-06-18 17:53:07,736 [INFO]   Raw candidates found: 0
2026-06-18 17:53:07,736 [INFO] [5/5] Checking major leverage opportunities (BTC/ETH/SOL)...
2026-06-18 17:53:07,737 [INFO]   Major leverage: 0 opportunity(s) found
2026-06-18 17:53:07,743 [INFO] 
================================================================================
  CRYPTO SPOT SCANNER — TRADE PLAN REPORT
  Generated: 2026-06-18 17:53:07
================================================================================

MARKET CONTEXT
----------------------------------------
  BTC Price    :  $   62,691.10
  BTC 7-day    :     -1.40%
  BTC 24-hour  :     -2.45%
  ETH 7-day    :     +0.33%
  BTC Dominance:      55.9%
  Regime       :  🟡 SIDEWAYS

  🟡 SIDEWAYS — Thresholds tightened for safety:
     Full entry: Conviction ≥ 60  |  Max position 6.0%  |  Stops 1.0× ATR
     Exception entry: Conviction ≥ 50  |  Max position 3.0%  (6+ signals required)
     Missing a trade is better than losing capital in chop.

ACCOUNT
----------------------------------------
  Balance       : $   96,313.06 USDT
  Risk / trade  : 1.5%  ($1,445 USDT per trade)
  Max positions : 8
  Max heat      : 12.0%

================================================================================
  NO QUALIFYING SETUPS FOUND

  All scanned tokens failed to meet the minimum conviction threshold.
  This means market conditions are not favorable right now.

  RECOMMENDATION: Stay in USDT. Wait for the next scan.
  Patience is a trading edge. Forcing trades loses money.
================================================================================

WATCHLIST  — tokens building momentum, not ready to enter yet
----------------------------------------
  ⏳ = needs 1 more confirmation scan  |  ↗ = conviction rising  |  ↘ = fading
  Monitor all. Enter only after a fresh scan confirms conviction ≥ threshold.

  #     SYMBOL     RANK         PRICE      7d%   CONV  SIGS  TREND  KEY SIGNALS
  ----  ---------  ----  ------------  -------  -----  ----  -----  ----------------------------
  1     🔹VELO      #388  $0.00346         +3.5%    32     7      →  macd_turning, bb_squeeze, higher_lows +4
  2     🔹STABLE    # 80  $0.03345         -1.8%    27     6      →  funding_neg, macd_turning, rs_acceleration +3
  3     🔹H         #110  $0.23482        +38.9%    27     6      →  funding_neg, macd_turning, rs_vs_btc +3
  4     🔹AIOZ      #341  $0.05823         +4.5%    27     7      →  macd_turning, rs_vs_btc, rs_acceleration +4
  5     🔹PLUME     #371  $0.01125         +9.2%    26     6      →  funding_neg, bb_squeeze, rs_vs_btc +3
  6     🔹CASH      #234  $0.99922         -0.0%    25     5      →  whale_candles, macd_turning, rs_acceleration +2
  7     🔹CARDS     #363  $0.25934        +46.5%    25     6      →  whale_candles, higher_lows, rs_vs_btc +3

--------------------------------------------------------------------------------
2026-06-18 17:53:07,748 [INFO] 
  Report  → C:\Users\bruno\OneDrive\Ambiente de Trabalho\Workspace\crypto scanner\crypto-scanner\outputs\scanner-results\spot_trade_plan_LATEST.txt
2026-06-18 17:53:07,749 [INFO]   JSON    → C:\Users\bruno\OneDrive\Ambiente de Trabalho\Workspace\crypto scanner\crypto-scanner\outputs\scanner-results\spot_trade_plan_LATEST.json
2026-06-18 17:53:07,749 [INFO]   Log     → C:\Users\bruno\OneDrive\Ambiente de Trabalho\Workspace\crypto scanner\crypto-scanner\outputs\logs\orchestrator_20260618.log
2026-06-18 17:53:07,749 [INFO] 
  Done.  0 high-conviction setup(s) found.
