2026-06-16 10:18:56,117 [INFO]   Live Bybit balance: 96,313.06 USDT
2026-06-16 10:18:56,118 [INFO] 
2026-06-16 10:18:56,118 [INFO] ================================================================================
2026-06-16 10:18:56,119 [INFO]   CRYPTO MASTER ORCHESTRATOR v2.1
2026-06-16 10:18:56,119 [INFO]   18-signal engine | funding rate | corr filter | volume source tagging
2026-06-16 10:18:56,119 [INFO] ================================================================================
2026-06-16 10:18:56,119 [INFO]   Account: $96,313.06 USDT  |  Risk/trade: 1.5%  |  Max positions: 8
2026-06-16 10:18:56,120 [INFO] 
2026-06-16 10:18:56,125 [INFO] [1/5] Analyzing market regime...
2026-06-16 10:18:56,129 [INFO] Fetching market context (Bybit klines primary)...
2026-06-16 10:18:57,211 [INFO]   [Bybit] BTC: $66,625 | 7d: +6.3%  ETH 7d: +7.3%  Dominance: 56.5% | Regime: 🟢 BULL
2026-06-16 10:18:57,212 [INFO]   🟢 BULL — normal parameters apply
2026-06-16 10:18:57,214 [INFO] [2/5] Fetching BTC historical data...
2026-06-16 10:18:59,665 [INFO]   BTC data: OK
2026-06-16 10:19:04,167 [INFO] [3/5] Fetching top 500 coins...
2026-06-16 10:19:04,176 [INFO] Fetching top 500 coins by market cap...
2026-06-16 10:19:07,746 [INFO]   Fetched 500 coins
2026-06-16 10:19:07,756 [INFO]   Fetched 500 coins
2026-06-16 10:19:07,756 [INFO] [4/5] Scanning for high-conviction setups...
2026-06-16 10:19:07,759 [INFO]   Filters: Rank 20–500  |  Vol ≥ $500,000  |  Min conviction: 45
2026-06-16 10:19:07,759 [INFO] 
2026-06-16 10:19:07,771 [INFO]   [  1]  CC        (# 20)  $0.16373       7d: +0.2%
2026-06-16 10:19:08,721 [INFO]           → conviction 13/100  |  signals 3/19
2026-06-16 10:19:08,721 [INFO]   [  2]  LINK      (# 21)  $8.37000       7d: +5.5%
2026-06-16 10:19:09,414 [INFO]           → conviction 11/100  |  signals 3/19
2026-06-16 10:19:09,414 [INFO]   [  3]  BCH       (# 22)  $226.05000     7d: +8.1%
2026-06-16 10:19:10,184 [INFO]           → conviction 24/100  |  signals 6/19
2026-06-16 10:19:10,188 [INFO]   [  4]  GRAM      (# 25)  $1.67000       7d: -5.3%
2026-06-16 10:19:14,033 [INFO]           → conviction 14/100  |  signals 5/19
2026-06-16 10:19:18,537 [INFO]   [  5]  M         (# 27)  $3.05000       7d: +1.1%
2026-06-16 10:19:19,255 [INFO]           → conviction 27/100  |  signals 7/19
2026-06-16 10:19:19,258 [INFO]   [  6]  HBAR      (# 28)  $0.08356       7d: +3.2%
2026-06-16 10:19:19,902 [INFO]           → conviction 8/100  |  signals 2/19
2026-06-16 10:19:19,902 [INFO]   [  7]  LTC       (# 29)  $46.19000      7d: +7.7%
2026-06-16 10:19:20,568 [INFO]           → conviction 18/100  |  signals 4/19
2026-06-16 10:19:20,569 [INFO]   [  8]  LAB       (# 30)  $10.72000      7d: -1.6%
2026-06-16 10:19:21,744 [INFO]           → conviction 13/100  |  signals 4/19
2026-06-16 10:19:21,754 [INFO]   [  9]  SUI       (# 31)  $0.80350       7d: +7.3%
2026-06-16 10:19:22,385 [INFO]           → conviction 18/100  |  signals 5/19
2026-06-16 10:19:22,385 [INFO]   [ 10]  USYC      (# 33)  $1.13000       7d: +0.0%
2026-06-16 10:19:25,351 [WARNING]           → skip USYC: OHLCV data is stale (>8h old or duplicates)
2026-06-16 10:19:29,852 [INFO]   [ 11]  AVAX      (# 34)  $7.00000       7d: +3.7%
2026-06-16 10:19:30,466 [INFO]           → conviction 14/100  |  signals 3/19
2026-06-16 10:19:30,466 [INFO]   [ 12]  CRO       (# 36)  $0.06250       7d: +1.5%
2026-06-16 10:19:31,056 [INFO]           → conviction 21/100  |  signals 5/19
2026-06-16 10:19:31,056 [INFO]   [ 13]  WLD       (# 42)  $0.66483       7d: +28.5%
2026-06-16 10:19:31,634 [INFO]           → conviction 34/100  |  signals 6/19
2026-06-16 10:19:31,634 [INFO]   [ 14]  WLFI      (# 45)  $0.06027       7d: +7.9%
2026-06-16 10:19:32,212 [INFO]           → conviction 10/100  |  signals 3/19
2026-06-16 10:19:32,212 [INFO]   [ 15]  MNT       (# 46)  $0.57835       7d: +7.0%
2026-06-16 10:19:32,812 [INFO]           → conviction 14/100  |  signals 4/19
2026-06-16 10:19:32,812 [INFO]   [ 16]  ONDO      (# 47)  $0.38525       7d: +3.4%
2026-06-16 10:19:33,410 [INFO]           → conviction 19/100  |  signals 5/19
2026-06-16 10:19:33,410 [INFO]   [ 17]  ASTER     (# 49)  $0.66067       7d: +6.7%
2026-06-16 10:19:34,008 [INFO]           → conviction 6/100  |  signals 2/19
2026-06-16 10:19:34,008 [INFO]   [ 18]  DOT       (# 50)  $1.02700       7d: +5.9%
2026-06-16 10:19:39,680 [INFO]           → conviction 11/100  |  signals 3/19
2026-06-16 10:19:39,680 [INFO]   [ 19]  OKB       (# 52)  $76.11000      7d: +4.5%
2026-06-16 10:19:40,310 [INFO]           → conviction 19/100  |  signals 4/19
2026-06-16 10:19:40,311 [INFO]   [ 20]  PI        (# 54)  $0.13631       7d: +5.7%
2026-06-16 10:19:43,860 [INFO]           → conviction 6/100  |  signals 2/19
2026-06-16 10:19:48,361 [INFO]   [ 21]  ICP       (# 56)  $2.46000       7d: +5.4%
2026-06-16 10:19:48,975 [INFO]           → conviction 13/100  |  signals 3/19
2026-06-16 10:19:48,976 [INFO]   [ 22]  SKY       (# 58)  $0.05791       7d: +1.8%
2026-06-16 10:19:50,101 [INFO]           → conviction 14/100  |  signals 4/19
2026-06-16 10:19:50,102 [INFO]   [ 23]  BGB       (# 60)  $1.84000       7d: +0.7%
2026-06-16 10:19:53,564 [INFO]           → conviction 10/100  |  signals 2/19
2026-06-16 10:19:58,064 [INFO]   [ 24]  MORPHO    (# 61)  $1.96000       7d: +8.6%
2026-06-16 10:19:58,662 [INFO]           → conviction 16/100  |  signals 3/19
2026-06-16 10:19:58,662 [INFO]   [ 25]  AAVE      (# 64)  $75.09000      7d: +19.4%
2026-06-16 10:19:59,271 [INFO]           → conviction 14/100  |  signals 4/19
2026-06-16 10:19:59,271 [INFO]   [ 26]  QNT       (# 65)  $72.47000      7d: +6.9%
2026-06-16 10:19:59,879 [INFO]           → conviction 11/100  |  signals 3/19
2026-06-16 10:19:59,880 [INFO]   [ 27]  ATOM      (# 66)  $1.99000       7d: +13.3%
2026-06-16 10:20:00,480 [INFO]           → conviction 19/100  |  signals 4/19
2026-06-16 10:20:00,481 [INFO]   [ 28]  BEAT      (# 68)  $3.43000       7d: +0.4%
2026-06-16 10:20:01,100 [INFO]           → conviction 18/100  |  signals 3/19
2026-06-16 10:20:01,101 [INFO]   [ 29]  KCS       (# 69)  $7.28000       7d: +14.2%
2026-06-16 10:20:04,517 [INFO]           → conviction 16/100  |  signals 4/19
2026-06-16 10:20:09,018 [INFO]   [ 30]  RENDER    (# 73)  $1.81000       7d: +9.9%
2026-06-16 10:20:09,631 [INFO]           → conviction 18/100  |  signals 4/19
2026-06-16 10:20:09,632 [INFO]   [ 31]  KAS       (# 74)  $0.03419       7d: +6.6%
2026-06-16 10:20:10,219 [INFO]           → conviction 16/100  |  signals 4/19
2026-06-16 10:20:10,219 [INFO]   [ 32]  ALGO      (# 78)  $0.09662       7d: +4.2%
2026-06-16 10:20:10,823 [INFO]           → conviction 3/100  |  signals 1/19
2026-06-16 10:20:10,823 [INFO]   [ 33]  STABLE    (# 79)  $0.03611       7d: +15.7%
2026-06-16 10:20:11,418 [INFO]           → conviction 27/100  |  signals 5/19
2026-06-16 10:20:11,418 [INFO]   [ 34]  POL       (# 80)  $0.07910       7d: +4.2%
2026-06-16 10:20:12,014 [INFO]           → conviction 14/100  |  signals 3/19
2026-06-16 10:20:12,014 [INFO]   [ 35]  NEXO      (# 82)  $0.81701       7d: +4.7%
2026-06-16 10:20:12,884 [INFO]           → conviction 18/100  |  signals 4/19
2026-06-16 10:20:12,884 [INFO]   [ 36]  ENA       (# 81)  $0.08776       7d: +7.8%
2026-06-16 10:20:13,790 [INFO]           → conviction 19/100  |  signals 5/19
2026-06-16 10:20:13,792 [INFO]   [ 37]  GT        (# 83)  $6.91000       7d: +7.4%
2026-06-16 10:20:18,026 [INFO]           → conviction 6/100  |  signals 2/19
2026-06-16 10:20:22,526 [INFO]   [ 38]  JST       (# 85)  $0.08022       7d: -1.9%
2026-06-16 10:20:23,107 [INFO]           → conviction 11/100  |  signals 3/19
2026-06-16 10:20:23,108 [INFO]   [ 39]  币安人生      (# 88)  $0.67573       7d: -2.5%
2026-06-16 10:20:24,215 [INFO]           → conviction 16/100  |  signals 4/19
2026-06-16 10:20:24,215 [INFO]   [ 40]  JUP       (# 89)  $0.20202       7d: +28.8%
2026-06-16 10:20:24,845 [INFO]           → conviction 14/100  |  signals 4/19
2026-06-16 10:20:24,845 [INFO]   [ 41]  FIL       (# 90)  $0.80595       7d: +4.1%
2026-06-16 10:20:25,460 [INFO]           → conviction 14/100  |  signals 4/19
2026-06-16 10:20:25,461 [INFO]   [ 42]  BDX       (# 91)  $0.08221       7d: +4.4%
2026-06-16 10:20:28,847 [INFO]           → conviction 6/100  |  signals 2/19
2026-06-16 10:20:33,348 [INFO]   [ 43]  XDC       (# 92)  $0.03093       7d: -2.1%
2026-06-16 10:20:33,933 [INFO]           → conviction 6/100  |  signals 2/19
2026-06-16 10:20:33,933 [INFO]   [ 44]  APT       (# 95)  $0.68956       7d: +2.9%
2026-06-16 10:20:34,501 [INFO]           → conviction 27/100  |  signals 6/19
2026-06-16 10:20:34,502 [INFO]   [ 45]  NIGHT     (# 96)  $0.03432       7d: +6.3%
2026-06-16 10:20:35,247 [INFO]           → conviction 6/100  |  signals 2/19
2026-06-16 10:20:35,248 [INFO]   [ 46]  ARB       (# 99)  $0.08733       7d: +6.7%
2026-06-16 10:20:35,830 [INFO]           → conviction 24/100  |  signals 5/19
2026-06-16 10:20:35,830 [INFO]   [ 47]  DASH      (#106)  $38.51000      7d: +2.7%
2026-06-16 10:20:36,455 [INFO]           → conviction 18/100  |  signals 5/19
2026-06-16 10:20:36,456 [INFO]   [ 48]  ADI       (#109)  $3.74000       7d: +0.4%
2026-06-16 10:20:40,281 [INFO]           → skip (flatliner: ATR 0.21% / BB 0.15%)
2026-06-16 10:20:44,782 [INFO]   [ 49]  CAKE      (#110)  $1.42000       7d: +6.6%
2026-06-16 10:20:45,433 [INFO]           → conviction 11/100  |  signals 3/19
2026-06-16 10:20:45,433 [INFO]   [ 50]  VET       (#112)  $0.00533       7d: +8.8%
2026-06-16 10:20:46,261 [INFO]           → conviction 14/100  |  signals 4/19
2026-06-16 10:20:46,262 [INFO]   [ 51]  PENGU     (#113)  $0.00727       7d: +6.9%
2026-06-16 10:20:46,827 [INFO]           → conviction 14/100  |  signals 4/19
2026-06-16 10:20:46,827 [INFO]   [ 52]  LIT       (#114)  $1.80000       7d: +10.0%
2026-06-16 10:20:47,411 [INFO]           → conviction 32/100  |  signals 6/19
2026-06-16 10:20:47,412 [INFO]   [ 53]  AERO      (#117)  $0.45037       7d: +32.9%
2026-06-16 10:20:47,997 [INFO]           → conviction 18/100  |  signals 5/19
2026-06-16 10:20:47,997 [INFO]   [ 54]  VIRTUAL   (#119)  $0.64471       7d: +10.8%
2026-06-16 10:20:48,620 [INFO]           → conviction 27/100  |  signals 6/19
2026-06-16 10:20:48,620 [INFO]   [ 55]  H         (#121)  $0.21879       7d: +65.8%
2026-06-16 10:20:49,330 [INFO]           → conviction 11/100  |  signals 3/19
2026-06-16 10:20:49,330 [INFO]   [ 56]  SEI       (#126)  $0.05428       7d: +11.3%
2026-06-16 10:20:49,918 [INFO]           → conviction 18/100  |  signals 4/19
2026-06-16 10:20:49,918 [INFO]   [ 57]  SPX       (#128)  $0.38983       7d: +27.6%
2026-06-16 10:20:50,514 [INFO]           → conviction 42/100  |  signals 8/19
2026-06-16 10:20:50,514 [INFO]   [ 58]  STX       (#129)  $0.19578       7d: +6.9%
2026-06-16 10:20:51,097 [INFO]           → conviction 21/100  |  signals 5/19
2026-06-16 10:20:51,098 [INFO]   [ 59]  TIA       (#130)  $0.37767       7d: +17.8%
2026-06-16 10:20:51,695 [INFO]           → conviction 14/100  |  signals 4/19
2026-06-16 10:20:51,696 [INFO]   [ 60]  PYTH      (#135)  $0.04049       7d: +29.2%
2026-06-16 10:20:52,748 [INFO]           → conviction 27/100  |  signals 6/19
2026-06-16 10:20:52,748 [INFO]   [ 61]  UB        (#139)  $0.11712       7d: -5.7%
2026-06-16 10:20:53,742 [INFO]           → conviction 8/100  |  signals 1/19
2026-06-16 10:20:53,742 [INFO]   [ 62]  GRASS     (#138)  $0.47553       7d: +36.4%
2026-06-16 10:20:54,340 [INFO]           → conviction 18/100  |  signals 5/19
2026-06-16 10:20:54,340 [INFO]   [ 63]  ZRO       (#140)  $1.14000       7d: +34.0%
2026-06-16 10:20:54,932 [INFO]           → conviction 18/100  |  signals 5/19
2026-06-16 10:20:54,933 [INFO]   [ 64]  GNO       (#141)  $106.85000     7d: +10.5%
2026-06-16 10:20:55,190 [WARNING]           → skip GNO: OHLCV data is stale (>8h old or duplicates)
2026-06-16 10:20:55,191 [INFO]   [ 65]  XTZ       (#144)  $0.24485       7d: +0.2%
2026-06-16 10:20:55,770 [INFO]           → conviction 13/100  |  signals 3/19
2026-06-16 10:20:55,771 [INFO]   [ 66]  ZBCN      (#145)  $0.00271       7d: +10.0%
2026-06-16 10:20:56,373 [INFO]           → conviction 13/100  |  signals 4/19
2026-06-16 10:20:56,373 [INFO]   [ 67]  BSV       (#150)  $12.79000      7d: +6.0%
2026-06-16 10:20:57,045 [INFO]           → conviction 11/100  |  signals 3/19
2026-06-16 10:20:57,046 [INFO]   [ 68]  JASMY     (#151)  $0.00506       7d: +7.2%
2026-06-16 10:20:58,173 [INFO]           → conviction 3/100  |  signals 1/19
2026-06-16 10:20:58,173 [INFO]   [ 69]  CFX       (#153)  $0.04724       7d: +4.5%
2026-06-16 10:20:58,748 [INFO]           → conviction 18/100  |  signals 4/19
2026-06-16 10:20:58,748 [INFO]   [ 70]  2Z        (#154)  $0.07076       7d: -1.8%
2026-06-16 10:20:59,334 [INFO]           → conviction 3/100  |  signals 1/19
2026-06-16 10:20:59,334 [INFO]   [ 71]  TEL       (#156)  $0.00257       7d: +7.2%
2026-06-16 10:21:02,814 [INFO]           → conviction 6/100  |  signals 2/19
2026-06-16 10:21:07,315 [INFO]   [ 72]  XPL       (#155)  $0.09716       7d: +39.2%
2026-06-16 10:21:07,895 [INFO]           → conviction 16/100  |  signals 4/19
2026-06-16 10:21:07,895 [INFO]   [ 73]  PENDLE    (#159)  $1.41000       7d: +10.6%
2026-06-16 10:21:08,488 [INFO]           → conviction 27/100  |  signals 6/19
2026-06-16 10:21:08,488 [INFO]   [ 74]  STRK      (#161)  $0.03665       7d: +5.8%
2026-06-16 10:21:09,076 [INFO]           → conviction 19/100  |  signals 5/19
2026-06-16 10:21:09,076 [INFO]   [ 75]  AKT       (#162)  $0.81035       7d: +27.6%
2026-06-16 10:21:09,670 [INFO]           → conviction 32/100  |  signals 8/19
2026-06-16 10:21:09,671 [INFO]   [ 76]  LDO       (#163)  $0.27936       7d: +5.4%
2026-06-16 10:21:10,417 [INFO]           → conviction 11/100  |  signals 3/19
2026-06-16 10:21:10,418 [INFO]   [ 77]  OP        (#164)  $0.10823       7d: +12.6%
2026-06-16 10:21:11,029 [INFO]           → conviction 23/100  |  signals 5/19
2026-06-16 10:21:11,029 [INFO]   [ 78]  USDM      (#166)  $1.00100       7d: +0.7%
2026-06-16 10:21:14,766 [INFO]           → skip (flatliner: ATR 2.62% / BB 0.47%)
2026-06-16 10:21:19,267 [INFO]   [ 79]  IOTA      (#168)  $0.05000       7d: +7.4%
2026-06-16 10:21:19,859 [INFO]           → conviction 14/100  |  signals 4/19
2026-06-16 10:21:19,859 [INFO]   [ 80]  ENS       (#172)  $5.42000       7d: +15.1%
2026-06-16 10:21:20,461 [INFO]           → conviction 13/100  |  signals 4/19
2026-06-16 10:21:20,461 [INFO]   [ 81]  REAL      (#175)  $0.06449       7d: +14.8%
2026-06-16 10:21:24,153 [INFO]           → conviction 9/100  |  signals 3/19
2026-06-16 10:21:28,653 [INFO]   [ 82]  PIEVERSE  (#179)  $0.72339       7d: +18.9%
2026-06-16 10:21:29,244 [INFO]           → conviction 13/100  |  signals 4/19
2026-06-16 10:21:29,245 [INFO]   [ 83]  ULTIMA    (#184)  $2215.31000    7d: -4.3%
2026-06-16 10:21:32,607 [INFO]           → conviction 0/100  |  signals 0/19
2026-06-16 10:21:37,109 [INFO]   [ 84]  VELVET    (#185)  $0.43848       7d: +26.6%
2026-06-16 10:21:37,706 [INFO]           → conviction 13/100  |  signals 3/19
2026-06-16 10:21:37,706 [INFO]   [ 85]  COMP      (#188)  $18.22000      7d: +1.7%
2026-06-16 10:21:38,825 [INFO]           → conviction 18/100  |  signals 4/19
2026-06-16 10:21:38,825 [INFO]   [ 86]  AXS       (#190)  $1.00500       7d: +7.4%
2026-06-16 10:21:39,924 [INFO]           → conviction 11/100  |  signals 3/19
2026-06-16 10:21:39,924 [INFO]   [ 87]  RAY       (#191)  $0.63983       7d: +9.0%
2026-06-16 10:21:40,813 [INFO]           → conviction 16/100  |  signals 5/19
2026-06-16 10:21:40,813 [INFO]   [ 88]  WFI       (#193)  $2.02000       7d: -1.1%
2026-06-16 10:21:44,562 [INFO]           → conviction 3/100  |  signals 1/19
2026-06-16 10:21:49,063 [INFO]   [ 89]  WIF       (#194)  $0.17115       7d: +8.6%
2026-06-16 10:21:49,636 [INFO]           → conviction 14/100  |  signals 4/19
2026-06-16 10:21:49,637 [INFO]   [ 90]  SYRUP     (#195)  $0.14269       7d: +9.9%
2026-06-16 10:21:50,719 [INFO]           → conviction 24/100  |  signals 6/19
2026-06-16 10:21:50,720 [INFO]   [ 91]  EIGEN     (#197)  $0.22418       7d: +20.1%
2026-06-16 10:21:51,303 [INFO]           → conviction 11/100  |  signals 3/19
2026-06-16 10:21:51,303 [INFO]   [ 92]  MX        (#200)  $1.79000       7d: +2.5%
2026-06-16 10:21:54,716 [INFO]           → conviction 6/100  |  signals 2/19
2026-06-16 10:21:59,217 [INFO]   [ 93]  BILL      (#203)  $0.06710       7d: -4.9%
2026-06-16 10:21:59,800 [INFO]           → conviction 3/100  |  signals 1/19
2026-06-16 10:21:59,801 [INFO]   [ 94]  TRAC      (#204)  $0.36151       7d: +5.1%
2026-06-16 10:22:03,363 [INFO]           → conviction 10/100  |  signals 3/19
2026-06-16 10:22:07,863 [INFO]   [ 95]  ZANO      (#205)  $10.40000      7d: +16.1%
2026-06-16 10:22:11,351 [INFO]           → conviction 19/100  |  signals 5/19
2026-06-16 10:22:15,852 [INFO]   [ 96]  XCN       (#208)  $0.00404       7d: +4.3%
2026-06-16 10:22:16,439 [INFO]           → conviction 13/100  |  signals 4/19
2026-06-16 10:22:16,440 [INFO]   [ 97]  BTW       (#209)  $0.06943       7d: +22.2%
2026-06-16 10:22:17,023 [INFO]           → conviction 3/100  |  signals 1/19
2026-06-16 10:22:17,023 [INFO]   [ 98]  GENIUS    (#212)  $0.43948       7d: -0.6%
2026-06-16 10:22:17,789 [INFO]           → conviction 10/100  |  signals 2/19
2026-06-16 10:22:17,789 [INFO]   [ 99]  SAND      (#213)  $0.05435       7d: +6.2%
2026-06-16 10:22:18,361 [INFO]           → conviction 14/100  |  signals 4/19
2026-06-16 10:22:18,361 [INFO]   [100]  RUNE      (#215)  $0.41669       7d: +12.9%
2026-06-16 10:22:18,936 [INFO]           → conviction 24/100  |  signals 4/19
2026-06-16 10:22:18,937 [INFO]   [101]  BAT       (#220)  $0.09175       7d: -3.6%
2026-06-16 10:22:20,079 [INFO]           → conviction 18/100  |  signals 4/19
2026-06-16 10:22:20,079 [INFO]   [102]  AR        (#222)  $2.09000       7d: +9.2%
2026-06-16 10:22:20,647 [INFO]           → conviction 24/100  |  signals 6/19
2026-06-16 10:22:20,647 [INFO]   [103]  FARTCOIN  (#219)  $0.13694       7d: +13.9%
2026-06-16 10:22:21,241 [INFO]           → conviction 21/100  |  signals 6/19
2026-06-16 10:22:21,241 [INFO]   [104]  MANA      (#223)  $0.07028       7d: +5.9%
2026-06-16 10:22:22,323 [INFO]           → conviction 11/100  |  signals 3/19
2026-06-16 10:22:22,324 [INFO]   [105]  GALA      (#224)  $0.00275       7d: +4.9%
2026-06-16 10:22:22,925 [INFO]           → conviction 24/100  |  signals 5/19
2026-06-16 10:22:22,925 [INFO]   [106]  APE       (#226)  $0.13064       7d: +4.4%
2026-06-16 10:22:23,966 [INFO]           → conviction 11/100  |  signals 3/19
2026-06-16 10:22:23,966 [INFO]   [107]  SHFL      (#231)  $0.30023       7d: -1.5%
2026-06-16 10:22:27,418 [INFO]           → conviction 13/100  |  signals 3/19
2026-06-16 10:22:31,919 [INFO]   [108]  S         (#232)  $0.03353       7d: +11.8%
2026-06-16 10:22:32,494 [INFO]           → conviction 18/100  |  signals 5/19
2026-06-16 10:22:32,494 [INFO]   [109]  CVX       (#227)  $1.41000       7d: +13.8%
2026-06-16 10:22:33,590 [INFO]           → conviction 16/100  |  signals 5/19
2026-06-16 10:22:33,591 [INFO]   [110]  TIBBIR    (#233)  $0.12707       7d: +16.2%
2026-06-16 10:22:36,992 [INFO]           → conviction 15/100  |  signals 5/19
2026-06-16 10:22:41,492 [INFO]   [111]  IMX       (#234)  $0.14942       7d: +7.5%
2026-06-16 10:22:42,081 [INFO]           → conviction 24/100  |  signals 6/19
2026-06-16 10:22:42,082 [INFO]   [112]  SENT      (#241)  $0.01667       7d: +13.9%
2026-06-16 10:22:42,650 [INFO]           → conviction 24/100  |  signals 4/19
2026-06-16 10:22:42,651 [INFO]   [113]  CRCLON    (#242)  $84.63000      7d: +1.5%
2026-06-16 10:22:46,337 [INFO]           → conviction 13/100  |  signals 3/19
2026-06-16 10:22:50,837 [INFO]   [114]  KAITO     (#245)  $0.48922       7d: +17.6%
2026-06-16 10:22:51,415 [INFO]           → conviction 11/100  |  signals 3/19
2026-06-16 10:22:51,416 [INFO]   [115]  GOMINING  (#247)  $0.28744       7d: +10.4%
2026-06-16 10:22:54,706 [INFO]           → conviction 9/100  |  signals 3/19
2026-06-16 10:22:59,208 [INFO]   [116]  HOME      (#249)  $0.02832       7d: +6.8%
2026-06-16 10:22:59,767 [INFO]           → conviction 23/100  |  signals 5/19
2026-06-16 10:22:59,768 [INFO]   [117]  GLM       (#250)  $0.11501       7d: +3.6%
2026-06-16 10:23:00,334 [INFO]           → conviction 18/100  |  signals 4/19
2026-06-16 10:23:00,341 [INFO]   [118]  BP        (#256)  $0.45126       7d: +72.1%
2026-06-16 10:23:00,913 [INFO]           → conviction 19/100  |  signals 5/19
2026-06-16 10:23:00,914 [INFO]   [119]  IP        (#257)  $0.31481       7d: -0.2%
2026-06-16 10:23:01,491 [INFO]           → conviction 10/100  |  signals 3/19
2026-06-16 10:23:01,491 [INFO]   [120]  NUSD      (#259)  $0.99902       7d: +0.1%
2026-06-16 10:23:05,177 [INFO]           → skip (flatliner: ATR 0.34% / BB 0.14%)
2026-06-16 10:23:09,678 [INFO]   [121]  BMX       (#263)  $0.32064       7d: +6.2%
2026-06-16 10:23:13,356 [INFO]           → conviction 17/100  |  signals 4/19
2026-06-16 10:23:17,864 [INFO]   [122]  1INCH     (#262)  $0.07691       7d: +7.8%
2026-06-16 10:23:18,427 [INFO]           → conviction 11/100  |  signals 3/19
2026-06-16 10:23:18,428 [INFO]   [123]  AWE       (#269)  $0.05447       7d: +0.8%
2026-06-16 10:23:19,015 [INFO]           → conviction 6/100  |  signals 2/19
2026-06-16 10:23:19,015 [INFO]   [124]  ATH       (#274)  $0.00497       7d: +9.5%
2026-06-16 10:23:19,591 [INFO]           → conviction 18/100  |  signals 5/19
2026-06-16 10:23:19,591 [INFO]   [125]  QAIT      (#279)  $0.02268       7d: +4.5%
2026-06-16 10:23:23,717 [INFO]           → conviction 5/100  |  signals 2/19
2026-06-16 10:23:28,230 [INFO]   [126]  RIVER     (#281)  $4.92000       7d: -4.0%
2026-06-16 10:23:28,791 [INFO]           → conviction 0/100  |  signals 0/19
2026-06-16 10:23:28,792 [INFO]   [127]  GEOD      (#283)  $0.21173       7d: +36.5%
2026-06-16 10:23:32,312 [INFO]           → conviction 13/100  |  signals 5/19
2026-06-16 10:23:36,813 [INFO]   [128]  EGLD      (#286)  $3.07000       7d: +4.5%
2026-06-16 10:23:37,394 [INFO]           → conviction 11/100  |  signals 3/19
2026-06-16 10:23:37,394 [INFO]   [129]  RSR       (#288)  $0.00146       7d: +4.1%
2026-06-16 10:23:37,965 [INFO]           → conviction 26/100  |  signals 7/19
2026-06-16 10:23:37,965 [INFO]   [130]  LPT       (#289)  $1.84000       7d: +3.9%
2026-06-16 10:23:38,891 [INFO]           → conviction 21/100  |  signals 4/19
2026-06-16 10:23:38,891 [INFO]   [131]  SN64      (#297)  $17.46000      7d: +22.0%
2026-06-16 10:23:42,646 [INFO]           → conviction 9/100  |  signals 3/19
2026-06-16 10:23:47,147 [INFO]   [132]  KMNO      (#290)  $0.01876       7d: +24.2%
2026-06-16 10:23:47,724 [INFO]           → conviction 34/100  |  signals 8/19
2026-06-16 10:23:47,724 [INFO]   [133]  FLUID     (#293)  $1.14000       7d: +1.7%
2026-06-16 10:23:48,295 [INFO]           → conviction 14/100  |  signals 4/19
2026-06-16 10:23:48,295 [INFO]   [134]  SNX       (#295)  $0.25750       7d: +5.4%
2026-06-16 10:23:48,879 [INFO]           → conviction 14/100  |  signals 4/19
2026-06-16 10:23:48,879 [INFO]   [135]  MUON      (#296)  $1123.39000    7d: +13.2%
2026-06-16 10:23:52,243 [INFO]           → conviction 9/100  |  signals 3/19
2026-06-16 10:23:56,745 [INFO]   [136]  KTA       (#307)  $0.15738       7d: -5.3%
2026-06-16 10:24:00,395 [INFO]           → conviction 15/100  |  signals 4/19
2026-06-16 10:24:04,896 [INFO]   [137]  ZEN       (#300)  $4.77000       7d: +5.3%
2026-06-16 10:24:05,481 [INFO]           → conviction 14/100  |  signals 4/19
2026-06-16 10:24:05,482 [INFO]   [138]  USDA      (#311)  $0.96101       7d: -3.3%
2026-06-16 10:24:08,907 [INFO]           → conviction 10/100  |  signals 3/19
2026-06-16 10:24:13,408 [INFO]   [139]  WAL       (#302)  $0.03558       7d: +11.8%
2026-06-16 10:24:13,977 [INFO]           → conviction 16/100  |  signals 5/19
2026-06-16 10:24:13,978 [INFO]   [140]  UMXM      (#304)  $1.81000       7d: +6.1%
2026-06-16 10:24:17,634 [INFO]           → conviction 6/100  |  signals 2/19
2026-06-16 10:24:22,135 [INFO]   [141]  SHX       (#306)  $0.00479       7d: +5.7%
2026-06-16 10:24:25,775 [INFO]           → conviction 18/100  |  signals 5/19
2026-06-16 10:24:30,276 [INFO]   [142]  CFG       (#305)  $0.22292       7d: +12.9%
2026-06-16 10:24:31,369 [INFO]           → conviction 14/100  |  signals 4/19
2026-06-16 10:24:31,373 [INFO]   [143]  MELANIA   (#319)  $0.08384       7d: +7.0%
2026-06-16 10:24:32,107 [INFO]           → conviction 10/100  |  signals 3/19
2026-06-16 10:24:32,107 [INFO]   [144]  BEAM      (#322)  $0.00156       7d: +5.9%
2026-06-16 10:24:32,828 [INFO]           → conviction 36/100  |  signals 7/19
2026-06-16 10:24:32,829 [INFO]   [145]  ZIG       (#320)  $0.05648       7d: -4.4%
2026-06-16 10:24:36,888 [INFO]           → conviction 8/100  |  signals 3/19
2026-06-16 10:24:41,389 [INFO]   [146]  UAI       (#321)  $0.33155       7d: +17.6%
2026-06-16 10:24:42,128 [INFO]           → conviction 19/100  |  signals 6/19
2026-06-16 10:24:42,128 [INFO]   [147]  USELESS   (#323)  $0.07744       7d: +13.0%
2026-06-16 10:24:42,712 [INFO]           → conviction 18/100  |  signals 5/19
2026-06-16 10:24:42,712 [INFO]   [148]  DBR       (#324)  $0.01453       7d: -1.3%
2026-06-16 10:24:43,287 [INFO]           → conviction 3/100  |  signals 1/19
2026-06-16 10:24:43,287 [INFO]   [149]  JCT       (#334)  $0.00658       7d: +21.4%
2026-06-16 10:24:44,045 [INFO]           → conviction 6/100  |  signals 2/19
2026-06-16 10:24:44,045 [INFO]   [150]  GAS       (#331)  $1.17000       7d: +2.8%
2026-06-16 10:24:44,810 [INFO]           → conviction 18/100  |  signals 4/19
2026-06-16 10:24:44,832 [INFO]   [151]  AIOZ      (#336)  $0.06060       7d: +5.6%
2026-06-16 10:24:45,565 [INFO]           → conviction 13/100  |  signals 3/19
2026-06-16 10:24:45,565 [INFO]   [152]  MAG7.SSI  (#338)  $0.44492       7d: +6.9%
2026-06-16 10:24:49,271 [INFO]           → conviction 10/100  |  signals 2/19
2026-06-16 10:24:53,773 [INFO]   [153]  Q         (#345)  $0.01829       7d: +6.9%
2026-06-16 10:24:54,345 [INFO]           → conviction 29/100  |  signals 5/19
2026-06-16 10:24:54,345 [INFO]   [154]  RVN       (#344)  $0.00453       7d: +4.1%
2026-06-16 10:24:54,924 [INFO]           → conviction 18/100  |  signals 5/19
2026-06-16 10:24:54,924 [INFO]   [155]  CYS       (#347)  $0.45682       7d: +3.3%
2026-06-16 10:24:55,498 [INFO]           → conviction 11/100  |  signals 3/19
2026-06-16 10:24:55,498 [INFO]   [156]  ORDI      (#353)  $3.46000       7d: +10.2%
2026-06-16 10:24:56,085 [INFO]           → conviction 16/100  |  signals 4/19
2026-06-16 10:24:56,086 [INFO]   [157]  BERA      (#354)  $0.26191       7d: +3.0%
2026-06-16 10:24:56,659 [INFO]           → conviction 6/100  |  signals 2/19
2026-06-16 10:24:56,660 [INFO]   [158]  BAN       (#357)  $0.07245       7d: +2.1%
2026-06-16 10:24:57,220 [INFO]           → conviction 3/100  |  signals 1/19
2026-06-16 10:24:57,220 [INFO]   [159]  SAFE      (#355)  $0.09654       7d: +4.9%
2026-06-16 10:24:57,779 [INFO]           → conviction 11/100  |  signals 3/19
2026-06-16 10:24:57,780 [INFO]   [160]  ZAMA      (#356)  $0.03279       7d: +15.8%
2026-06-16 10:24:58,356 [INFO]           → conviction 18/100  |  signals 5/19
2026-06-16 10:24:58,356 [INFO]   [161]  MAGMA     (#358)  $0.37849       7d: -4.4%
2026-06-16 10:24:59,067 [INFO]           → conviction 6/100  |  signals 2/19
2026-06-16 10:24:59,068 [INFO]   [162]  METAL     (#360)  $0.13867       7d: +5.4%
2026-06-16 10:25:02,751 [INFO]           → conviction 24/100  |  signals 6/19
2026-06-16 10:25:07,252 [INFO]   [163]  KSM       (#363)  $3.81000       7d: +4.3%
2026-06-16 10:25:07,835 [INFO]           → conviction 11/100  |  signals 3/19
2026-06-16 10:25:07,835 [INFO]   [164]  KNTQ      (#365)  $0.24583       7d: +0.2%
2026-06-16 10:25:11,641 [INFO]           → conviction 19/100  |  signals 5/19
2026-06-16 10:25:16,142 [INFO]   [165]  XPR       (#366)  $0.00239       7d: +9.1%
2026-06-16 10:25:19,917 [INFO]           → conviction 17/100  |  signals 4/19
2026-06-16 10:25:24,418 [INFO]   [166]  BABY      (#374)  $0.01819       7d: +25.1%
2026-06-16 10:25:25,486 [INFO]           → conviction 19/100  |  signals 6/19
2026-06-16 10:25:25,486 [INFO]   [167]  ALCH      (#369)  $0.07891       7d: +32.7%
2026-06-16 10:25:26,065 [INFO]           → conviction 37/100  |  signals 7/19
2026-06-16 10:25:26,065 [INFO]   [168]  BIO       (#370)  $0.03129       7d: +0.9%
2026-06-16 10:25:27,111 [INFO]           → conviction 10/100  |  signals 2/19
2026-06-16 10:25:27,111 [INFO]   [169]  PLUME     (#380)  $0.01138       7d: +1.3%
2026-06-16 10:25:27,867 [INFO]           → conviction 19/100  |  signals 5/19
2026-06-16 10:25:27,867 [INFO]   [170]  MEGA      (#383)  $0.05794       7d: +19.5%
2026-06-16 10:25:28,624 [INFO]           → conviction 16/100  |  signals 4/19
2026-06-16 10:25:28,624 [INFO]   [171]  0G        (#384)  $0.30567       7d: +0.7%
2026-06-16 10:25:29,352 [INFO]           → conviction 19/100  |  signals 5/19
2026-06-16 10:25:29,352 [INFO]   [172]  COAI      (#379)  $0.34585       7d: +40.1%
2026-06-16 10:25:30,297 [INFO]           → conviction 24/100  |  signals 6/19
2026-06-16 10:25:30,297 [INFO]   [173]  IO        (#389)  $0.18460       7d: +15.6%
2026-06-16 10:25:30,870 [INFO]           → conviction 6/100  |  signals 2/19
2026-06-16 10:25:30,870 [INFO]   [174]  ZIL       (#388)  $0.00331       7d: +6.9%
2026-06-16 10:25:31,963 [INFO]           → conviction 21/100  |  signals 5/19
2026-06-16 10:25:31,963 [INFO]   [175]  SUPER     (#392)  $0.09991       7d: +8.1%
2026-06-16 10:25:33,059 [INFO]           → conviction 21/100  |  signals 5/19
2026-06-16 10:25:33,059 [INFO]   [176]  BRETT     (#393)  $0.00643       7d: +15.9%
2026-06-16 10:25:33,629 [INFO]           → conviction 18/100  |  signals 5/19
2026-06-16 10:25:33,629 [INFO]   [177]  TFUEL     (#395)  $0.00862       7d: +4.2%
2026-06-16 10:25:34,537 [INFO]           → conviction 3/100  |  signals 1/19
2026-06-16 10:25:34,538 [INFO]   [178]  MET       (#396)  $0.11984       7d: +18.1%
2026-06-16 10:25:35,278 [INFO]           → conviction 21/100  |  signals 6/19
2026-06-16 10:25:35,280 [INFO]   [179]  VELO      (#400)  $0.00355       7d: +3.4%
2026-06-16 10:25:35,853 [INFO]           → conviction 11/100  |  signals 3/19
2026-06-16 10:25:35,853 [INFO]   [180]  GMX       (#401)  $5.94000       7d: +5.5%
2026-06-16 10:25:36,481 [INFO]           → conviction 8/100  |  signals 2/19
2026-06-16 10:25:36,482 [INFO]   [181]  NMR       (#406)  $8.68000       7d: +0.5%
2026-06-16 10:25:37,078 [INFO]           → conviction 3/100  |  signals 1/19
2026-06-16 10:25:37,078 [INFO]   [182]  W         (#407)  $0.01004       7d: +8.0%
2026-06-16 10:25:37,650 [INFO]           → conviction 10/100  |  signals 3/19
2026-06-16 10:25:37,650 [INFO]   [183]  JELLYJELLY  (#411)  $0.05937       7d: +0.1%
2026-06-16 10:25:38,203 [INFO]           → conviction 6/100  |  signals 2/19
2026-06-16 10:25:38,203 [INFO]   [184]  HOT       (#415)  $0.00033       7d: +6.8%
2026-06-16 10:25:39,408 [INFO]           → conviction 8/100  |  signals 2/19
2026-06-16 10:25:39,409 [INFO]   [185]  SOON      (#418)  $0.16977       7d: +4.6%
2026-06-16 10:25:39,985 [INFO]           → conviction 3/100  |  signals 1/19
2026-06-16 10:25:39,985 [INFO]   [186]  DEGEN     (#424)  $0.00155       7d: +6.0%
2026-06-16 10:25:43,868 [INFO]           → conviction 27/100  |  signals 6/19
2026-06-16 10:25:48,369 [INFO]   [187]  ZETA      (#421)  $0.03939       7d: +11.9%
2026-06-16 10:25:48,954 [INFO]           → conviction 18/100  |  signals 5/19
2026-06-16 10:25:48,954 [INFO]   [188]  DIEM      (#420)  $1527.09000    7d: +7.8%
2026-06-16 10:25:52,661 [INFO]           → conviction 10/100  |  signals 3/19
2026-06-16 10:25:57,163 [INFO]   [189]  TSLAX     (#425)  $404.51000     7d: -1.4%
2026-06-16 10:26:00,801 [INFO]           → conviction 3/100  |  signals 1/19
2026-06-16 10:26:05,303 [INFO]   [190]  IDOL      (#429)  $0.03012       7d: +6.1%
2026-06-16 10:26:08,998 [INFO]           → conviction 15/100  |  signals 4/19
2026-06-16 10:26:13,499 [INFO]   [191]  TOSHI     (#430)  $0.00013       7d: +9.8%
2026-06-16 10:26:17,284 [INFO]           → conviction 6/100  |  signals 2/19
2026-06-16 10:26:21,785 [INFO]   [192]  SPK       (#432)  $0.01992       7d: +1.8%
2026-06-16 10:26:22,375 [INFO]           → conviction 13/100  |  signals 3/19
2026-06-16 10:26:22,375 [INFO]   [193]  ASTEROID  (#431)  $0.00013       7d: +49.8%
2026-06-16 10:26:26,132 [INFO]           → conviction 11/100  |  signals 4/19
2026-06-16 10:26:30,641 [INFO]   [194]  CTC       (#437)  $0.10208       7d: +13.7%
2026-06-16 10:26:31,230 [INFO]           → conviction 31/100  |  signals 6/19
2026-06-16 10:26:31,231 [INFO]   [195]  QFI       (#434)  $55.10000      7d: +2.8%
2026-06-16 10:26:35,044 [INFO]           → skip (flatliner: ATR 0.95% / BB 0.49%)
2026-06-16 10:26:39,546 [INFO]   [196]  ROSE      (#438)  $0.00699       7d: +8.7%
2026-06-16 10:26:40,155 [INFO]           → conviction 18/100  |  signals 5/19
2026-06-16 10:26:40,156 [INFO]   [197]  FXUSD     (#440)  $0.99624       7d: -0.6%
2026-06-16 10:26:43,941 [INFO]           → skip (flatliner: ATR 1.24% / BB 0.26%)
2026-06-16 10:26:48,442 [INFO]   [198]  POLYX     (#442)  $0.04214       7d: +8.8%
2026-06-16 10:26:49,015 [INFO]           → conviction 13/100  |  signals 3/19
2026-06-16 10:26:49,016 [INFO]   [199]  BARD      (#441)  $0.16827       7d: +4.8%
2026-06-16 10:26:49,603 [INFO]           → conviction 27/100  |  signals 7/19
2026-06-16 10:26:49,603 [INFO]   [200]  OPEN      (#445)  $0.24950       7d: +16.8%
2026-06-16 10:26:50,179 [INFO]           → conviction 10/100  |  signals 3/19
2026-06-16 10:26:50,180 [INFO]   [201]  BLUR      (#450)  $0.01870       7d: +5.4%
2026-06-16 10:26:50,769 [INFO]           → conviction 18/100  |  signals 4/19
2026-06-16 10:26:50,770 [INFO]   [202]  ASTR      (#453)  $0.00599       7d: +8.2%
2026-06-16 10:26:51,361 [INFO]           → conviction 24/100  |  signals 6/19
2026-06-16 10:26:51,361 [INFO]   [203]  ELF       (#452)  $0.06522       7d: +1.3%
2026-06-16 10:26:51,927 [WARNING]           → skip ELF: OHLCV data is stale (>8h old or duplicates)
2026-06-16 10:26:51,928 [INFO]   [204]  KAVA      (#454)  $0.04795       7d: +11.7%
2026-06-16 10:26:52,501 [INFO]           → conviction 11/100  |  signals 3/19
2026-06-16 10:26:52,502 [INFO]   [205]  XNO       (#456)  $0.38661       7d: -0.1%
2026-06-16 10:26:53,395 [INFO]           → conviction 11/100  |  signals 3/19
2026-06-16 10:26:53,395 [INFO]   [206]  FOGO      (#460)  $0.01327       7d: +17.1%
2026-06-16 10:26:54,147 [INFO]           → conviction 11/100  |  signals 3/19
2026-06-16 10:26:54,147 [INFO]   [207]  DGB       (#464)  $0.00275       7d: +9.3%
2026-06-16 10:26:55,035 [INFO]           → conviction 10/100  |  signals 3/19
2026-06-16 10:26:55,036 [INFO]   [208]  SUSHI     (#465)  $0.18463       7d: +11.9%
2026-06-16 10:26:55,630 [INFO]           → conviction 16/100  |  signals 5/19
2026-06-16 10:26:55,630 [INFO]   [209]  NVDAON    (#466)  $211.43000     7d: +0.7%
2026-06-16 10:26:59,691 [INFO]           → conviction 10/100  |  signals 2/19
2026-06-16 10:27:04,193 [INFO]   [210]  ONT       (#469)  $0.05000       7d: +5.6%
2026-06-16 10:27:05,285 [INFO]           → conviction 16/100  |  signals 5/19
2026-06-16 10:27:05,287 [INFO]   [211]  SN44      (#468)  $10.49000      7d: +24.6%
2026-06-16 10:27:09,070 [INFO]           → conviction 15/100  |  signals 5/19
2026-06-16 10:27:13,571 [INFO]   [212]  XYO       (#474)  $0.00356       7d: -1.5%
2026-06-16 10:27:17,261 [INFO]           → conviction 10/100  |  signals 3/19
2026-06-16 10:27:21,762 [INFO]   [213]  FLOW      (#475)  $0.02975       7d: +11.5%
2026-06-16 10:27:22,340 [INFO]           → conviction 13/100  |  signals 4/19
2026-06-16 10:27:22,341 [INFO]   [214]  AZTEC     (#473)  $0.01673       7d: +8.2%
2026-06-16 10:27:22,925 [INFO]           → conviction 18/100  |  signals 5/19
2026-06-16 10:27:22,926 [INFO]   [215]  RON       (#483)  $0.06243       7d: +1.3%
2026-06-16 10:27:26,303 [INFO]           → conviction 10/100  |  signals 4/19
2026-06-16 10:27:30,804 [INFO]   [216]  SN120     (#481)  $14.41000      7d: +18.0%
2026-06-16 10:27:34,521 [INFO]           → conviction 8/100  |  signals 3/19
2026-06-16 10:27:39,023 [INFO]   [217]  AMP       (#489)  $0.00054       7d: +1.6%
2026-06-16 10:27:39,884 [INFO]           → conviction 10/100  |  signals 3/19
2026-06-16 10:27:39,885 [INFO]   [218]  CRCLX     (#492)  $84.66000      7d: +1.4%
2026-06-16 10:27:43,346 [INFO]           → conviction 13/100  |  signals 3/19
2026-06-16 10:27:47,847 [INFO]   [219]  PNUT      (#493)  $0.04588       7d: +7.5%
2026-06-16 10:27:48,418 [INFO]           → conviction 13/100  |  signals 4/19
2026-06-16 10:27:48,418 [INFO]   [220]  XVG       (#494)  $0.00275       7d: +8.5%
2026-06-16 10:27:49,000 [INFO]           → conviction 21/100  |  signals 6/19
2026-06-16 10:27:49,001 [INFO]   [221]  DEEP      (#495)  $0.01793       7d: +6.7%
2026-06-16 10:27:49,569 [INFO]           → conviction 27/100  |  signals 7/19
2026-06-16 10:27:49,570 [INFO]   [222]  NOT       (#497)  $0.00045       7d: +17.5%
2026-06-16 10:27:50,654 [INFO]           → conviction 3/100  |  signals 1/19
2026-06-16 10:27:50,656 [INFO]   [223]  XVS       (#500)  $2.61000       7d: +5.7%
2026-06-16 10:27:51,236 [INFO]           → conviction 8/100  |  signals 2/19
2026-06-16 10:27:51,243 [INFO] 
[5/5] Building trade plan report...
2026-06-16 10:27:51,243 [INFO]   Raw candidates found: 0
2026-06-16 10:27:51,244 [INFO] [5/5] Checking major leverage opportunities (BTC/ETH/SOL)...
2026-06-16 10:28:36,913 [INFO]   Major leverage: 8 opportunity(s) found
2026-06-16 10:28:36,920 [INFO] 
================================================================================
  CRYPTO SPOT SCANNER — TRADE PLAN REPORT
  Generated: 2026-06-16 10:28:36
================================================================================

MARKET CONTEXT
----------------------------------------
  BTC Price    :  $   66,624.80
  BTC 7-day    :     +6.30%
  BTC 24-hour  :     +0.64%
  ETH 7-day    :     +7.27%
  BTC Dominance:      56.5%
  Regime       :  🟢 BULL

ACCOUNT
----------------------------------------
  Balance       : $   96,313.06 USDT
  Risk / trade  : 1.5%  ($1,445 USDT per trade)
  Max positions : 8
  Max heat      : 12.0%

================================================================================
  NO QUALIFYING SETUPS FOUND

  All scanned tokens failed to meet the minimum conviction threshold.
  This means market conditions are not favorable right now.

  RECOMMENDATION: Stay in USDT. Wait for the next scan.
  Patience is a trading edge. Forcing trades loses money.
================================================================================

================================================================================
  ⚡ MAJOR LEVERAGE OPPORTUNITY
  BTC in confirmed BULL trend — conditions met for leveraged long on majors.
  These are lower-risk leverage plays (2-3×) on BTC / ETH / SOL.
================================================================================

  🔥🔥  BTC — 2× LEVERAGED LONG
  Conditions: RSI 65.2 | ADX 44.9 | +DI 36.6 / -DI 18.4 | ATR 0.97%

  ┌─ TRADE PLAN (2× leverage) ───────────────────────────────
  │  Entry        : $66331.0000   [LIMIT BUY]
  │  Stop Loss    : $64341.0700   (-3.0%)   ← STOP-MARKET — no exceptions
  │
  │  Notional     : $    48,157 USDT
  │  Margin req   : $    24,078 USDT  (25.0% of account)
  │  Risk         : $     1,445 USDT  (1.5%)
  │
  │  TP1  $70310.8600  (+6.0% spot / +12.0% leveraged)  Sell 50%  ≈ $1,445 USDT  R:R 1:2
  │  TP2  $72300.7900  (+9.0% spot / +18.0% leveraged)  Sell 50%  ≈ $2,167 USDT  R:R 1:3
  └──────────────────────────────────────────────────────────

  ⚠️  Set leverage to 2× on Bybit before placing order.
  ⚠️  If BTC drops >3% after entry, tighten stop to -3%.
--------------------------------------------------------------------------------

  🔥🔥  ETH — 2× LEVERAGED LONG
  Conditions: RSI 66.3 | ADX 38.9 | +DI 48.7 / -DI 21.3 | ATR 1.53%

  ┌─ TRADE PLAN (2× leverage) ───────────────────────────────
  │  Entry        : $1772.9400   [LIMIT BUY]
  │  Stop Loss    : $1719.7518   (-3.0%)   ← STOP-MARKET — no exceptions
  │
  │  Notional     : $    48,157 USDT
  │  Margin req   : $    24,078 USDT  (25.0% of account)
  │  Risk         : $     1,445 USDT  (1.5%)
  │
  │  TP1  $1879.3164  (+6.0% spot / +12.0% leveraged)  Sell 50%  ≈ $1,445 USDT  R:R 1:2
  │  TP2  $1932.5046  (+9.0% spot / +18.0% leveraged)  Sell 50%  ≈ $2,167 USDT  R:R 1:3
  └──────────────────────────────────────────────────────────

  ⚠️  Set leverage to 2× on Bybit before placing order.
  ⚠️  If BTC drops >3% after entry, tighten stop to -3%.
--------------------------------------------------------------------------------

  🔥🔥  SOL — 2× LEVERAGED LONG
  Conditions: RSI 74.0 | ADX 52.4 | +DI 47.0 / -DI 19.9 | ATR 1.73%

  ┌─ TRADE PLAN (2× leverage) ───────────────────────────────
  │  Entry        : $74.4400   [LIMIT BUY]
  │  Stop Loss    : $72.2068   (-3.0%)   ← STOP-MARKET — no exceptions
  │
  │  Notional     : $    48,157 USDT
  │  Margin req   : $    24,078 USDT  (25.0% of account)
  │  Risk         : $     1,445 USDT  (1.5%)
  │
  │  TP1  $78.9064  (+6.0% spot / +12.0% leveraged)  Sell 50%  ≈ $1,445 USDT  R:R 1:2
  │  TP2  $81.1396  (+9.0% spot / +18.0% leveraged)  Sell 50%  ≈ $2,167 USDT  R:R 1:3
  └──────────────────────────────────────────────────────────

  ⚠️  Set leverage to 2× on Bybit before placing order.
  ⚠️  If BTC drops >3% after entry, tighten stop to -3%.
--------------------------------------------------------------------------------

  🔥🔥  XRP — 2× LEVERAGED LONG
  Conditions: RSI 68.2 | ADX 36.6 | +DI 46.9 / -DI 18.8 | ATR 1.86%

  ┌─ TRADE PLAN (2× leverage) ───────────────────────────────
  │  Entry        : $1.2300   [LIMIT BUY]
  │  Stop Loss    : $1.1931   (-3.0%)   ← STOP-MARKET — no exceptions
  │
  │  Notional     : $    48,157 USDT
  │  Margin req   : $    24,078 USDT  (25.0% of account)
  │  Risk         : $     1,445 USDT  (1.5%)
  │
  │  TP1  $1.3038  (+6.0% spot / +12.0% leveraged)  Sell 50%  ≈ $1,445 USDT  R:R 1:2
  │  TP2  $1.3407  (+9.0% spot / +18.0% leveraged)  Sell 50%  ≈ $2,167 USDT  R:R 1:3
  └──────────────────────────────────────────────────────────

  ⚠️  Set leverage to 2× on Bybit before placing order.
  ⚠️  If BTC drops >3% after entry, tighten stop to -3%.
--------------------------------------------------------------------------------

  🔥🔥  BNB — 2× LEVERAGED LONG
  Conditions: RSI 55.6 | ADX 36.2 | +DI 28.8 / -DI 17.0 | ATR 1.03%

  ┌─ TRADE PLAN (2× leverage) ───────────────────────────────
  │  Entry        : $615.6900   [LIMIT BUY]
  │  Stop Loss    : $597.2193   (-3.0%)   ← STOP-MARKET — no exceptions
  │
  │  Notional     : $    48,157 USDT
  │  Margin req   : $    24,078 USDT  (25.0% of account)
  │  Risk         : $     1,445 USDT  (1.5%)
  │
  │  TP1  $652.6314  (+6.0% spot / +12.0% leveraged)  Sell 50%  ≈ $1,445 USDT  R:R 1:2
  │  TP2  $671.1021  (+9.0% spot / +18.0% leveraged)  Sell 50%  ≈ $2,167 USDT  R:R 1:3
  └──────────────────────────────────────────────────────────

  ⚠️  Set leverage to 2× on Bybit before placing order.
  ⚠️  If BTC drops >3% after entry, tighten stop to -3%.
--------------------------------------------------------------------------------

  🔥🔥  LINK — 2× LEVERAGED LONG
  Conditions: RSI 64.4 | ADX 36.4 | +DI 35.6 / -DI 16.2 | ATR 2.05%

  ┌─ TRADE PLAN (2× leverage) ───────────────────────────────
  │  Entry        : $8.3540   [LIMIT BUY]
  │  Stop Loss    : $8.1034   (-3.0%)   ← STOP-MARKET — no exceptions
  │
  │  Notional     : $    48,157 USDT
  │  Margin req   : $    24,078 USDT  (25.0% of account)
  │  Risk         : $     1,445 USDT  (1.5%)
  │
  │  TP1  $8.8552  (+6.0% spot / +12.0% leveraged)  Sell 50%  ≈ $1,445 USDT  R:R 1:2
  │  TP2  $9.1059  (+9.0% spot / +18.0% leveraged)  Sell 50%  ≈ $2,167 USDT  R:R 1:3
  └──────────────────────────────────────────────────────────

  ⚠️  Set leverage to 2× on Bybit before placing order.
  ⚠️  If BTC drops >3% after entry, tighten stop to -3%.
--------------------------------------------------------------------------------

  🔥🔥  SUI — 2× LEVERAGED LONG
  Conditions: RSI 60.1 | ADX 37.4 | +DI 33.3 / -DI 17.4 | ATR 2.5%

  ┌─ TRADE PLAN (2× leverage) ───────────────────────────────
  │  Entry        : $0.8017   [LIMIT BUY]
  │  Stop Loss    : $0.7776   (-3.0%)   ← STOP-MARKET — no exceptions
  │
  │  Notional     : $    48,157 USDT
  │  Margin req   : $    24,078 USDT  (25.0% of account)
  │  Risk         : $     1,445 USDT  (1.5%)
  │
  │  TP1  $0.8498  (+6.0% spot / +12.0% leveraged)  Sell 50%  ≈ $1,445 USDT  R:R 1:2
  │  TP2  $0.8739  (+9.0% spot / +18.0% leveraged)  Sell 50%  ≈ $2,167 USDT  R:R 1:3
  └──────────────────────────────────────────────────────────

  ⚠️  Set leverage to 2× on Bybit before placing order.
  ⚠️  If BTC drops >3% after entry, tighten stop to -3%.
--------------------------------------------------------------------------------

  🔥🔥  AAVE — 2× LEVERAGED LONG
  Conditions: RSI 68.9 | ADX 45.3 | +DI 45.3 / -DI 11.4 | ATR 2.84%

  ┌─ TRADE PLAN (2× leverage) ───────────────────────────────
  │  Entry        : $74.8800   [LIMIT BUY]
  │  Stop Loss    : $72.6336   (-3.0%)   ← STOP-MARKET — no exceptions
  │
  │  Notional     : $    48,157 USDT
  │  Margin req   : $    24,078 USDT  (25.0% of account)
  │  Risk         : $     1,445 USDT  (1.5%)
  │
  │  TP1  $79.3728  (+6.0% spot / +12.0% leveraged)  Sell 50%  ≈ $1,445 USDT  R:R 1:2
  │  TP2  $81.6192  (+9.0% spot / +18.0% leveraged)  Sell 50%  ≈ $2,167 USDT  R:R 1:3
  └──────────────────────────────────────────────────────────

  ⚠️  Set leverage to 2× on Bybit before placing order.
  ⚠️  If BTC drops >3% after entry, tighten stop to -3%.
--------------------------------------------------------------------------------

WATCHLIST  — tokens building momentum, not ready to enter yet
----------------------------------------
  ⏳ = needs 1 more confirmation scan  |  ↗ = conviction rising  |  ↘ = fading
  Monitor all. Enter only after a fresh scan confirms conviction ≥ threshold.

  #     SYMBOL     RANK         PRICE      7d%   CONV  SIGS  TREND  KEY SIGNALS
  ----  ---------  ----  ------------  -------  -----  ----  -----  ----------------------------
  1     🔶SPX       #128  $0.38983        +27.6%    42     8      ↗  whale_candles, funding_neg, cmf +5
  2     🔹ALCH      #369  $0.07891        +32.7%    37     7      ↗  whale_candles, cmf, higher_lows +4
  3     🔹BEAM      #322  $0.00156         +5.9%    36     7      ↗  whale_candles, cmf, rs_vs_btc +4
  4     🔹WLD       # 42  $0.66483        +28.5%    34     6      ↗  whale_candles, cmf, higher_lows +3
  5     🔹KMNO      #290  $0.01876        +24.2%    34     8      ↗  funding_neg, bb_squeeze, cmf +5
  6     🔹LIT       #114  $1.80000        +10.0%    32     6      →  whale_candles, cmf, rs_vs_btc +3
  7     🔹AKT       #162  $0.81035        +27.6%    32     8      →  stealth_accum, cmf, higher_lows +5
  8     🔹CTC       #437  $0.10208        +13.7%    31     6      →  whale_candles, rs_vs_btc, vol_expansion +3
  9     🔹Q         #345  $0.01829         +6.9%    29     5      →  whale_candles, cmf, rs_acceleration +2
  10    🔹M         # 27  $3.05000         +1.1%    27     7      →  bb_squeeze, cmf, rs_acceleration +4

--------------------------------------------------------------------------------
2026-06-16 10:28:36,926 [INFO] 
  Report  → C:\Users\bruno\OneDrive\Ambiente de Trabalho\Workspace\crypto scanner\crypto-scanner\outputs\scanner-results\spot_trade_plan_LATEST.txt
2026-06-16 10:28:36,927 [INFO]   JSON    → C:\Users\bruno\OneDrive\Ambiente de Trabalho\Workspace\crypto scanner\crypto-scanner\outputs\scanner-results\spot_trade_plan_LATEST.json
2026-06-16 10:28:36,927 [INFO]   Log     → C:\Users\bruno\OneDrive\Ambiente de Trabalho\Workspace\crypto scanner\crypto-scanner\outputs\logs\orchestrator_20260616.log
2026-06-16 10:28:36,927 [INFO] 
  Done.  0 high-conviction setup(s) found.
2026-06-16 13:24:03,778 [INFO]   Live Bybit balance: 96,313.06 USDT
2026-06-16 13:24:03,781 [INFO] 
2026-06-16 13:24:03,782 [INFO] ================================================================================
2026-06-16 13:24:03,783 [INFO]   CRYPTO MASTER ORCHESTRATOR v2.1
2026-06-16 13:24:03,785 [INFO]   18-signal engine | funding rate | corr filter | volume source tagging
2026-06-16 13:24:03,786 [INFO] ================================================================================
2026-06-16 13:24:03,787 [INFO]   Account: $96,313.06 USDT  |  Risk/trade: 1.5%  |  Max positions: 8
2026-06-16 13:24:03,787 [INFO] 
2026-06-16 13:24:03,796 [INFO] [1/5] Analyzing market regime...
2026-06-16 13:24:03,801 [INFO] Fetching market context (Bybit klines primary)...
2026-06-16 13:24:04,868 [INFO]   [Bybit] BTC: $66,574 | 7d: +9.0%  ETH 7d: +11.2%  Dominance: 56.4% | Regime: 🟢 BULL
2026-06-16 13:24:04,870 [INFO]   🟢 BULL — normal parameters apply
2026-06-16 13:24:04,876 [INFO] [2/5] Fetching BTC historical data...
2026-06-16 13:24:04,897 [INFO]   BTC data: OK
2026-06-16 13:24:09,399 [INFO] [3/5] Fetching top 500 coins...
2026-06-16 13:24:09,430 [INFO] Fetching top 500 coins by market cap...
2026-06-16 13:24:11,723 [INFO]   Fetched 500 coins
2026-06-16 13:24:11,739 [INFO]   Fetched 500 coins
2026-06-16 13:24:11,740 [INFO] [4/5] Scanning for high-conviction setups...
2026-06-16 13:24:11,742 [INFO]   Filters: Rank 20–500  |  Vol ≥ $500,000  |  Min conviction: 45
2026-06-16 13:24:11,743 [INFO] 
2026-06-16 13:24:11,751 [INFO]   [  1]  CC        (# 20)  $0.16414       7d: -0.7%
2026-06-16 13:24:12,457 [INFO]           → conviction 13/100  |  signals 3/19
2026-06-16 13:24:12,458 [INFO]   [  2]  LINK      (# 21)  $8.40000       7d: +6.9%
2026-06-16 13:24:12,827 [INFO]           → conviction 11/100  |  signals 3/19
2026-06-16 13:24:12,829 [INFO]   [  3]  BCH       (# 25)  $218.98000     7d: +5.8%
2026-06-16 13:24:13,166 [INFO]           → conviction 24/100  |  signals 6/19
2026-06-16 13:24:13,166 [INFO]   [  4]  LAB       (# 28)  $13.33000      7d: +26.0%
2026-06-16 13:24:13,509 [INFO]           → conviction 13/100  |  signals 4/19
2026-06-16 13:24:13,510 [INFO]   [  5]  HBAR      (# 29)  $0.08369       7d: +4.3%
2026-06-16 13:24:13,877 [INFO]           → conviction 8/100  |  signals 2/19
2026-06-16 13:24:13,878 [INFO]   [  6]  SUI       (# 31)  $0.79923       7d: +6.3%
2026-06-16 13:24:14,239 [INFO]           → conviction 18/100  |  signals 5/19
2026-06-16 13:24:14,239 [INFO]   [  7]  USYC      (# 33)  $1.13000       7d: +0.0%
2026-06-16 13:24:14,251 [WARNING]           → skip USYC: OHLCV data is stale (>8h old or duplicates)
2026-06-16 13:24:14,251 [INFO]   [  8]  AVAX      (# 34)  $6.95000       7d: +4.1%
2026-06-16 13:24:14,618 [INFO]           → conviction 14/100  |  signals 3/19
2026-06-16 13:24:14,619 [INFO]   [  9]  TAO       (# 40)  $264.47000     7d: +22.8%
2026-06-16 13:24:15,263 [INFO]           → conviction 16/100  |  signals 4/19
2026-06-16 13:24:15,264 [INFO]   [ 10]  MNT       (# 46)  $0.57798       7d: +7.0%
2026-06-16 13:24:15,634 [INFO]           → conviction 14/100  |  signals 4/19
2026-06-16 13:24:15,635 [INFO]   [ 11]  WLFI      (# 45)  $0.06007       7d: +8.1%
2026-06-16 13:24:16,012 [INFO]           → conviction 10/100  |  signals 3/19
2026-06-16 13:24:16,013 [INFO]   [ 12]  ONDO      (# 47)  $0.38482       7d: +6.5%
2026-06-16 13:24:16,369 [INFO]           → conviction 13/100  |  signals 4/19
2026-06-16 13:24:16,371 [INFO]   [ 13]  ASTER     (# 49)  $0.66567       7d: +7.2%
2026-06-16 13:24:16,751 [INFO]           → conviction 6/100  |  signals 2/19
2026-06-16 13:24:16,752 [INFO]   [ 14]  DOT       (# 50)  $1.02600       7d: +6.3%
2026-06-16 13:24:17,117 [INFO]           → conviction 11/100  |  signals 3/19
2026-06-16 13:24:17,118 [INFO]   [ 15]  OKB       (# 52)  $76.16000      7d: +4.0%
2026-06-16 13:24:17,482 [INFO]           → conviction 19/100  |  signals 4/19
2026-06-16 13:24:17,483 [INFO]   [ 16]  PI        (# 54)  $0.13605       7d: +5.6%
2026-06-16 13:24:17,848 [INFO]           → conviction 6/100  |  signals 2/19
2026-06-16 13:24:17,848 [INFO]   [ 17]  SKY       (# 57)  $0.05814       7d: +2.9%
2026-06-16 13:24:18,209 [INFO]           → conviction 14/100  |  signals 4/19
2026-06-16 13:24:18,209 [INFO]   [ 18]  ICP       (# 58)  $2.44000       7d: +5.2%
2026-06-16 13:24:18,582 [INFO]           → conviction 13/100  |  signals 3/19
2026-06-16 13:24:18,582 [INFO]   [ 19]  MORPHO    (# 61)  $1.99000       7d: +12.6%
2026-06-16 13:24:18,955 [INFO]           → conviction 10/100  |  signals 2/19
2026-06-16 13:24:18,956 [INFO]   [ 20]  BGB       (# 60)  $1.84000       7d: +0.5%
2026-06-16 13:24:19,323 [INFO]           → conviction 10/100  |  signals 2/19
2026-06-16 13:24:19,324 [INFO]   [ 21]  AAVE      (# 64)  $75.85000      7d: +22.0%
2026-06-16 13:24:19,691 [INFO]           → conviction 14/100  |  signals 4/19
2026-06-16 13:24:19,692 [INFO]   [ 22]  QNT       (# 65)  $72.62000      7d: +8.5%
2026-06-16 13:24:20,063 [INFO]           → conviction 11/100  |  signals 3/19
2026-06-16 13:24:20,064 [INFO]   [ 23]  ATOM      (# 66)  $2.00000       7d: +15.2%
2026-06-16 13:24:20,435 [INFO]           → conviction 19/100  |  signals 4/19
2026-06-16 13:24:20,436 [INFO]   [ 24]  KCS       (# 68)  $7.32000       7d: +14.6%
2026-06-16 13:24:20,815 [INFO]           → conviction 16/100  |  signals 4/19
2026-06-16 13:24:20,815 [INFO]   [ 25]  KAS       (# 72)  $0.03391       7d: +7.7%
2026-06-16 13:24:21,178 [INFO]           → conviction 16/100  |  signals 4/19
2026-06-16 13:24:21,179 [INFO]   [ 26]  RENDER    (# 73)  $1.79000       7d: +9.2%
2026-06-16 13:24:21,615 [INFO]           → conviction 24/100  |  signals 5/19
2026-06-16 13:24:21,616 [INFO]   [ 27]  ALGO      (# 78)  $0.09626       7d: +5.1%
2026-06-16 13:24:22,025 [INFO]           → conviction 3/100  |  signals 1/19
2026-06-16 13:24:22,026 [INFO]   [ 28]  POL       (# 80)  $0.07920       7d: +4.7%
2026-06-16 13:24:22,519 [INFO]           → conviction 14/100  |  signals 3/19
2026-06-16 13:24:22,520 [INFO]   [ 29]  ENA       (# 82)  $0.08705       7d: +8.2%
2026-06-16 13:24:22,930 [INFO]           → conviction 19/100  |  signals 5/19
2026-06-16 13:24:22,930 [INFO]   [ 30]  GT        (# 83)  $6.93000       7d: +7.9%
2026-06-16 13:24:23,335 [INFO]           → conviction 6/100  |  signals 2/19
2026-06-16 13:24:23,336 [INFO]   [ 31]  JST       (# 85)  $0.08048       7d: -2.8%
2026-06-16 13:24:23,746 [INFO]           → conviction 11/100  |  signals 3/19
2026-06-16 13:24:23,746 [INFO]   [ 32]  FLR       (# 87)  $0.00799       7d: +12.2%
2026-06-16 13:24:24,447 [INFO]           → conviction 16/100  |  signals 4/19
2026-06-16 13:24:24,449 [INFO]   [ 33]  JUP       (# 89)  $0.19931       7d: +28.4%
2026-06-16 13:24:24,814 [INFO]           → conviction 21/100  |  signals 5/19
2026-06-16 13:24:24,815 [INFO]   [ 34]  FIL       (# 90)  $0.80142       7d: +4.7%
2026-06-16 13:24:25,193 [INFO]           → conviction 14/100  |  signals 4/19
2026-06-16 13:24:25,194 [INFO]   [ 35]  BDX       (# 91)  $0.08143       7d: +2.6%
2026-06-16 13:24:25,582 [INFO]           → conviction 6/100  |  signals 2/19
2026-06-16 13:24:25,583 [INFO]   [ 36]  NIGHT     (# 96)  $0.03410       7d: +6.5%
2026-06-16 13:24:25,946 [INFO]           → conviction 6/100  |  signals 2/19
2026-06-16 13:24:25,946 [INFO]   [ 37]  PUMP      (# 99)  $0.00158       7d: +0.9%
2026-06-16 13:24:27,024 [INFO]           → conviction 16/100  |  signals 4/19
2026-06-16 13:24:27,024 [INFO]   [ 38]  ARB       (#100)  $0.08708       7d: +8.0%
2026-06-16 13:24:27,844 [INFO]           → conviction 27/100  |  signals 6/19
2026-06-16 13:24:27,845 [INFO]   [ 39]  DASH      (#106)  $38.09000      7d: +1.8%
2026-06-16 13:24:28,226 [INFO]           → conviction 18/100  |  signals 5/19
2026-06-16 13:24:28,227 [INFO]   [ 40]  ADI       (#109)  $3.74000       7d: +0.3%
2026-06-16 13:24:28,605 [INFO]           → skip (flatliner: ATR 0.21% / BB 0.15%)
2026-06-16 13:24:28,605 [INFO]   [ 41]  CAKE      (#110)  $1.42000       7d: +7.5%
2026-06-16 13:24:28,987 [INFO]           → conviction 11/100  |  signals 3/19
2026-06-16 13:24:28,987 [INFO]   [ 42]  VET       (#112)  $0.00531       7d: +8.6%
2026-06-16 13:24:29,363 [INFO]           → conviction 14/100  |  signals 4/19
2026-06-16 13:24:29,363 [INFO]   [ 43]  PENGU     (#113)  $0.00725       7d: +7.8%
2026-06-16 13:24:29,733 [INFO]           → conviction 14/100  |  signals 4/19
2026-06-16 13:24:29,733 [INFO]   [ 44]  AERO      (#115)  $0.47098       7d: +39.5%
2026-06-16 13:24:30,103 [INFO]           → conviction 18/100  |  signals 5/19
2026-06-16 13:24:30,104 [INFO]   [ 45]  APXUSD    (#122)  $0.96125       7d: -1.0%
2026-06-16 13:24:33,670 [INFO]           → skip (flatliner: ATR 0.74% / BB 0.33%)
2026-06-16 13:24:38,172 [INFO]   [ 46]  SEI       (#127)  $0.05417       7d: +13.0%
2026-06-16 13:24:38,544 [INFO]           → conviction 18/100  |  signals 4/19
2026-06-16 13:24:38,544 [INFO]   [ 47]  STX       (#129)  $0.19348       7d: +6.9%
2026-06-16 13:24:38,926 [INFO]           → conviction 21/100  |  signals 5/19
2026-06-16 13:24:38,927 [INFO]   [ 48]  TIA       (#130)  $0.37860       7d: +18.9%
2026-06-16 13:24:39,301 [INFO]           → conviction 14/100  |  signals 4/19
2026-06-16 13:24:39,302 [INFO]   [ 49]  SUN       (#134)  $0.01696       7d: -1.7%
2026-06-16 13:24:39,940 [INFO]           → conviction 10/100  |  signals 3/19
2026-06-16 13:24:39,941 [INFO]   [ 50]  ZRO       (#137)  $1.20000       7d: +41.7%
2026-06-16 13:24:40,316 [INFO]           → conviction 18/100  |  signals 5/19
2026-06-16 13:24:40,316 [INFO]   [ 51]  GRASS     (#139)  $0.47480       7d: +37.9%
2026-06-16 13:24:40,678 [INFO]           → conviction 18/100  |  signals 5/19
2026-06-16 13:24:40,679 [INFO]   [ 52]  GNO       (#141)  $106.80000     7d: +10.6%
2026-06-16 13:24:40,705 [WARNING]           → skip GNO: OHLCV data is stale (>8h old or duplicates)
2026-06-16 13:24:40,705 [INFO]   [ 53]  XTZ       (#143)  $0.24589       7d: +1.7%
2026-06-16 13:24:41,071 [INFO]           → conviction 13/100  |  signals 3/19
2026-06-16 13:24:41,071 [INFO]   [ 54]  ZBCN      (#147)  $0.00267       7d: +8.0%
2026-06-16 13:24:41,435 [INFO]           → conviction 13/100  |  signals 4/19
2026-06-16 13:24:41,435 [INFO]   [ 55]  BSV       (#150)  $12.67000      7d: +6.6%
2026-06-16 13:24:41,804 [INFO]           → conviction 11/100  |  signals 3/19
2026-06-16 13:24:41,805 [INFO]   [ 56]  JASMY     (#152)  $0.00502       7d: +7.4%
2026-06-16 13:24:42,155 [INFO]           → conviction 3/100  |  signals 1/19
2026-06-16 13:24:42,155 [INFO]   [ 57]  TEL       (#154)  $0.00258       7d: +8.8%
2026-06-16 13:24:42,518 [INFO]           → conviction 6/100  |  signals 2/19
2026-06-16 13:24:42,519 [INFO]   [ 58]  2Z        (#155)  $0.07077       7d: -0.6%
2026-06-16 13:24:42,870 [INFO]           → conviction 3/100  |  signals 1/19
2026-06-16 13:24:42,871 [INFO]   [ 59]  XPL       (#156)  $0.09630       7d: +39.1%
2026-06-16 13:24:43,226 [INFO]           → conviction 16/100  |  signals 4/19
2026-06-16 13:24:43,229 [INFO]   [ 60]  STRK      (#162)  $0.03678       7d: +6.6%
2026-06-16 13:24:43,589 [INFO]           → conviction 19/100  |  signals 5/19
2026-06-16 13:24:43,590 [INFO]   [ 61]  LDO       (#164)  $0.27970       7d: +7.1%
2026-06-16 13:24:43,969 [INFO]           → conviction 11/100  |  signals 3/19
2026-06-16 13:24:43,969 [INFO]   [ 62]  OP        (#163)  $0.10930       7d: +14.6%
2026-06-16 13:24:44,348 [INFO]           → conviction 19/100  |  signals 4/19
2026-06-16 13:24:44,348 [INFO]   [ 63]  USDM      (#165)  $1.00300       7d: +0.8%
2026-06-16 13:24:44,704 [INFO]           → skip (flatliner: ATR 2.61% / BB 0.47%)
2026-06-16 13:24:44,705 [INFO]   [ 64]  KAIA      (#167)  $0.03871       7d: +6.2%
2026-06-16 13:24:45,376 [INFO]           → conviction 18/100  |  signals 4/19
2026-06-16 13:24:45,377 [INFO]   [ 65]  IOTA      (#170)  $0.04989       7d: +7.6%
2026-06-16 13:24:45,761 [INFO]           → conviction 14/100  |  signals 4/19
2026-06-16 13:24:45,762 [INFO]   [ 66]  ENS       (#171)  $5.44000       7d: +16.9%
2026-06-16 13:24:46,138 [INFO]           → conviction 13/100  |  signals 4/19
2026-06-16 13:24:46,139 [INFO]   [ 67]  REAL      (#175)  $0.06438       7d: +14.7%
2026-06-16 13:24:46,512 [INFO]           → conviction 9/100  |  signals 3/19
2026-06-16 13:24:46,513 [INFO]   [ 68]  PIEVERSE  (#180)  $0.70725       7d: +15.5%
2026-06-16 13:24:46,885 [INFO]           → conviction 13/100  |  signals 4/19
2026-06-16 13:24:46,886 [INFO]   [ 69]  APYUSD    (#181)  $1.28000       7d: +1.8%
2026-06-16 13:24:50,769 [INFO]           → skip (flatliner: ATR 1.02% / BB 0.32%)
2026-06-16 13:24:55,271 [INFO]   [ 70]  AXS       (#187)  $1.01000       7d: +8.2%
2026-06-16 13:24:55,644 [INFO]           → conviction 11/100  |  signals 3/19
2026-06-16 13:24:55,644 [INFO]   [ 71]  COMP      (#188)  $17.96000      7d: +0.1%
2026-06-16 13:24:56,031 [INFO]           → conviction 18/100  |  signals 4/19
2026-06-16 13:24:56,032 [INFO]   [ 72]  WFI       (#190)  $2.03000       7d: -0.3%
2026-06-16 13:24:56,404 [INFO]           → conviction 3/100  |  signals 1/19
2026-06-16 13:24:56,405 [INFO]   [ 73]  RAY       (#191)  $0.63855       7d: +10.0%
2026-06-16 13:24:56,780 [INFO]           → conviction 16/100  |  signals 5/19
2026-06-16 13:24:56,781 [INFO]   [ 74]  WIF       (#193)  $0.17059       7d: +9.0%
2026-06-16 13:24:57,175 [INFO]           → conviction 14/100  |  signals 4/19
2026-06-16 13:24:57,175 [INFO]   [ 75]  SYRUP     (#194)  $0.14194       7d: +9.3%
2026-06-16 13:24:57,544 [INFO]           → conviction 24/100  |  signals 6/19
2026-06-16 13:24:57,545 [INFO]   [ 76]  MX        (#197)  $1.78000       7d: +2.5%
2026-06-16 13:24:57,899 [INFO]           → conviction 6/100  |  signals 2/19
2026-06-16 13:24:57,899 [INFO]   [ 77]  EIGEN     (#201)  $0.21885       7d: +19.7%
2026-06-16 13:24:58,304 [INFO]           → conviction 18/100  |  signals 4/19
2026-06-16 13:24:58,304 [INFO]   [ 78]  TRAC      (#202)  $0.36105       7d: +4.2%
2026-06-16 13:24:58,670 [INFO]           → conviction 10/100  |  signals 3/19
2026-06-16 13:24:58,671 [INFO]   [ 79]  ZANO      (#205)  $10.39000      7d: +16.0%
2026-06-16 13:24:59,065 [INFO]           → conviction 19/100  |  signals 5/19
2026-06-16 13:24:59,066 [INFO]   [ 80]  XCN       (#208)  $0.00404       7d: +4.7%
2026-06-16 13:24:59,426 [INFO]           → conviction 13/100  |  signals 4/19
2026-06-16 13:24:59,427 [INFO]   [ 81]  SAND      (#211)  $0.05422       7d: +7.2%
2026-06-16 13:24:59,795 [INFO]           → conviction 14/100  |  signals 4/19
2026-06-16 13:24:59,796 [INFO]   [ 82]  RUNE      (#214)  $0.41743       7d: +9.5%
2026-06-16 13:25:00,151 [INFO]           → conviction 24/100  |  signals 4/19
2026-06-16 13:25:00,152 [INFO]   [ 83]  BAT       (#219)  $0.09191       7d: -2.0%
2026-06-16 13:25:00,552 [INFO]           → conviction 18/100  |  signals 4/19
2026-06-16 13:25:00,552 [INFO]   [ 84]  BTW       (#221)  $0.06215       7d: +2.4%
2026-06-16 13:25:00,956 [INFO]           → conviction 3/100  |  signals 1/19
2026-06-16 13:25:00,957 [INFO]   [ 85]  AR        (#220)  $2.08000       7d: +10.4%
2026-06-16 13:25:01,328 [INFO]           → conviction 24/100  |  signals 6/19
2026-06-16 13:25:01,329 [INFO]   [ 86]  MANA      (#222)  $0.07025       7d: +7.1%
2026-06-16 13:25:01,731 [INFO]           → conviction 11/100  |  signals 3/19
2026-06-16 13:25:01,731 [INFO]   [ 87]  FARTCOIN  (#223)  $0.13555       7d: +14.0%
2026-06-16 13:25:02,101 [INFO]           → conviction 21/100  |  signals 6/19
2026-06-16 13:25:02,102 [INFO]   [ 88]  GALA      (#225)  $0.00275       7d: +6.2%
2026-06-16 13:25:02,478 [INFO]           → conviction 24/100  |  signals 5/19
2026-06-16 13:25:02,478 [INFO]   [ 89]  APE       (#226)  $0.12993       7d: +4.6%
2026-06-16 13:25:02,850 [INFO]           → conviction 11/100  |  signals 3/19
2026-06-16 13:25:02,850 [INFO]   [ 90]  CVX       (#230)  $1.41000       7d: +15.3%
2026-06-16 13:25:03,221 [INFO]           → conviction 23/100  |  signals 6/19
2026-06-16 13:25:03,221 [INFO]   [ 91]  TIBBIR    (#229)  $0.12779       7d: +19.9%
2026-06-16 13:25:03,588 [INFO]           → conviction 15/100  |  signals 5/19
2026-06-16 13:25:03,589 [INFO]   [ 92]  S         (#234)  $0.03321       7d: +9.8%
2026-06-16 13:25:03,968 [INFO]           → conviction 18/100  |  signals 5/19
2026-06-16 13:25:03,969 [INFO]   [ 93]  SENT      (#237)  $0.01711       7d: +17.7%
2026-06-16 13:25:04,339 [INFO]           → conviction 24/100  |  signals 4/19
2026-06-16 13:25:04,339 [INFO]   [ 94]  A         (#240)  $0.07358       7d: +15.2%
2026-06-16 13:25:05,481 [INFO]           → conviction 24/100  |  signals 6/19
2026-06-16 13:25:05,481 [INFO]   [ 95]  CRCLON    (#242)  $84.09000      7d: +1.3%
2026-06-16 13:25:05,851 [INFO]           → conviction 13/100  |  signals 3/19
2026-06-16 13:25:05,851 [INFO]   [ 96]  KAITO     (#244)  $0.48908       7d: +18.5%
2026-06-16 13:25:06,211 [INFO]           → conviction 11/100  |  signals 3/19
2026-06-16 13:25:06,211 [INFO]   [ 97]  GOMINING  (#245)  $0.28760       7d: +10.0%
2026-06-16 13:25:06,572 [INFO]           → conviction 9/100  |  signals 3/19
2026-06-16 13:25:06,572 [INFO]   [ 98]  GLM       (#248)  $0.11535       7d: +4.4%
2026-06-16 13:25:06,936 [INFO]           → conviction 18/100  |  signals 4/19
2026-06-16 13:25:06,936 [INFO]   [ 99]  ZK        (#252)  $0.01177       7d: +15.4%
2026-06-16 13:25:07,583 [INFO]           → conviction 24/100  |  signals 6/19
2026-06-16 13:25:07,583 [INFO]   [100]  IP        (#255)  $0.31243       7d: +0.1%
2026-06-16 13:25:07,949 [INFO]           → conviction 10/100  |  signals 3/19
2026-06-16 13:25:07,949 [INFO]   [101]  1INCH     (#259)  $0.07810       7d: +10.4%
2026-06-16 13:25:08,313 [INFO]           → conviction 11/100  |  signals 3/19
2026-06-16 13:25:08,314 [INFO]   [102]  BMX       (#261)  $0.31902       7d: +6.5%
2026-06-16 13:25:08,696 [INFO]           → conviction 17/100  |  signals 4/19
2026-06-16 13:25:08,697 [INFO]   [103]  RIF       (#265)  $0.10665       7d: +74.3%
2026-06-16 13:25:09,633 [INFO]           → conviction 19/100  |  signals 4/19
2026-06-16 13:25:09,634 [INFO]   [104]  AWE       (#267)  $0.05455       7d: +0.6%
2026-06-16 13:25:10,017 [INFO]           → conviction 13/100  |  signals 3/19
2026-06-16 13:25:10,018 [INFO]   [105]  BP        (#269)  $0.41689       7d: +59.6%
2026-06-16 13:25:10,449 [INFO]           → conviction 19/100  |  signals 5/19
2026-06-16 13:25:10,450 [INFO]   [106]  QAIT      (#274)  $0.02316       7d: +2.0%
2026-06-16 13:25:10,956 [INFO]           → conviction 5/100  |  signals 2/19
2026-06-16 13:25:10,961 [INFO]   [107]  ATH       (#280)  $0.00494       7d: +10.3%
2026-06-16 13:25:11,353 [INFO]           → conviction 18/100  |  signals 5/19
2026-06-16 13:25:11,354 [INFO]   [108]  LPT       (#288)  $1.84000       7d: +4.2%
2026-06-16 13:25:11,736 [INFO]           → conviction 14/100  |  signals 3/19
2026-06-16 13:25:11,736 [INFO]   [109]  GEOD      (#292)  $0.19971       7d: +28.1%
2026-06-16 13:25:12,099 [INFO]           → conviction 13/100  |  signals 5/19
2026-06-16 13:25:12,099 [INFO]   [110]  SN64      (#293)  $17.19000      7d: +21.4%
2026-06-16 13:25:12,464 [INFO]           → conviction 9/100  |  signals 3/19
2026-06-16 13:25:12,465 [INFO]   [111]  FLUID     (#295)  $1.13000       7d: +3.7%
2026-06-16 13:25:12,827 [INFO]           → conviction 14/100  |  signals 4/19
2026-06-16 13:25:12,827 [INFO]   [112]  SNX       (#297)  $0.25759       7d: +6.1%
2026-06-16 13:25:13,184 [INFO]           → conviction 14/100  |  signals 4/19
2026-06-16 13:25:13,184 [INFO]   [113]  MUON      (#298)  $1109.97000    7d: +12.8%
2026-06-16 13:25:13,557 [INFO]           → conviction 9/100  |  signals 3/19
2026-06-16 13:25:13,558 [INFO]   [114]  ZEN       (#301)  $4.78000       7d: +8.0%
2026-06-16 13:25:13,929 [INFO]           → conviction 14/100  |  signals 4/19
2026-06-16 13:25:13,930 [INFO]   [115]  USDA      (#303)  $0.98708       7d: -0.3%
2026-06-16 13:25:14,305 [INFO]           → conviction 10/100  |  signals 3/19
2026-06-16 13:25:14,306 [INFO]   [116]  WAL       (#305)  $0.03564       7d: +10.5%
2026-06-16 13:25:14,692 [INFO]           → conviction 16/100  |  signals 5/19
2026-06-16 13:25:14,693 [INFO]   [117]  SHX       (#306)  $0.00478       7d: +6.3%
2026-06-16 13:25:15,120 [INFO]           → conviction 18/100  |  signals 5/19
2026-06-16 13:25:15,121 [INFO]   [118]  UMXM      (#307)  $1.80000       7d: +6.6%
2026-06-16 13:25:15,501 [INFO]           → conviction 6/100  |  signals 2/19
2026-06-16 13:25:15,502 [INFO]   [119]  CFG       (#309)  $0.22111       7d: +13.5%
2026-06-16 13:25:15,883 [INFO]           → conviction 14/100  |  signals 4/19
2026-06-16 13:25:15,884 [INFO]   [120]  UAI       (#313)  $0.33855       7d: +16.9%
2026-06-16 13:25:16,249 [INFO]           → conviction 19/100  |  signals 6/19
2026-06-16 13:25:16,250 [INFO]   [121]  LINEA     (#321)  $0.00263       7d: +7.1%
2026-06-16 13:25:17,059 [INFO]           → conviction 10/100  |  signals 2/19
2026-06-16 13:25:17,061 [INFO]   [122]  MELANIA   (#319)  $0.08428       7d: +9.4%
2026-06-16 13:25:17,440 [INFO]           → conviction 10/100  |  signals 3/19
2026-06-16 13:25:17,440 [INFO]   [123]  USELESS   (#322)  $0.07949       7d: +17.4%
2026-06-16 13:25:17,812 [INFO]           → conviction 18/100  |  signals 5/19
2026-06-16 13:25:17,812 [INFO]   [124]  DBR       (#325)  $0.01456       7d: -2.0%
2026-06-16 13:25:18,188 [INFO]           → conviction 3/100  |  signals 1/19
2026-06-16 13:25:18,189 [INFO]   [125]  MAGMA     (#345)  $0.39428       7d: -1.4%
2026-06-16 13:25:18,563 [INFO]           → conviction 6/100  |  signals 2/19
2026-06-16 13:25:18,565 [INFO]   [126]  ORDI      (#341)  $3.55000       7d: +15.4%
2026-06-16 13:25:18,921 [INFO]           → conviction 10/100  |  signals 3/19
2026-06-16 13:25:18,922 [INFO]   [127]  AIOZ      (#343)  $0.05971       7d: +4.7%
2026-06-16 13:25:19,305 [INFO]           → conviction 13/100  |  signals 3/19
2026-06-16 13:25:19,306 [INFO]   [128]  MAG7.SSI  (#339)  $0.44118       7d: +6.5%
2026-06-16 13:25:19,695 [INFO]           → conviction 10/100  |  signals 2/19
2026-06-16 13:25:19,695 [INFO]   [129]  JCT       (#348)  $0.00646       7d: +17.1%
2026-06-16 13:25:20,073 [INFO]           → conviction 6/100  |  signals 2/19
2026-06-16 13:25:20,074 [INFO]   [130]  CYS       (#347)  $0.45858       7d: +2.9%
2026-06-16 13:25:20,457 [INFO]           → conviction 11/100  |  signals 3/19
2026-06-16 13:25:20,457 [INFO]   [131]  BERA      (#351)  $0.26322       7d: +4.4%
2026-06-16 13:25:20,842 [INFO]           → conviction 6/100  |  signals 2/19
2026-06-16 13:25:20,843 [INFO]   [132]  ZAMA      (#354)  $0.03305       7d: +15.9%
2026-06-16 13:25:21,209 [INFO]           → conviction 18/100  |  signals 5/19
2026-06-16 13:25:21,210 [INFO]   [133]  RVN       (#353)  $0.00445       7d: +3.8%
2026-06-16 13:25:21,598 [INFO]           → conviction 18/100  |  signals 5/19
2026-06-16 13:25:21,599 [INFO]   [134]  BAN       (#359)  $0.07205       7d: +0.4%
2026-06-16 13:25:21,986 [INFO]           → conviction 3/100  |  signals 1/19
2026-06-16 13:25:21,987 [INFO]   [135]  SAFE      (#360)  $0.09620       7d: +3.8%
2026-06-16 13:25:22,363 [INFO]           → conviction 11/100  |  signals 3/19
2026-06-16 13:25:22,364 [INFO]   [136]  KNTQ      (#361)  $0.25370       7d: +0.3%
2026-06-16 13:25:22,733 [INFO]           → conviction 19/100  |  signals 5/19
2026-06-16 13:25:22,733 [INFO]   [137]  METAL     (#365)  $0.13727       7d: +3.3%
2026-06-16 13:25:23,097 [INFO]           → conviction 24/100  |  signals 6/19
2026-06-16 13:25:23,098 [INFO]   [138]  KSM       (#366)  $3.79000       7d: +5.3%
2026-06-16 13:25:23,486 [INFO]           → conviction 11/100  |  signals 3/19
2026-06-16 13:25:23,487 [INFO]   [139]  XPR       (#368)  $0.00237       7d: +8.4%
2026-06-16 13:25:23,852 [INFO]           → conviction 17/100  |  signals 4/19
2026-06-16 13:25:23,853 [INFO]   [140]  BIO       (#370)  $0.03139       7d: +3.3%
2026-06-16 13:25:24,224 [INFO]           → conviction 3/100  |  signals 1/19
2026-06-16 13:25:24,225 [INFO]   [141]  BABY      (#381)  $0.01755       7d: +15.5%
2026-06-16 13:25:24,592 [INFO]           → conviction 19/100  |  signals 6/19
2026-06-16 13:25:24,593 [INFO]   [142]  IO        (#382)  $0.18609       7d: +12.7%
2026-06-16 13:25:24,979 [INFO]           → conviction 6/100  |  signals 2/19
2026-06-16 13:25:24,980 [INFO]   [143]  0G        (#386)  $0.30486       7d: +0.6%
2026-06-16 13:25:25,347 [INFO]           → conviction 19/100  |  signals 5/19
2026-06-16 13:25:25,347 [INFO]   [144]  PLUME     (#384)  $0.01127       7d: +1.6%
2026-06-16 13:25:25,724 [INFO]           → conviction 26/100  |  signals 6/19
2026-06-16 13:25:25,725 [INFO]   [145]  MEGA      (#380)  $0.05728       7d: +17.5%
2026-06-16 13:25:26,182 [INFO]           → conviction 16/100  |  signals 4/19
2026-06-16 13:25:26,182 [INFO]   [146]  ZIL       (#387)  $0.00331       7d: +7.5%
2026-06-16 13:25:26,550 [INFO]           → conviction 21/100  |  signals 5/19
2026-06-16 13:25:26,550 [INFO]   [147]  BRETT     (#394)  $0.00647       7d: +18.1%
2026-06-16 13:25:26,923 [INFO]           → conviction 24/100  |  signals 6/19
2026-06-16 13:25:26,924 [INFO]   [148]  COAI      (#389)  $0.33943       7d: +38.7%
2026-06-16 13:25:27,298 [INFO]           → conviction 24/100  |  signals 6/19
2026-06-16 13:25:27,298 [INFO]   [149]  SUPER     (#390)  $0.09945       7d: +7.4%
2026-06-16 13:25:27,676 [INFO]           → conviction 21/100  |  signals 5/19
2026-06-16 13:25:27,677 [INFO]   [150]  TFUEL     (#393)  $0.00858       7d: +4.5%
2026-06-16 13:25:28,029 [INFO]           → conviction 3/100  |  signals 1/19
2026-06-16 13:25:28,029 [INFO]   [151]  AIPF      (#397)  $2.19000       7d: +0.3%
2026-06-16 13:25:32,075 [INFO]           → conviction 9/100  |  signals 3/19
2026-06-16 13:25:36,576 [INFO]   [152]  MET       (#396)  $0.11886       7d: +17.9%
2026-06-16 13:25:36,932 [INFO]           → conviction 21/100  |  signals 6/19
2026-06-16 13:25:36,933 [INFO]   [153]  CARDS     (#399)  $0.24386       7d: +22.5%
2026-06-16 13:25:40,525 [INFO]           → conviction 10/100  |  signals 3/19
2026-06-16 13:25:45,027 [INFO]   [154]  VELO      (#401)  $0.00354       7d: +4.4%
2026-06-16 13:25:45,428 [INFO]           → conviction 11/100  |  signals 3/19
2026-06-16 13:25:45,429 [INFO]   [155]  NMR       (#406)  $8.67000       7d: -0.7%
2026-06-16 13:25:45,822 [INFO]           → conviction 10/100  |  signals 2/19
2026-06-16 13:25:45,823 [INFO]   [156]  W         (#409)  $0.00999       7d: +8.5%
2026-06-16 13:25:46,212 [INFO]           → conviction 10/100  |  signals 3/19
2026-06-16 13:25:46,213 [INFO]   [157]  JELLYJELLY  (#411)  $0.05935       7d: +0.3%
2026-06-16 13:25:46,586 [INFO]           → conviction 6/100  |  signals 2/19
2026-06-16 13:25:46,587 [INFO]   [158]  HOT       (#417)  $0.00033       7d: +6.4%
2026-06-16 13:25:46,961 [INFO]           → conviction 8/100  |  signals 2/19
2026-06-16 13:25:46,961 [INFO]   [159]  ZETA      (#418)  $0.03942       7d: +13.1%
2026-06-16 13:25:47,341 [INFO]           → conviction 18/100  |  signals 5/19
2026-06-16 13:25:47,341 [INFO]   [160]  TSLAX     (#421)  $407.01000     7d: -1.0%
2026-06-16 13:25:47,713 [INFO]           → conviction 3/100  |  signals 1/19
2026-06-16 13:25:47,713 [INFO]   [161]  SOON      (#422)  $0.16827       7d: +0.3%
2026-06-16 13:25:48,084 [INFO]           → conviction 3/100  |  signals 1/19
2026-06-16 13:25:48,085 [INFO]   [162]  DIEM      (#424)  $1530.44000    7d: +9.7%
2026-06-16 13:25:48,470 [INFO]           → conviction 10/100  |  signals 3/19
2026-06-16 13:25:48,471 [INFO]   [163]  ROSE      (#423)  $0.00721       7d: +13.3%
2026-06-16 13:25:48,828 [INFO]           → conviction 18/100  |  signals 5/19
2026-06-16 13:25:48,829 [INFO]   [164]  CKB       (#429)  $0.00115       7d: +7.5%
2026-06-16 13:25:49,467 [INFO]           → conviction 16/100  |  signals 4/19
2026-06-16 13:25:49,468 [INFO]   [165]  IDOL      (#433)  $0.03003       7d: +3.8%
2026-06-16 13:25:49,840 [INFO]           → conviction 15/100  |  signals 4/19
2026-06-16 13:25:49,840 [INFO]   [166]  MINA      (#430)  $0.04373       7d: +3.5%
2026-06-16 13:25:50,482 [INFO]           → conviction 6/100  |  signals 2/19
2026-06-16 13:25:50,483 [INFO]   [167]  TOSHI     (#431)  $0.00013       7d: +10.2%
2026-06-16 13:25:50,865 [INFO]           → conviction 6/100  |  signals 2/19
2026-06-16 13:25:50,865 [INFO]   [168]  SPK       (#432)  $0.02007       7d: +3.7%
2026-06-16 13:25:51,236 [INFO]           → conviction 13/100  |  signals 3/19
2026-06-16 13:25:51,237 [INFO]   [169]  POLYX     (#437)  $0.04272       7d: +11.4%
2026-06-16 13:25:51,609 [INFO]           → conviction 6/100  |  signals 2/19
2026-06-16 13:25:51,609 [INFO]   [170]  QFI       (#439)  $54.78000      7d: +3.1%
2026-06-16 13:25:51,985 [INFO]           → skip (flatliner: ATR 0.96% / BB 0.49%)
2026-06-16 13:25:51,986 [INFO]   [171]  FXUSD     (#435)  $1.00500       7d: +0.2%
2026-06-16 13:25:52,381 [INFO]           → skip (flatliner: ATR 1.23% / BB 0.26%)
2026-06-16 13:25:52,383 [INFO]   [172]  OPEN      (#443)  $0.24833       7d: +13.4%
2026-06-16 13:25:52,739 [INFO]           → conviction 10/100  |  signals 3/19
2026-06-16 13:25:52,740 [INFO]   [173]  BLUR      (#450)  $0.01874       7d: +6.3%
2026-06-16 13:25:53,106 [INFO]           → conviction 18/100  |  signals 4/19
2026-06-16 13:25:53,106 [INFO]   [174]  ELF       (#451)  $0.06403       7d: -0.4%
2026-06-16 13:25:53,117 [WARNING]           → skip ELF: OHLCV data is stale (>8h old or duplicates)
2026-06-16 13:25:53,118 [INFO]   [175]  XNO       (#454)  $0.39067       7d: +2.2%
2026-06-16 13:25:53,491 [INFO]           → conviction 11/100  |  signals 3/19
2026-06-16 13:25:53,491 [INFO]   [176]  ASTEROID  (#462)  $0.00012       7d: +40.2%
2026-06-16 13:25:54,686 [INFO]           → conviction 11/100  |  signals 4/19
2026-06-16 13:25:54,687 [INFO]   [177]  KAVA      (#455)  $0.04756       7d: +11.7%
2026-06-16 13:25:57,251 [INFO]           → conviction 14/100  |  signals 4/19
2026-06-16 13:25:57,252 [INFO]   [178]  FOGO      (#461)  $0.01330       7d: +19.2%
2026-06-16 13:25:59,193 [INFO]           → conviction 11/100  |  signals 3/19
2026-06-16 13:25:59,193 [INFO]   [179]  SUSHI     (#463)  $0.18548       7d: +13.0%
2026-06-16 13:25:59,921 [INFO]           → conviction 16/100  |  signals 5/19
2026-06-16 13:25:59,921 [INFO]   [180]  NVDAON    (#465)  $211.69000     7d: +0.8%
2026-06-16 13:26:00,587 [INFO]           → conviction 10/100  |  signals 2/19
2026-06-16 13:26:00,588 [INFO]   [181]  FLOW      (#471)  $0.03010       7d: +13.9%
2026-06-16 13:26:01,655 [INFO]           → conviction 13/100  |  signals 4/19
2026-06-16 13:26:01,655 [INFO]   [182]  XYO       (#468)  $0.00360       7d: -0.3%
2026-06-16 13:26:02,723 [INFO]           → conviction 10/100  |  signals 3/19
2026-06-16 13:26:02,727 [INFO]   [183]  ONT       (#469)  $0.05004       7d: +7.6%
2026-06-16 13:26:03,674 [INFO]           → conviction 16/100  |  signals 5/19
2026-06-16 13:26:03,678 [INFO]   [184]  DGB       (#474)  $0.00272       7d: +7.4%
2026-06-16 13:26:04,387 [INFO]           → conviction 10/100  |  signals 3/19
2026-06-16 13:26:04,391 [INFO]   [185]  PEAQ      (#475)  $0.02225       7d: -2.2%
2026-06-16 13:26:05,256 [INFO]           → conviction 10/100  |  signals 3/19
2026-06-16 13:26:05,261 [INFO]   [186]  AZTEC     (#476)  $0.01699       7d: +9.4%
2026-06-16 13:26:05,655 [INFO]           → conviction 18/100  |  signals 5/19
2026-06-16 13:26:05,656 [INFO]   [187]  SN44      (#480)  $10.31000      7d: +22.2%
2026-06-16 13:26:06,039 [INFO]           → conviction 15/100  |  signals 5/19
2026-06-16 13:26:06,040 [INFO]   [188]  RON       (#484)  $0.06264       7d: +2.4%
2026-06-16 13:26:06,442 [INFO]           → conviction 10/100  |  signals 4/19
2026-06-16 13:26:06,442 [INFO]   [189]  SN120     (#488)  $14.20000      7d: +16.6%
2026-06-16 13:26:06,943 [INFO]           → conviction 8/100  |  signals 3/19
2026-06-16 13:26:06,945 [INFO]   [190]  AMP       (#490)  $0.00054       7d: +3.2%
2026-06-16 13:26:07,449 [INFO]           → conviction 10/100  |  signals 3/19
2026-06-16 13:26:07,451 [INFO]   [191]  CRCLX     (#492)  $84.26000      7d: +2.1%
2026-06-16 13:26:07,909 [INFO]           → conviction 13/100  |  signals 3/19
2026-06-16 13:26:07,909 [INFO]   [192]  XVG       (#496)  $0.00273       7d: +8.2%
2026-06-16 13:26:08,406 [INFO]           → conviction 21/100  |  signals 6/19
2026-06-16 13:26:08,406 [INFO]   [193]  XVS       (#497)  $2.66000       7d: +7.8%
2026-06-16 13:26:08,860 [INFO]           → conviction 8/100  |  signals 2/19
2026-06-16 13:26:08,861 [INFO]   [194]  POPCAT    (#500)  $0.04475       7d: +7.8%
2026-06-16 13:26:09,831 [INFO]           → conviction 6/100  |  signals 2/19
2026-06-16 13:26:09,838 [INFO] 
[5/5] Building trade plan report...
2026-06-16 13:26:09,841 [INFO]   Raw candidates found: 0
2026-06-16 13:26:09,841 [INFO] [5/5] Checking major leverage opportunities (BTC/ETH/SOL)...
2026-06-16 13:26:09,841 [INFO]   Major leverage: 0 opportunity(s) found
2026-06-16 13:26:09,843 [INFO] 
================================================================================
  CRYPTO SPOT SCANNER — TRADE PLAN REPORT
  Generated: 2026-06-16 13:26:09
================================================================================

MARKET CONTEXT
----------------------------------------
  BTC Price    :  $   66,574.40
  BTC 7-day    :     +8.95%
  BTC 24-hour  :     -1.01%
  ETH 7-day    :    +11.16%
  BTC Dominance:      56.4%
  Regime       :  🟢 BULL

ACCOUNT
----------------------------------------
  Balance       : $   96,313.06 USDT
  Risk / trade  : 1.5%  ($1,445 USDT per trade)
  Max positions : 8
  Max heat      : 12.0%

================================================================================
  NO QUALIFYING SETUPS FOUND

  All scanned tokens failed to meet the minimum conviction threshold.
  This means market conditions are not favorable right now.

  RECOMMENDATION: Stay in USDT. Wait for the next scan.
  Patience is a trading edge. Forcing trades loses money.
================================================================================

WATCHLIST  — tokens building momentum, not ready to enter yet
----------------------------------------
  ⏳ = needs 1 more confirmation scan  |  ↗ = conviction rising  |  ↘ = fading
  Monitor all. Enter only after a fresh scan confirms conviction ≥ threshold.

  #     SYMBOL     RANK         PRICE      7d%   CONV  SIGS  TREND  KEY SIGNALS
  ----  ---------  ----  ------------  -------  -----  ----  -----  ----------------------------
  1     🔹ARB       #100  $0.08708         +8.0%    27     6      →  funding_neg, stealth_accum, cmf +3
  2     🔹PLUME     #384  $0.01127         +1.6%    26     6      ↘  funding_neg, cmf, higher_lows +3

--------------------------------------------------------------------------------
2026-06-16 13:26:09,851 [INFO] 
  Report  → C:\Users\bruno\OneDrive\Ambiente de Trabalho\Workspace\crypto scanner\crypto-scanner\outputs\scanner-results\spot_trade_plan_LATEST.txt
2026-06-16 13:26:09,851 [INFO]   JSON    → C:\Users\bruno\OneDrive\Ambiente de Trabalho\Workspace\crypto scanner\crypto-scanner\outputs\scanner-results\spot_trade_plan_LATEST.json
2026-06-16 13:26:09,851 [INFO]   Log     → C:\Users\bruno\OneDrive\Ambiente de Trabalho\Workspace\crypto scanner\crypto-scanner\outputs\logs\orchestrator_20260616.log
2026-06-16 13:26:09,851 [INFO] 
  Done.  0 high-conviction setup(s) found.
2026-06-16 16:00:30,134 [INFO]   Live Bybit balance: 96,313.06 USDT
2026-06-16 16:00:30,135 [INFO] 
2026-06-16 16:00:30,136 [INFO] ================================================================================
2026-06-16 16:00:30,136 [INFO]   CRYPTO MASTER ORCHESTRATOR v2.1
2026-06-16 16:00:30,136 [INFO]   18-signal engine | funding rate | corr filter | volume source tagging
2026-06-16 16:00:30,137 [INFO] ================================================================================
2026-06-16 16:00:30,137 [INFO]   Account: $96,313.06 USDT  |  Risk/trade: 1.5%  |  Max positions: 8
2026-06-16 16:00:30,137 [INFO] 
2026-06-16 16:00:30,141 [INFO] [1/5] Analyzing market regime...
2026-06-16 16:00:30,143 [INFO] Fetching market context (Bybit klines primary)...
2026-06-16 16:00:31,941 [INFO]   [Bybit] BTC: $65,618 | 7d: +7.4%  ETH 7d: +8.7%  Dominance: 56.4% | Regime: 🟢 BULL
2026-06-16 16:00:31,941 [INFO]   🟢 BULL — normal parameters apply
2026-06-16 16:00:31,943 [INFO] [2/5] Fetching BTC historical data...
2026-06-16 16:00:34,389 [INFO]   BTC data: OK
2026-06-16 16:00:38,891 [INFO] [3/5] Fetching top 500 coins...
2026-06-16 16:00:38,897 [INFO] Fetching top 500 coins by market cap...
2026-06-16 16:00:40,931 [INFO]   Fetched 500 coins
2026-06-16 16:00:40,931 [INFO]   Fetched 500 coins
2026-06-16 16:00:40,931 [INFO] [4/5] Scanning for high-conviction setups...
2026-06-16 16:00:40,931 [INFO]   Filters: Rank 20–500  |  Vol ≥ $500,000  |  Min conviction: 45
2026-06-16 16:00:40,931 [INFO] 
2026-06-16 16:00:40,939 [INFO]   [  1]  XMR       (# 20)  $333.80000     7d: +3.6%
2026-06-16 16:00:41,792 [INFO]           → conviction 19/100  |  signals 5/19
2026-06-16 16:00:41,792 [INFO]   [  2]  LINK      (# 21)  $8.16000       7d: +3.0%
2026-06-16 16:00:42,346 [INFO]           → conviction 18/100  |  signals 4/19
2026-06-16 16:00:42,347 [INFO]   [  3]  GRAM      (# 24)  $1.67000       7d: -4.4%
2026-06-16 16:00:45,857 [INFO]           → conviction 10/100  |  signals 4/19
2026-06-16 16:00:50,358 [INFO]   [  4]  BCH       (# 25)  $215.89000     7d: +4.8%
2026-06-16 16:00:50,941 [INFO]           → conviction 21/100  |  signals 5/19
2026-06-16 16:00:50,942 [INFO]   [  5]  LAB       (# 28)  $13.05000      7d: +25.9%
2026-06-16 16:00:51,532 [INFO]           → conviction 29/100  |  signals 5/19
2026-06-16 16:00:51,532 [INFO]   [  6]  HBAR      (# 29)  $0.08083       7d: +0.5%
2026-06-16 16:00:52,108 [INFO]           → conviction 21/100  |  signals 5/19
2026-06-16 16:00:52,108 [INFO]   [  7]  LTC       (# 30)  $44.80000      7d: +5.2%
2026-06-16 16:00:52,702 [INFO]           → conviction 18/100  |  signals 4/19
2026-06-16 16:00:52,702 [INFO]   [  8]  SUI       (# 31)  $0.78017       7d: +3.2%
2026-06-16 16:00:53,282 [INFO]           → conviction 11/100  |  signals 3/19
2026-06-16 16:00:53,283 [INFO]   [  9]  USYC      (# 32)  $1.13000       7d: +0.0%
2026-06-16 16:00:56,217 [WARNING]           → skip USYC: OHLCV data is stale (>8h old or duplicates)
2026-06-16 16:01:00,718 [INFO]   [ 10]  NEAR      (# 33)  $2.33000       7d: +7.2%
2026-06-16 16:01:01,846 [INFO]           → conviction 16/100  |  signals 4/19
2026-06-16 16:01:01,846 [INFO]   [ 11]  AVAX      (# 35)  $6.76000       7d: +0.6%
2026-06-16 16:01:02,417 [INFO]           → conviction 18/100  |  signals 4/19
2026-06-16 16:01:02,418 [INFO]   [ 12]  CRO       (# 37)  $0.06053       7d: -0.9%
2026-06-16 16:01:02,981 [INFO]           → conviction 3/100  |  signals 1/19
2026-06-16 16:01:02,982 [INFO]   [ 13]  TAO       (# 40)  $254.02000     7d: +17.8%
2026-06-16 16:01:03,295 [INFO]           → conviction 16/100  |  signals 4/19
2026-06-16 16:01:03,296 [INFO]   [ 14]  USDY      (# 43)  $1.15000       7d: +2.0%
2026-06-16 16:01:06,598 [INFO]           → conviction 9/100  |  signals 3/19
2026-06-16 16:01:11,100 [INFO]   [ 15]  WLFI      (# 45)  $0.06050       7d: +9.5%
2026-06-16 16:01:11,672 [INFO]           → conviction 18/100  |  signals 5/19
2026-06-16 16:01:11,672 [INFO]   [ 16]  MNT       (# 46)  $0.56617       7d: +5.0%
2026-06-16 16:01:12,238 [INFO]           → conviction 10/100  |  signals 3/19
2026-06-16 16:01:12,238 [INFO]   [ 17]  UNI       (# 47)  $2.96000       7d: +17.3%
2026-06-16 16:01:12,822 [INFO]           → conviction 32/100  |  signals 6/19
2026-06-16 16:01:12,822 [INFO]   [ 18]  ONDO      (# 48)  $0.36990       7d: +0.9%
2026-06-16 16:01:13,406 [INFO]           → conviction 10/100  |  signals 3/19
2026-06-16 16:01:13,406 [INFO]   [ 19]  ASTER     (# 49)  $0.65351       7d: +4.8%
2026-06-16 16:01:14,001 [INFO]           → conviction 10/100  |  signals 3/19
2026-06-16 16:01:14,001 [INFO]   [ 20]  DOT       (# 50)  $0.99686       7d: +3.0%
2026-06-16 16:01:14,593 [INFO]           → conviction 13/100  |  signals 3/19
2026-06-16 16:01:14,593 [INFO]   [ 21]  OKB       (# 52)  $74.71000      7d: +3.1%
2026-06-16 16:01:15,178 [INFO]           → conviction 13/100  |  signals 3/19
2026-06-16 16:01:15,178 [INFO]   [ 22]  SKY       (# 57)  $0.05679       7d: +0.3%
2026-06-16 16:01:15,800 [INFO]           → conviction 11/100  |  signals 3/19
2026-06-16 16:01:15,800 [INFO]   [ 23]  ICP       (# 58)  $2.38000       7d: +2.0%
2026-06-16 16:01:16,401 [INFO]           → conviction 6/100  |  signals 1/19
2026-06-16 16:01:16,402 [INFO]   [ 24]  MORPHO    (# 61)  $1.95000       7d: +5.9%
2026-06-16 16:01:17,041 [INFO]           → conviction 13/100  |  signals 3/19
2026-06-16 16:01:17,042 [INFO]   [ 25]  ETC       (# 63)  $7.29000       7d: +3.5%
2026-06-16 16:01:18,057 [INFO]           → conviction 14/100  |  signals 4/19
2026-06-16 16:01:18,058 [INFO]   [ 26]  AAVE      (# 64)  $73.29000      7d: +17.4%
2026-06-16 16:01:18,792 [INFO]           → conviction 21/100  |  signals 6/19
2026-06-16 16:01:18,792 [INFO]   [ 27]  QNT       (# 65)  $71.89000      7d: +9.2%
2026-06-16 16:01:19,406 [INFO]           → conviction 8/100  |  signals 2/19
2026-06-16 16:01:19,406 [INFO]   [ 28]  ATOM      (# 66)  $1.97000       7d: +13.2%
2026-06-16 16:01:19,996 [INFO]           → conviction 16/100  |  signals 3/19
2026-06-16 16:01:19,997 [INFO]   [ 29]  KCS       (# 69)  $7.14000       7d: +11.5%
2026-06-16 16:01:23,303 [INFO]           → conviction 12/100  |  signals 4/19
2026-06-16 16:01:27,803 [INFO]   [ 30]  KAS       (# 73)  $0.03277       7d: +4.6%
2026-06-16 16:01:28,389 [INFO]           → conviction 18/100  |  signals 4/19
2026-06-16 16:01:28,389 [INFO]   [ 31]  RENDER    (# 74)  $1.72000       7d: +4.4%
2026-06-16 16:01:28,975 [INFO]           → conviction 10/100  |  signals 2/19
2026-06-16 16:01:28,975 [INFO]   [ 32]  ALGO      (# 78)  $0.09316       7d: +1.0%
2026-06-16 16:01:29,557 [INFO]           → conviction 19/100  |  signals 5/19
2026-06-16 16:01:29,557 [INFO]   [ 33]  POL       (# 79)  $0.07739       7d: +2.3%
2026-06-16 16:01:30,130 [INFO]           → conviction 18/100  |  signals 4/19
2026-06-16 16:01:30,130 [INFO]   [ 34]  NEXO      (# 80)  $0.81497       7d: +5.5%
2026-06-16 16:01:31,023 [INFO]           → conviction 14/100  |  signals 4/19
2026-06-16 16:01:31,024 [INFO]   [ 35]  ENA       (# 82)  $0.08469       7d: +2.1%
2026-06-16 16:01:31,635 [INFO]           → conviction 23/100  |  signals 5/19
2026-06-16 16:01:31,635 [INFO]   [ 36]  GT        (# 83)  $6.82000       7d: +6.6%
2026-06-16 16:01:35,174 [INFO]           → conviction 12/100  |  signals 4/19
2026-06-16 16:01:39,675 [INFO]   [ 37]  JST       (# 85)  $0.08084       7d: -2.8%
2026-06-16 16:01:40,256 [INFO]           → conviction 14/100  |  signals 4/19
2026-06-16 16:01:40,256 [INFO]   [ 38]  币安人生      (# 87)  $0.67221       7d: -3.3%
2026-06-16 16:01:41,115 [INFO]           → conviction 26/100  |  signals 6/19
2026-06-16 16:01:41,115 [INFO]   [ 39]  FLR       (# 88)  $0.00778       7d: +9.2%
2026-06-16 16:01:41,429 [INFO]           → conviction 16/100  |  signals 4/19
2026-06-16 16:01:41,430 [INFO]   [ 40]  JUP       (# 89)  $0.19351       7d: +23.0%
2026-06-16 16:01:42,002 [INFO]           → conviction 27/100  |  signals 7/19
2026-06-16 16:01:42,002 [INFO]   [ 41]  BDX       (# 90)  $0.08030       7d: +1.4%
2026-06-16 16:01:45,273 [INFO]           → conviction 9/100  |  signals 3/19
2026-06-16 16:01:49,775 [INFO]   [ 42]  FIL       (# 91)  $0.77947       7d: +1.0%
2026-06-16 16:01:50,349 [INFO]           → conviction 11/100  |  signals 3/19
2026-06-16 16:01:50,349 [INFO]   [ 43]  INJ       (# 94)  $5.70000       7d: -1.6%
2026-06-16 16:01:50,908 [INFO]           → conviction 6/100  |  signals 2/19
2026-06-16 16:01:50,908 [INFO]   [ 44]  NIGHT     (# 95)  $0.03354       7d: +6.0%
2026-06-16 16:01:51,468 [INFO]           → conviction 6/100  |  signals 2/19
2026-06-16 16:01:51,469 [INFO]   [ 45]  PUMP      (#101)  $0.00151       7d: -3.0%
2026-06-16 16:01:51,781 [INFO]           → conviction 16/100  |  signals 4/19
2026-06-16 16:01:51,781 [INFO]   [ 46]  DASH      (#107)  $37.25000      7d: -0.1%
2026-06-16 16:01:52,349 [INFO]           → conviction 11/100  |  signals 3/19
2026-06-16 16:01:52,349 [INFO]   [ 47]  ADI       (#108)  $3.75000       7d: +0.4%
2026-06-16 16:01:56,364 [INFO]           → skip (flatliner: ATR 0.21% / BB 0.16%)
2026-06-16 16:02:00,866 [INFO]   [ 48]  FET       (#109)  $0.20586       7d: -0.1%
2026-06-16 16:02:01,763 [INFO]           → conviction 8/100  |  signals 2/19
2026-06-16 16:02:01,763 [INFO]   [ 49]  H         (#119)  $0.25274       7d: +28.7%
2026-06-16 16:02:02,343 [INFO]           → conviction 11/100  |  signals 3/19
2026-06-16 16:02:02,344 [INFO]   [ 50]  CAKE      (#110)  $1.39000       7d: +5.0%
2026-06-16 16:02:03,087 [INFO]           → conviction 6/100  |  signals 2/19
2026-06-16 16:02:03,088 [INFO]   [ 51]  VET       (#113)  $0.00515       7d: +5.1%
2026-06-16 16:02:03,835 [INFO]           → conviction 13/100  |  signals 4/19
2026-06-16 16:02:03,835 [INFO]   [ 52]  KITE      (#114)  $0.18978       7d: +1.1%
2026-06-16 16:02:04,418 [INFO]           → conviction 16/100  |  signals 4/19
2026-06-16 16:02:04,418 [INFO]   [ 53]  PENGU     (#115)  $0.00702       7d: +3.3%
2026-06-16 16:02:04,995 [INFO]           → conviction 14/100  |  signals 4/19
2026-06-16 16:02:04,995 [INFO]   [ 54]  AERO      (#118)  $0.45008       7d: +33.3%
2026-06-16 16:02:05,711 [INFO]           → conviction 32/100  |  signals 6/19
2026-06-16 16:02:05,711 [INFO]   [ 55]  APXUSD    (#122)  $0.95608       7d: -1.4%
2026-06-16 16:02:06,024 [INFO]           → skip (flatliner: ATR 0.74% / BB 0.33%)
2026-06-16 16:02:06,025 [INFO]   [ 56]  JTO       (#124)  $0.80046       7d: +25.9%
2026-06-16 16:02:06,614 [INFO]           → conviction 42/100  |  signals 8/19
2026-06-16 16:02:06,614 [INFO]   [ 57]  SEI       (#128)  $0.05280       7d: +9.6%
2026-06-16 16:02:07,186 [INFO]           → conviction 11/100  |  signals 2/19
2026-06-16 16:02:07,187 [INFO]   [ 58]  STX       (#130)  $0.18962       7d: +4.3%
2026-06-16 16:02:07,765 [INFO]           → conviction 5/100  |  signals 1/19
2026-06-16 16:02:07,765 [INFO]   [ 59]  9BIT      (#131)  $0.04270       7d: -3.3%
2026-06-16 16:02:11,400 [INFO]           → conviction 0/100  |  signals 0/19
2026-06-16 16:02:15,901 [INFO]   [ 60]  TIA       (#132)  $0.37425       7d: +14.2%
2026-06-16 16:02:16,471 [INFO]           → conviction 10/100  |  signals 3/19
2026-06-16 16:02:16,471 [INFO]   [ 61]  SUN       (#134)  $0.01681       7d: -2.7%
2026-06-16 16:02:16,794 [INFO]           → conviction 10/100  |  signals 3/19
2026-06-16 16:02:16,796 [INFO]   [ 62]  ETHFI     (#136)  $0.33647       7d: +9.9%
2026-06-16 16:02:17,381 [INFO]           → conviction 24/100  |  signals 6/19
2026-06-16 16:02:17,381 [INFO]   [ 63]  ZRO       (#138)  $1.13000       7d: +33.8%
2026-06-16 16:02:17,955 [INFO]           → conviction 26/100  |  signals 7/19
2026-06-16 16:02:17,955 [INFO]   [ 64]  GRASS     (#139)  $0.45716       7d: +32.3%
2026-06-16 16:02:18,524 [INFO]           → conviction 27/100  |  signals 7/19
2026-06-16 16:02:18,524 [INFO]   [ 65]  GNO       (#141)  $105.46000     7d: +9.5%
2026-06-16 16:02:18,782 [WARNING]           → skip GNO: OHLCV data is stale (>8h old or duplicates)
2026-06-16 16:02:18,783 [INFO]   [ 66]  MON       (#142)  $0.02283       7d: +9.1%
2026-06-16 16:02:19,888 [INFO]           → conviction 32/100  |  signals 7/19
2026-06-16 16:02:19,888 [INFO]   [ 67]  XTZ       (#146)  $0.23927       7d: -1.3%
2026-06-16 16:02:20,485 [INFO]           → conviction 6/100  |  signals 2/19
2026-06-16 16:02:20,485 [INFO]   [ 68]  ZBCN      (#147)  $0.00265       7d: +7.4%
2026-06-16 16:02:21,062 [INFO]           → conviction 10/100  |  signals 3/19
2026-06-16 16:02:21,062 [INFO]   [ 69]  BSV       (#149)  $12.49000      7d: +4.9%
2026-06-16 16:02:21,662 [INFO]           → conviction 18/100  |  signals 4/19
2026-06-16 16:02:21,663 [INFO]   [ 70]  JASMY     (#152)  $0.00491       7d: +4.4%
2026-06-16 16:02:22,241 [INFO]           → conviction 0/100  |  signals 0/19
2026-06-16 16:02:22,241 [INFO]   [ 71]  CFX       (#153)  $0.04634       7d: +3.0%
2026-06-16 16:02:22,807 [INFO]           → conviction 18/100  |  signals 4/19
2026-06-16 16:02:22,807 [INFO]   [ 72]  TEL       (#154)  $0.00253       7d: +6.7%
2026-06-16 16:02:26,701 [INFO]           → conviction 6/100  |  signals 2/19
2026-06-16 16:02:31,203 [INFO]   [ 73]  STRK      (#160)  $0.03571       7d: +5.5%
2026-06-16 16:02:31,791 [INFO]           → conviction 8/100  |  signals 2/19
2026-06-16 16:02:31,792 [INFO]   [ 74]  XPL       (#161)  $0.09240       7d: +33.4%
2026-06-16 16:02:32,374 [INFO]           → conviction 24/100  |  signals 6/19
2026-06-16 16:02:32,374 [INFO]   [ 75]  OP        (#162)  $0.10671       7d: +11.0%
2026-06-16 16:02:32,949 [INFO]           → conviction 10/100  |  signals 2/19
2026-06-16 16:02:32,949 [INFO]   [ 76]  LDO       (#163)  $0.27224       7d: +3.1%
2026-06-16 16:02:33,532 [INFO]           → conviction 18/100  |  signals 5/19
2026-06-16 16:02:33,533 [INFO]   [ 77]  KAIA      (#168)  $0.03808       7d: +3.3%
2026-06-16 16:02:33,847 [INFO]           → conviction 18/100  |  signals 4/19
2026-06-16 16:02:33,848 [INFO]   [ 78]  DCR       (#169)  $12.52000      7d: +2.0%
2026-06-16 16:02:34,701 [INFO]           → conviction 21/100  |  signals 5/19
2026-06-16 16:02:34,701 [INFO]   [ 79]  IOTA      (#171)  $0.04808       7d: +4.1%
2026-06-16 16:02:35,274 [INFO]           → conviction 14/100  |  signals 4/19
2026-06-16 16:02:35,274 [INFO]   [ 80]  ENS       (#173)  $5.29000       7d: +12.8%
2026-06-16 16:02:35,977 [INFO]           → conviction 16/100  |  signals 5/19
2026-06-16 16:02:35,977 [INFO]   [ 81]  GRT       (#174)  $0.01971       7d: -1.7%
2026-06-16 16:02:37,044 [INFO]           → conviction 10/100  |  signals 2/19
2026-06-16 16:02:37,045 [INFO]   [ 82]  REAL      (#177)  $0.06312       7d: +13.3%
2026-06-16 16:02:40,747 [INFO]           → conviction 9/100  |  signals 3/19
2026-06-16 16:02:45,249 [INFO]   [ 83]  ULTIMA    (#181)  $2225.71000    7d: -4.0%
2026-06-16 16:02:49,066 [INFO]           → conviction 17/100  |  signals 4/19
2026-06-16 16:02:53,567 [INFO]   [ 84]  PIEVERSE  (#183)  $0.68330       7d: +11.6%
2026-06-16 16:02:54,133 [INFO]           → conviction 19/100  |  signals 5/19
2026-06-16 16:02:54,134 [INFO]   [ 85]  WFI       (#187)  $2.04000       7d: +0.2%
2026-06-16 16:02:57,851 [INFO]           → conviction 10/100  |  signals 2/19
2026-06-16 16:03:02,352 [INFO]   [ 86]  AXS       (#188)  $0.99059       7d: +6.0%
2026-06-16 16:03:02,942 [INFO]           → conviction 6/100  |  signals 2/19
2026-06-16 16:03:02,943 [INFO]   [ 87]  TWT       (#189)  $0.41084       7d: +9.5%
2026-06-16 16:03:03,712 [INFO]           → conviction 18/100  |  signals 4/19
2026-06-16 16:03:03,712 [INFO]   [ 88]  COMP      (#190)  $17.64000      7d: -1.3%
2026-06-16 16:03:04,296 [INFO]           → conviction 6/100  |  signals 2/19
2026-06-16 16:03:04,297 [INFO]   [ 89]  WIF       (#192)  $0.16682       7d: +5.5%
2026-06-16 16:03:05,346 [INFO]           → conviction 24/100  |  signals 6/19
2026-06-16 16:03:05,346 [INFO]   [ 90]  RAY       (#194)  $0.61703       7d: +6.2%
2026-06-16 16:03:06,363 [INFO]           → conviction 13/100  |  signals 4/19
2026-06-16 16:03:06,363 [INFO]   [ 91]  SYRUP     (#195)  $0.13834       7d: +6.4%
2026-06-16 16:03:06,972 [INFO]           → conviction 3/100  |  signals 1/19
2026-06-16 16:03:06,973 [INFO]   [ 92]  MX        (#196)  $1.78000       7d: +2.4%
2026-06-16 16:03:10,488 [INFO]           → conviction 3/100  |  signals 1/19
2026-06-16 16:03:14,989 [INFO]   [ 93]  TRAC      (#198)  $0.36036       7d: +4.3%
2026-06-16 16:03:18,527 [INFO]           → conviction 11/100  |  signals 4/19
2026-06-16 16:03:23,028 [INFO]   [ 94]  THETA     (#200)  $0.15921       7d: +5.8%
2026-06-16 16:03:23,862 [INFO]           → conviction 16/100  |  signals 4/19
2026-06-16 16:03:23,862 [INFO]   [ 95]  ZANO      (#205)  $10.32000      7d: +15.6%
2026-06-16 16:03:27,381 [INFO]           → conviction 19/100  |  signals 5/19
2026-06-16 16:03:31,882 [INFO]   [ 96]  NEO       (#202)  $2.25000       7d: +3.2%
2026-06-16 16:03:32,461 [INFO]           → conviction 11/100  |  signals 3/19
2026-06-16 16:03:32,461 [INFO]   [ 97]  EIGEN     (#206)  $0.21197       7d: +12.8%
2026-06-16 16:03:33,036 [INFO]           → conviction 36/100  |  signals 8/19
2026-06-16 16:03:33,038 [INFO]   [ 98]  XCN       (#208)  $0.00400       7d: +2.1%
2026-06-16 16:03:33,706 [INFO]           → conviction 10/100  |  signals 3/19
2026-06-16 16:03:33,706 [INFO]   [ 99]  SAND      (#213)  $0.05226       7d: +2.9%
2026-06-16 16:03:34,284 [INFO]           → conviction 8/100  |  signals 2/19
2026-06-16 16:03:34,285 [INFO]   [100]  RUNE      (#214)  $0.41122       7d: +8.7%
2026-06-16 16:03:34,861 [INFO]           → conviction 24/100  |  signals 4/19
2026-06-16 16:03:34,861 [INFO]   [101]  BAT       (#219)  $0.08952       7d: -4.0%
2026-06-16 16:03:35,891 [INFO]           → conviction 6/100  |  signals 2/19
2026-06-16 16:03:35,894 [INFO]   [102]  SENT      (#221)  $0.01848       7d: +23.5%
2026-06-16 16:03:36,911 [INFO]           → conviction 32/100  |  signals 6/19
2026-06-16 16:03:36,911 [INFO]   [103]  AR        (#222)  $2.02000       7d: +4.2%
2026-06-16 16:03:37,539 [INFO]           → conviction 8/100  |  signals 2/19
2026-06-16 16:03:37,539 [INFO]   [104]  MANA      (#223)  $0.06835       7d: +3.2%
2026-06-16 16:03:38,134 [INFO]           → conviction 18/100  |  signals 4/19
2026-06-16 16:03:38,134 [INFO]   [105]  FARTCOIN  (#224)  $0.13060       7d: +8.1%
2026-06-16 16:03:38,732 [INFO]           → conviction 13/100  |  signals 4/19
2026-06-16 16:03:38,732 [INFO]   [106]  GALA      (#225)  $0.00268       7d: +3.1%
2026-06-16 16:03:39,354 [INFO]           → conviction 10/100  |  signals 2/19
2026-06-16 16:03:39,354 [INFO]   [107]  APE       (#228)  $0.12600       7d: +1.1%
2026-06-16 16:03:39,968 [INFO]           → conviction 5/100  |  signals 1/19
2026-06-16 16:03:39,968 [INFO]   [108]  SFP       (#229)  $0.25098       7d: +7.7%
2026-06-16 16:03:40,876 [INFO]           → conviction 14/100  |  signals 4/19
2026-06-16 16:03:40,876 [INFO]   [109]  TIBBIR    (#230)  $0.12543       7d: +19.7%
2026-06-16 16:03:44,302 [INFO]           → conviction 18/100  |  signals 6/19
2026-06-16 16:03:48,803 [INFO]   [110]  SHFL      (#234)  $0.29476       7d: -2.9%
2026-06-16 16:03:52,905 [INFO]           → conviction 13/100  |  signals 3/19
2026-06-16 16:03:57,406 [INFO]   [111]  CVX       (#233)  $1.38000       7d: +12.1%
2026-06-16 16:03:58,151 [INFO]           → conviction 29/100  |  signals 7/19
2026-06-16 16:03:58,151 [INFO]   [112]  IMX       (#237)  $0.14488       7d: +3.9%
2026-06-16 16:03:58,906 [INFO]           → conviction 23/100  |  signals 5/19
2026-06-16 16:03:58,906 [INFO]   [113]  S         (#238)  $0.03220       7d: +6.5%
2026-06-16 16:03:59,494 [INFO]           → conviction 18/100  |  signals 5/19
2026-06-16 16:03:59,501 [INFO]   [114]  BSB       (#241)  $0.52958       7d: +54.3%
2026-06-16 16:04:00,105 [INFO]           → conviction 37/100  |  signals 7/19
2026-06-16 16:04:00,105 [INFO]   [115]  A         (#243)  $0.07146       7d: +10.7%
2026-06-16 16:04:00,503 [INFO]           → conviction 24/100  |  signals 6/19
2026-06-16 16:04:00,503 [INFO]   [116]  KAITO     (#244)  $0.48646       7d: +18.2%
2026-06-16 16:04:01,122 [INFO]           → conviction 11/100  |  signals 3/19
2026-06-16 16:04:01,122 [INFO]   [117]  GOMINING  (#245)  $0.28697       7d: +10.3%
2026-06-16 16:04:04,641 [INFO]           → conviction 9/100  |  signals 3/19
2026-06-16 16:04:09,148 [INFO]   [118]  GLM       (#251)  $0.11239       7d: +1.8%
2026-06-16 16:04:09,906 [INFO]           → conviction 14/100  |  signals 3/19
2026-06-16 16:04:09,909 [INFO]   [119]  ZK        (#256)  $0.01140       7d: +11.2%
2026-06-16 16:04:10,251 [INFO]           → conviction 24/100  |  signals 6/19
2026-06-16 16:04:10,251 [INFO]   [120]  IP        (#257)  $0.30859       7d: -1.6%
2026-06-16 16:04:10,854 [INFO]           → conviction 16/100  |  signals 4/19
2026-06-16 16:04:10,855 [INFO]   [121]  1INCH     (#261)  $0.07566       7d: +6.6%
2026-06-16 16:04:11,441 [INFO]           → conviction 18/100  |  signals 4/19
2026-06-16 16:04:11,441 [INFO]   [122]  DRV       (#263)  $0.10593       7d: -4.4%
2026-06-16 16:04:15,216 [INFO]           → conviction 13/100  |  signals 3/19
2026-06-16 16:04:19,717 [INFO]   [123]  AWE       (#264)  $0.05443       7d: -0.5%
2026-06-16 16:04:20,323 [INFO]           → conviction 13/100  |  signals 3/19
2026-06-16 16:04:20,323 [INFO]   [124]  AB        (#265)  $0.00107       7d: -4.4%
2026-06-16 16:04:23,987 [INFO]           → conviction 0/100  |  signals 0/19
2026-06-16 16:04:28,488 [INFO]   [125]  BMX       (#267)  $0.30973       7d: +3.3%
2026-06-16 16:04:32,251 [INFO]           → conviction 10/100  |  signals 3/19
2026-06-16 16:04:36,756 [INFO]   [126]  RIF       (#269)  $0.10392       7d: +70.9%
2026-06-16 16:04:37,091 [INFO]           → conviction 19/100  |  signals 4/19
2026-06-16 16:04:37,091 [INFO]   [127]  QAIT      (#270)  $0.02326       7d: +6.3%
2026-06-16 16:04:40,631 [INFO]           → conviction 5/100  |  signals 2/19
2026-06-16 16:04:45,135 [INFO]   [128]  BP        (#275)  $0.40002       7d: +44.4%
2026-06-16 16:04:45,891 [INFO]           → conviction 13/100  |  signals 3/19
2026-06-16 16:04:45,891 [INFO]   [129]  ATH       (#280)  $0.00480       7d: +6.7%
2026-06-16 16:04:46,475 [INFO]           → conviction 21/100  |  signals 5/19
2026-06-16 16:04:46,475 [INFO]   [130]  COW       (#285)  $0.15844       7d: +12.3%
2026-06-16 16:04:47,224 [INFO]           → conviction 31/100  |  signals 7/19
2026-06-16 16:04:47,224 [INFO]   [131]  GEOD      (#286)  $0.20318       7d: +28.8%
2026-06-16 16:04:50,635 [INFO]           → conviction 8/100  |  signals 3/19
2026-06-16 16:04:55,140 [INFO]   [132]  EGLD      (#289)  $2.97000       7d: +1.5%
2026-06-16 16:04:55,743 [INFO]           → conviction 14/100  |  signals 4/19
2026-06-16 16:04:55,743 [INFO]   [133]  LPT       (#290)  $1.79000       7d: +1.2%
2026-06-16 16:04:56,321 [INFO]           → conviction 8/100  |  signals 2/19
2026-06-16 16:04:56,321 [INFO]   [134]  ARKM      (#293)  $0.13583       7d: +10.6%
2026-06-16 16:04:56,915 [INFO]           → conviction 32/100  |  signals 8/19
2026-06-16 16:04:56,916 [INFO]   [135]  SN64      (#295)  $16.69000      7d: +17.6%
2026-06-16 16:05:00,599 [INFO]           → conviction 9/100  |  signals 3/19
2026-06-16 16:05:05,100 [INFO]   [136]  SNX       (#294)  $0.25289       7d: +3.6%
2026-06-16 16:05:05,857 [INFO]           → conviction 18/100  |  signals 5/19
2026-06-16 16:05:05,857 [INFO]   [137]  FLUID     (#296)  $1.10000       7d: +0.6%
2026-06-16 16:05:06,446 [INFO]           → conviction 21/100  |  signals 5/19
2026-06-16 16:05:06,446 [INFO]   [138]  CFG       (#302)  $0.22466       7d: +14.3%
2026-06-16 16:05:07,336 [INFO]           → conviction 18/100  |  signals 5/19
2026-06-16 16:05:07,336 [INFO]   [139]  NOCK      (#304)  $0.03882       7d: +0.0%
2026-06-16 16:05:11,083 [INFO]           → conviction 16/100  |  signals 5/19
2026-06-16 16:05:15,586 [INFO]   [140]  UMXM      (#303)  $1.81000       7d: +6.6%
2026-06-16 16:05:19,778 [INFO]           → conviction 9/100  |  signals 3/19
2026-06-16 16:05:24,281 [INFO]   [141]  ZEN       (#307)  $4.60000       7d: +3.2%
2026-06-16 16:05:24,864 [INFO]           → conviction 21/100  |  signals 5/19
2026-06-16 16:05:24,864 [INFO]   [142]  SHX       (#308)  $0.00470       7d: +5.4%
2026-06-16 16:05:28,606 [INFO]           → conviction 11/100  |  signals 4/19
2026-06-16 16:05:33,111 [INFO]   [143]  WAL       (#309)  $0.03434       7d: +5.3%
2026-06-16 16:05:33,701 [INFO]           → conviction 13/100  |  signals 4/19
2026-06-16 16:05:33,701 [INFO]   [144]  LINEA     (#320)  $0.00256       7d: +3.9%
2026-06-16 16:05:34,034 [INFO]           → conviction 10/100  |  signals 2/19
2026-06-16 16:05:34,034 [INFO]   [145]  QTUM      (#321)  $0.73895       7d: +5.0%
2026-06-16 16:05:34,641 [INFO]           → conviction 11/100  |  signals 3/19
2026-06-16 16:05:34,641 [INFO]   [146]  MELANIA   (#324)  $0.08126       7d: +5.0%
2026-06-16 16:05:35,341 [INFO]           → conviction 16/100  |  signals 4/19
2026-06-16 16:05:35,341 [INFO]   [147]  DBR       (#323)  $0.01454       7d: -1.7%
2026-06-16 16:05:35,948 [INFO]           → conviction 11/100  |  signals 2/19
2026-06-16 16:05:35,951 [INFO]   [148]  ZRX       (#332)  $0.08796       7d: -2.4%
2026-06-16 16:05:36,529 [INFO]           → conviction 16/100  |  signals 4/19
2026-06-16 16:05:36,529 [INFO]   [149]  GAS       (#334)  $1.14000       7d: +1.0%
2026-06-16 16:05:37,114 [INFO]           → conviction 6/100  |  signals 2/19
2026-06-16 16:05:37,115 [INFO]   [150]  MAGMA     (#336)  $0.38543       7d: -3.1%
2026-06-16 16:05:37,703 [INFO]           → conviction 6/100  |  signals 2/19
2026-06-16 16:05:37,703 [INFO]   [151]  MAG7.SSI  (#340)  $0.43475       7d: +4.6%
2026-06-16 16:05:41,439 [INFO]           → conviction 6/100  |  signals 2/19
2026-06-16 16:05:45,940 [INFO]   [152]  AIOZ      (#341)  $0.05872       7d: +2.5%
2026-06-16 16:05:46,506 [INFO]           → conviction 13/100  |  signals 3/19
2026-06-16 16:05:46,511 [INFO]   [153]  USELESS   (#342)  $0.07294       7d: +6.2%
2026-06-16 16:05:47,092 [INFO]           → conviction 23/100  |  signals 6/19
2026-06-16 16:05:47,092 [INFO]   [154]  TROLL     (#344)  $0.07259       7d: -1.2%
2026-06-16 16:05:50,652 [INFO]           → conviction 3/100  |  signals 1/19
2026-06-16 16:05:55,153 [INFO]   [155]  CHIP      (#346)  $0.03614       7d: -0.8%
2026-06-16 16:05:56,364 [INFO]           → conviction 21/100  |  signals 5/19
2026-06-16 16:05:56,364 [INFO]   [156]  BAN       (#349)  $0.07206       7d: -2.6%
2026-06-16 16:05:56,941 [INFO]           → conviction 0/100  |  signals 0/19
2026-06-16 16:05:56,941 [INFO]   [157]  CYS       (#348)  $0.44709       7d: -0.2%
2026-06-16 16:05:57,521 [INFO]           → conviction 5/100  |  signals 1/19
2026-06-16 16:05:57,521 [INFO]   [158]  ORDI      (#350)  $3.41000       7d: +9.9%
2026-06-16 16:05:58,091 [INFO]           → conviction 6/100  |  signals 2/19
2026-06-16 16:05:58,091 [INFO]   [159]  RVN       (#354)  $0.00436       7d: +1.1%
2026-06-16 16:05:58,686 [INFO]           → conviction 10/100  |  signals 3/19
2026-06-16 16:05:58,686 [INFO]   [160]  SAFE      (#355)  $0.09420       7d: +1.9%
2026-06-16 16:05:59,761 [INFO]           → conviction 11/100  |  signals 3/19
2026-06-16 16:05:59,761 [INFO]   [161]  ZAMA      (#357)  $0.03213       7d: +11.1%
2026-06-16 16:06:00,341 [INFO]           → conviction 13/100  |  signals 4/19
2026-06-16 16:06:00,341 [INFO]   [162]  YFI       (#358)  $1961.80000    7d: +2.3%
2026-06-16 16:06:00,934 [INFO]           → conviction 14/100  |  signals 4/19
2026-06-16 16:06:00,934 [INFO]   [163]  BERA      (#361)  $0.25293       7d: -0.6%
2026-06-16 16:06:01,517 [INFO]           → conviction 0/100  |  signals 0/19
2026-06-16 16:06:01,517 [INFO]   [164]  UAI       (#362)  $0.29034       7d: +0.1%
2026-06-16 16:06:02,093 [INFO]           → conviction 16/100  |  signals 5/19
2026-06-16 16:06:02,094 [INFO]   [165]  PURR      (#364)  $0.11339       7d: +22.2%
2026-06-16 16:06:05,502 [INFO]           → conviction 19/100  |  signals 5/19
2026-06-16 16:06:10,007 [INFO]   [166]  METAL     (#363)  $0.13529       7d: +0.5%
2026-06-16 16:06:13,811 [INFO]           → conviction 17/100  |  signals 5/19
2026-06-16 16:06:18,313 [INFO]   [167]  KNTQ      (#366)  $0.24362       7d: -3.1%
2026-06-16 16:06:22,110 [INFO]           → conviction 19/100  |  signals 5/19
2026-06-16 16:06:26,611 [INFO]   [168]  KSM       (#367)  $3.70000       7d: +2.4%
2026-06-16 16:06:27,251 [INFO]           → conviction 21/100  |  signals 5/19
2026-06-16 16:06:27,251 [INFO]   [169]  XPR       (#370)  $0.00232       7d: +6.1%
2026-06-16 16:06:31,041 [INFO]           → conviction 6/100  |  signals 2/19
2026-06-16 16:06:35,543 [INFO]   [170]  DOG       (#375)  $0.00066       7d: +4.3%
2026-06-16 16:06:35,808 [WARNING]           → skip DOG: OHLCV data is stale (>8h old or duplicates)
2026-06-16 16:06:35,808 [INFO]   [171]  BIO       (#379)  $0.03025       7d: -0.6%
2026-06-16 16:06:36,381 [INFO]           → conviction 0/100  |  signals 0/19
2026-06-16 16:06:36,381 [INFO]   [172]  IO        (#378)  $0.18554       7d: +14.1%
2026-06-16 16:06:36,997 [INFO]           → conviction 14/100  |  signals 3/19
2026-06-16 16:06:36,998 [INFO]   [173]  ENJ       (#381)  $0.03264       7d: +8.4%
2026-06-16 16:06:37,761 [INFO]           → conviction 18/100  |  signals 4/19
2026-06-16 16:06:37,761 [INFO]   [174]  MEGA      (#383)  $0.05665       7d: +17.1%
2026-06-16 16:06:38,341 [INFO]           → conviction 16/100  |  signals 4/19
2026-06-16 16:06:38,341 [INFO]   [175]  BABY      (#384)  $0.01712       7d: +11.7%
2026-06-16 16:06:38,913 [INFO]           → conviction 23/100  |  signals 6/19
2026-06-16 16:06:38,913 [INFO]   [176]  0G        (#385)  $0.29710       7d: -1.2%
2026-06-16 16:06:39,511 [INFO]           → conviction 10/100  |  signals 3/19
2026-06-16 16:06:39,516 [INFO]   [177]  TRIA      (#392)  $0.02919       7d: +5.9%
2026-06-16 16:06:40,096 [INFO]           → conviction 27/100  |  signals 5/19
2026-06-16 16:06:40,096 [INFO]   [178]  ZIL       (#388)  $0.00323       7d: +5.2%
2026-06-16 16:06:40,716 [INFO]           → conviction 8/100  |  signals 2/19
2026-06-16 16:06:40,716 [INFO]   [179]  AIPF      (#386)  $2.21000       7d: +1.3%
2026-06-16 16:06:41,043 [INFO]           → conviction 9/100  |  signals 3/19
2026-06-16 16:06:41,043 [INFO]   [180]  TFUEL     (#394)  $0.00847       7d: +2.8%
2026-06-16 16:06:42,261 [INFO]           → conviction 6/100  |  signals 2/19
2026-06-16 16:06:42,261 [INFO]   [181]  SUPER     (#397)  $0.09686       7d: +3.7%
2026-06-16 16:06:43,346 [INFO]           → conviction 6/100  |  signals 2/19
2026-06-16 16:06:43,346 [INFO]   [182]  BRETT     (#395)  $0.00622       7d: +12.4%
2026-06-16 16:06:43,954 [INFO]           → conviction 18/100  |  signals 4/19
2026-06-16 16:06:43,954 [INFO]   [183]  TURBO     (#396)  $0.00090       7d: +5.6%
2026-06-16 16:06:44,831 [INFO]           → conviction 6/100  |  signals 2/19
2026-06-16 16:06:44,831 [INFO]   [184]  MET       (#400)  $0.11570       7d: +14.1%
2026-06-16 16:06:45,421 [INFO]           → conviction 24/100  |  signals 7/19
2026-06-16 16:06:45,422 [INFO]   [185]  COAI      (#401)  $0.32550       7d: +34.2%
2026-06-16 16:06:46,011 [INFO]           → conviction 24/100  |  signals 6/19
2026-06-16 16:06:46,011 [INFO]   [186]  CARDS     (#403)  $0.23601       7d: +18.3%
2026-06-16 16:06:46,356 [INFO]           → conviction 10/100  |  signals 3/19
2026-06-16 16:06:46,357 [INFO]   [187]  GMX       (#405)  $5.80000       7d: +3.4%
2026-06-16 16:06:46,958 [INFO]           → conviction 18/100  |  signals 4/19
2026-06-16 16:06:46,958 [INFO]   [188]  VELO      (#407)  $0.00343       7d: -0.0%
2026-06-16 16:06:47,535 [INFO]           → conviction 10/100  |  signals 3/19
2026-06-16 16:06:47,540 [INFO]   [189]  NMR       (#410)  $8.52000       7d: -0.2%
2026-06-16 16:06:48,121 [INFO]           → conviction 13/100  |  signals 3/19
2026-06-16 16:06:48,121 [INFO]   [190]  JELLYJELLY  (#412)  $0.05890       7d: -2.3%
2026-06-16 16:06:48,711 [INFO]           → conviction 6/100  |  signals 2/19
2026-06-16 16:06:48,711 [INFO]   [191]  W         (#414)  $0.00968       7d: +5.6%
2026-06-16 16:06:49,306 [INFO]           → conviction 0/100  |  signals 0/19
2026-06-16 16:06:49,306 [INFO]   [192]  SOON      (#418)  $0.17001       7d: +1.0%
2026-06-16 16:06:49,903 [INFO]           → conviction 0/100  |  signals 0/19
2026-06-16 16:06:49,905 [INFO]   [193]  TSLAX     (#420)  $406.52000     7d: -1.5%
2026-06-16 16:06:53,615 [INFO]           → conviction 6/100  |  signals 2/19
2026-06-16 16:06:58,118 [INFO]   [194]  HOT       (#423)  $0.00032       7d: +3.8%
2026-06-16 16:06:59,001 [INFO]           → conviction 21/100  |  signals 5/19
2026-06-16 16:06:59,001 [INFO]   [195]  ZETA      (#425)  $0.03833       7d: +8.2%
2026-06-16 16:06:59,591 [INFO]           → conviction 11/100  |  signals 3/19
2026-06-16 16:06:59,591 [INFO]   [196]  DIEM      (#426)  $1491.35000    7d: +5.5%
2026-06-16 16:07:03,041 [INFO]           → conviction 6/100  |  signals 2/19
2026-06-16 16:07:07,550 [INFO]   [197]  CKB       (#430)  $0.00112       7d: +2.6%
2026-06-16 16:07:07,871 [INFO]           → conviction 16/100  |  signals 4/19
2026-06-16 16:07:07,871 [INFO]   [198]  DUSK      (#431)  $0.09335       7d: +1.1%
2026-06-16 16:07:08,476 [INFO]           → conviction 16/100  |  signals 4/19
2026-06-16 16:07:08,476 [INFO]   [199]  MINA      (#432)  $0.04244       7d: -0.5%
2026-06-16 16:07:08,815 [INFO]           → conviction 6/100  |  signals 2/19
2026-06-16 16:07:08,815 [INFO]   [200]  SPK       (#433)  $0.01956       7d: +0.9%
2026-06-16 16:07:09,431 [INFO]           → conviction 10/100  |  signals 3/19
2026-06-16 16:07:09,431 [INFO]   [201]  TOSHI     (#435)  $0.00013       7d: +6.9%
2026-06-16 16:07:12,847 [INFO]           → conviction 10/100  |  signals 3/19
2026-06-16 16:07:17,349 [INFO]   [202]  QFI       (#436)  $54.61000      7d: +2.1%
2026-06-16 16:07:21,081 [INFO]           → conviction 10/100  |  signals 4/19
2026-06-16 16:07:25,588 [INFO]   [203]  ELF       (#448)  $0.06411       7d: -0.2%
2026-06-16 16:07:26,161 [WARNING]           → skip ELF: OHLCV data is stale (>8h old or duplicates)
2026-06-16 16:07:26,161 [INFO]   [204]  OPEN      (#446)  $0.24335       7d: +10.5%
2026-06-16 16:07:26,761 [INFO]           → conviction 24/100  |  signals 5/19
2026-06-16 16:07:26,761 [INFO]   [205]  BLUR      (#450)  $0.01823       7d: +2.7%
2026-06-16 16:07:27,360 [INFO]           → conviction 10/100  |  signals 2/19
2026-06-16 16:07:27,361 [INFO]   [206]  ASTEROID  (#458)  $0.00012       7d: +35.4%
2026-06-16 16:07:30,761 [INFO]           → conviction 13/100  |  signals 5/19
2026-06-16 16:07:35,262 [INFO]   [207]  ASTR      (#455)  $0.00579       7d: +4.6%
2026-06-16 16:07:36,111 [INFO]           → conviction 11/100  |  signals 2/19
2026-06-16 16:07:36,111 [INFO]   [208]  KAVA      (#457)  $0.04643       7d: +8.6%
2026-06-16 16:07:36,720 [INFO]           → conviction 21/100  |  signals 5/19
2026-06-16 16:07:36,720 [INFO]   [209]  FOGO      (#459)  $0.01307       7d: +15.3%
2026-06-16 16:07:37,320 [INFO]           → conviction 21/100  |  signals 5/19
2026-06-16 16:07:37,321 [INFO]   [210]  PEAQ      (#460)  $0.02238       7d: -3.1%
2026-06-16 16:07:37,666 [INFO]           → conviction 10/100  |  signals 3/19
2026-06-16 16:07:37,670 [INFO]   [211]  SUSHI     (#464)  $0.18245       7d: +10.5%
2026-06-16 16:07:38,301 [INFO]           → conviction 21/100  |  signals 6/19
2026-06-16 16:07:38,301 [INFO]   [212]  XYO       (#465)  $0.00358       7d: +0.0%
2026-06-16 16:07:41,792 [INFO]           → conviction 12/100  |  signals 4/19
2026-06-16 16:07:46,295 [INFO]   [213]  NVDAON    (#466)  $209.35000     7d: -0.0%
2026-06-16 16:07:50,021 [INFO]           → conviction 7/100  |  signals 3/19
2026-06-16 16:07:54,529 [INFO]   [214]  DGB       (#473)  $0.00267       7d: +5.8%
2026-06-16 16:07:55,411 [INFO]           → conviction 16/100  |  signals 4/19
2026-06-16 16:07:55,411 [INFO]   [215]  FLOW      (#471)  $0.02928       7d: +9.8%
2026-06-16 16:07:56,013 [INFO]           → conviction 13/100  |  signals 4/19
2026-06-16 16:07:56,013 [INFO]   [216]  ONT       (#475)  $0.04855       7d: +4.4%
2026-06-16 16:07:56,601 [INFO]           → conviction 13/100  |  signals 4/19
2026-06-16 16:07:56,601 [INFO]   [217]  AZTEC     (#476)  $0.01647       7d: +5.8%
2026-06-16 16:07:57,211 [INFO]           → conviction 11/100  |  signals 3/19
2026-06-16 16:07:57,211 [INFO]   [218]  HOLO      (#483)  $0.06563       7d: +4.1%
2026-06-16 16:07:58,311 [INFO]           → conviction 0/100  |  signals 0/19
2026-06-16 16:07:58,311 [INFO]   [219]  RON       (#484)  $0.06145       7d: -0.9%
2026-06-16 16:08:01,981 [INFO]           → conviction 8/100  |  signals 3/19
2026-06-16 16:08:06,484 [INFO]   [220]  SN44      (#485)  $9.97000       7d: +17.1%
2026-06-16 16:08:10,228 [INFO]           → conviction 13/100  |  signals 4/19
2026-06-16 16:08:14,730 [INFO]   [221]  SQD       (#491)  $0.04270       7d: +35.3%
2026-06-16 16:08:15,321 [INFO]           → conviction 23/100  |  signals 6/19
2026-06-16 16:08:15,321 [INFO]   [222]  AMP       (#489)  $0.00053       7d: +0.4%
2026-06-16 16:08:16,205 [INFO]           → conviction 13/100  |  signals 3/19
2026-06-16 16:08:16,205 [INFO]   [223]  SN120     (#492)  $13.72000      7d: +12.8%
2026-06-16 16:08:19,853 [INFO]           → conviction 3/100  |  signals 1/19
2026-06-16 16:08:24,360 [INFO]   [224]  PNUT      (#494)  $0.04447       7d: +5.4%
2026-06-16 16:08:25,113 [INFO]           → conviction 13/100  |  signals 3/19
2026-06-16 16:08:25,120 [INFO]   [225]  XVG       (#499)  $0.00267       7d: +4.9%
2026-06-16 16:08:25,709 [INFO]           → conviction 21/100  |  signals 6/19
2026-06-16 16:08:25,709 [INFO]   [226]  CROSS     (#495)  $0.10109       7d: +15.5%
2026-06-16 16:08:26,842 [INFO]           → conviction 11/100  |  signals 3/19
2026-06-16 16:08:26,846 [INFO]   [227]  XVS       (#496)  $2.62000       7d: +6.5%
2026-06-16 16:08:27,775 [INFO]           → conviction 8/100  |  signals 2/19
2026-06-16 16:08:27,783 [INFO] 
[5/5] Building trade plan report...
2026-06-16 16:08:27,785 [INFO]   Raw candidates found: 0
2026-06-16 16:08:27,785 [INFO] [5/5] Checking major leverage opportunities (BTC/ETH/SOL)...
2026-06-16 16:08:27,785 [INFO]   Major leverage: 0 opportunity(s) found
2026-06-16 16:08:27,793 [INFO] 
================================================================================
  CRYPTO SPOT SCANNER — TRADE PLAN REPORT
  Generated: 2026-06-16 16:08:27
================================================================================

MARKET CONTEXT
----------------------------------------
  BTC Price    :  $   65,618.00
  BTC 7-day    :     +7.39%
  BTC 24-hour  :     -2.44%
  ETH 7-day    :     +8.70%
  BTC Dominance:      56.4%
  Regime       :  🟢 BULL

ACCOUNT
----------------------------------------
  Balance       : $   96,313.06 USDT
  Risk / trade  : 1.5%  ($1,445 USDT per trade)
  Max positions : 8
  Max heat      : 12.0%

================================================================================
  NO QUALIFYING SETUPS FOUND

  All scanned tokens failed to meet the minimum conviction threshold.
  This means market conditions are not favorable right now.

  RECOMMENDATION: Stay in USDT. Wait for the next scan.
  Patience is a trading edge. Forcing trades loses money.
================================================================================

WATCHLIST  — tokens building momentum, not ready to enter yet
----------------------------------------
  ⏳ = needs 1 more confirmation scan  |  ↗ = conviction rising  |  ↘ = fading
  Monitor all. Enter only after a fresh scan confirms conviction ≥ threshold.

  #     SYMBOL     RANK         PRICE      7d%   CONV  SIGS  TREND  KEY SIGNALS
  ----  ---------  ----  ------------  -------  -----  ----  -----  ----------------------------
  1     🔶JTO       #124  $0.80046        +25.9%    42     8      ↗  whale_candles, funding_neg, cmf +5
  2     🔹BSB       #241  $0.52958        +54.3%    37     7      ↗  whale_candles, cmf, higher_lows +4
  3     🔹EIGEN     #206  $0.21197        +12.8%    36     8      ↗  funding_neg, stealth_accum, cmf +5
  4     🔹UNI       # 47  $2.96000        +17.3%    32     6      ↗  whale_candles, cmf, rs_vs_btc +3
  5     🔹AERO      #118  $0.45008        +33.3%    32     6      →  whale_candles, cmf, rs_vs_btc +3
  6     🔹MON       #142  $0.02283         +9.1%    32     7      ↘  funding_neg, stealth_accum, cmf +4
  7     🔹SENT      #221  $0.01848        +23.5%    32     6      →  whale_candles, cmf, rs_acceleration +3
  8     🔹ARKM      #293  $0.13583        +10.6%    32     8      ↗  stealth_accum, cmf, higher_lows +5
  9     🔹COW       #285  $0.15844        +12.3%    31     7      →  funding_neg, stealth_accum, cmf +4
  10    🔹LAB       # 28  $13.05000       +25.9%    29     5      →  whale_candles, cmf, rs_vs_btc +2

--------------------------------------------------------------------------------
2026-06-16 16:08:27,799 [INFO] 
  Report  → C:\Users\bruno\OneDrive\Ambiente de Trabalho\Workspace\crypto scanner\crypto-scanner\outputs\scanner-results\spot_trade_plan_LATEST.txt
2026-06-16 16:08:27,799 [INFO]   JSON    → C:\Users\bruno\OneDrive\Ambiente de Trabalho\Workspace\crypto scanner\crypto-scanner\outputs\scanner-results\spot_trade_plan_LATEST.json
2026-06-16 16:08:27,801 [INFO]   Log     → C:\Users\bruno\OneDrive\Ambiente de Trabalho\Workspace\crypto scanner\crypto-scanner\outputs\logs\orchestrator_20260616.log
2026-06-16 16:08:27,803 [INFO] 
  Done.  0 high-conviction setup(s) found.
2026-06-16 21:20:45,651 [INFO]   Live Bybit balance: 96,313.06 USDT
2026-06-16 21:20:45,661 [INFO] 
2026-06-16 21:20:45,664 [INFO] ================================================================================
2026-06-16 21:20:45,665 [INFO]   CRYPTO MASTER ORCHESTRATOR v2.1
2026-06-16 21:20:45,666 [INFO]   18-signal engine | funding rate | corr filter | volume source tagging
2026-06-16 21:20:45,666 [INFO] ================================================================================
2026-06-16 21:20:45,668 [INFO]   Account: $96,313.06 USDT  |  Risk/trade: 1.5%  |  Max positions: 8
2026-06-16 21:20:45,672 [INFO] 
2026-06-16 21:20:45,683 [INFO] [1/5] Analyzing market regime...
2026-06-16 21:20:45,691 [INFO] Fetching market context (Bybit klines primary)...
2026-06-16 21:20:46,791 [INFO]   [Bybit] BTC: $65,770 | 7d: +6.6%  ETH 7d: +9.6%  Dominance: 56.3% | Regime: 🟢 BULL
2026-06-16 21:20:46,792 [INFO]   🟢 BULL — normal parameters apply
2026-06-16 21:20:46,799 [INFO] [2/5] Fetching BTC historical data...
2026-06-16 21:20:49,142 [INFO]   BTC data: OK
2026-06-16 21:20:53,643 [INFO] [3/5] Fetching top 500 coins...
2026-06-16 21:20:53,660 [INFO] Fetching top 500 coins by market cap...
2026-06-16 21:20:55,717 [INFO]   Fetched 500 coins
2026-06-16 21:20:55,727 [INFO]   Fetched 500 coins
2026-06-16 21:20:55,729 [INFO] [4/5] Scanning for high-conviction setups...
2026-06-16 21:20:55,729 [INFO]   Filters: Rank 20–500  |  Vol ≥ $500,000  |  Min conviction: 45
2026-06-16 21:20:55,729 [INFO] 
2026-06-16 21:20:55,736 [INFO]   [  1]  CC        (# 20)  $0.16315       7d: +0.5%
2026-06-16 21:20:56,791 [INFO]           → conviction 10/100  |  signals 3/19
2026-06-16 21:20:56,791 [INFO]   [  2]  LINK      (# 21)  $8.28000       7d: +5.6%
2026-06-16 21:20:57,390 [INFO]           → conviction 11/100  |  signals 3/19
2026-06-16 21:20:57,390 [INFO]   [  3]  GRAM      (# 24)  $1.64000       7d: -3.2%
2026-06-16 21:21:00,841 [INFO]           → conviction 4/100  |  signals 2/19
2026-06-16 21:21:05,343 [INFO]   [  4]  BCH       (# 25)  $219.03000     7d: +7.7%
2026-06-16 21:21:05,954 [INFO]           → conviction 18/100  |  signals 4/19
2026-06-16 21:21:05,955 [INFO]   [  5]  HBAR      (# 29)  $0.08123       7d: +1.4%
2026-06-16 21:21:07,068 [INFO]           → conviction 13/100  |  signals 3/19
2026-06-16 21:21:07,069 [INFO]   [  6]  LTC       (# 30)  $45.53000      7d: +5.0%
2026-06-16 21:21:07,681 [INFO]           → conviction 14/100  |  signals 4/19
2026-06-16 21:21:07,682 [INFO]   [  7]  SUI       (# 31)  $0.79830       7d: +6.1%
2026-06-16 21:21:08,298 [INFO]           → conviction 8/100  |  signals 2/19
2026-06-16 21:21:08,299 [INFO]   [  8]  USYC      (# 32)  $1.13000       7d: +0.0%
2026-06-16 21:21:11,282 [WARNING]           → skip USYC: OHLCV data is stale (>8h old or duplicates)
2026-06-16 21:21:15,784 [INFO]   [  9]  NEAR      (# 33)  $2.34000       7d: +8.4%
2026-06-16 21:21:16,599 [INFO]           → conviction 10/100  |  signals 3/19
2026-06-16 21:21:16,601 [INFO]   [ 10]  AVAX      (# 34)  $6.88000       7d: +3.5%
2026-06-16 21:21:17,206 [INFO]           → conviction 14/100  |  signals 3/19
2026-06-16 21:21:17,208 [INFO]   [ 11]  CRO       (# 38)  $0.06005       7d: +0.1%
2026-06-16 21:21:17,821 [INFO]           → conviction 0/100  |  signals 0/19
2026-06-16 21:21:17,821 [INFO]   [ 12]  TAO       (# 40)  $254.08000     7d: +21.1%
2026-06-16 21:21:18,603 [INFO]           → conviction 6/100  |  signals 2/19
2026-06-16 21:21:18,604 [INFO]   [ 13]  MNT       (# 47)  $0.55741       7d: +5.0%
2026-06-16 21:21:19,215 [INFO]           → conviction 0/100  |  signals 0/19
2026-06-16 21:21:19,215 [INFO]   [ 14]  ONDO      (# 48)  $0.36918       7d: +2.8%
2026-06-16 21:21:19,819 [INFO]           → conviction 10/100  |  signals 2/19
2026-06-16 21:21:19,819 [INFO]   [ 15]  DOT       (# 50)  $1.01400       7d: +5.8%
2026-06-16 21:21:20,418 [INFO]           → conviction 19/100  |  signals 4/19
2026-06-16 21:21:20,418 [INFO]   [ 16]  OKB       (# 52)  $76.38000      7d: +6.3%
2026-06-16 21:21:21,015 [INFO]           → conviction 14/100  |  signals 4/19
2026-06-16 21:21:21,016 [INFO]   [ 17]  ICP       (# 59)  $2.36000       7d: +3.3%
2026-06-16 21:21:21,621 [INFO]           → conviction 6/100  |  signals 1/19
2026-06-16 21:21:21,622 [INFO]   [ 18]  MORPHO    (# 61)  $1.95000       7d: +1.3%
2026-06-16 21:21:22,226 [INFO]           → conviction 0/100  |  signals 0/19
2026-06-16 21:21:22,226 [INFO]   [ 19]  ETC       (# 63)  $7.40000       7d: +5.6%
2026-06-16 21:21:22,831 [INFO]           → conviction 21/100  |  signals 5/19
2026-06-16 21:21:22,831 [INFO]   [ 20]  AAVE      (# 64)  $76.18000      7d: +23.8%
2026-06-16 21:21:23,434 [INFO]           → conviction 18/100  |  signals 5/19
2026-06-16 21:21:23,434 [INFO]   [ 21]  QNT       (# 65)  $71.57000      7d: +9.5%
2026-06-16 21:21:24,038 [INFO]           → conviction 14/100  |  signals 3/19
2026-06-16 21:21:24,039 [INFO]   [ 22]  ATOM      (# 66)  $2.00000       7d: +13.2%
2026-06-16 21:21:24,666 [INFO]           → conviction 21/100  |  signals 4/19
2026-06-16 21:21:24,666 [INFO]   [ 23]  KAS       (# 73)  $0.03281       7d: +7.0%
2026-06-16 21:21:25,259 [INFO]           → conviction 11/100  |  signals 3/19
2026-06-16 21:21:25,260 [INFO]   [ 24]  RENDER    (# 74)  $1.73000       7d: +7.3%
2026-06-16 21:21:25,861 [INFO]           → conviction 10/100  |  signals 2/19
2026-06-16 21:21:25,861 [INFO]   [ 25]  ALGO      (# 78)  $0.09475       7d: +3.8%
2026-06-16 21:21:26,476 [INFO]           → conviction 13/100  |  signals 4/19
2026-06-16 21:21:26,476 [INFO]   [ 26]  POL       (# 79)  $0.07690       7d: +1.5%
2026-06-16 21:21:27,066 [INFO]           → conviction 14/100  |  signals 3/19
2026-06-16 21:21:27,066 [INFO]   [ 27]  NEXO      (# 80)  $0.81251       7d: +5.8%
2026-06-16 21:21:27,967 [INFO]           → conviction 6/100  |  signals 2/19
2026-06-16 21:21:27,967 [INFO]   [ 28]  ENA       (# 81)  $0.08784       7d: +8.2%
2026-06-16 21:21:28,561 [INFO]           → conviction 19/100  |  signals 5/19
2026-06-16 21:21:28,562 [INFO]   [ 29]  VVV       (# 83)  $15.58000      7d: +1.0%
2026-06-16 21:21:29,173 [INFO]           → conviction 16/100  |  signals 4/19
2026-06-16 21:21:29,174 [INFO]   [ 30]  GT        (# 84)  $6.87000       7d: +8.2%
2026-06-16 21:21:32,935 [INFO]           → conviction 14/100  |  signals 5/19
2026-06-16 21:21:37,436 [INFO]   [ 31]  JST       (# 85)  $0.08170       7d: -1.1%
2026-06-16 21:21:38,063 [INFO]           → conviction 11/100  |  signals 3/19
2026-06-16 21:21:38,063 [INFO]   [ 32]  FLR       (# 88)  $0.00777       7d: +10.7%
2026-06-16 21:21:38,632 [INFO]           → conviction 3/100  |  signals 1/19
2026-06-16 21:21:38,632 [INFO]   [ 33]  BDX       (# 91)  $0.07978       7d: +1.2%
2026-06-16 21:21:42,122 [INFO]           → conviction 6/100  |  signals 2/19
2026-06-16 21:21:46,623 [INFO]   [ 34]  XDC       (# 92)  $0.03019       7d: -3.8%
2026-06-16 21:21:47,320 [INFO]           → conviction 3/100  |  signals 1/19
2026-06-16 21:21:47,321 [INFO]   [ 35]  NIGHT     (# 97)  $0.03326       7d: +5.7%
2026-06-16 21:21:47,977 [INFO]           → conviction 16/100  |  signals 4/19
2026-06-16 21:21:47,978 [INFO]   [ 36]  PUMP      (#101)  $0.00152       7d: -0.4%
2026-06-16 21:21:48,941 [INFO]           → conviction 3/100  |  signals 1/19
2026-06-16 21:21:48,942 [INFO]   [ 37]  H         (#103)  $0.27308       7d: +58.4%
2026-06-16 21:21:49,573 [INFO]           → conviction 26/100  |  signals 6/19
2026-06-16 21:21:49,573 [INFO]   [ 38]  DASH      (#107)  $37.14000      7d: +3.6%
2026-06-16 21:21:50,578 [INFO]           → conviction 14/100  |  signals 3/19
2026-06-16 21:21:50,578 [INFO]   [ 39]  FET       (#108)  $0.20913       7d: +3.8%
2026-06-16 21:21:51,558 [INFO]           → conviction 6/100  |  signals 1/19
2026-06-16 21:21:51,559 [INFO]   [ 40]  ADI       (#109)  $3.76000       7d: +0.6%
2026-06-16 21:21:56,613 [INFO]           → skip (flatliner: ATR 0.24% / BB 0.26%)
2026-06-16 21:22:01,115 [INFO]   [ 41]  TRUMP     (#112)  $1.92000       7d: +15.5%
2026-06-16 21:22:02,090 [INFO]           → conviction 19/100  |  signals 5/19
2026-06-16 21:22:02,090 [INFO]   [ 42]  PENGU     (#114)  $0.00719       7d: +7.3%
2026-06-16 21:22:03,318 [INFO]           → conviction 18/100  |  signals 5/19
2026-06-16 21:22:03,319 [INFO]   [ 43]  VET       (#115)  $0.00522       7d: +8.2%
2026-06-16 21:22:04,116 [INFO]           → conviction 13/100  |  signals 4/19
2026-06-16 21:22:04,117 [INFO]   [ 44]  KITE      (#118)  $0.18888       7d: +1.3%
2026-06-16 21:22:04,761 [INFO]           → conviction 3/100  |  signals 1/19
2026-06-16 21:22:04,763 [INFO]   [ 45]  APXUSD    (#122)  $0.94716       7d: -0.5%
2026-06-16 21:22:08,304 [INFO]           → conviction 0/100  |  signals 0/19
2026-06-16 21:22:12,805 [INFO]   [ 46]  CRV       (#128)  $0.23811       7d: +17.1%
2026-06-16 21:22:13,773 [INFO]           → conviction 19/100  |  signals 4/19
2026-06-16 21:22:13,773 [INFO]   [ 47]  TIA       (#129)  $0.38712       7d: +20.9%
2026-06-16 21:22:14,443 [INFO]           → conviction 13/100  |  signals 3/19
2026-06-16 21:22:14,444 [INFO]   [ 48]  STX       (#130)  $0.19216       7d: +6.7%
2026-06-16 21:22:15,104 [INFO]           → conviction 6/100  |  signals 1/19
2026-06-16 21:22:15,105 [INFO]   [ 49]  9BIT      (#131)  $0.04295       7d: -2.0%
2026-06-16 21:22:18,605 [INFO]           → conviction 0/100  |  signals 0/19
2026-06-16 21:22:23,106 [INFO]   [ 50]  SUN       (#134)  $0.01685       7d: -2.1%
2026-06-16 21:22:23,850 [INFO]           → conviction 3/100  |  signals 1/19
2026-06-16 21:22:23,851 [INFO]   [ 51]  ETHFI     (#137)  $0.34252       7d: +13.5%
2026-06-16 21:22:24,609 [INFO]           → conviction 16/100  |  signals 4/19
2026-06-16 21:22:24,610 [INFO]   [ 52]  GNO       (#138)  $106.62000     7d: +12.5%
2026-06-16 21:22:24,883 [WARNING]           → skip GNO: OHLCV data is stale (>8h old or duplicates)
2026-06-16 21:22:24,884 [INFO]   [ 53]  XTZ       (#143)  $0.24468       7d: +1.9%
2026-06-16 21:22:25,552 [INFO]           → conviction 10/100  |  signals 3/19
2026-06-16 21:22:25,553 [INFO]   [ 54]  ZBCN      (#146)  $0.00268       7d: +10.1%
2026-06-16 21:22:26,209 [INFO]           → conviction 0/100  |  signals 0/19
2026-06-16 21:22:26,210 [INFO]   [ 55]  2Z        (#148)  $0.07433       7d: +2.6%
2026-06-16 21:22:26,888 [INFO]           → conviction 10/100  |  signals 3/19
2026-06-16 21:22:26,890 [INFO]   [ 56]  BSV       (#151)  $12.58000      7d: +8.8%
2026-06-16 21:22:27,952 [INFO]           → conviction 24/100  |  signals 6/19
2026-06-16 21:22:27,953 [INFO]   [ 57]  CFX       (#153)  $0.04784       7d: +7.5%
2026-06-16 21:22:28,939 [INFO]           → conviction 21/100  |  signals 5/19
2026-06-16 21:22:28,941 [INFO]   [ 58]  TEL       (#154)  $0.00255       7d: +8.4%
2026-06-16 21:22:32,511 [INFO]           → conviction 14/100  |  signals 4/19
2026-06-16 21:22:37,011 [INFO]   [ 59]  JASMY     (#155)  $0.00491       7d: +5.5%
2026-06-16 21:22:37,666 [INFO]           → conviction 3/100  |  signals 1/19
2026-06-16 21:22:37,667 [INFO]   [ 60]  XPL       (#161)  $0.09362       7d: +39.9%
2026-06-16 21:22:38,421 [INFO]           → conviction 24/100  |  signals 6/19
2026-06-16 21:22:38,421 [INFO]   [ 61]  LDO       (#162)  $0.27807       7d: +6.1%
2026-06-16 21:22:39,174 [INFO]           → conviction 18/100  |  signals 5/19
2026-06-16 21:22:39,175 [INFO]   [ 62]  OP        (#163)  $0.10879       7d: +14.3%
2026-06-16 21:22:39,875 [INFO]           → conviction 13/100  |  signals 3/19
2026-06-16 21:22:39,876 [INFO]   [ 63]  STRK      (#164)  $0.03571       7d: +3.9%
2026-06-16 21:22:40,564 [INFO]           → conviction 0/100  |  signals 0/19
2026-06-16 21:22:40,565 [INFO]   [ 64]  KAIA      (#168)  $0.03846       7d: +5.5%
2026-06-16 21:22:41,265 [INFO]           → conviction 11/100  |  signals 3/19
2026-06-16 21:22:41,265 [INFO]   [ 65]  ENS       (#169)  $5.41000       7d: +16.4%
2026-06-16 21:22:42,578 [INFO]           → conviction 19/100  |  signals 5/19
2026-06-16 21:22:42,580 [INFO]   [ 66]  DCR       (#170)  $12.47000      7d: +3.6%
2026-06-16 21:22:43,704 [INFO]           → conviction 10/100  |  signals 3/19
2026-06-16 21:22:43,705 [INFO]   [ 67]  IOTA      (#171)  $0.04830       7d: +5.5%
2026-06-16 21:22:45,458 [INFO]           → conviction 13/100  |  signals 4/19
2026-06-16 21:22:45,459 [INFO]   [ 68]  GRT       (#174)  $0.01989       7d: +1.3%
2026-06-16 21:22:46,734 [INFO]           → conviction 10/100  |  signals 2/19
2026-06-16 21:22:46,736 [INFO]   [ 69]  FF        (#175)  $0.07440       7d: -4.1%
2026-06-16 21:22:48,016 [INFO]           → conviction 6/100  |  signals 2/19
2026-06-16 21:22:48,017 [INFO]   [ 70]  REAL      (#177)  $0.06334       7d: +14.8%
2026-06-16 21:22:51,541 [INFO]           → conviction 12/100  |  signals 4/19
2026-06-16 21:22:56,043 [INFO]   [ 71]  APYUSD    (#180)  $1.26000       7d: +0.7%
2026-06-16 21:22:59,948 [INFO]           → conviction 9/100  |  signals 2/19
2026-06-16 21:23:04,450 [INFO]   [ 72]  VELVET    (#184)  $0.44598       7d: +22.5%
2026-06-16 21:23:05,165 [INFO]           → conviction 19/100  |  signals 5/19
2026-06-16 21:23:05,166 [INFO]   [ 73]  PIEVERSE  (#182)  $0.68160       7d: +12.1%
2026-06-16 21:23:05,836 [INFO]           → conviction 13/100  |  signals 4/19
2026-06-16 21:23:05,836 [INFO]   [ 74]  ULTIMA    (#185)  $2178.53000    7d: -5.1%
2026-06-16 21:23:09,248 [INFO]           → conviction 10/100  |  signals 2/19
2026-06-16 21:23:13,750 [INFO]   [ 75]  BTSE      (#186)  $1.12000       7d: +2.1%
2026-06-16 21:23:17,300 [INFO]           → conviction 3/100  |  signals 1/19
2026-06-16 21:23:21,801 [INFO]   [ 76]  AXS       (#189)  $1.01400       7d: +9.3%
2026-06-16 21:23:22,464 [INFO]           → conviction 13/100  |  signals 4/19
2026-06-16 21:23:22,464 [INFO]   [ 77]  WFI       (#190)  $2.04000       7d: +0.6%
2026-06-16 21:23:26,286 [INFO]           → conviction 20/100  |  signals 4/19
2026-06-16 21:23:30,788 [INFO]   [ 78]  TWT       (#191)  $0.41183       7d: +9.4%
2026-06-16 21:23:31,731 [INFO]           → conviction 21/100  |  signals 5/19
2026-06-16 21:23:31,732 [INFO]   [ 79]  COMP      (#192)  $17.69000      7d: -3.4%
2026-06-16 21:23:32,563 [INFO]           → conviction 6/100  |  signals 2/19
2026-06-16 21:23:32,564 [INFO]   [ 80]  WIF       (#193)  $0.16912       7d: +8.3%
2026-06-16 21:23:33,233 [INFO]           → conviction 24/100  |  signals 6/19
2026-06-16 21:23:33,235 [INFO]   [ 81]  RAY       (#195)  $0.62406       7d: +8.1%
2026-06-16 21:23:34,192 [INFO]           → conviction 10/100  |  signals 3/19
2026-06-16 21:23:34,192 [INFO]   [ 82]  SYRUP     (#196)  $0.14030       7d: +10.7%
2026-06-16 21:23:34,869 [INFO]           → conviction 14/100  |  signals 3/19
2026-06-16 21:23:34,870 [INFO]   [ 83]  MX        (#198)  $1.78000       7d: +2.6%
2026-06-16 21:23:38,404 [INFO]           → conviction 3/100  |  signals 1/19
2026-06-16 21:23:42,905 [INFO]   [ 84]  TRAC      (#200)  $0.36388       7d: +4.9%
2026-06-16 21:23:46,654 [INFO]           → conviction 5/100  |  signals 2/19
2026-06-16 21:23:51,156 [INFO]   [ 85]  THETA     (#202)  $0.16247       7d: +6.8%
2026-06-16 21:23:51,915 [INFO]           → conviction 8/100  |  signals 2/19
2026-06-16 21:23:51,916 [INFO]   [ 86]  NEO       (#204)  $2.29000       7d: +5.7%
2026-06-16 21:23:52,640 [INFO]           → conviction 11/100  |  signals 3/19
2026-06-16 21:23:52,641 [INFO]   [ 87]  XCN       (#207)  $0.00400       7d: +4.1%
2026-06-16 21:23:53,288 [INFO]           → conviction 6/100  |  signals 2/19
2026-06-16 21:23:53,288 [INFO]   [ 88]  ZANO      (#208)  $9.78000       7d: +11.5%
2026-06-16 21:23:56,806 [INFO]           → conviction 6/100  |  signals 2/19
2026-06-16 21:24:01,306 [INFO]   [ 89]  GENIUS    (#212)  $0.43741       7d: -4.3%
2026-06-16 21:24:01,993 [INFO]           → conviction 3/100  |  signals 1/19
2026-06-16 21:24:01,994 [INFO]   [ 90]  SAND      (#214)  $0.05334       7d: +4.7%
2026-06-16 21:24:02,789 [INFO]           → conviction 11/100  |  signals 3/19
2026-06-16 21:24:02,790 [INFO]   [ 91]  RUNE      (#215)  $0.41279       7d: +9.2%
2026-06-16 21:24:03,464 [INFO]           → conviction 31/100  |  signals 6/19
2026-06-16 21:24:03,465 [INFO]   [ 92]  BAT       (#219)  $0.09143       7d: -1.5%
2026-06-16 21:24:04,301 [INFO]           → conviction 0/100  |  signals 0/19
2026-06-16 21:24:04,301 [INFO]   [ 93]  FARTCOIN  (#220)  $0.13655       7d: +14.3%
2026-06-16 21:24:04,990 [INFO]           → conviction 13/100  |  signals 4/19
2026-06-16 21:24:04,991 [INFO]   [ 94]  MANA      (#222)  $0.06947       7d: +5.4%
2026-06-16 21:24:05,636 [INFO]           → conviction 13/100  |  signals 3/19
2026-06-16 21:24:05,637 [INFO]   [ 95]  AR        (#225)  $2.02000       7d: +3.2%
2026-06-16 21:24:06,463 [INFO]           → conviction 0/100  |  signals 0/19
2026-06-16 21:24:06,464 [INFO]   [ 96]  GALA      (#226)  $0.00271       7d: +5.1%
2026-06-16 21:24:07,104 [INFO]           → conviction 6/100  |  signals 1/19
2026-06-16 21:24:07,105 [INFO]   [ 97]  APE       (#227)  $0.12765       7d: +4.7%
2026-06-16 21:24:08,259 [INFO]           → conviction 0/100  |  signals 0/19
2026-06-16 21:24:08,260 [INFO]   [ 98]  SFP       (#228)  $0.25439       7d: +9.2%
2026-06-16 21:24:09,524 [INFO]           → conviction 21/100  |  signals 6/19
2026-06-16 21:24:09,525 [INFO]   [ 99]  TIBBIR    (#230)  $0.12597       7d: +21.0%
2026-06-16 21:24:13,398 [INFO]           → conviction 10/100  |  signals 3/19
2026-06-16 21:24:17,900 [INFO]   [100]  SHFL      (#234)  $0.29386       7d: -4.3%
2026-06-16 21:24:21,776 [INFO]           → conviction 13/100  |  signals 3/19
2026-06-16 21:24:26,277 [INFO]   [101]  IMX       (#236)  $0.14633       7d: +3.7%
2026-06-16 21:24:26,904 [INFO]           → conviction 6/100  |  signals 2/19
2026-06-16 21:24:26,905 [INFO]   [102]  S         (#238)  $0.03229       7d: +7.5%
2026-06-16 21:24:27,683 [INFO]           → conviction 0/100  |  signals 0/19
2026-06-16 21:24:27,683 [INFO]   [103]  A         (#241)  $0.07300       7d: +14.7%
2026-06-16 21:24:28,317 [INFO]           → conviction 13/100  |  signals 3/19
2026-06-16 21:24:28,318 [INFO]   [104]  KAITO     (#242)  $0.48618       7d: +16.1%
2026-06-16 21:24:28,943 [INFO]           → conviction 24/100  |  signals 6/19
2026-06-16 21:24:28,943 [INFO]   [105]  GOMINING  (#248)  $0.28237       7d: +13.8%
2026-06-16 21:24:32,769 [INFO]           → conviction 11/100  |  signals 4/19
2026-06-16 21:24:37,270 [INFO]   [106]  CRCLON    (#249)  $79.58000      7d: -2.6%
2026-06-16 21:24:41,245 [INFO]           → conviction 10/100  |  signals 3/19
2026-06-16 21:24:45,745 [INFO]   [107]  GLM       (#252)  $0.11303       7d: +3.7%
2026-06-16 21:24:46,400 [INFO]           → conviction 8/100  |  signals 2/19
2026-06-16 21:24:46,401 [INFO]   [108]  TAG       (#253)  $0.00103       7d: -2.1%
2026-06-16 21:24:50,477 [INFO]           → conviction 22/100  |  signals 5/19
2026-06-16 21:24:54,979 [INFO]   [109]  ZK        (#254)  $0.01149       7d: +13.1%
2026-06-16 21:24:55,727 [INFO]           → conviction 0/100  |  signals 0/19
2026-06-16 21:24:55,727 [INFO]   [110]  1INCH     (#259)  $0.07738       7d: +9.8%
2026-06-16 21:24:56,639 [INFO]           → conviction 21/100  |  signals 5/19
2026-06-16 21:24:56,640 [INFO]   [111]  AWE       (#261)  $0.05513       7d: +0.3%
2026-06-16 21:24:57,283 [INFO]           → conviction 13/100  |  signals 3/19
2026-06-16 21:24:57,284 [INFO]   [112]  AB        (#264)  $0.00107       7d: -4.1%
2026-06-16 21:25:02,379 [INFO]           → conviction 0/100  |  signals 0/19
2026-06-16 21:25:06,881 [INFO]   [113]  DYDX      (#266)  $0.12306       7d: -3.4%
2026-06-16 21:25:07,527 [INFO]           → conviction 6/100  |  signals 2/19
2026-06-16 21:25:07,527 [INFO]   [114]  QAIT      (#267)  $0.02340       7d: +3.5%
2026-06-16 21:25:11,575 [INFO]           → conviction 13/100  |  signals 4/19
2026-06-16 21:25:16,076 [INFO]   [115]  BMX       (#270)  $0.30008       7d: +0.2%
2026-06-16 21:25:19,810 [INFO]           → conviction 3/100  |  signals 1/19
2026-06-16 21:25:24,313 [INFO]   [116]  DRV       (#274)  $0.10022       7d: -4.6%
2026-06-16 21:25:28,168 [INFO]           → conviction 14/100  |  signals 4/19
2026-06-16 21:25:32,669 [INFO]   [117]  RIF       (#277)  $0.09910       7d: +58.4%
2026-06-16 21:25:33,963 [INFO]           → conviction 10/100  |  signals 3/19
2026-06-16 21:25:33,963 [INFO]   [118]  ATH       (#278)  $0.00492       7d: +11.0%
2026-06-16 21:25:34,774 [INFO]           → conviction 14/100  |  signals 4/19
2026-06-16 21:25:34,775 [INFO]   [119]  RIVER     (#280)  $5.01000       7d: +0.2%
2026-06-16 21:25:35,418 [INFO]           → conviction 10/100  |  signals 3/19
2026-06-16 21:25:35,418 [INFO]   [120]  BP        (#281)  $0.38985       7d: +47.2%
2026-06-16 21:25:36,071 [INFO]           → conviction 13/100  |  signals 3/19
2026-06-16 21:25:36,071 [INFO]   [121]  EGLD      (#287)  $3.01000       7d: +3.2%
2026-06-16 21:25:36,717 [INFO]           → conviction 10/100  |  signals 3/19
2026-06-16 21:25:36,718 [INFO]   [122]  LPT       (#288)  $1.82000       7d: +4.3%
2026-06-16 21:25:37,350 [INFO]           → conviction 10/100  |  signals 2/19
2026-06-16 21:25:37,351 [INFO]   [123]  FLUID     (#289)  $1.15000       7d: +6.7%
2026-06-16 21:25:37,994 [INFO]           → conviction 18/100  |  signals 5/19
2026-06-16 21:25:37,994 [INFO]   [124]  SNX       (#290)  $0.26215       7d: +8.0%
2026-06-16 21:25:38,639 [INFO]           → conviction 14/100  |  signals 4/19
2026-06-16 21:25:38,639 [INFO]   [125]  GEOD      (#291)  $0.20041       7d: +27.0%
2026-06-16 21:25:42,783 [INFO]           → conviction 11/100  |  signals 4/19
2026-06-16 21:25:47,284 [INFO]   [126]  CFG       (#294)  $0.23214       7d: +19.7%
2026-06-16 21:25:47,939 [INFO]           → conviction 36/100  |  signals 7/19
2026-06-16 21:25:47,940 [INFO]   [127]  SHX       (#296)  $0.00496       7d: +11.9%
2026-06-16 21:25:51,766 [INFO]           → conviction 8/100  |  signals 3/19
2026-06-16 21:25:56,268 [INFO]   [128]  SN64      (#301)  $16.63000      7d: +18.6%
2026-06-16 21:26:00,269 [INFO]           → conviction 6/100  |  signals 2/19
2026-06-16 21:26:04,772 [INFO]   [129]  USDA      (#302)  $0.99096       7d: +2.4%
2026-06-16 21:26:08,650 [INFO]           → conviction 12/100  |  signals 4/19
2026-06-16 21:26:13,151 [INFO]   [130]  UMXM      (#304)  $1.81000       7d: +6.4%
2026-06-16 21:26:17,359 [INFO]           → conviction 9/100  |  signals 3/19
2026-06-16 21:26:21,861 [INFO]   [131]  ZEN       (#305)  $4.67000       7d: +6.7%
2026-06-16 21:26:22,517 [INFO]           → conviction 18/100  |  signals 4/19
2026-06-16 21:26:22,518 [INFO]   [132]  NOCK      (#306)  $0.03839       7d: +6.2%
2026-06-16 21:26:26,306 [INFO]           → conviction 3/100  |  signals 1/19
2026-06-16 21:26:30,808 [INFO]   [133]  WAL       (#308)  $0.03472       7d: +7.8%
2026-06-16 21:26:31,438 [INFO]           → conviction 3/100  |  signals 1/19
2026-06-16 21:26:31,439 [INFO]   [134]  MUON      (#313)  $1025.88000    7d: +13.3%
2026-06-16 21:26:35,113 [INFO]           → conviction 27/100  |  signals 8/19
2026-06-16 21:26:39,614 [INFO]   [135]  QTUM      (#319)  $0.74829       7d: +7.7%
2026-06-16 21:26:40,264 [INFO]           → conviction 11/100  |  signals 3/19
2026-06-16 21:26:40,265 [INFO]   [136]  MELANIA   (#321)  $0.08244       7d: +5.9%
2026-06-16 21:26:40,926 [INFO]           → conviction 13/100  |  signals 3/19
2026-06-16 21:26:40,927 [INFO]   [137]  DBR       (#322)  $0.01456       7d: -1.9%
2026-06-16 21:26:41,566 [INFO]           → conviction 11/100  |  signals 2/19
2026-06-16 21:26:41,566 [INFO]   [138]  USELESS   (#327)  $0.07578       7d: +13.8%
2026-06-16 21:26:42,225 [INFO]           → conviction 24/100  |  signals 6/19
2026-06-16 21:26:42,226 [INFO]   [139]  ZRX       (#329)  $0.08910       7d: +2.8%
2026-06-16 21:26:42,880 [INFO]           → conviction 21/100  |  signals 5/19
2026-06-16 21:26:42,881 [INFO]   [140]  PROS      (#330)  $0.55663       7d: -4.1%
2026-06-16 21:26:43,483 [WARNING]           → skip PROS: OHLCV data is stale (>8h old or duplicates)
2026-06-16 21:26:43,484 [INFO]   [141]  GAS       (#334)  $1.15000       7d: +2.0%
2026-06-16 21:26:44,582 [INFO]           → conviction 3/100  |  signals 1/19
2026-06-16 21:26:44,582 [INFO]   [142]  TROLL     (#335)  $0.07463       7d: +3.6%
2026-06-16 21:26:48,378 [INFO]           → conviction 6/100  |  signals 2/19
2026-06-16 21:26:52,880 [INFO]   [143]  BAN       (#337)  $0.07465       7d: +7.1%
2026-06-16 21:26:53,672 [INFO]           → conviction 10/100  |  signals 3/19
2026-06-16 21:26:53,674 [INFO]   [144]  AIOZ      (#342)  $0.05930       7d: +3.7%
2026-06-16 21:26:54,818 [INFO]           → conviction 16/100  |  signals 4/19
2026-06-16 21:26:54,820 [INFO]   [145]  ORDI      (#343)  $3.50000       7d: +13.3%
2026-06-16 21:26:55,449 [INFO]           → conviction 10/100  |  signals 3/19
2026-06-16 21:26:55,451 [INFO]   [146]  MAG7.SSI  (#344)  $0.43516       7d: +5.6%
2026-06-16 21:26:59,314 [INFO]           → conviction 6/100  |  signals 2/19
2026-06-16 21:27:03,815 [INFO]   [147]  UAI       (#345)  $0.30611       7d: +7.7%
2026-06-16 21:27:04,505 [INFO]           → conviction 10/100  |  signals 3/19
2026-06-16 21:27:04,506 [INFO]   [148]  CHIP      (#348)  $0.03624       7d: -4.6%
2026-06-16 21:27:05,343 [INFO]           → conviction 11/100  |  signals 2/19
2026-06-16 21:27:05,344 [INFO]   [149]  RVN       (#350)  $0.00442       7d: +3.8%
2026-06-16 21:27:05,999 [INFO]           → conviction 13/100  |  signals 3/19
2026-06-16 21:27:05,999 [INFO]   [150]  ZAMA      (#351)  $0.03272       7d: +14.9%
2026-06-16 21:27:06,812 [INFO]           → conviction 18/100  |  signals 5/19
2026-06-16 21:27:06,813 [INFO]   [151]  MAGMA     (#352)  $0.37833       7d: +3.4%
2026-06-16 21:27:07,485 [INFO]           → conviction 16/100  |  signals 4/19
2026-06-16 21:27:07,486 [INFO]   [152]  YFI       (#353)  $2002.08000    7d: +6.2%
2026-06-16 21:27:08,129 [INFO]           → conviction 18/100  |  signals 5/19
2026-06-16 21:27:08,130 [INFO]   [153]  BERA      (#354)  $0.25819       7d: +4.7%
2026-06-16 21:27:08,776 [INFO]           → conviction 3/100  |  signals 1/19
2026-06-16 21:27:08,777 [INFO]   [154]  CYS       (#355)  $0.44271       7d: -0.6%
2026-06-16 21:27:09,437 [INFO]           → conviction 0/100  |  signals 0/19
2026-06-16 21:27:09,438 [INFO]   [155]  SAFE      (#358)  $0.09426       7d: +1.9%
2026-06-16 21:27:10,235 [INFO]           → conviction 6/100  |  signals 2/19
2026-06-16 21:27:10,236 [INFO]   [156]  JCT       (#361)  $0.00610       7d: -5.4%
2026-06-16 21:27:10,875 [INFO]           → conviction 6/100  |  signals 2/19
2026-06-16 21:27:10,876 [INFO]   [157]  PURR      (#363)  $0.11561       7d: +33.0%
2026-06-16 21:27:14,735 [INFO]           → conviction 19/100  |  signals 5/19
2026-06-16 21:27:19,236 [INFO]   [158]  KSM       (#364)  $3.74000       7d: +4.0%
2026-06-16 21:27:19,884 [INFO]           → conviction 3/100  |  signals 1/19
2026-06-16 21:27:19,885 [INFO]   [159]  KNTQ      (#368)  $0.24083       7d: +1.4%
2026-06-16 21:27:23,701 [INFO]           → conviction 20/100  |  signals 5/19
2026-06-16 21:27:28,203 [INFO]   [160]  METAL     (#370)  $0.13041       7d: -2.4%
2026-06-16 21:27:32,386 [INFO]           → conviction 11/100  |  signals 3/19
2026-06-16 21:27:36,888 [INFO]   [161]  XPR       (#372)  $0.00230       7d: +6.6%
2026-06-16 21:27:40,633 [INFO]           → conviction 6/100  |  signals 2/19
2026-06-16 21:27:45,135 [INFO]   [162]  BIO       (#374)  $0.03077       7d: -1.6%
2026-06-16 21:27:45,795 [INFO]           → conviction 0/100  |  signals 0/19
2026-06-16 21:27:45,796 [INFO]   [163]  ENJ       (#375)  $0.03339       7d: +12.1%
2026-06-16 21:27:46,475 [INFO]           → conviction 21/100  |  signals 5/19
2026-06-16 21:27:46,476 [INFO]   [164]  LBT       (#378)  $0.26561       7d: +10.6%
2026-06-16 21:27:50,116 [INFO]           → conviction 6/100  |  signals 2/19
2026-06-16 21:27:54,617 [INFO]   [165]  MEGA      (#379)  $0.05733       7d: +18.4%
2026-06-16 21:27:55,773 [INFO]           → conviction 13/100  |  signals 3/19
2026-06-16 21:27:55,774 [INFO]   [166]  IO        (#384)  $0.18399       7d: +14.6%
2026-06-16 21:27:56,438 [INFO]           → conviction 16/100  |  signals 4/19
2026-06-16 21:27:56,439 [INFO]   [167]  ZIL       (#386)  $0.00327       7d: +7.1%
2026-06-16 21:27:57,189 [INFO]           → conviction 8/100  |  signals 2/19
2026-06-16 21:27:57,190 [INFO]   [168]  0G        (#387)  $0.29996       7d: +1.5%
2026-06-16 21:27:57,834 [INFO]           → conviction 10/100  |  signals 2/19
2026-06-16 21:27:57,835 [INFO]   [169]  BABY      (#388)  $0.01709       7d: +10.1%
2026-06-16 21:27:58,821 [INFO]           → conviction 13/100  |  signals 4/19
2026-06-16 21:27:58,822 [INFO]   [170]  COAI      (#389)  $0.33633       7d: +43.7%
2026-06-16 21:27:59,452 [INFO]           → conviction 24/100  |  signals 6/19
2026-06-16 21:27:59,453 [INFO]   [171]  AIPF      (#392)  $2.19000       7d: -0.1%
2026-06-16 21:28:03,274 [INFO]           → conviction 9/100  |  signals 3/19
2026-06-16 21:28:07,776 [INFO]   [172]  BRETT     (#393)  $0.00636       7d: +15.7%
2026-06-16 21:28:08,451 [INFO]           → conviction 14/100  |  signals 3/19
2026-06-16 21:28:08,452 [INFO]   [173]  TURBO     (#395)  $0.00091       7d: +8.0%
2026-06-16 21:28:09,650 [INFO]           → conviction 0/100  |  signals 0/19
2026-06-16 21:28:09,651 [INFO]   [174]  SN4       (#396)  $12.73000      7d: +16.8%
2026-06-16 21:28:14,124 [INFO]           → conviction 3/100  |  signals 1/19
2026-06-16 21:28:18,626 [INFO]   [175]  TFUEL     (#398)  $0.00850       7d: +4.2%
2026-06-16 21:28:19,564 [INFO]           → conviction 10/100  |  signals 3/19
2026-06-16 21:28:19,565 [INFO]   [176]  SUPER     (#400)  $0.09781       7d: +5.6%
2026-06-16 21:28:20,243 [INFO]           → conviction 0/100  |  signals 0/19
2026-06-16 21:28:20,243 [INFO]   [177]  GMX       (#403)  $5.90000       7d: +5.8%
2026-06-16 21:28:20,897 [INFO]           → conviction 18/100  |  signals 4/19
2026-06-16 21:28:20,898 [INFO]   [178]  VELO      (#404)  $0.00351       7d: +4.5%
2026-06-16 21:28:21,549 [INFO]           → conviction 11/100  |  signals 3/19
2026-06-16 21:28:21,550 [INFO]   [179]  MET       (#405)  $0.11566       7d: +14.2%
2026-06-16 21:28:22,195 [INFO]           → conviction 18/100  |  signals 5/19
2026-06-16 21:28:22,196 [INFO]   [180]  SOON      (#406)  $0.17851       7d: +5.8%
2026-06-16 21:28:23,375 [INFO]           → conviction 19/100  |  signals 5/19
2026-06-16 21:28:23,377 [INFO]   [181]  JELLYJELLY  (#410)  $0.06007       7d: +1.5%
2026-06-16 21:28:24,018 [INFO]           → conviction 6/100  |  signals 2/19
2026-06-16 21:28:24,018 [INFO]   [182]  NMR       (#411)  $8.51000       7d: -0.1%
2026-06-16 21:28:24,678 [INFO]           → conviction 13/100  |  signals 3/19
2026-06-16 21:28:24,678 [INFO]   [183]  CARDS     (#412)  $0.23171       7d: +23.7%
2026-06-16 21:28:28,502 [INFO]           → conviction 3/100  |  signals 1/19
2026-06-16 21:28:33,004 [INFO]   [184]  W         (#413)  $0.00984       7d: +9.0%
2026-06-16 21:28:34,203 [INFO]           → conviction 3/100  |  signals 1/19
2026-06-16 21:28:34,204 [INFO]   [185]  SPK       (#421)  $0.02038       7d: +5.7%
2026-06-16 21:28:34,884 [INFO]           → conviction 16/100  |  signals 4/19
2026-06-16 21:28:34,885 [INFO]   [186]  HOT       (#422)  $0.00032       7d: +4.5%
2026-06-16 21:28:35,844 [INFO]           → conviction 11/100  |  signals 3/19
2026-06-16 21:28:35,845 [INFO]   [187]  ROSE      (#424)  $0.00729       7d: +16.0%
2026-06-16 21:28:36,492 [INFO]           → conviction 39/100  |  signals 7/19
2026-06-16 21:28:36,494 [INFO]   [188]  TSLAX     (#426)  $404.06000     7d: +2.0%
2026-06-16 21:28:40,010 [INFO]           → skip (flatliner: ATR 0.95% / BB 0.48%)
2026-06-16 21:28:44,511 [INFO]   [189]  DUSK      (#427)  $0.09627       7d: +11.1%
2026-06-16 21:28:45,724 [INFO]           → conviction 10/100  |  signals 3/19
2026-06-16 21:28:45,726 [INFO]   [190]  IDOL      (#429)  $0.03010       7d: +3.6%
2026-06-16 21:28:53,701 [INFO]           → conviction 13/100  |  signals 3/19
2026-06-16 21:28:58,202 [INFO]   [191]  GCOIN     (#430)  $0.00258       7d: +11.9%
2026-06-16 21:29:03,495 [INFO]           → conviction 0/100  |  signals 0/19
2026-06-16 21:29:07,996 [INFO]   [192]  DIEM      (#431)  $1512.68000    7d: +10.6%
2026-06-16 21:29:12,149 [INFO]           → conviction 3/100  |  signals 1/19
2026-06-16 21:29:16,651 [INFO]   [193]  CKB       (#433)  $0.00114       7d: +7.8%
2026-06-16 21:29:17,320 [INFO]           → conviction 3/100  |  signals 1/19
2026-06-16 21:29:17,321 [INFO]   [194]  MINA      (#434)  $0.04302       7d: +1.2%
2026-06-16 21:29:18,451 [INFO]           → conviction 0/100  |  signals 0/19
2026-06-16 21:29:18,452 [INFO]   [195]  FXUSD     (#435)  $0.99628       7d: -0.4%
2026-06-16 21:29:22,306 [INFO]           → skip (flatliner: ATR 1.36% / BB 0.28%)
2026-06-16 21:29:26,808 [INFO]   [196]  TOSHI     (#436)  $0.00013       7d: +9.5%
2026-06-16 21:29:30,298 [INFO]           → conviction 3/100  |  signals 1/19
2026-06-16 21:29:34,800 [INFO]   [197]  POLYX     (#438)  $0.04235       7d: +12.3%
2026-06-16 21:29:35,465 [INFO]           → conviction 26/100  |  signals 6/19
2026-06-16 21:29:35,466 [INFO]   [198]  SQD       (#441)  $0.05004       7d: +61.0%
2026-06-16 21:29:36,094 [INFO]           → conviction 18/100  |  signals 5/19
2026-06-16 21:29:36,095 [INFO]   [199]  OPEN      (#448)  $0.24497       7d: +19.6%
2026-06-16 21:29:37,251 [INFO]           → conviction 14/100  |  signals 3/19
2026-06-16 21:29:37,252 [INFO]   [200]  BLUR      (#449)  $0.01852       7d: +4.9%
2026-06-16 21:29:37,885 [INFO]           → conviction 10/100  |  signals 2/19
2026-06-16 21:29:37,886 [INFO]   [201]  SUSHI     (#451)  $0.19136       7d: +15.9%
2026-06-16 21:29:38,528 [INFO]           → conviction 18/100  |  signals 5/19
2026-06-16 21:29:38,529 [INFO]   [202]  XNO       (#453)  $0.38415       7d: +1.8%
2026-06-16 21:29:39,474 [INFO]           → conviction 10/100  |  signals 3/19
2026-06-16 21:29:39,475 [INFO]   [203]  ASTR      (#457)  $0.00582       7d: +7.1%
2026-06-16 21:29:40,291 [INFO]           → conviction 11/100  |  signals 2/19
2026-06-16 21:29:40,292 [INFO]   [204]  XYO       (#461)  $0.00361       7d: +1.4%
2026-06-16 21:29:43,744 [INFO]           → conviction 17/100  |  signals 5/19
2026-06-16 21:29:48,246 [INFO]   [205]  PEAQ      (#465)  $0.02232       7d: -2.0%
2026-06-16 21:29:49,173 [INFO]           → conviction 10/100  |  signals 3/19
2026-06-16 21:29:49,174 [INFO]   [206]  DGB       (#470)  $0.00270       7d: +7.8%
2026-06-16 21:29:50,105 [INFO]           → conviction 10/100  |  signals 3/19
2026-06-16 21:29:50,107 [INFO]   [207]  NVDAON    (#472)  $207.38000     7d: +0.2%
2026-06-16 21:29:53,994 [INFO]           → conviction 7/100  |  signals 3/19
2026-06-16 21:29:58,496 [INFO]   [208]  AZTEC     (#473)  $0.01669       7d: +10.4%
2026-06-16 21:29:59,126 [INFO]           → conviction 11/100  |  signals 3/19
2026-06-16 21:29:59,127 [INFO]   [209]  ONT       (#475)  $0.04875       7d: +5.4%
2026-06-16 21:29:59,761 [INFO]           → conviction 6/100  |  signals 1/19
2026-06-16 21:29:59,762 [INFO]   [210]  RON       (#478)  $0.06277       7d: +2.0%
2026-06-16 21:30:03,520 [INFO]           → conviction 8/100  |  signals 3/19
2026-06-16 21:30:08,021 [INFO]   [211]  HOLO      (#482)  $0.06607       7d: +5.4%
2026-06-16 21:30:08,679 [INFO]           → conviction 6/100  |  signals 2/19
2026-06-16 21:30:08,679 [INFO]   [212]  SN44      (#486)  $10.03000      7d: +24.7%
2026-06-16 21:30:12,746 [INFO]           → conviction 10/100  |  signals 3/19
2026-06-16 21:30:17,247 [INFO]   [213]  BR        (#485)  $0.18890       7d: +69.8%
2026-06-16 21:30:17,894 [INFO]           → conviction 45/100  |  signals 9/19
2026-06-16 21:30:17,894 [INFO]           ⏳ FIRST SIGHTING (scan 1/2) — needs confirmation next scan
2026-06-16 21:30:17,895 [INFO]   [214]  SN120     (#487)  $14.05000      7d: +21.9%
2026-06-16 21:30:21,807 [INFO]           → conviction 3/100  |  signals 1/19
2026-06-16 21:30:26,308 [INFO]   [215]  AMP       (#489)  $0.00054       7d: +3.4%
2026-06-16 21:30:27,230 [INFO]           → conviction 16/100  |  signals 4/19
2026-06-16 21:30:27,232 [INFO]   [216]  ASTEROID  (#493)  $0.00011       7d: +34.8%
2026-06-16 21:30:30,984 [INFO]           → conviction 13/100  |  signals 5/19
2026-06-16 21:30:35,485 [INFO]   [217]  PNUT      (#494)  $0.04529       7d: +8.5%
2026-06-16 21:30:36,311 [INFO]           → conviction 19/100  |  signals 4/19
2026-06-16 21:30:36,312 [INFO]   [218]  XVS       (#495)  $2.69000       7d: +10.3%
2026-06-16 21:30:37,163 [INFO]           → conviction 16/100  |  signals 4/19
2026-06-16 21:30:37,163 [INFO]   [219]  XVG       (#497)  $0.00270       7d: +8.2%
2026-06-16 21:30:37,811 [INFO]           → conviction 11/100  |  signals 3/19
2026-06-16 21:30:37,811 [INFO]   [220]  CROSS     (#498)  $0.10133       7d: +17.4%
2026-06-16 21:30:38,585 [INFO]           → conviction 21/100  |  signals 6/19
2026-06-16 21:30:38,586 [INFO]   [221]  CRCLX     (#500)  $79.71000      7d: -2.4%
2026-06-16 21:30:42,616 [INFO]           → conviction 6/100  |  signals 2/19
2026-06-16 21:30:47,128 [INFO] 
[5/5] Building trade plan report...
2026-06-16 21:30:47,129 [INFO]   Raw candidates found: 0
2026-06-16 21:30:47,129 [INFO] [5/5] Checking major leverage opportunities (BTC/ETH/SOL)...
2026-06-16 21:30:47,130 [INFO]   Major leverage: 0 opportunity(s) found
2026-06-16 21:30:47,132 [INFO] 
================================================================================
  CRYPTO SPOT SCANNER — TRADE PLAN REPORT
  Generated: 2026-06-16 21:30:47
================================================================================

MARKET CONTEXT
----------------------------------------
  BTC Price    :  $   65,770.00
  BTC 7-day    :     +6.60%
  BTC 24-hour  :     -0.78%
  ETH 7-day    :     +9.60%
  BTC Dominance:      56.3%
  Regime       :  🟢 BULL

ACCOUNT
----------------------------------------
  Balance       : $   96,313.06 USDT
  Risk / trade  : 1.5%  ($1,445 USDT per trade)
  Max positions : 8
  Max heat      : 12.0%

================================================================================
  NO QUALIFYING SETUPS FOUND

  All scanned tokens failed to meet the minimum conviction threshold.
  This means market conditions are not favorable right now.

  RECOMMENDATION: Stay in USDT. Wait for the next scan.
  Patience is a trading edge. Forcing trades loses money.
================================================================================

WATCHLIST  — tokens building momentum, not ready to enter yet
----------------------------------------
  ⏳ = needs 1 more confirmation scan  |  ↗ = conviction rising  |  ↘ = fading
  Monitor all. Enter only after a fresh scan confirms conviction ≥ threshold.

  #     SYMBOL     RANK         PRICE      7d%   CONV  SIGS  TREND  KEY SIGNALS
  ----  ---------  ----  ------------  -------  -----  ----  -----  ----------------------------
  1     ⏳BR        #485  $0.18890        +69.8%    45     9      →  whale_candles, macd_divergence, cmf +6
  2     🔶ROSE      #424  $0.00729        +16.0%    39     7      ↗  whale_candles, funding_neg, cmf +4
  3     🔹CFG       #294  $0.23214        +19.7%    36     7      →  whale_candles, cmf, rs_vs_btc +4
  4     🔹RUNE      #215  $0.41279         +9.2%    31     6      ↗  whale_candles, rs_acceleration, vol_velocity +3
  5     🔹MUON      #313  $1025.88000     +13.3%    27     8      →  whale_candles, stealth_accum, cmf +5
  6     🔹H         #103  $0.27308        +58.4%    26     6      →  macd_turning, cmf, rs_vs_btc +3
  7     🔹POLYX     #438  $0.04235        +12.3%    26     6      →  funding_neg, stealth_accum, rs_vs_btc +3

--------------------------------------------------------------------------------
2026-06-16 21:30:47,140 [INFO] 
  Report  → C:\Users\bruno\OneDrive\Ambiente de Trabalho\Workspace\crypto scanner\crypto-scanner\outputs\scanner-results\spot_trade_plan_LATEST.txt
2026-06-16 21:30:47,143 [INFO]   JSON    → C:\Users\bruno\OneDrive\Ambiente de Trabalho\Workspace\crypto scanner\crypto-scanner\outputs\scanner-results\spot_trade_plan_LATEST.json
2026-06-16 21:30:47,143 [INFO]   Log     → C:\Users\bruno\OneDrive\Ambiente de Trabalho\Workspace\crypto scanner\crypto-scanner\outputs\logs\orchestrator_20260616.log
2026-06-16 21:30:47,144 [INFO] 
  Done.  0 high-conviction setup(s) found.
