2026-06-14 14:31:52,985 [INFO] ================================================================
2026-06-14 14:31:52,985 [INFO] TREND SCANNER v3.0
2026-06-14 14:31:52,986 [INFO] ================================================================
2026-06-14 14:31:52,986 [INFO] Building universe (Bybit perps)...
2026-06-14 14:31:53,554 [INFO]   Universe (post-filter): 223 coins
2026-06-14 14:31:53,554 [INFO] Fetching BTC 1D for regime detection...
2026-06-14 14:31:53,570 [INFO]   Regime: BULL  |  BTC 7d +5.87%  |  24h +1.38%
2026-06-14 14:31:53,570 [INFO] Scanning 223 coins across 6 timeframes...
2026-06-14 14:31:53,571 [INFO] (this is the slowest scanner — first run ~10min, subsequent ~2-3min)
2026-06-14 14:31:56,865 [INFO]   ...20/223  (surfaced: 18)
2026-06-14 14:32:00,034 [INFO]   ...40/223  (surfaced: 35)
2026-06-14 14:32:03,634 [INFO]   ...60/223  (surfaced: 50)
2026-06-14 14:32:07,088 [INFO]   ...80/223  (surfaced: 64)
2026-06-14 14:32:10,155 [INFO]   ...100/223  (surfaced: 81)
2026-06-14 14:32:13,269 [INFO]   ...120/223  (surfaced: 99)
2026-06-14 14:32:16,314 [INFO]   ...140/223  (surfaced: 111)
2026-06-14 14:32:19,018 [INFO]   ...160/223  (surfaced: 128)
2026-06-14 14:32:21,723 [INFO]   ...180/223  (surfaced: 142)
2026-06-14 14:32:38,538 [INFO] Done in 46s  |  scanned=205  failed=18  strong=14  long=50  watch=50
2026-06-14 14:32:38,540 [INFO] 
================================================================================
  TREND SCANNER v3.0  —  multi-timeframe confirmation + trade plans
  Generated  : 2026-06-14 14:32:38
  Universe   : 223 Bybit perps  |  Scanned: 205
  Scan time  : 46s
================================================================================

  Regime     : 🟢 BULL
               BTC 7d +5.87%  |  24h +1.38%  |  $64,458

  Account    : $100,000  |  Risk/trade: 1.5%

  Tiers (bull):  STRONG ≥ 130 & ST≥4  |  LONG ≥ 100 & ST≥3  |  WATCH ≥ 70

  TF weights : 1D×0.28 · 12H×0.2 · 6H×0.15 · 4H×0.15 · 2H×0.12 · 1H×0.1

--------------------------------------------------------------------------------
  STRONG  —  14 coin(s)  (highest conviction, full position)
--------------------------------------------------------------------------------

  [ 1] OPEN        score= 155.0  ST=6/6  price=$0.240890      24h= +0.40%  vol=$  3.4M
       TF:  1D=140  12H=154  6H=165  4H=159  2H=141  1H=145
       Bonuses: RS vs BTC 7d +28.7%  (+5 pts)
       Entry: $0.240890  |  Stop: $0.206043 (-14.47%)  |  Risk: $1500 (1.50% acct)
       Position: $10369 (10.37% acct, qty 43045.1359)
       TP1: $0.293161 (+21.7%, 1.5R, sell 40%)
       TP2: $0.345431 (+43.4%, 3.0R, sell 35%)
       TP3: $0.415126 (+72.3%, 5.0R, sell 25%)

  [ 2] JCT         score= 150.4  ST=6/6  price=$0.006911      24h= +5.24%  vol=$ 26.4M
       TF:  1D=154  12H=176  6H=145  4H=138  2H=142  1H= 76
       Bonuses: RS vs BTC 7d +39.1%  (+5 pts)
       Entry: $0.006911  |  Stop: $0.005874 (-15.00%)  |  Risk: $1500 (1.50% acct)
       Position: $10000 (10.00% acct, qty 1446989.5383)
       TP1: $0.008466 (+22.5%, 1.5R, sell 40%)
       TP2: $0.010021 (+45.0%, 3.0R, sell 35%)
       TP3: $0.012094 (+75.0%, 5.0R, sell 25%)

  [ 3] ROAM        score= 142.0  ST=5/6  price=$0.006783      24h=+27.46%  vol=$  4.3M
       TF:  1D=118  12H=134  6H=128  4H=144  2H=149  1H=155
       Bonuses: RS vs BTC 7d +18.1% | funding -0.1727%/8h  (+8 pts)
       Entry: $0.006783  |  Stop: $0.005766 (-15.00%)  |  Risk: $1500 (1.50% acct)
       Position: $10000 (10.00% acct, qty 1474273.9201)
       TP1: $0.008309 (+22.5%, 1.5R, sell 40%)
       TP2: $0.009835 (+45.0%, 3.0R, sell 35%)
       TP3: $0.011870 (+75.0%, 5.0R, sell 25%)

  [ 4] WLD         score= 140.7  ST=6/6  price=$0.501400      24h= -1.38%  vol=$139.4M
       TF:  1D=116  12H=122  6H=130  4H=175  2H=123  1H= 83
       Bonuses: RSI div 1D (hidden_bullish) | 1H pre-pump (bb_squeeze, obv_stealth_accum) | RS vs BTC 7d +15.4% | funding -0.0423%/8h  (+15 pts)
       Entry: $0.501400  |  Stop: $0.426190 (-15.00%)  |  Risk: $1500 (1.50% acct)
       Position: $10000 (10.00% acct, qty 19944.1564)
       TP1: $0.614215 (+22.5%, 1.5R, sell 40%)
       TP2: $0.727030 (+45.0%, 3.0R, sell 35%)
       TP3: $0.877450 (+75.0%, 5.0R, sell 25%)

  [ 5] EVAA        score= 140.2  ST=5/6  price=$0.389800      24h=+22.67%  vol=$  1.3M
       TF:  1D= 94  12H=120  6H=154  4H=149  2H=154  1H=159
       Bonuses: RSI div 1D (bullish) | RS vs BTC 7d +12.4%  (+10 pts)
       Entry: $0.389800  |  Stop: $0.331330 (-15.00%)  |  Risk: $1500 (1.50% acct)
       Position: $10000 (10.00% acct, qty 25654.1816)
       TP1: $0.477505 (+22.5%, 1.5R, sell 40%)
       TP2: $0.565210 (+45.0%, 3.0R, sell 35%)
       TP3: $0.682150 (+75.0%, 5.0R, sell 25%)

  [ 6] MEME        score= 138.8  ST=6/6  price=$0.000560      24h=+12.85%  vol=$  2.6M
       TF:  1D=112  12H=131  6H=136  4H=173  2H=150  1H=139
       Bonuses: RSI div 1D (hidden_bullish)  (+3 pts)
       Entry: $0.000560  |  Stop: $0.000476 (-15.00%)  |  Risk: $1500 (1.50% acct)
       Position: $10000 (10.00% acct, qty 17860332.2022)
       TP1: $0.000686 (+22.5%, 1.5R, sell 40%)
       TP2: $0.000812 (+45.0%, 3.0R, sell 35%)
       TP3: $0.000980 (+75.0%, 5.0R, sell 25%)

  [ 7] LIT         score= 138.4  ST=6/6  price=$1.630800      24h= -1.87%  vol=$  7.2M
       TF:  1D=127  12H=133  6H=152  4H=149  2H=113  1H=105
       Bonuses: 1H pre-pump (bb_squeeze) | RS vs BTC 7d +8.7%  (+7 pts)
       Entry: $1.630800  |  Stop: $1.386180 (-15.00%)  |  Risk: $1500 (1.50% acct)
       Position: $10000 (10.00% acct, qty 6131.9598)
       TP1: $1.997730 (+22.5%, 1.5R, sell 40%)
       TP2: $2.364660 (+45.0%, 3.0R, sell 35%)
       TP3: $2.853900 (+75.0%, 5.0R, sell 25%)

  [ 8] TAO         score= 137.6  ST=6/6  price=$262.760000    24h= +3.76%  vol=$203.4M
       TF:  1D=130  12H=123  6H=142  4H=135  2H=129  1H=146
       Bonuses: RS vs BTC 7d +29.8%  (+5 pts)
       Entry: $262.760000  |  Stop: $230.005357 (-12.47%)  |  Risk: $1500 (1.50% acct)
       Position: $12033 (12.03% acct, qty 45.7950)
       TP1: $311.891964 (+18.7%, 1.5R, sell 40%)
       TP2: $361.023929 (+37.4%, 3.0R, sell 35%)
       TP3: $426.533214 (+62.3%, 5.0R, sell 25%)

  [ 9] MEGA        score= 136.0  ST=6/6  price=$0.062640      24h=+13.95%  vol=$ 39.9M
       TF:  1D=122  12H=105  6H=129  4H=141  2H=157  1H=115
       Bonuses: RSI div 1D (bullish) | RS vs BTC 7d +34.6%  (+10 pts)
       Entry: $0.062640  |  Stop: $0.053244 (-15.00%)  |  Risk: $1500 (1.50% acct)
       Position: $10000 (10.00% acct, qty 159642.4010)
       TP1: $0.076734 (+22.5%, 1.5R, sell 40%)
       TP2: $0.090828 (+45.0%, 3.0R, sell 35%)
       TP3: $0.109620 (+75.0%, 5.0R, sell 25%)

  [10] JELLYJELLY  score= 132.9  ST=5/6  price=$0.057030      24h=+25.21%  vol=$  6.9M
       TF:  1D= 83  12H=134  6H=149  4H=162  2H=141  1H=143
       Bonuses: RS vs BTC 7d +1.8%  (+5 pts)
       Entry: $0.057030  |  Stop: $0.048475 (-15.00%)  |  Risk: $1500 (1.50% acct)
       Position: $10000 (10.00% acct, qty 175346.3090)
       TP1: $0.069862 (+22.5%, 1.5R, sell 40%)
       TP2: $0.082694 (+45.0%, 3.0R, sell 35%)
       TP3: $0.099803 (+75.0%, 5.0R, sell 25%)

  [11] ESP         score= 132.2  ST=6/6  price=$0.072050      24h= -6.03%  vol=$  1.3M
       TF:  1D=119  12H=142  6H=124  4H=138  2H= 99  1H= 93
       Bonuses: 1H pre-pump (obv_stealth_accum) | RS vs BTC 7d +3.2% | funding -0.0209%/8h  (+10 pts)
       Entry: $0.072050  |  Stop: $0.061810 (-14.21%)  |  Risk: $1500 (1.50% acct)
       Position: $10555 (10.55% acct, qty 146489.4841)
       TP1: $0.087409 (+21.3%, 1.5R, sell 40%)
       TP2: $0.102769 (+42.6%, 3.0R, sell 35%)
       TP3: $0.123248 (+71.1%, 5.0R, sell 25%)

  [12] SQD         score= 132.1  ST=6/6  price=$0.041000      24h= -1.03%  vol=$  2.0M
       TF:  1D=111  12H=143  6H=161  4H=123  2H=103  1H= 75
       Bonuses: RSI div 1D (bullish) | RS vs BTC 7d +34.2%  (+10 pts)
       Entry: $0.041000  |  Stop: $0.034850 (-15.00%)  |  Risk: $1500 (1.50% acct)
       Position: $10000 (10.00% acct, qty 243902.4390)
       TP1: $0.050225 (+22.5%, 1.5R, sell 40%)
       TP2: $0.059450 (+45.0%, 3.0R, sell 35%)
       TP3: $0.071750 (+75.0%, 5.0R, sell 25%)

  [13] TRUTH       score= 131.9  ST=5/6  price=$0.012075      24h= +7.46%  vol=$  4.4M
       TF:  1D= 86  12H=135  6H=149  4H=124  2H=137  1H=154
       Bonuses: RSI div 1D (hidden_bullish) | RS vs BTC 7d +4.5%  (+8 pts)
       Entry: $0.012075  |  Stop: $0.010301 (-14.69%)  |  Risk: $1500 (1.50% acct)
       Position: $10208 (10.21% acct, qty 845359.5797)
       TP1: $0.014737 (+22.0%, 1.5R, sell 40%)
       TP2: $0.017398 (+44.1%, 3.0R, sell 35%)
       TP3: $0.020947 (+73.5%, 5.0R, sell 25%)

  [14] IO          score= 131.2  ST=6/6  price=$0.179850      24h= -9.36%  vol=$  2.7M
       TF:  1D=133  12H=124  6H=142  4H=126  2H= 91  1H= 80
       Bonuses: 1H pre-pump (obv_stealth_accum) | RS vs BTC 7d +26.8% | funding -0.0144%/8h  (+10 pts)
       Entry: $0.179850  |  Stop: $0.152872 (-15.00%)  |  Risk: $1500 (1.50% acct)
       Position: $10000 (10.00% acct, qty 55601.8905)
       TP1: $0.220316 (+22.5%, 1.5R, sell 40%)
       TP2: $0.260782 (+45.0%, 3.0R, sell 35%)
       TP3: $0.314738 (+75.0%, 5.0R, sell 25%)

--------------------------------------------------------------------------------
  LONG  —  50 coin(s)  (tradeable trend)
--------------------------------------------------------------------------------

  [ 1] PARTI       score= 128.2  ST=6/6  price=$0.060670      24h= +2.45%  vol=$  1.3M
       TF:  1D=131  12H=141  6H=116  4H=108  2H=113  1H= 72
       Bonuses: RSI div 1D (bullish) | 1H pre-pump (bb_squeeze, obv_divergence)  (+9 pts)
       Entry: $0.060670  |  Stop: $0.051569 (-15.00%)  |  Risk: $1500 (1.50% acct)
       Position: $10000 (10.00% acct, qty 164826.1085)
       TP1: $0.074321 (+22.5%, 1.5R, sell 40%)
       TP2: $0.087971 (+45.0%, 3.0R, sell 35%)
       TP3: $0.106173 (+75.0%, 5.0R, sell 25%)

  [ 2] NOT         score= 127.5  ST=5/6  price=$0.000478      24h= -2.82%  vol=$  7.2M
       TF:  1D= 86  12H=135  6H=131  4H=139  2H=129  1H=114
       Bonuses: 1H pre-pump (obv_divergence, obv_stealth_accum) | RS vs BTC 7d +23.1%  (+9 pts)
       Entry: $0.000478  |  Stop: $0.000408 (-14.64%)  |  Risk: $1500 (1.50% acct)
       Position: $10249 (10.25% acct, qty 21423106.3504)
       TP1: $0.000583 (+21.9%, 1.5R, sell 40%)
       TP2: $0.000688 (+43.9%, 3.0R, sell 35%)
       TP3: $0.000828 (+73.2%, 5.0R, sell 25%)

  [ 3] XPL         score= 126.8  ST=5/6  price=$0.087040      24h= -1.85%  vol=$ 25.9M
       TF:  1D=100  12H=104  6H=143  4H=143  2H=122  1H=135
       Bonuses: 1H pre-pump (bb_squeeze) | RS vs BTC 7d +27.0%  (+7 pts)
       Entry: $0.087040  |  Stop: $0.073984 (-15.00%)  |  Risk: $1500 (1.50% acct)
       Position: $10000 (10.00% acct, qty 114889.7059)
       TP1: $0.106624 (+22.5%, 1.5R, sell 40%)
       TP2: $0.126208 (+45.0%, 3.0R, sell 35%)
       TP3: $0.152320 (+75.0%, 5.0R, sell 25%)

  [ 4] CLO         score= 126.3  ST=3/6  price=$0.139890      24h=+28.64%  vol=$  9.5M
       TF:  1D=140  12H=103  6H=128  4H=120  2H=130  1H=137
       Entry: $0.139890  |  Stop: $0.118906 (-15.00%)  |  Risk: $1500 (1.50% acct)
       Position: $10000 (10.00% acct, qty 71484.7380)
       TP1: $0.171365 (+22.5%, 1.5R, sell 40%)
       TP2: $0.202841 (+45.0%, 3.0R, sell 35%)
       TP3: $0.244808 (+75.0%, 5.0R, sell 25%)

  [ 5] MMT         score= 124.8  ST=6/6  price=$0.129940      24h= +5.07%  vol=$  3.4M
       TF:  1D=115  12H=123  6H=130  4H=136  2H=140  1H= 63
       Bonuses: RS vs BTC 7d +18.0%  (+5 pts)
       Entry: $0.129940  |  Stop: $0.115716 (-10.95%)  |  Risk: $1500 (1.50% acct)
       Position: $13703 (13.70% acct, qty 105453.4498)
       TP1: $0.151276 (+16.4%, 1.5R, sell 40%)
       TP2: $0.172613 (+32.8%, 3.0R, sell 35%)
       TP3: $0.201061 (+54.7%, 5.0R, sell 25%)

  [ 6] AKT         score= 123.5  ST=5/6  price=$0.712200      24h=+12.68%  vol=$  4.7M
       TF:  1D= 78  12H=106  6H=137  4H=149  2H=143  1H=134
       Bonuses: 1H pre-pump (obv_stealth_accum) | RS vs BTC 7d +16.2%  (+7 pts)
       Entry: $0.712200  |  Stop: $0.605370 (-15.00%)  |  Risk: $1500 (1.50% acct)
       Position: $10000 (10.00% acct, qty 14040.9997)
       TP1: $0.872445 (+22.5%, 1.5R, sell 40%)
       TP2: $1.032690 (+45.0%, 3.0R, sell 35%)
       TP3: $1.246350 (+75.0%, 5.0R, sell 25%)

  [ 7] BRETT       score= 122.5  ST=5/6  price=$0.006708      24h= +7.10%  vol=$  4.5M
       TF:  1D= 86  12H=115  6H=130  4H=140  2H=161  1H=106
       Bonuses: RS vs BTC 7d +22.6%  (+5 pts)
       Entry: $0.006708  |  Stop: $0.005702 (-15.00%)  |  Risk: $1500 (1.50% acct)
       Position: $10000 (10.00% acct, qty 1490757.3047)
       TP1: $0.008217 (+22.5%, 1.5R, sell 40%)
       TP2: $0.009727 (+45.0%, 3.0R, sell 35%)
       TP3: $0.011739 (+75.0%, 5.0R, sell 25%)

  [ 8] KAITO       score= 122.3  ST=4/6  price=$0.482800      24h= +5.18%  vol=$ 11.2M
       TF:  1D=101  12H=136  6H=113  4H=128  2H=130  1H=101
       Bonuses: RS vs BTC 7d +2.4%  (+5 pts)
       Entry: $0.482800  |  Stop: $0.434039 (-10.10%)  |  Risk: $1500 (1.50% acct)
       Position: $14852 (14.85% acct, qty 30762.4698)
       TP1: $0.555941 (+15.2%, 1.5R, sell 40%)
       TP2: $0.629082 (+30.3%, 3.0R, sell 35%)
       TP3: $0.726604 (+50.5%, 5.0R, sell 25%)

  [ 9] COAI        score= 120.9  ST=4/6  price=$0.419600      24h=-11.14%  vol=$ 98.5M
       TF:  1D=119  12H=122  6H=121  4H=160  2H= 81  1H= 33
       Bonuses: RSI div 1D (hidden_bullish) | RS vs BTC 7d +84.2%  (+8 pts)
       Entry: $0.419600  |  Stop: $0.356660 (-15.00%)  |  Risk: $1500 (1.50% acct)
       Position: $10000 (10.00% acct, qty 23832.2212)
       TP1: $0.514010 (+22.5%, 1.5R, sell 40%)
       TP2: $0.608420 (+45.0%, 3.0R, sell 35%)
       TP3: $0.734300 (+75.0%, 5.0R, sell 25%)

  [10] HYPE        score= 119.5  ST=3/6  price=$60.665000     24h= +2.36%  vol=$213.2M
       TF:  1D= 82  12H=110  6H= 79  4H=125  2H=147  1H=173
       Bonuses: 1H pre-pump (bb_squeeze, obv_stealth_accum) | RS vs BTC 7d +1.5%  (+9 pts)
       Entry: $60.665000  |  Stop: $51.565250 (-15.00%)  |  Risk: $1500 (1.50% acct)
       Position: $10000 (10.00% acct, qty 164.8397)
       TP1: $74.314625 (+22.5%, 1.5R, sell 40%)
       TP2: $87.964250 (+45.0%, 3.0R, sell 35%)
       TP3: $106.163750 (+75.0%, 5.0R, sell 25%)

  [11] ZKC         score= 118.3  ST=5/6  price=$0.049110      24h=+28.30%  vol=$  8.4M
       TF:  1D= 53  12H=114  6H=134  4H=149  2H=154  1H=167
       Bonuses: funding -2.0000%/8h  (+3 pts)
       Entry: $0.049110  |  Stop: $0.042724 (-13.00%)  |  Risk: $1500 (1.50% acct)
       Position: $11536 (11.54% acct, qty 234899.3289)
       TP1: $0.058689 (+19.5%, 1.5R, sell 40%)
       TP2: $0.068267 (+39.0%, 3.0R, sell 35%)
       TP3: $0.081039 (+65.0%, 5.0R, sell 25%)

  [12] H           score= 118.0  ST=5/6  price=$0.341950      24h=-15.54%  vol=$271.6M
       TF:  1D= 69  12H=139  6H=121  4H=132  2H=132  1H=141
       Bonuses: funding -2.5000%/8h  (+3 pts)
       Entry: $0.341950  |  Stop: $0.290658 (-15.00%)  |  Risk: $1500 (1.50% acct)
       Position: $10000 (10.00% acct, qty 29244.0415)
       TP1: $0.418889 (+22.5%, 1.5R, sell 40%)
       TP2: $0.495827 (+45.0%, 3.0R, sell 35%)
       TP3: $0.598413 (+75.0%, 5.0R, sell 25%)

  [13] JASMY       score= 117.7  ST=4/6  price=$0.005097      24h=+11.53%  vol=$  5.4M
       TF:  1D= 71  12H=103  6H=132  4H=138  2H=134  1H=136
       Bonuses: 1H pre-pump (obv_stealth_accum) | RS vs BTC 7d +5.5%  (+7 pts)
       Entry: $0.005097  |  Stop: $0.004545 (-10.82%)  |  Risk: $1500 (1.50% acct)
       Position: $13861 (13.86% acct, qty 2719502.7195)
       TP1: $0.005924 (+16.2%, 1.5R, sell 40%)
       TP2: $0.006752 (+32.5%, 3.0R, sell 35%)
       TP3: $0.007855 (+54.1%, 5.0R, sell 25%)

  [14] BIO         score= 116.9  ST=4/6  price=$0.032320      24h= -2.37%  vol=$  4.2M
       TF:  1D= 83  12H= 80  6H=148  4H=134  2H=104  1H= 89
       Bonuses: RSI div 1D (bullish) | 1H pre-pump (obv_divergence, obv_stealth_accum) | RS vs BTC 7d +19.0%  (+14 pts)
       Entry: $0.032320  |  Stop: $0.027472 (-15.00%)  |  Risk: $1500 (1.50% acct)
       Position: $10000 (10.00% acct, qty 309405.9406)
       TP1: $0.039592 (+22.5%, 1.5R, sell 40%)
       TP2: $0.046864 (+45.0%, 3.0R, sell 35%)
       TP3: $0.056560 (+75.0%, 5.0R, sell 25%)

  [15] NEAR        score= 116.2  ST=3/6  price=$2.127000      24h= +0.75%  vol=$106.7M
       TF:  1D= 85  12H= 96  6H= 85  4H=122  2H=144  1H=129
       Bonuses: RSI div 1D (hidden_bullish) | 1H pre-pump (bb_squeeze, obv_stealth_accum) | RS vs BTC 7d +8.7%  (+12 pts)
       Entry: $2.127000  |  Stop: $1.807950 (-15.00%)  |  Risk: $1500 (1.50% acct)
       Position: $10000 (10.00% acct, qty 4701.4575)
       TP1: $2.605575 (+22.5%, 1.5R, sell 40%)
       TP2: $3.084150 (+45.0%, 3.0R, sell 35%)
       TP3: $3.722250 (+75.0%, 5.0R, sell 25%)

  [16] FIDA        score= 116.1  ST=5/6  price=$0.022939      24h= +2.15%  vol=$  2.6M
       TF:  1D= 89  12H= 84  6H=115  4H=153  2H=114  1H=155
       Bonuses: 1H pre-pump (bb_squeeze) | funding -0.1622%/8h  (+5 pts)
       Entry: $0.022939  |  Stop: $0.019498 (-15.00%)  |  Risk: $1500 (1.50% acct)
       Position: $10000 (10.00% acct, qty 435938.7942)
       TP1: $0.028100 (+22.5%, 1.5R, sell 40%)
       TP2: $0.033262 (+45.0%, 3.0R, sell 35%)
       TP3: $0.040143 (+75.0%, 5.0R, sell 25%)

  [17] SENT        score= 116.0  ST=5/6  price=$0.015442      24h= -5.16%  vol=$  1.3M
       TF:  1D=117  12H=122  6H= 92  4H=111  2H= 91  1H=105
       Bonuses: 1H pre-pump (obv_stealth_accum) | RS vs BTC 7d +17.1%  (+7 pts)
       Entry: $0.015442  |  Stop: $0.013126 (-15.00%)  |  Risk: $1500 (1.50% acct)
       Position: $10000 (10.00% acct, qty 647584.5098)
       TP1: $0.018916 (+22.5%, 1.5R, sell 40%)
       TP2: $0.022391 (+45.0%, 3.0R, sell 35%)
       TP3: $0.027023 (+75.0%, 5.0R, sell 25%)

  [18] PYTH        score= 115.9  ST=5/6  price=$0.038070      24h= +0.23%  vol=$  4.1M
       TF:  1D= 67  12H=109  6H=140  4H=129  2H=110  1H=148
       Bonuses: 1H pre-pump (bb_squeeze) | RS vs BTC 7d +16.0%  (+7 pts)
       Entry: $0.038070  |  Stop: $0.032771 (-13.92%)  |  Risk: $1500 (1.50% acct)
       Position: $10776 (10.78% acct, qty 283057.0158)
       TP1: $0.046019 (+20.9%, 1.5R, sell 40%)
       TP2: $0.053968 (+41.8%, 3.0R, sell 35%)
       TP3: $0.064566 (+69.6%, 5.0R, sell 25%)

  [19] ZKP         score= 115.6  ST=3/6  price=$0.056660      24h= +7.01%  vol=$  3.4M
       TF:  1D= 78  12H= 74  6H=125  4H=149  2H=139  1H= 82
       Bonuses: RSI div 1D (bullish) | RS vs BTC 7d +2.6% | funding -0.0316%/8h  (+13 pts)
       Entry: $0.056660  |  Stop: $0.050037 (-11.69%)  |  Risk: $1500 (1.50% acct)
       Position: $12834 (12.83% acct, qty 226500.5663)
       TP1: $0.066594 (+17.5%, 1.5R, sell 40%)
       TP2: $0.076527 (+35.1%, 3.0R, sell 35%)
       TP3: $0.089773 (+58.4%, 5.0R, sell 25%)

  [20] CAKE        score= 114.1  ST=4/6  price=$1.350400      24h= +0.21%  vol=$  1.1M
       TF:  1D= 72  12H= 81  6H=147  4H=130  2H=134  1H=131
       Bonuses: 1H pre-pump (obv_stealth_accum) | RS vs BTC 7d +5.3%  (+7 pts)
       Entry: $1.350400  |  Stop: $1.224754 (-9.30%)  |  Risk: $1500 (1.50% acct)
       Position: $16121 (16.12% acct, qty 11938.2621)
       TP1: $1.538870 (+14.0%, 1.5R, sell 40%)
       TP2: $1.727339 (+27.9%, 3.0R, sell 35%)
       TP3: $1.978632 (+46.5%, 5.0R, sell 25%)

  [21] TRUMP       score= 113.7  ST=5/6  price=$2.184000      24h= -9.56%  vol=$ 73.2M
       TF:  1D=123  12H=125  6H=140  4H=107  2H= 77  1H= 30
       Bonuses: RS vs BTC 7d +32.7%  (+5 pts)
       Entry: $2.184000  |  Stop: $1.913357 (-12.39%)  |  Risk: $1500 (1.50% acct)
       Position: $12105 (12.10% acct, qty 5542.3595)
       TP1: $2.589964 (+18.6%, 1.5R, sell 40%)
       TP2: $2.995929 (+37.2%, 3.0R, sell 35%)
       TP3: $3.537214 (+62.0%, 5.0R, sell 25%)

  [22] KAS         score= 112.5  ST=3/6  price=$0.031350      24h= -0.19%  vol=$  1.9M
       TF:  1D=107  12H= 86  6H=121  4H= 98  2H=151  1H=124
       Bonuses: 1H pre-pump (bb_squeeze)  (+2 pts)
       Entry: $0.031350  |  Stop: $0.027928 (-10.92%)  |  Risk: $1500 (1.50% acct)
       Position: $13741 (13.74% acct, qty 438321.8535)
       TP1: $0.036483 (+16.4%, 1.5R, sell 40%)
       TP2: $0.041616 (+32.8%, 3.0R, sell 35%)
       TP3: $0.048461 (+54.6%, 5.0R, sell 25%)

  [23] B3          score= 111.2  ST=4/6  price=$0.000556      24h= +6.86%  vol=$  3.1M
       TF:  1D= 45  12H= 97  6H=122  4H=151  2H=142  1H=132
       Bonuses: RSI div 1D (bullish) | funding -0.8842%/8h  (+8 pts)
       Entry: $0.000556  |  Stop: $0.000472 (-15.00%)  |  Risk: $1500 (1.50% acct)
       Position: $10000 (10.00% acct, qty 17998560.1152)
       TP1: $0.000681 (+22.5%, 1.5R, sell 40%)
       TP2: $0.000806 (+45.0%, 3.0R, sell 35%)
       TP3: $0.000972 (+75.0%, 5.0R, sell 25%)

  [24] STBL        score= 111.0  ST=4/6  price=$0.025760      24h= +3.78%  vol=$  1.0M
       TF:  1D= 51  12H= 80  6H=112  4H=142  2H=168  1H=155
       Bonuses: 1H pre-pump (obv_stealth_accum) | RS vs BTC 7d +6.9%  (+7 pts)
       Entry: $0.025760  |  Stop: $0.021896 (-15.00%)  |  Risk: $1500 (1.50% acct)
       Position: $10000 (10.00% acct, qty 388198.7578)
       TP1: $0.031556 (+22.5%, 1.5R, sell 40%)
       TP2: $0.037352 (+45.0%, 3.0R, sell 35%)
       TP3: $0.045080 (+75.0%, 5.0R, sell 25%)

  [25] SPX         score= 110.4  ST=4/6  price=$0.332100      24h= +2.62%  vol=$  2.9M
       TF:  1D= 85  12H= 78  6H=148  4H=137  2H=137  1H= 68
       Bonuses: RS vs BTC 7d +6.2%  (+5 pts)
       Entry: $0.332100  |  Stop: $0.286532 (-13.72%)  |  Risk: $1500 (1.50% acct)
       Position: $10932 (10.93% acct, qty 32917.9403)
       TP1: $0.400452 (+20.6%, 1.5R, sell 40%)
       TP2: $0.468804 (+41.2%, 3.0R, sell 35%)
       TP3: $0.559939 (+68.6%, 5.0R, sell 25%)

  [26] ALLO        score= 110.2  ST=4/6  price=$0.366790      24h= -1.86%  vol=$ 13.8M
       TF:  1D=133  12H=126  6H=110  4H= 87  2H= 55  1H= 96
       Bonuses: 1H pre-pump (obv_stealth_accum)  (+2 pts)
       Entry: $0.366790  |  Stop: $0.311771 (-15.00%)  |  Risk: $1500 (1.50% acct)
       Position: $10000 (10.00% acct, qty 27263.5568)
       TP1: $0.449318 (+22.5%, 1.5R, sell 40%)
       TP2: $0.531845 (+45.0%, 3.0R, sell 35%)
       TP3: $0.641883 (+75.0%, 5.0R, sell 25%)

  [27] LIGHT       score= 110.0  ST=3/6  price=$0.114900      24h= +6.65%  vol=$  1.7M
       TF:  1D= 96  12H= 77  6H= 85  4H=132  2H=125  1H=122
       Bonuses: RSI div 1D (hidden_bullish) | RS vs BTC 7d +14.9%  (+8 pts)
       Entry: $0.114900  |  Stop: $0.097665 (-15.00%)  |  Risk: $1500 (1.50% acct)
       Position: $10000 (10.00% acct, qty 87032.2019)
       TP1: $0.140753 (+22.5%, 1.5R, sell 40%)
       TP2: $0.166605 (+45.0%, 3.0R, sell 35%)
       TP3: $0.201075 (+75.0%, 5.0R, sell 25%)

  [28] STABLE      score= 109.7  ST=3/6  price=$0.036398      24h= -3.33%  vol=$  1.1M
       TF:  1D= 95  12H= 81  6H=145  4H=114  2H= 94  1H= 38
       Bonuses: RSI div 1D (bullish) | RS vs BTC 7d +1.3% | funding -0.0522%/8h  (+13 pts)
       Entry: $0.036398  |  Stop: $0.031043 (-14.71%)  |  Risk: $1500 (1.50% acct)
       Position: $10195 (10.20% acct, qty 280106.4404)
       TP1: $0.044431 (+22.1%, 1.5R, sell 40%)
       TP2: $0.052463 (+44.1%, 3.0R, sell 35%)
       TP3: $0.063174 (+73.6%, 5.0R, sell 25%)

  [29] PHA         score= 109.5  ST=4/6  price=$0.035340      24h= -3.32%  vol=$  1.7M
       TF:  1D= 51  12H= 89  6H=122  4H=160  2H=129  1H=126
       Bonuses: 1H pre-pump (obv_stealth_accum) | RS vs BTC 7d +7.5%  (+7 pts)
       Entry: $0.035340  |  Stop: $0.030039 (-15.00%)  |  Risk: $1500 (1.50% acct)
       Position: $10000 (10.00% acct, qty 282965.4782)
       TP1: $0.043291 (+22.5%, 1.5R, sell 40%)
       TP2: $0.051243 (+45.0%, 3.0R, sell 35%)
       TP3: $0.061845 (+75.0%, 5.0R, sell 25%)

  [30] PENDLE      score= 108.4  ST=4/6  price=$1.319000      24h= -2.07%  vol=$  4.2M
       TF:  1D= 67  12H= 75  6H=113  4H=147  2H=153  1H=123
       Bonuses: RS vs BTC 7d +2.3%  (+5 pts)
       Entry: $1.319000  |  Stop: $1.150454 (-12.78%)  |  Risk: $1500 (1.50% acct)
       Position: $11739 (11.74% acct, qty 8899.6249)
       TP1: $1.571820 (+19.2%, 1.5R, sell 40%)
       TP2: $1.824639 (+38.3%, 3.0R, sell 35%)
       TP3: $2.161732 (+63.9%, 5.0R, sell 25%)

  [31] BLUAI       score= 107.5  ST=4/6  price=$0.011341      24h= +9.21%  vol=$  3.9M
       TF:  1D= 78  12H=105  6H= 92  4H=108  2H=140  1H=149
       Bonuses: RSI div 1D (hidden_bullish)  (+3 pts)
       Entry: $0.011341  |  Stop: $0.009640 (-15.00%)  |  Risk: $1500 (1.50% acct)
       Position: $10000 (10.00% acct, qty 881756.4589)
       TP1: $0.013893 (+22.5%, 1.5R, sell 40%)
       TP2: $0.016444 (+45.0%, 3.0R, sell 35%)
       TP3: $0.019847 (+75.0%, 5.0R, sell 25%)

  [32] LA          score= 106.2  ST=3/6  price=$0.074040      24h= +5.13%  vol=$  1.9M
       TF:  1D= 77  12H= 81  6H=105  4H=134  2H=146  1H=121
       Bonuses: funding -0.0578%/8h  (+3 pts)
       Entry: $0.074040  |  Stop: $0.062934 (-15.00%)  |  Risk: $1500 (1.50% acct)
       Position: $10000 (10.00% acct, qty 135062.1286)
       TP1: $0.090699 (+22.5%, 1.5R, sell 40%)
       TP2: $0.107358 (+45.0%, 3.0R, sell 35%)
       TP3: $0.129570 (+75.0%, 5.0R, sell 25%)

  [33] ORCA        score= 106.1  ST=5/6  price=$1.147300      24h= -3.58%  vol=$  3.3M
       TF:  1D=133  12H=108  6H=120  4H= 99  2H= 62  1H= 20
       Bonuses: RS vs BTC 7d +7.6%  (+5 pts)
       Entry: $1.147300  |  Stop: $0.997546 (-13.05%)  |  Risk: $1500 (1.50% acct)
       Position: $11492 (11.49% acct, qty 10016.4556)
       TP1: $1.371930 (+19.6%, 1.5R, sell 40%)
       TP2: $1.596561 (+39.2%, 3.0R, sell 35%)
       TP3: $1.896068 (+65.3%, 5.0R, sell 25%)

  [34] CRV         score= 105.7  ST=5/6  price=$0.237000      24h= -2.69%  vol=$  7.2M
       TF:  1D=121  12H=143  6H= 94  4H= 71  2H= 83  1H= 15
       Bonuses: 1H pre-pump (bb_squeeze) | RS vs BTC 7d +21.2%  (+7 pts)
       Entry: $0.237000  |  Stop: $0.209068 (-11.79%)  |  Risk: $1500 (1.50% acct)
       Position: $12727 (12.73% acct, qty 53701.5727)
       TP1: $0.278898 (+17.7%, 1.5R, sell 40%)
       TP2: $0.320796 (+35.4%, 3.0R, sell 35%)
       TP3: $0.376661 (+58.9%, 5.0R, sell 25%)

  [35] ALT         score= 104.7  ST=4/6  price=$0.006607      24h= -0.09%  vol=$  2.2M
       TF:  1D= 73  12H= 60  6H=163  4H=143  2H=111  1H= 80
       Bonuses: RS vs BTC 7d +10.8%  (+5 pts)
       Entry: $0.006607  |  Stop: $0.005700 (-13.73%)  |  Risk: $1500 (1.50% acct)
       Position: $10925 (10.92% acct, qty 1653478.2095)
       TP1: $0.007968 (+20.6%, 1.5R, sell 40%)
       TP2: $0.009329 (+41.2%, 3.0R, sell 35%)
       TP3: $0.011143 (+68.7%, 5.0R, sell 25%)

  [36] EIGEN       score= 104.3  ST=4/6  price=$0.191860      24h= +4.48%  vol=$  7.1M
       TF:  1D= 48  12H= 77  6H=117  4H=142  2H=152  1H=114
       Bonuses: 1H pre-pump (obv_stealth_accum) | RS vs BTC 7d +13.2%  (+7 pts)
       Entry: $0.191860  |  Stop: $0.163081 (-15.00%)  |  Risk: $1500 (1.50% acct)
       Position: $10000 (10.00% acct, qty 52121.3385)
       TP1: $0.235029 (+22.5%, 1.5R, sell 40%)
       TP2: $0.278197 (+45.0%, 3.0R, sell 35%)
       TP3: $0.335755 (+75.0%, 5.0R, sell 25%)

  [37] ATOM        score= 103.5  ST=5/6  price=$1.948000      24h= -2.22%  vol=$  5.8M
       TF:  1D=105  12H=118  6H=109  4H= 99  2H= 71  1H= 38
       Bonuses: 1H pre-pump (bb_squeeze) | RS vs BTC 7d +13.9%  (+7 pts)
       Entry: $1.948000  |  Stop: $1.753150 (-10.00%)  |  Risk: $1500 (1.50% acct)
       Position: $14996 (15.00% acct, qty 7698.2294)
       TP1: $2.240275 (+15.0%, 1.5R, sell 40%)
       TP2: $2.532550 (+30.0%, 3.0R, sell 35%)
       TP3: $2.922250 (+50.0%, 5.0R, sell 25%)

  [38] ME          score= 103.4  ST=3/6  price=$0.063190      24h= +0.11%  vol=$  1.7M
       TF:  1D= 83  12H= 85  6H= 77  4H=129  2H= 97  1H=126
       Bonuses: RS vs BTC 7d +0.1% | funding -0.0235%/8h  (+8 pts)
       Entry: $0.063190  |  Stop: $0.054255 (-14.14%)  |  Risk: $1500 (1.50% acct)
       Position: $10609 (10.61% acct, qty 167885.8376)
       TP1: $0.076592 (+21.2%, 1.5R, sell 40%)
       TP2: $0.089994 (+42.4%, 3.0R, sell 35%)
       TP3: $0.107863 (+70.7%, 5.0R, sell 25%)

  [39] AXL         score= 103.0  ST=3/6  price=$0.048330      24h= -3.63%  vol=$  4.7M
       TF:  1D= 81  12H= 82  6H=120  4H=129  2H= 77  1H= 53
       Bonuses: RSI div 1D (bullish) | 1H pre-pump (obv_stealth_accum) | RS vs BTC 7d +10.2%  (+12 pts)
       Entry: $0.048330  |  Stop: $0.041881 (-13.34%)  |  Risk: $1500 (1.50% acct)
       Position: $11241 (11.24% acct, qty 232596.7769)
       TP1: $0.058003 (+20.0%, 1.5R, sell 40%)
       TP2: $0.067677 (+40.0%, 3.0R, sell 35%)
       TP3: $0.080575 (+66.7%, 5.0R, sell 25%)

  [40] IRYS        score= 103.0  ST=4/6  price=$0.018236      24h= +3.41%  vol=$  3.3M
       TF:  1D= 49  12H=101  6H=124  4H=123  2H=132  1H=112
       Bonuses: RSI div 1D (bullish)  (+5 pts)
       Entry: $0.018236  |  Stop: $0.015501 (-15.00%)  |  Risk: $1500 (1.50% acct)
       Position: $10000 (10.00% acct, qty 548365.8697)
       TP1: $0.022339 (+22.5%, 1.5R, sell 40%)
       TP2: $0.026442 (+45.0%, 3.0R, sell 35%)
       TP3: $0.031913 (+75.0%, 5.0R, sell 25%)

  [41] PUMPFUN     score= 102.9  ST=3/6  price=$0.001537      24h= -1.44%  vol=$  9.7M
       TF:  1D= 64  12H= 76  6H= 83  4H=145  2H=151  1H=105
       Bonuses: 1H pre-pump (bb_squeeze) | RS vs BTC 7d +2.1%  (+7 pts)
       Entry: $0.001537  |  Stop: $0.001307 (-15.00%)  |  Risk: $1500 (1.50% acct)
       Position: $10000 (10.00% acct, qty 6504911.2080)
       TP1: $0.001883 (+22.5%, 1.5R, sell 40%)
       TP2: $0.002229 (+45.0%, 3.0R, sell 35%)
       TP3: $0.002690 (+75.0%, 5.0R, sell 25%)

  [42] 1000TURBO   score= 101.9  ST=4/6  price=$0.889200      24h= +0.41%  vol=$  1.1M
       TF:  1D= 52  12H= 80  6H=120  4H=136  2H=136  1H= 96
       Bonuses: 1H pre-pump (obv_stealth_accum) | RS vs BTC 7d +0.5%  (+7 pts)
       Entry: $0.889200  |  Stop: $0.772254 (-13.15%)  |  Risk: $1500 (1.50% acct)
       Position: $11405 (11.41% acct, qty 12826.3857)
       TP1: $1.064620 (+19.7%, 1.5R, sell 40%)
       TP2: $1.240039 (+39.5%, 3.0R, sell 35%)
       TP3: $1.473932 (+65.8%, 5.0R, sell 25%)

  [43] SKR         score= 101.7  ST=4/6  price=$0.008921      24h=+11.36%  vol=$  7.3M
       TF:  1D= 39  12H=100  6H=109  4H=131  2H=128  1H=144
       Bonuses: RSI div 1D (bullish)  (+5 pts)
       Entry: $0.008921  |  Stop: $0.007583 (-15.00%)  |  Risk: $1500 (1.50% acct)
       Position: $10000 (10.00% acct, qty 1120950.5661)
       TP1: $0.010928 (+22.5%, 1.5R, sell 40%)
       TP2: $0.012935 (+45.0%, 3.0R, sell 35%)
       TP3: $0.015612 (+75.0%, 5.0R, sell 25%)

  [44] WLFI        score= 101.7  ST=5/6  price=$0.058870      24h= -0.20%  vol=$  6.6M
       TF:  1D=114  12H= 82  6H=115  4H= 80  2H= 78  1H= 78
       Bonuses: 1H pre-pump (bb_squeeze, obv_stealth_accum) | funding -0.0459%/8h  (+7 pts)
       Entry: $0.058870  |  Stop: $0.052812 (-10.29%)  |  Risk: $1500 (1.50% acct)
       Position: $14577 (14.58% acct, qty 247612.3099)
       TP1: $0.067957 (+15.4%, 1.5R, sell 40%)
       TP2: $0.077044 (+30.9%, 3.0R, sell 35%)
       TP3: $0.089159 (+51.5%, 5.0R, sell 25%)

  [45] MNT         score= 101.4  ST=4/6  price=$0.556800      24h= +1.78%  vol=$  4.1M
       TF:  1D= 26  12H= 78  6H=104  4H=139  2H=158  1H=161
       Bonuses: 1H pre-pump (obv_stealth_accum) | RS vs BTC 7d +2.4%  (+7 pts)
       Entry: $0.556800  |  Stop: $0.514071 (-7.67%)  |  Risk: $1500 (1.50% acct)
       Position: $19547 (19.55% acct, qty 35105.3159)
       TP1: $0.620893 (+11.5%, 1.5R, sell 40%)
       TP2: $0.684986 (+23.0%, 3.0R, sell 35%)
       TP3: $0.770443 (+38.4%, 5.0R, sell 25%)

  [46] ENSO        score= 101.2  ST=4/6  price=$0.647300      24h= +0.10%  vol=$  1.9M
       TF:  1D= 73  12H= 74  6H=107  4H=139  2H=111  1H= 87
       Bonuses: 1H pre-pump (bb_squeeze) | RS vs BTC 7d +8.2%  (+7 pts)
       Entry: $0.647300  |  Stop: $0.564168 (-12.84%)  |  Risk: $1500 (1.50% acct)
       Position: $11680 (11.68% acct, qty 18043.5623)
       TP1: $0.771998 (+19.3%, 1.5R, sell 40%)
       TP2: $0.896696 (+38.5%, 3.0R, sell 35%)
       TP3: $1.062961 (+64.2%, 5.0R, sell 25%)

  [47] AIXBT       score= 100.9  ST=4/6  price=$0.023903      24h= -3.08%  vol=$  1.0M
       TF:  1D= 83  12H= 56  6H=115  4H=119  2H=102  1H= 71
       Bonuses: 1H pre-pump (obv_divergence, obv_stealth_accum) | RS vs BTC 7d +9.3% | funding -0.0608%/8h  (+12 pts)
       Entry: $0.023903  |  Stop: $0.020318 (-15.00%)  |  Risk: $1500 (1.50% acct)
       Position: $10000 (10.00% acct, qty 418357.5283)
       TP1: $0.029281 (+22.5%, 1.5R, sell 40%)
       TP2: $0.034659 (+45.0%, 3.0R, sell 35%)
       TP3: $0.041830 (+75.0%, 5.0R, sell 25%)

  [48] ARKM        score= 100.7  ST=3/6  price=$0.129100      24h= -3.49%  vol=$  1.7M
       TF:  1D= 63  12H= 67  6H= 79  4H=148  2H=121  1H=121
       Bonuses: 1H pre-pump (bb_squeeze, obv_stealth_accum) | RS vs BTC 7d +7.5%  (+9 pts)
       Entry: $0.129100  |  Stop: $0.109735 (-15.00%)  |  Risk: $1500 (1.50% acct)
       Position: $10000 (10.00% acct, qty 77459.3338)
       TP1: $0.158147 (+22.5%, 1.5R, sell 40%)
       TP2: $0.187195 (+45.0%, 3.0R, sell 35%)
       TP3: $0.225925 (+75.0%, 5.0R, sell 25%)

  [49] ORDI        score= 100.6  ST=4/6  price=$3.354000      24h= -2.78%  vol=$  6.0M
       TF:  1D= 74  12H= 77  6H=107  4H=101  2H= 79  1H= 98
       Bonuses: RSI div 1D (bullish) | 1H pre-pump (obv_divergence, obv_stealth_accum) | RS vs BTC 7d +8.5%  (+14 pts)
       Entry: $3.354000  |  Stop: $2.850900 (-15.00%)  |  Risk: $1500 (1.50% acct)
       Position: $10000 (10.00% acct, qty 2981.5146)
       TP1: $4.108650 (+22.5%, 1.5R, sell 40%)
       TP2: $4.863300 (+45.0%, 3.0R, sell 35%)
       TP3: $5.869500 (+75.0%, 5.0R, sell 25%)

  [50] VVV         score= 100.5  ST=4/6  price=$16.610000     24h= -6.05%  vol=$ 20.9M
       TF:  1D=115  12H= 90  6H=115  4H=126  2H= 76  1H= 50
       Entry: $16.610000  |  Stop: $14.118500 (-15.00%)  |  Risk: $1500 (1.50% acct)
       Position: $10000 (10.00% acct, qty 602.0470)
       TP1: $20.347250 (+22.5%, 1.5R, sell 40%)
       TP2: $24.084500 (+45.0%, 3.0R, sell 35%)
       TP3: $29.067500 (+75.0%, 5.0R, sell 25%)

--------------------------------------------------------------------------------
  WATCH  —  50 coin(s)  (worth tracking)
--------------------------------------------------------------------------------
  #   Symbol      Score  ST         Price    24h%   Vol $M  TF breakdown
  ------------------------------------------------------------------------------
    1 AT          117.7  2/6  $   0.132760  +9.54%  $    1.9  1D=109  12H=102  6H=117  4H= 98  2H=112  1H=131
    2 ZBT         101.2  2/6  $   0.115350  -6.17%  $    2.4  1D= 88  12H= 80  6H= 99  4H=102  2H= 83  1H= 95
    3 AIO          99.9  3/6  $   0.130790  -7.23%  $    1.9  1D=142  12H=123  6H= 73  4H= 53  2H= 38  1H= 51
    4 SOL          99.3  4/6  $  68.890000  -0.47%  $  419.2  1D= 48  12H= 78  6H=103  4H=154  2H=115  1H= 59
    5 NIL          98.8  4/6  $   0.038830  -1.41%  $    3.3  1D= 36  12H= 94  6H= 96  4H=155  2H=140  1H=155
    6 SHIB1000     98.0  4/6  $   0.005010  -1.58%  $    5.7  1D= 61  12H= 68  6H=115  4H=152  2H=117  1H= 62
    7 BEAT         97.2  2/6  $   7.728600 -35.41%  $  145.9  1D=140  12H=146  6H= 53  4H= 39  2H= 32  1H= 32
    8 UAI          97.2  4/6  $   0.265870  +6.68%  $    1.8  1D=112  12H= 81  6H= 75  4H= 77  2H=122  1H=122
    9 OP           96.1  4/6  $   0.106900  -2.80%  $   15.4  1D= 49  12H= 68  6H=106  4H=144  2H=114  1H=106
   10 ENJ          95.8  3/6  $   0.031294  -4.01%  $    2.1  1D=100  12H= 85  6H=123  4H= 73  2H= 60  1H= 92
   11 VELVET       94.9  0/6  $   0.400010  +7.54%  $   59.2  1D=130  12H= 76  6H= 58  4H= 53  2H= 73  1H= 79
   12 BTC          94.8  3/6  $64,416.600000  +0.14%  $ 2027.7  1D= 57  12H= 76  6H= 77  4H=126  2H=158  1H=122
   13 INX          94.5  4/6  $   0.007491  +4.14%  $    1.2  1D= 67  12H=115  6H=104  4H= 88  2H= 85  1H=117
   14 LAB          94.4  3/6  $   9.449000  +5.21%  $   15.9  1D=106  12H= 43  6H= 73  4H= 88  2H=147  1H=143
   15 BERA         94.3  3/6  $   0.261100  -3.17%  $    2.7  1D= 75  12H= 74  6H= 90  4H=112  2H= 80  1H= 56
   16 ZK           94.1  4/6  $   0.011485  -4.97%  $    4.2  1D= 77  12H= 64  6H=114  4H=124  2H= 98  1H= 53
   17 MIRA         94.0  3/6  $   0.053300  +9.25%  $    2.4  1D= 41  12H= 78  6H= 75  4H=137  2H=149  1H=142
   18 ETHFI        93.9  3/6  $   0.317100  -3.26%  $    2.7  1D= 64  12H= 68  6H= 93  4H=132  2H= 89  1H= 70
   19 PNUT         93.8  3/6  $   0.044410  -1.99%  $    2.3  1D= 42  12H= 76  6H= 71  4H=135  2H=111  1H=116
   20 BIGTIME      93.8  2/6  $   0.008895  +1.68%  $    1.0  1D= 46  12H= 79  6H= 66  4H=128  2H=155  1H=124
   21 RENDER       93.6  4/6  $   1.771100  -3.95%  $   14.0  1D= 47  12H= 74  6H= 86  4H=140  2H=120  1H= 83
   22 USELESS      93.4  3/6  $   0.068160  -1.59%  $    2.4  1D= 82  12H= 87  6H= 75  4H=105  2H=115  1H=102
   23 PIPPIN       93.2  3/6  $   0.017990  -3.83%  $    6.4  1D=115  12H= 85  6H= 35  4H= 78  2H=100  1H= 81
   24 JUP          93.2  4/6  $   0.173520  -2.88%  $    3.2  1D= 55  12H= 83  6H=124  4H=149  2H= 81  1H= 55
   25 STX          93.2  2/6  $   0.184700  -0.81%  $    1.5  1D= 46  12H= 85  6H= 80  4H=128  2H=138  1H=136
   26 MITO         93.1  4/6  $   0.018400 +22.22%  $    5.6  1D= 38  12H=107  6H=109  4H=111  2H=127  1H=128
   27 DASH         93.0  2/6  $  35.500000  -0.20%  $    2.4  1D= 48  12H= 83  6H= 86  4H=110  2H=145  1H= 92
   28 ARC          92.9  2/6  $   0.089320  -6.06%  $    1.2  1D=140  12H=115  6H= 63  4H= 66  2H= 28  1H= 30
   29 KITE         92.8  4/6  $   0.193400  -1.94%  $    1.2  1D=108  12H= 71  6H=106  4H=136  2H= 88  1H= 15
   30 TIA          92.0  4/6  $   0.345900  -2.26%  $    7.0  1D= 45  12H= 68  6H= 97  4H=153  2H= 96  1H= 68
   31 BNB          91.9  2/6  $ 609.100000  +0.43%  $   16.8  1D= 31  12H= 72  6H= 79  4H=111  2H=138  1H=148
   32 KAIA         91.8  2/6  $   0.036870  +2.23%  $    1.1  1D= 42  12H= 91  6H= 89  4H=111  2H=140  1H=150
   33 MOODENG      91.7  3/6  $   0.040570  -2.15%  $    3.9  1D= 66  12H= 77  6H= 90  4H=126  2H=104  1H= 59
   34 MON          91.5  3/6  $   0.021797  -0.83%  $    1.8  1D= 76  12H= 88  6H= 86  4H=109  2H=112  1H= 69
   35 UNI          91.2  3/6  $   2.555000  -1.69%  $    4.0  1D= 61  12H= 61  6H= 77  4H=146  2H= 87  1H= 40
   36 FLOCK        90.9  3/6  $   0.042410 -11.76%  $    1.2  1D= 70  12H= 61  6H= 76  4H=125  2H=102  1H= 77
   37 SOMI         90.3  3/6  $   0.113300  -0.59%  $    1.0  1D= 64  12H= 85  6H= 89  4H=131  2H= 88  1H= 78
   38 AERO         90.2  3/6  $   0.360400  -2.63%  $    1.9  1D= 65  12H= 54  6H=110  4H=130  2H= 95  1H= 58
   39 HOME         89.6  1/6  $   0.029710  +0.33%  $   14.2  1D= 78  12H= 51  6H= 85  4H=109  2H= 85  1H= 83
   40 GRASS        89.6  4/6  $   0.390060  -2.45%  $    2.6  1D= 55  12H= 64  6H=122  4H=125  2H= 99  1H= 25
   41 LINEA        88.9  4/6  $   0.002555  -4.04%  $    1.1  1D= 71  12H= 91  6H=111  4H=126  2H= 78  1H= 59
   42 RED          88.5  2/6  $   0.091630  +0.30%  $    1.4  1D= 36  12H= 86  6H= 93  4H=138  2H=130  1H=110
   43 VIRTUAL      88.1  3/6  $   0.642400  -4.23%  $   13.2  1D= 52  12H= 72  6H=116  4H=137  2H= 87  1H= 28
   44 AAVE         88.0  3/6  $  67.070000  -1.54%  $    9.9  1D= 40  12H= 81  6H= 92  4H=151  2H=102  1H= 69
   45 NAORIS       87.8  2/6  $   0.035790  -4.22%  $    1.6  1D=133  12H=103  6H= 53  4H= 41  2H= 17  1H= 38
   46 TSTBSC       87.7  2/6  $   0.015998  -8.63%  $    3.7  1D=103  12H= 95  6H= 75  4H= 61  2H= 62  1H= 70
   47 IN           87.7  2/6  $   0.078890  -3.66%  $    1.2  1D= 76  12H= 57  6H= 80  4H=110  2H=105  1H= 89
   48 AR           87.6  3/6  $   2.047500  -2.56%  $    2.3  1D= 37  12H= 85  6H= 64  4H=146  2H=122  1H= 71
   49 ID           87.5  4/6  $   0.028540  -1.05%  $    3.1  1D= 60  12H=115  6H= 65  4H= 67  2H= 57  1H=111
   50 XMR          87.4  2/6  $ 338.620000  -0.88%  $   13.1  1D= 97  12H=103  6H= 84  4H= 49  2H= 34  1H= 66

================================================================================
2026-06-14 14:32:38,598 [INFO]   Saved → trend_v3_LATEST.txt, trend_v3_LATEST.json, trend_v3_20260614_143238.txt
2026-06-14 17:51:39,575 [INFO] ================================================================
2026-06-14 17:51:39,579 [INFO] TREND SCANNER v3.0
2026-06-14 17:51:39,580 [INFO] ================================================================
2026-06-14 17:51:39,581 [INFO] Building universe (Bybit perps)...
2026-06-14 17:51:40,182 [INFO]   Universe (post-filter): 221 coins
2026-06-14 17:51:40,184 [INFO] Fetching BTC 1D for regime detection...
2026-06-14 17:51:40,751 [INFO]   Regime: BULL  |  BTC 7d +5.87%  |  24h +1.38%
2026-06-14 17:51:40,753 [INFO] Scanning 221 coins across 6 timeframes...
2026-06-14 17:51:40,754 [INFO] (this is the slowest scanner — first run ~10min, subsequent ~2-3min)
2026-06-14 17:52:17,571 [INFO]   ...20/221  (surfaced: 15)
2026-06-14 17:52:53,852 [INFO]   ...40/221  (surfaced: 26)
2026-06-14 17:53:28,458 [INFO]   ...60/221  (surfaced: 40)
2026-06-14 17:54:04,474 [INFO]   ...80/221  (surfaced: 50)
2026-06-14 17:54:41,636 [INFO]   ...100/221  (surfaced: 67)
2026-06-14 17:55:18,365 [INFO]   ...120/221  (surfaced: 81)
2026-06-14 17:55:55,653 [INFO]   ...140/221  (surfaced: 93)
2026-06-14 17:57:08,280 [INFO]   ...180/221  (surfaced: 120)
2026-06-14 17:57:46,018 [INFO]   ...200/221  (surfaced: 131)
2026-06-14 17:58:24,142 [INFO]   ...220/221  (surfaced: 143)
2026-06-14 17:58:26,212 [INFO] Done in 407s  |  scanned=203  failed=18  strong=9  long=40  watch=50
2026-06-14 17:58:26,218 [INFO] 
================================================================================
  TREND SCANNER v3.0  —  multi-timeframe confirmation + trade plans
  Generated  : 2026-06-14 17:58:26
  Universe   : 221 Bybit perps  |  Scanned: 203
  Scan time  : 407s
================================================================================

  Regime     : 🟢 BULL
               BTC 7d +5.87%  |  24h +1.38%  |  $64,458

  Account    : $100,000  |  Risk/trade: 1.5%

  Tiers (bull):  STRONG ≥ 130 & ST≥4  |  LONG ≥ 100 & ST≥3  |  WATCH ≥ 70

  TF weights : 1D×0.28 · 12H×0.2 · 6H×0.15 · 4H×0.15 · 2H×0.12 · 1H×0.1

--------------------------------------------------------------------------------
  STRONG  —  9 coin(s)  (highest conviction, full position)
--------------------------------------------------------------------------------

  [ 1] JCT         score= 152.1  ST=6/6  price=$0.006911      24h= -2.73%  vol=$ 21.8M
       TF:  1D=154  12H=176  6H=145  4H=143  2H=134  1H= 75
       Bonuses: 1H pre-pump (bb_squeeze) | RS vs BTC 7d +39.1%  (+7 pts)
       Entry: $0.006911  |  Stop: $0.005874 (-15.00%)  |  Risk: $1500 (1.50% acct)
       Position: $10000 (10.00% acct, qty 1446989.5383)
       TP1: $0.008466 (+22.5%, 1.5R, sell 40%)
       TP2: $0.010021 (+45.0%, 3.0R, sell 35%)
       TP3: $0.012094 (+75.0%, 5.0R, sell 25%)

  [ 2] LIT         score= 146.7  ST=6/6  price=$1.630800      24h= -2.18%  vol=$  7.5M
       TF:  1D=127  12H=133  6H=152  4H=153  2H=129  1H=143
       Bonuses: 1H pre-pump (obv_divergence, obv_stealth_accum) | RS vs BTC 7d +8.7%  (+9 pts)
       Entry: $1.630800  |  Stop: $1.386180 (-15.00%)  |  Risk: $1500 (1.50% acct)
       Position: $10000 (10.00% acct, qty 6131.9598)
       TP1: $1.997730 (+22.5%, 1.5R, sell 40%)
       TP2: $2.364660 (+45.0%, 3.0R, sell 35%)
       TP3: $2.853900 (+75.0%, 5.0R, sell 25%)

  [ 3] OPEN        score= 143.2  ST=6/6  price=$0.240890      24h= +0.50%  vol=$  3.4M
       TF:  1D=140  12H=154  6H=165  4H=163  2H=103  1H= 66
       Bonuses: RS vs BTC 7d +28.7%  (+5 pts)
       Entry: $0.240890  |  Stop: $0.206043 (-14.47%)  |  Risk: $1500 (1.50% acct)
       Position: $10369 (10.37% acct, qty 43045.1359)
       TP1: $0.293161 (+21.7%, 1.5R, sell 40%)
       TP2: $0.345431 (+43.4%, 3.0R, sell 35%)
       TP3: $0.415126 (+72.3%, 5.0R, sell 25%)

  [ 4] MEME        score= 140.4  ST=6/6  price=$0.000560      24h=+14.83%  vol=$  3.8M
       TF:  1D=112  12H=131  6H=136  4H=165  2H=143  1H=145
       Bonuses: RSI div 1D (hidden_bullish) | funding -0.0386%/8h  (+6 pts)
       Entry: $0.000560  |  Stop: $0.000476 (-15.00%)  |  Risk: $1500 (1.50% acct)
       Position: $10000 (10.00% acct, qty 17860332.2022)
       TP1: $0.000686 (+22.5%, 1.5R, sell 40%)
       TP2: $0.000812 (+45.0%, 3.0R, sell 35%)
       TP3: $0.000980 (+75.0%, 5.0R, sell 25%)

  [ 5] ROAM        score= 140.0  ST=5/6  price=$0.006783      24h=+31.43%  vol=$  5.2M
       TF:  1D=118  12H=134  6H=128  4H=148  2H=154  1H=153
       Bonuses: RS vs BTC 7d +18.1%  (+5 pts)
       Entry: $0.006783  |  Stop: $0.005766 (-15.00%)  |  Risk: $1500 (1.50% acct)
       Position: $10000 (10.00% acct, qty 1474273.9201)
       TP1: $0.008309 (+22.5%, 1.5R, sell 40%)
       TP2: $0.009835 (+45.0%, 3.0R, sell 35%)
       TP3: $0.011870 (+75.0%, 5.0R, sell 25%)

  [ 6] EVAA        score= 139.4  ST=5/6  price=$0.389800      24h=+47.69%  vol=$  4.0M
       TF:  1D= 94  12H=120  6H=154  4H=154  2H=147  1H=152
       Bonuses: RSI div 1D (bullish) | RS vs BTC 7d +12.4%  (+10 pts)
       Entry: $0.389800  |  Stop: $0.331330 (-15.00%)  |  Risk: $1500 (1.50% acct)
       Position: $10000 (10.00% acct, qty 25654.1816)
       TP1: $0.477505 (+22.5%, 1.5R, sell 40%)
       TP2: $0.565210 (+45.0%, 3.0R, sell 35%)
       TP3: $0.682150 (+75.0%, 5.0R, sell 25%)

  [ 7] MEGA        score= 133.1  ST=6/6  price=$0.062640      24h=+15.36%  vol=$ 40.1M
       TF:  1D=122  12H=105  6H=129  4H=141  2H=122  1H= 98
       Bonuses: RSI div 1D (bullish) | RS vs BTC 7d +34.6% | funding -0.0483%/8h  (+13 pts)
       Entry: $0.062640  |  Stop: $0.053244 (-15.00%)  |  Risk: $1500 (1.50% acct)
       Position: $10000 (10.00% acct, qty 159642.4010)
       TP1: $0.076734 (+22.5%, 1.5R, sell 40%)
       TP2: $0.090828 (+45.0%, 3.0R, sell 35%)
       TP3: $0.109620 (+75.0%, 5.0R, sell 25%)

  [ 8] TAO         score= 132.1  ST=6/6  price=$262.760000    24h= +0.96%  vol=$174.3M
       TF:  1D=130  12H=123  6H=142  4H=153  2H=135  1H= 56
       Bonuses: RS vs BTC 7d +29.8%  (+5 pts)
       Entry: $262.760000  |  Stop: $230.005357 (-12.47%)  |  Risk: $1500 (1.50% acct)
       Position: $12033 (12.03% acct, qty 45.7950)
       TP1: $311.891964 (+18.7%, 1.5R, sell 40%)
       TP2: $361.023929 (+37.4%, 3.0R, sell 35%)
       TP3: $426.533214 (+62.3%, 5.0R, sell 25%)

  [ 9] JELLYJELLY  score= 132.1  ST=5/6  price=$0.057030      24h=+25.98%  vol=$ 10.8M
       TF:  1D= 83  12H=134  6H=149  4H=150  2H=141  1H=153
       Bonuses: RS vs BTC 7d +1.8%  (+5 pts)
       Entry: $0.057030  |  Stop: $0.048475 (-15.00%)  |  Risk: $1500 (1.50% acct)
       Position: $10000 (10.00% acct, qty 175346.3090)
       TP1: $0.069862 (+22.5%, 1.5R, sell 40%)
       TP2: $0.082694 (+45.0%, 3.0R, sell 35%)
       TP3: $0.099803 (+75.0%, 5.0R, sell 25%)

--------------------------------------------------------------------------------
  LONG  —  40 coin(s)  (tradeable trend)
--------------------------------------------------------------------------------

  [ 1] CLO         score= 127.6  ST=3/6  price=$0.139890      24h=+35.25%  vol=$ 12.7M
       TF:  1D=140  12H=103  6H=128  4H=116  2H=145  1H=138
       Entry: $0.139890  |  Stop: $0.118906 (-15.00%)  |  Risk: $1500 (1.50% acct)
       Position: $10000 (10.00% acct, qty 71484.7380)
       TP1: $0.171365 (+22.5%, 1.5R, sell 40%)
       TP2: $0.202841 (+45.0%, 3.0R, sell 35%)
       TP3: $0.244808 (+75.0%, 5.0R, sell 25%)

  [ 2] NOT         score= 127.4  ST=5/6  price=$0.000478      24h= +1.30%  vol=$  6.3M
       TF:  1D= 86  12H=135  6H=131  4H=149  2H=129  1H=118
       Bonuses: 1H pre-pump (obv_divergence) | RS vs BTC 7d +23.1%  (+7 pts)
       Entry: $0.000478  |  Stop: $0.000408 (-14.64%)  |  Risk: $1500 (1.50% acct)
       Position: $10249 (10.25% acct, qty 21423106.3504)
       TP1: $0.000583 (+21.9%, 1.5R, sell 40%)
       TP2: $0.000688 (+43.9%, 3.0R, sell 35%)
       TP3: $0.000828 (+73.2%, 5.0R, sell 25%)

  [ 3] WLD         score= 126.9  ST=6/6  price=$0.501400      24h= +0.16%  vol=$112.1M
       TF:  1D=116  12H=122  6H=130  4H=153  2H= 92  1H= 45
       Bonuses: RSI div 1D (hidden_bullish) | 1H pre-pump (bb_squeeze, obv_stealth_accum) | RS vs BTC 7d +15.4%  (+12 pts)
       Entry: $0.501400  |  Stop: $0.426190 (-15.00%)  |  Risk: $1500 (1.50% acct)
       Position: $10000 (10.00% acct, qty 19944.1564)
       TP1: $0.614215 (+22.5%, 1.5R, sell 40%)
       TP2: $0.727030 (+45.0%, 3.0R, sell 35%)
       TP3: $0.877450 (+75.0%, 5.0R, sell 25%)

  [ 4] KAITO       score= 126.1  ST=4/6  price=$0.482800      24h= +5.77%  vol=$ 11.8M
       TF:  1D=101  12H=136  6H=113  4H=141  2H=134  1H=114
       Bonuses: RS vs BTC 7d +2.4%  (+5 pts)
       Entry: $0.482800  |  Stop: $0.434039 (-10.10%)  |  Risk: $1500 (1.50% acct)
       Position: $14852 (14.85% acct, qty 30762.4698)
       TP1: $0.555941 (+15.2%, 1.5R, sell 40%)
       TP2: $0.629082 (+30.3%, 3.0R, sell 35%)
       TP3: $0.726604 (+50.5%, 5.0R, sell 25%)

  [ 5] SQD         score= 123.9  ST=6/6  price=$0.041000      24h= -3.79%  vol=$  1.5M
       TF:  1D=111  12H=143  6H=161  4H=122  2H= 63  1H= 42
       Bonuses: RSI div 1D (bullish) | RS vs BTC 7d +34.2%  (+10 pts)
       Entry: $0.041000  |  Stop: $0.034850 (-15.00%)  |  Risk: $1500 (1.50% acct)
       Position: $10000 (10.00% acct, qty 243902.4390)
       TP1: $0.050225 (+22.5%, 1.5R, sell 40%)
       TP2: $0.059450 (+45.0%, 3.0R, sell 35%)
       TP3: $0.071750 (+75.0%, 5.0R, sell 25%)

  [ 6] MMT         score= 123.5  ST=6/6  price=$0.129940      24h= +0.11%  vol=$  3.0M
       TF:  1D=115  12H=123  6H=130  4H=135  2H=126  1H= 68
       Bonuses: RS vs BTC 7d +18.0%  (+5 pts)
       Entry: $0.129940  |  Stop: $0.115716 (-10.95%)  |  Risk: $1500 (1.50% acct)
       Position: $13703 (13.70% acct, qty 105453.4498)
       TP1: $0.151276 (+16.4%, 1.5R, sell 40%)
       TP2: $0.172613 (+32.8%, 3.0R, sell 35%)
       TP3: $0.201061 (+54.7%, 5.0R, sell 25%)

  [ 7] PARTI       score= 123.0  ST=6/6  price=$0.060670      24h= +1.21%  vol=$  1.2M
       TF:  1D=131  12H=141  6H=116  4H=108  2H=113  1H= 40
       Bonuses: RSI div 1D (bullish) | 1H pre-pump (bb_squeeze)  (+7 pts)
       Entry: $0.060670  |  Stop: $0.051569 (-15.00%)  |  Risk: $1500 (1.50% acct)
       Position: $10000 (10.00% acct, qty 164826.1085)
       TP1: $0.074321 (+22.5%, 1.5R, sell 40%)
       TP2: $0.087971 (+45.0%, 3.0R, sell 35%)
       TP3: $0.106173 (+75.0%, 5.0R, sell 25%)

  [ 8] ATOM        score= 120.9  ST=5/6  price=$1.948000      24h= +0.23%  vol=$  6.4M
       TF:  1D=105  12H=118  6H=109  4H=111  2H=105  1H=103
       Bonuses: 1H pre-pump (bb_squeeze, obv_stealth_accum) | RS vs BTC 7d +13.9% | funding -0.0323%/8h  (+12 pts)
       Entry: $1.948000  |  Stop: $1.753150 (-10.00%)  |  Risk: $1500 (1.50% acct)
       Position: $14996 (15.00% acct, qty 7698.2294)
       TP1: $2.240275 (+15.0%, 1.5R, sell 40%)
       TP2: $2.532550 (+30.0%, 3.0R, sell 35%)
       TP3: $2.922250 (+50.0%, 5.0R, sell 25%)

  [ 9] XPL         score= 120.5  ST=5/6  price=$0.087040      24h= -1.66%  vol=$ 21.2M
       TF:  1D=100  12H=104  6H=143  4H=157  2H=112  1H= 63
       Bonuses: 1H pre-pump (bb_squeeze) | RS vs BTC 7d +27.0%  (+7 pts)
       Entry: $0.087040  |  Stop: $0.073984 (-15.00%)  |  Risk: $1500 (1.50% acct)
       Position: $10000 (10.00% acct, qty 114889.7059)
       TP1: $0.106624 (+22.5%, 1.5R, sell 40%)
       TP2: $0.126208 (+45.0%, 3.0R, sell 35%)
       TP3: $0.152320 (+75.0%, 5.0R, sell 25%)

  [10] PYTH        score= 119.9  ST=5/6  price=$0.038070      24h= +0.91%  vol=$  4.3M
       TF:  1D= 67  12H=109  6H=140  4H=146  2H=125  1H=144
       Bonuses: 1H pre-pump (obv_stealth_accum) | RS vs BTC 7d +16.0%  (+7 pts)
       Entry: $0.038070  |  Stop: $0.032771 (-13.92%)  |  Risk: $1500 (1.50% acct)
       Position: $10776 (10.78% acct, qty 283057.0158)
       TP1: $0.046019 (+20.9%, 1.5R, sell 40%)
       TP2: $0.053968 (+41.8%, 3.0R, sell 35%)
       TP3: $0.064566 (+69.6%, 5.0R, sell 25%)

  [11] LIGHT       score= 118.5  ST=3/6  price=$0.114900      24h= +0.71%  vol=$  1.6M
       TF:  1D= 96  12H= 77  6H= 85  4H=132  2H=141  1H=148
       Bonuses: RSI div 1D (hidden_bullish) | 1H pre-pump (bb_squeeze, obv_stealth_accum) | RS vs BTC 7d +14.9%  (+12 pts)
       Entry: $0.114900  |  Stop: $0.097665 (-15.00%)  |  Risk: $1500 (1.50% acct)
       Position: $10000 (10.00% acct, qty 87032.2019)
       TP1: $0.140753 (+22.5%, 1.5R, sell 40%)
       TP2: $0.166605 (+45.0%, 3.0R, sell 35%)
       TP3: $0.201075 (+75.0%, 5.0R, sell 25%)

  [12] PUFFER      score= 117.3  ST=4/6  price=$0.015200      24h=+35.80%  vol=$  2.2M
       TF:  1D= 71  12H= 92  6H=123  4H=153  2H=149  1H=167
       Bonuses: funding -2.5000%/8h  (+3 pts)
       Entry: $0.015200  |  Stop: $0.012974 (-14.65%)  |  Risk: $1500 (1.50% acct)
       Position: $10241 (10.24% acct, qty 673724.7353)
       TP1: $0.018540 (+22.0%, 1.5R, sell 40%)
       TP2: $0.021879 (+43.9%, 3.0R, sell 35%)
       TP3: $0.026332 (+73.2%, 5.0R, sell 25%)

  [13] AKT         score= 116.7  ST=5/6  price=$0.712200      24h= +4.84%  vol=$  4.5M
       TF:  1D= 78  12H=106  6H=137  4H=135  2H=141  1H=109
       Bonuses: RS vs BTC 7d +16.2%  (+5 pts)
       Entry: $0.712200  |  Stop: $0.605370 (-15.00%)  |  Risk: $1500 (1.50% acct)
       Position: $10000 (10.00% acct, qty 14040.9997)
       TP1: $0.872445 (+22.5%, 1.5R, sell 40%)
       TP2: $1.032690 (+45.0%, 3.0R, sell 35%)
       TP3: $1.246350 (+75.0%, 5.0R, sell 25%)

  [14] BRETT       score= 116.0  ST=5/6  price=$0.006708      24h= +2.87%  vol=$  4.2M
       TF:  1D= 86  12H=115  6H=130  4H=151  2H=122  1H= 71
       Bonuses: RS vs BTC 7d +22.6%  (+5 pts)
       Entry: $0.006708  |  Stop: $0.005702 (-15.00%)  |  Risk: $1500 (1.50% acct)
       Position: $10000 (10.00% acct, qty 1490757.3047)
       TP1: $0.008217 (+22.5%, 1.5R, sell 40%)
       TP2: $0.009727 (+45.0%, 3.0R, sell 35%)
       TP3: $0.011739 (+75.0%, 5.0R, sell 25%)

  [15] AT          score= 115.5  ST=3/6  price=$0.132760      24h= +0.46%  vol=$  1.8M
       TF:  1D=109  12H=102  6H=117  4H= 88  2H=115  1H=120
       Bonuses: RSI div 1D (hidden_bullish) | RS vs BTC 7d +0.2%  (+8 pts)
       Entry: $0.132760  |  Stop: $0.114368 (-13.85%)  |  Risk: $1500 (1.50% acct)
       Position: $10827 (10.83% acct, qty 81556.5653)
       TP1: $0.160348 (+20.8%, 1.5R, sell 40%)
       TP2: $0.187936 (+41.6%, 3.0R, sell 35%)
       TP3: $0.224721 (+69.3%, 5.0R, sell 25%)

  [16] JASMY       score= 115.0  ST=4/6  price=$0.005097      24h= +8.86%  vol=$  6.3M
       TF:  1D= 71  12H=103  6H=132  4H=139  2H=129  1H=114
       Bonuses: 1H pre-pump (obv_stealth_accum) | RS vs BTC 7d +5.5%  (+7 pts)
       Entry: $0.005097  |  Stop: $0.004545 (-10.82%)  |  Risk: $1500 (1.50% acct)
       Position: $13861 (13.86% acct, qty 2719502.7195)
       TP1: $0.005924 (+16.2%, 1.5R, sell 40%)
       TP2: $0.006752 (+32.5%, 3.0R, sell 35%)
       TP3: $0.007855 (+54.1%, 5.0R, sell 25%)

  [17] IO          score= 114.9  ST=5/6  price=$0.179850      24h= -6.22%  vol=$  2.3M
       TF:  1D=133  12H=124  6H=142  4H= 93  2H= 48  1H= 38
       Bonuses: RS vs BTC 7d +26.8% | funding -0.0331%/8h  (+8 pts)
       Entry: $0.179850  |  Stop: $0.152872 (-15.00%)  |  Risk: $1500 (1.50% acct)
       Position: $10000 (10.00% acct, qty 55601.8905)
       TP1: $0.220316 (+22.5%, 1.5R, sell 40%)
       TP2: $0.260782 (+45.0%, 3.0R, sell 35%)
       TP3: $0.314738 (+75.0%, 5.0R, sell 25%)

  [18] CRV         score= 114.3  ST=5/6  price=$0.237000      24h= -1.27%  vol=$  6.0M
       TF:  1D=121  12H=143  6H= 94  4H= 78  2H= 84  1H= 89
       Bonuses: 1H pre-pump (bb_squeeze) | RS vs BTC 7d +21.2%  (+7 pts)
       Entry: $0.237000  |  Stop: $0.209068 (-11.79%)  |  Risk: $1500 (1.50% acct)
       Position: $12727 (12.73% acct, qty 53701.5727)
       TP1: $0.278898 (+17.7%, 1.5R, sell 40%)
       TP2: $0.320796 (+35.4%, 3.0R, sell 35%)
       TP3: $0.376661 (+58.9%, 5.0R, sell 25%)

  [19] TRUMP       score= 114.2  ST=5/6  price=$2.184000      24h= -9.39%  vol=$ 71.8M
       TF:  1D=123  12H=125  6H=140  4H= 97  2H= 64  1H= 35
       Bonuses: RS vs BTC 7d +32.7% | funding -0.0368%/8h  (+8 pts)
       Entry: $2.184000  |  Stop: $1.913357 (-12.39%)  |  Risk: $1500 (1.50% acct)
       Position: $12105 (12.10% acct, qty 5542.3595)
       TP1: $2.589964 (+18.6%, 1.5R, sell 40%)
       TP2: $2.995929 (+37.2%, 3.0R, sell 35%)
       TP3: $3.537214 (+62.0%, 5.0R, sell 25%)

  [20] HYPE        score= 114.1  ST=3/6  price=$60.665000     24h= +0.46%  vol=$206.0M
       TF:  1D= 82  12H=110  6H= 79  4H=140  2H=141  1H=104
       Bonuses: 1H pre-pump (bb_squeeze, obv_stealth_accum) | RS vs BTC 7d +1.5%  (+9 pts)
       Entry: $60.665000  |  Stop: $51.565250 (-15.00%)  |  Risk: $1500 (1.50% acct)
       Position: $10000 (10.00% acct, qty 164.8397)
       TP1: $74.314625 (+22.5%, 1.5R, sell 40%)
       TP2: $87.964250 (+45.0%, 3.0R, sell 35%)
       TP3: $106.163750 (+75.0%, 5.0R, sell 25%)

  [21] TRUTH       score= 113.3  ST=3/6  price=$0.012075      24h= +7.07%  vol=$  4.9M
       TF:  1D= 86  12H=135  6H=149  4H=119  2H= 71  1H= 55
       Bonuses: RSI div 1D (hidden_bullish) | RS vs BTC 7d +4.5%  (+8 pts)
       Entry: $0.012075  |  Stop: $0.010301 (-14.69%)  |  Risk: $1500 (1.50% acct)
       Position: $10208 (10.21% acct, qty 845359.5797)
       TP1: $0.014737 (+22.0%, 1.5R, sell 40%)
       TP2: $0.017398 (+44.1%, 3.0R, sell 35%)
       TP3: $0.020947 (+73.5%, 5.0R, sell 25%)

  [22] ESP         score= 113.2  ST=5/6  price=$0.072050      24h= -6.32%  vol=$  1.0M
       TF:  1D=119  12H=142  6H=124  4H=104  2H= 54  1H= 38
       Bonuses: 1H pre-pump (bb_squeeze) | RS vs BTC 7d +3.2%  (+7 pts)
       Entry: $0.072050  |  Stop: $0.061810 (-14.21%)  |  Risk: $1500 (1.50% acct)
       Position: $10555 (10.55% acct, qty 146489.4841)
       TP1: $0.087409 (+21.3%, 1.5R, sell 40%)
       TP2: $0.102769 (+42.6%, 3.0R, sell 35%)
       TP3: $0.123248 (+71.1%, 5.0R, sell 25%)

  [23] APEX        score= 113.0  ST=5/6  price=$0.262100      24h=+14.19%  vol=$  1.2M
       TF:  1D= 54  12H=122  6H=134  4H=147  2H=147  1H=137
       Entry: $0.262100  |  Stop: $0.236086 (-9.93%)  |  Risk: $1500 (1.50% acct)
       Position: $15113 (15.11% acct, qty 57660.6260)
       TP1: $0.301121 (+14.9%, 1.5R, sell 40%)
       TP2: $0.340143 (+29.8%, 3.0R, sell 35%)
       TP3: $0.392171 (+49.6%, 5.0R, sell 25%)

  [24] ALLO        score= 112.8  ST=5/6  price=$0.366790      24h= -0.28%  vol=$ 13.8M
       TF:  1D=133  12H=126  6H=110  4H= 64  2H= 84  1H=122
       Bonuses: 1H pre-pump (obv_stealth_accum)  (+2 pts)
       Entry: $0.366790  |  Stop: $0.311771 (-15.00%)  |  Risk: $1500 (1.50% acct)
       Position: $10000 (10.00% acct, qty 27263.5568)
       TP1: $0.449318 (+22.5%, 1.5R, sell 40%)
       TP2: $0.531845 (+45.0%, 3.0R, sell 35%)
       TP3: $0.641883 (+75.0%, 5.0R, sell 25%)

  [25] ZKC         score= 112.2  ST=5/6  price=$0.049110      24h=+22.19%  vol=$ 16.6M
       TF:  1D= 53  12H=114  6H=134  4H=134  2H=150  1H=134
       Bonuses: funding -1.8339%/8h  (+3 pts)
       Entry: $0.049110  |  Stop: $0.042724 (-13.00%)  |  Risk: $1500 (1.50% acct)
       Position: $11536 (11.54% acct, qty 234899.3289)
       TP1: $0.058689 (+19.5%, 1.5R, sell 40%)
       TP2: $0.068267 (+39.0%, 3.0R, sell 35%)
       TP3: $0.081039 (+65.0%, 5.0R, sell 25%)

  [26] COAI        score= 111.7  ST=4/6  price=$0.419600      24h=-40.21%  vol=$ 78.6M
       TF:  1D=119  12H=122  6H=121  4H=119  2H= 59  1H= 29
       Bonuses: RSI div 1D (hidden_bullish) | RS vs BTC 7d +84.2%  (+8 pts)
       Entry: $0.419600  |  Stop: $0.356660 (-15.00%)  |  Risk: $1500 (1.50% acct)
       Position: $10000 (10.00% acct, qty 23832.2212)
       TP1: $0.514010 (+22.5%, 1.5R, sell 40%)
       TP2: $0.608420 (+45.0%, 3.0R, sell 35%)
       TP3: $0.734300 (+75.0%, 5.0R, sell 25%)

  [27] STABLE      score= 111.3  ST=3/6  price=$0.036398      24h= -0.69%  vol=$  1.1M
       TF:  1D= 95  12H= 81  6H=145  4H=110  2H=104  1H= 48
       Bonuses: RSI div 1D (bullish) | RS vs BTC 7d +1.3% | funding -0.0516%/8h  (+13 pts)
       Entry: $0.036398  |  Stop: $0.031043 (-14.71%)  |  Risk: $1500 (1.50% acct)
       Position: $10195 (10.20% acct, qty 280106.4404)
       TP1: $0.044431 (+22.1%, 1.5R, sell 40%)
       TP2: $0.052463 (+44.1%, 3.0R, sell 35%)
       TP3: $0.063174 (+73.6%, 5.0R, sell 25%)

  [28] FIDA        score= 111.1  ST=5/6  price=$0.022939      24h= +0.81%  vol=$  2.8M
       TF:  1D= 89  12H= 84  6H=115  4H=147  2H=111  1H=118
       Bonuses: 1H pre-pump (bb_squeeze) | funding -0.0599%/8h  (+5 pts)
       Entry: $0.022939  |  Stop: $0.019498 (-15.00%)  |  Risk: $1500 (1.50% acct)
       Position: $10000 (10.00% acct, qty 435938.7942)
       TP1: $0.028100 (+22.5%, 1.5R, sell 40%)
       TP2: $0.033262 (+45.0%, 3.0R, sell 35%)
       TP3: $0.040143 (+75.0%, 5.0R, sell 25%)

  [29] LA          score= 111.1  ST=3/6  price=$0.074040      24h= +6.18%  vol=$  2.2M
       TF:  1D= 77  12H= 81  6H=105  4H=145  2H=143  1H=137
       Bonuses: 1H pre-pump (obv_stealth_accum) | funding -0.0827%/8h  (+5 pts)
       Entry: $0.074040  |  Stop: $0.062934 (-15.00%)  |  Risk: $1500 (1.50% acct)
       Position: $10000 (10.00% acct, qty 135062.1286)
       TP1: $0.090699 (+22.5%, 1.5R, sell 40%)
       TP2: $0.107358 (+45.0%, 3.0R, sell 35%)
       TP3: $0.129570 (+75.0%, 5.0R, sell 25%)

  [30] SPX         score= 110.9  ST=4/6  price=$0.332100      24h= +0.34%  vol=$  2.4M
       TF:  1D= 85  12H= 78  6H=148  4H=147  2H=100  1H=102
       Bonuses: RS vs BTC 7d +6.2%  (+5 pts)
       Entry: $0.332100  |  Stop: $0.286532 (-13.72%)  |  Risk: $1500 (1.50% acct)
       Position: $10932 (10.93% acct, qty 32917.9403)
       TP1: $0.400452 (+20.6%, 1.5R, sell 40%)
       TP2: $0.468804 (+41.2%, 3.0R, sell 35%)
       TP3: $0.559939 (+68.6%, 5.0R, sell 25%)

  [31] CAKE        score= 109.9  ST=3/6  price=$1.350400      24h= +0.79%  vol=$  1.1M
       TF:  1D= 72  12H= 81  6H=147  4H=157  2H=119  1H= 67
       Bonuses: 1H pre-pump (obv_stealth_accum) | RS vs BTC 7d +5.3%  (+7 pts)
       Entry: $1.350400  |  Stop: $1.224754 (-9.30%)  |  Risk: $1500 (1.50% acct)
       Position: $16121 (16.12% acct, qty 11938.2621)
       TP1: $1.538870 (+14.0%, 1.5R, sell 40%)
       TP2: $1.727339 (+27.9%, 3.0R, sell 35%)
       TP3: $1.978632 (+46.5%, 5.0R, sell 25%)

  [32] BLUAI       score= 109.7  ST=5/6  price=$0.011341      24h=+24.22%  vol=$  4.2M
       TF:  1D= 78  12H=105  6H= 92  4H=141  2H=126  1H=138
       Bonuses: RSI div 1D (hidden_bullish)  (+3 pts)
       Entry: $0.011341  |  Stop: $0.009640 (-15.00%)  |  Risk: $1500 (1.50% acct)
       Position: $10000 (10.00% acct, qty 881756.4589)
       TP1: $0.013893 (+22.5%, 1.5R, sell 40%)
       TP2: $0.016444 (+45.0%, 3.0R, sell 35%)
       TP3: $0.019847 (+75.0%, 5.0R, sell 25%)

  [33] BABY        score= 108.5  ST=6/6  price=$0.014720      24h=+11.01%  vol=$  3.3M
       TF:  1D= 73  12H= 99  6H= 99  4H=113  2H=142  1H=164
       Bonuses: funding -0.0366%/8h  (+3 pts)
       Entry: $0.014720  |  Stop: $0.012512 (-15.00%)  |  Risk: $1500 (1.50% acct)
       Position: $10000 (10.00% acct, qty 679347.8261)
       TP1: $0.018032 (+22.5%, 1.5R, sell 40%)
       TP2: $0.021344 (+45.0%, 3.0R, sell 35%)
       TP3: $0.025760 (+75.0%, 5.0R, sell 25%)

  [34] H           score= 108.0  ST=3/6  price=$0.341950      24h=+34.63%  vol=$363.9M
       TF:  1D= 69  12H=139  6H=121  4H=114  2H=140  1H= 58
       Bonuses: funding -1.4565%/8h  (+3 pts)
       Entry: $0.341950  |  Stop: $0.290658 (-15.00%)  |  Risk: $1500 (1.50% acct)
       Position: $10000 (10.00% acct, qty 29244.0415)
       TP1: $0.418889 (+22.5%, 1.5R, sell 40%)
       TP2: $0.495827 (+45.0%, 3.0R, sell 35%)
       TP3: $0.598413 (+75.0%, 5.0R, sell 25%)

  [35] SENT        score= 106.6  ST=5/6  price=$0.015442      24h= -4.28%  vol=$  1.3M
       TF:  1D=117  12H=122  6H= 92  4H=106  2H= 46  1H= 72
       Bonuses: 1H pre-pump (bb_squeeze) | RS vs BTC 7d +17.1%  (+7 pts)
       Entry: $0.015442  |  Stop: $0.013126 (-15.00%)  |  Risk: $1500 (1.50% acct)
       Position: $10000 (10.00% acct, qty 647584.5098)
       TP1: $0.018916 (+22.5%, 1.5R, sell 40%)
       TP2: $0.022391 (+45.0%, 3.0R, sell 35%)
       TP3: $0.027023 (+75.0%, 5.0R, sell 25%)

  [36] PHA         score= 106.5  ST=4/6  price=$0.035340      24h= -5.21%  vol=$  1.3M
       TF:  1D= 51  12H= 89  6H=122  4H=147  2H=114  1H= 84
       Bonuses: 1H pre-pump (bb_squeeze, obv_stealth_accum) | RS vs BTC 7d +7.5% | funding -0.0831%/8h  (+12 pts)
       Entry: $0.035340  |  Stop: $0.030039 (-15.00%)  |  Risk: $1500 (1.50% acct)
       Position: $10000 (10.00% acct, qty 282965.4782)
       TP1: $0.043291 (+22.5%, 1.5R, sell 40%)
       TP2: $0.051243 (+45.0%, 3.0R, sell 35%)
       TP3: $0.061845 (+75.0%, 5.0R, sell 25%)

  [37] ZKP         score= 105.3  ST=3/6  price=$0.056660      24h= +4.14%  vol=$  3.4M
       TF:  1D= 78  12H= 74  6H=125  4H=135  2H=125  1H= 47
       Bonuses: RSI div 1D (bullish) | RS vs BTC 7d +2.6%  (+10 pts)
       Entry: $0.056660  |  Stop: $0.050037 (-11.69%)  |  Risk: $1500 (1.50% acct)
       Position: $12834 (12.83% acct, qty 226500.5663)
       TP1: $0.066594 (+17.5%, 1.5R, sell 40%)
       TP2: $0.076527 (+35.1%, 3.0R, sell 35%)
       TP3: $0.089773 (+58.4%, 5.0R, sell 25%)

  [38] B3          score= 105.2  ST=4/6  price=$0.000556      24h= +5.95%  vol=$  3.1M
       TF:  1D= 45  12H= 97  6H=122  4H=153  2H=123  1H= 92
       Bonuses: RSI div 1D (bullish) | funding -0.1598%/8h  (+8 pts)
       Entry: $0.000556  |  Stop: $0.000472 (-15.00%)  |  Risk: $1500 (1.50% acct)
       Position: $10000 (10.00% acct, qty 17998560.1152)
       TP1: $0.000681 (+22.5%, 1.5R, sell 40%)
       TP2: $0.000806 (+45.0%, 3.0R, sell 35%)
       TP3: $0.000972 (+75.0%, 5.0R, sell 25%)

  [39] VVV         score= 104.5  ST=4/6  price=$16.610000     24h= -0.07%  vol=$ 18.5M
       TF:  1D=115  12H= 90  6H=115  4H=131  2H= 50  1H= 94
       Bonuses: 1H pre-pump (obv_stealth_accum)  (+2 pts)
       Entry: $16.610000  |  Stop: $14.118500 (-15.00%)  |  Risk: $1500 (1.50% acct)
       Position: $10000 (10.00% acct, qty 602.0470)
       TP1: $20.347250 (+22.5%, 1.5R, sell 40%)
       TP2: $24.084500 (+45.0%, 3.0R, sell 35%)
       TP3: $29.067500 (+75.0%, 5.0R, sell 25%)

  [40] ALT         score= 104.0  ST=4/6  price=$0.006607      24h= -0.99%  vol=$  2.2M
       TF:  1D= 73  12H= 60  6H=163  4H=130  2H= 97  1H= 90
       Bonuses: 1H pre-pump (obv_stealth_accum) | RS vs BTC 7d +10.8%  (+7 pts)
       Entry: $0.006607  |  Stop: $0.005700 (-13.73%)  |  Risk: $1500 (1.50% acct)
       Position: $10925 (10.92% acct, qty 1653478.2095)
       TP1: $0.007968 (+20.6%, 1.5R, sell 40%)
       TP2: $0.009329 (+41.2%, 3.0R, sell 35%)
       TP3: $0.011143 (+68.7%, 5.0R, sell 25%)

--------------------------------------------------------------------------------
  WATCH  —  50 coin(s)  (worth tracking)
--------------------------------------------------------------------------------
  #   Symbol      Score  ST         Price    24h%   Vol $M  TF breakdown
  ------------------------------------------------------------------------------
    1 ORCA         99.0  4/6  $   1.147300  -2.94%  $    2.8  1D=133  12H=108  6H=120  4H= 75  2H= 29  1H= 24
    2 INX          99.0  4/6  $   0.007491  +3.28%  $    1.2  1D= 67  12H=115  6H=104  4H=102  2H= 77  1H=121
    3 BIO          98.8  3/6  $   0.032320  -4.15%  $    3.5  1D= 83  12H= 80  6H=148  4H= 96  2H= 68  1H= 28
    4 ICP          98.3  3/6  $   2.506000  -3.80%  $   23.0  1D= 61  12H= 83  6H=106  4H=144  2H=104  1H= 76
    5 WLFI         97.8  5/6  $   0.058870  -0.97%  $    8.8  1D=114  12H= 82  6H=115  4H= 83  2H= 82  1H= 49
    6 TON          97.7  3/6  $   1.720600  -0.91%  $   18.3  1D= 68  12H= 62  6H= 69  4H=131  2H=123  1H=135
    7 NIL          97.6  4/6  $   0.038830  -3.39%  $    2.5  1D= 36  12H= 94  6H= 96  4H=136  2H=140  1H=151
    8 NEAR         96.3  3/6  $   2.127000  -2.99%  $   74.1  1D= 85  12H= 96  6H= 85  4H=120  2H= 79  1H= 51
    9 UAI          96.2  4/6  $   0.265870  +7.17%  $    1.9  1D=112  12H= 81  6H= 75  4H= 75  2H=102  1H=139
   10 BSB          95.8  4/6  $   0.249200 +19.74%  $   10.3  1D= 73  12H= 91  6H= 49  4H= 96  2H=134  1H=143
   11 SKR          95.8  3/6  $   0.008921  +9.63%  $    7.8  1D= 39  12H=100  6H=109  4H=115  2H=114  1H=106
   12 BEAT         95.4  2/6  $   7.728600 -22.93%  $  136.9  1D=140  12H=146  6H= 53  4H= 33  2H= 24  1H= 32
   13 VELVET       95.3  0/6  $   0.400010 -10.03%  $   56.6  1D=130  12H= 76  6H= 58  4H= 53  2H= 59  1H= 70
   14 ORDI         94.9  4/6  $   3.354000  -1.30%  $    5.6  1D= 74  12H= 77  6H=107  4H= 93  2H= 68  1H= 66
   15 EIGEN        94.7  4/6  $   0.191860  +6.59%  $    7.5  1D= 48  12H= 77  6H=117  4H=147  2H=131  1H= 55
   16 KAS          94.7  3/6  $   0.031350  +0.99%  $    2.0  1D=107  12H= 86  6H=121  4H= 93  2H= 68  1H= 53
   17 LAB          93.7  3/6  $   9.449000  +6.16%  $   13.3  1D=106  12H= 43  6H= 73  4H= 96  2H=126  1H=149
   18 AIO          93.7  2/6  $   0.130790 -15.38%  $    1.9  1D=142  12H=123  6H= 73  4H= 38  2H= 29  1H= 22
   19 BASED        93.2  4/6  $   0.069070  -2.30%  $    1.5  1D= 69  12H=125  6H= 70  4H= 81  2H= 92  1H=112
   20 PUMPFUN      92.5  3/6  $   0.001537  -1.11%  $    9.5  1D= 64  12H= 76  6H= 83  4H=132  2H= 93  1H= 70
   21 GRASS        92.5  3/6  $   0.390060  -0.19%  $    1.6  1D= 55  12H= 64  6H=122  4H=150  2H= 67  1H= 55
   22 SKY          92.2  3/6  $   0.055910  +0.84%  $    1.6  1D= 50  12H= 60  6H= 82  4H=147  2H=128  1H=145
   23 AXL          92.0  3/6  $   0.048330  -4.17%  $    4.4  1D= 81  12H= 82  6H=120  4H= 92  2H= 67  1H= 31
   24 PENDLE       91.7  3/6  $   1.319000  -0.72%  $    3.9  1D= 67  12H= 75  6H=113  4H=141  2H= 75  1H= 28
   25 ZORA         91.1  2/6  $   0.008343  +3.19%  $    1.4  1D= 41  12H= 84  6H= 80  4H=103  2H=132  1H=125
   26 NAORIS       88.9  2/6  $   0.035790  -5.32%  $    1.4  1D=133  12H=103  6H= 53  4H= 45  2H= 28  1H= 30
   27 OP           88.8  4/6  $   0.106900  -1.35%  $   10.9  1D= 49  12H= 68  6H=106  4H=129  2H= 79  1H= 77
   28 MITO         88.8  3/6  $   0.018400 +11.14%  $    5.9  1D= 38  12H=107  6H=109  4H=116  2H=125  1H= 80
   29 IRYS         88.8  3/6  $   0.018236  +0.56%  $    3.3  1D= 49  12H=101  6H=124  4H=120  2H= 89  1H= 26
   30 FOLKS        88.7  4/6  $   1.728800  -0.68%  $    2.1  1D=128  12H=107  6H= 59  4H= 41  2H= 45  1H= 61
   31 SOL          88.6  3/6  $  68.890000  -0.37%  $  395.0  1D= 48  12H= 78  6H=103  4H=139  2H= 82  1H= 34
   32 KAIA         88.6  2/6  $   0.036870  +2.37%  $    1.2  1D= 42  12H= 91  6H= 89  4H=120  2H=123  1H=105
   33 JUP          88.1  3/6  $   0.173520  -2.19%  $    2.8  1D= 55  12H= 83  6H=124  4H=137  2H= 71  1H= 34
   34 BREV         88.1  2/6  $   0.080870  +1.42%  $    2.7  1D= 53  12H= 77  6H= 78  4H=102  2H=132  1H=130
   35 ARC          87.9  2/6  $   0.089320  -8.39%  $    1.1  1D=140  12H=115  6H= 63  4H= 33  2H= 24  1H= 34
   36 EPIC         87.7  4/6  $   0.530700  -6.88%  $    1.1  1D=117  12H= 98  6H= 69  4H= 82  2H= 40  1H= 59
   37 ZEC          87.5  1/6  $ 420.590000  +2.58%  $  143.2  1D= 41  12H= 75  6H= 67  4H= 93  2H= 94  1H=127
   38 M            87.4  4/6  $   3.022200  -0.05%  $    1.3  1D= 74  12H=100  6H= 70  4H=102  2H= 82  1H= 90
   39 KITE         87.2  4/6  $   0.193400  -3.36%  $    1.3  1D=108  12H= 71  6H=106  4H=103  2H= 72  1H= 28
   40 ESPORTS      87.0  1/6  $   0.062120 -60.80%  $   99.7  1D=118  12H=100  6H= 59  4H= 42  2H= 45  1H= 84
   41 XMR          87.0  2/6  $ 338.620000  -0.72%  $   14.3  1D= 97  12H=103  6H= 84  4H= 49  2H= 50  1H= 63
   42 PIPPIN       86.8  3/6  $   0.017990  -0.84%  $    5.6  1D=115  12H= 85  6H= 35  4H= 80  2H= 68  1H= 52
   43 EDEN         86.7  3/6  $   0.039680  +7.39%  $    1.6  1D= 45  12H= 60  6H= 98  4H= 94  2H=131  1H=156
   44 MNT          86.6  4/6  $   0.556800  +1.54%  $    4.1  1D= 26  12H= 78  6H=104  4H=133  2H=140  1H= 64
   45 BERA         86.5  2/6  $   0.261100  -1.96%  $    2.3  1D= 75  12H= 74  6H= 90  4H= 91  2H= 48  1H= 28
   46 LTC          86.2  3/6  $  44.310000  +0.94%  $   16.9  1D= 48  12H= 62  6H= 62  4H=143  2H=119  1H= 83
   47 HOME         85.3  1/6  $   0.029710  +1.16%  $   12.3  1D= 78  12H= 51  6H= 85  4H= 92  2H= 52  1H=105
   48 STX          85.1  2/6  $   0.184700  +0.43%  $    1.5  1D= 46  12H= 85  6H= 80  4H=125  2H=133  1H= 85
   49 SHIB1000     84.8  3/6  $   0.005010  -1.71%  $    5.4  1D= 61  12H= 68  6H=115  4H=118  2H= 71  1H= 26
   50 PNUT         84.7  3/6  $   0.044410  -1.43%  $    2.0  1D= 42  12H= 76  6H= 71  4H=138  2H= 91  1H= 65

================================================================================
2026-06-14 17:58:26,314 [INFO]   Saved → trend_v3_LATEST.txt, trend_v3_LATEST.json, trend_v3_20260614_175826.txt
2026-06-14 20:35:38,543 [INFO] ================================================================
2026-06-14 20:35:38,544 [INFO] TREND SCANNER v3.0
2026-06-14 20:35:38,545 [INFO] ================================================================
2026-06-14 20:35:38,545 [INFO] Building universe (Bybit perps)...
2026-06-14 20:35:39,774 [INFO]   Universe (post-filter): 221 coins
2026-06-14 20:35:39,776 [INFO] Fetching BTC 1D for regime detection...
2026-06-14 20:35:40,266 [INFO]   Regime: BULL  |  BTC 7d +5.87%  |  24h +1.38%
2026-06-14 20:35:40,268 [INFO] Scanning 221 coins across 6 timeframes...
2026-06-14 20:35:40,269 [INFO] (this is the slowest scanner — first run ~10min, subsequent ~2-3min)
2026-06-14 20:36:18,057 [INFO]   ...20/221  (surfaced: 15)
2026-06-14 20:37:04,003 [INFO]   ...40/221  (surfaced: 26)
2026-06-14 20:37:45,025 [INFO]   ...60/221  (surfaced: 39)
2026-06-14 20:38:22,354 [INFO]   ...80/221  (surfaced: 50)
2026-06-14 20:39:01,196 [INFO]   ...100/221  (surfaced: 65)
2026-06-14 20:39:47,470 [INFO]   ...120/221  (surfaced: 77)
2026-06-14 20:40:29,813 [INFO]   ...140/221  (surfaced: 88)
2026-06-14 20:41:53,541 [INFO]   ...180/221  (surfaced: 113)
2026-06-14 20:42:33,957 [INFO]   ...200/221  (surfaced: 124)
2026-06-14 20:43:21,682 [INFO]   ...220/221  (surfaced: 138)
2026-06-14 20:43:24,826 [INFO] Done in 466s  |  scanned=203  failed=18  strong=11  long=44  watch=50
2026-06-14 20:43:24,830 [INFO] 
================================================================================
  TREND SCANNER v3.0  —  multi-timeframe confirmation + trade plans
  Generated  : 2026-06-14 20:43:24
  Universe   : 221 Bybit perps  |  Scanned: 203
  Scan time  : 466s
================================================================================

  Regime     : 🟢 BULL
               BTC 7d +5.87%  |  24h +1.38%  |  $64,458

  Account    : $100,000  |  Risk/trade: 1.5%

  Tiers (bull):  STRONG ≥ 130 & ST≥4  |  LONG ≥ 100 & ST≥3  |  WATCH ≥ 70

  TF weights : 1D×0.28 · 12H×0.2 · 6H×0.15 · 4H×0.15 · 2H×0.12 · 1H×0.1

--------------------------------------------------------------------------------
  STRONG  —  11 coin(s)  (highest conviction, full position)
--------------------------------------------------------------------------------

  [ 1] JCT         score= 145.4  ST=6/6  price=$0.006911      24h= -2.23%  vol=$ 19.6M
       TF:  1D=154  12H=176  6H=135  4H=143  2H=109  1H= 73
       Bonuses: RS vs BTC 7d +39.1%  (+5 pts)
       Entry: $0.006911  |  Stop: $0.005874 (-15.00%)  |  Risk: $1500 (1.50% acct)
       Position: $10000 (10.00% acct, qty 1446989.5383)
       TP1: $0.008466 (+22.5%, 1.5R, sell 40%)
       TP2: $0.010021 (+45.0%, 3.0R, sell 35%)
       TP3: $0.012094 (+75.0%, 5.0R, sell 25%)

  [ 2] OPEN        score= 140.8  ST=6/6  price=$0.240890      24h= +0.59%  vol=$  3.5M
       TF:  1D=140  12H=154  6H=149  4H=163  2H=104  1H= 65
       Bonuses: RS vs BTC 7d +28.7%  (+5 pts)
       Entry: $0.240890  |  Stop: $0.206043 (-14.47%)  |  Risk: $1500 (1.50% acct)
       Position: $10369 (10.37% acct, qty 43045.1359)
       TP1: $0.293161 (+21.7%, 1.5R, sell 40%)
       TP2: $0.345431 (+43.4%, 3.0R, sell 35%)
       TP3: $0.415126 (+72.3%, 5.0R, sell 25%)

  [ 3] EVAA        score= 140.7  ST=5/6  price=$0.389800      24h=+62.59%  vol=$  9.7M
       TF:  1D= 94  12H=120  6H=154  4H=154  2H=147  1H=165
       Bonuses: RSI div 1D (bullish) | RS vs BTC 7d +12.4%  (+10 pts)
       Entry: $0.389800  |  Stop: $0.331330 (-15.00%)  |  Risk: $1500 (1.50% acct)
       Position: $10000 (10.00% acct, qty 25654.1816)
       TP1: $0.477505 (+22.5%, 1.5R, sell 40%)
       TP2: $0.565210 (+45.0%, 3.0R, sell 35%)
       TP3: $0.682150 (+75.0%, 5.0R, sell 25%)

  [ 4] MEGA        score= 140.5  ST=6/6  price=$0.062640      24h= +7.67%  vol=$ 39.2M
       TF:  1D=122  12H=105  6H=129  4H=141  2H=150  1H=148
       Bonuses: RSI div 1D (bullish) | 1H pre-pump (obv_divergence) | RS vs BTC 7d +34.6%  (+12 pts)
       Entry: $0.062640  |  Stop: $0.053244 (-15.00%)  |  Risk: $1500 (1.50% acct)
       Position: $10000 (10.00% acct, qty 159642.4010)
       TP1: $0.076734 (+22.5%, 1.5R, sell 40%)
       TP2: $0.090828 (+45.0%, 3.0R, sell 35%)
       TP3: $0.109620 (+75.0%, 5.0R, sell 25%)

  [ 5] MEME        score= 136.8  ST=6/6  price=$0.000560      24h=+11.74%  vol=$  4.4M
       TF:  1D=112  12H=131  6H=146  4H=165  2H=137  1H=132
       Bonuses: RSI div 1D (hidden_bullish)  (+3 pts)
       Entry: $0.000560  |  Stop: $0.000476 (-15.00%)  |  Risk: $1500 (1.50% acct)
       Position: $10000 (10.00% acct, qty 17860332.2022)
       TP1: $0.000686 (+22.5%, 1.5R, sell 40%)
       TP2: $0.000812 (+45.0%, 3.0R, sell 35%)
       TP3: $0.000980 (+75.0%, 5.0R, sell 25%)

  [ 6] ROAM        score= 136.7  ST=5/6  price=$0.006783      24h=+23.11%  vol=$  5.3M
       TF:  1D=118  12H=134  6H=124  4H=148  2H=139  1H=144
       Bonuses: RS vs BTC 7d +18.1%  (+5 pts)
       Entry: $0.006783  |  Stop: $0.005766 (-15.00%)  |  Risk: $1500 (1.50% acct)
       Position: $10000 (10.00% acct, qty 1474273.9201)
       TP1: $0.008309 (+22.5%, 1.5R, sell 40%)
       TP2: $0.009835 (+45.0%, 3.0R, sell 35%)
       TP3: $0.011870 (+75.0%, 5.0R, sell 25%)

  [ 7] WLD         score= 136.3  ST=6/6  price=$0.501400      24h= -0.22%  vol=$109.0M
       TF:  1D=116  12H=122  6H=125  4H=153  2H=109  1H=126
       Bonuses: RSI div 1D (hidden_bullish) | 1H pre-pump (bb_squeeze, obv_stealth_accum) | RS vs BTC 7d +15.4%  (+12 pts)
       Entry: $0.501400  |  Stop: $0.426190 (-15.00%)  |  Risk: $1500 (1.50% acct)
       Position: $10000 (10.00% acct, qty 19944.1564)
       TP1: $0.614215 (+22.5%, 1.5R, sell 40%)
       TP2: $0.727030 (+45.0%, 3.0R, sell 35%)
       TP3: $0.877450 (+75.0%, 5.0R, sell 25%)

  [ 8] LIT         score= 135.2  ST=6/6  price=$1.630800      24h= -2.67%  vol=$  6.9M
       TF:  1D=127  12H=133  6H=128  4H=153  2H= 88  1H=113
       Bonuses: 1H pre-pump (bb_squeeze, obv_stealth_accum) | RS vs BTC 7d +8.7%  (+9 pts)
       Entry: $1.630800  |  Stop: $1.386180 (-15.00%)  |  Risk: $1500 (1.50% acct)
       Position: $10000 (10.00% acct, qty 6131.9598)
       TP1: $1.997730 (+22.5%, 1.5R, sell 40%)
       TP2: $2.364660 (+45.0%, 3.0R, sell 35%)
       TP3: $2.853900 (+75.0%, 5.0R, sell 25%)

  [ 9] JELLYJELLY  score= 133.1  ST=5/6  price=$0.057030      24h=+30.29%  vol=$ 11.9M
       TF:  1D= 83  12H=134  6H=154  4H=150  2H=141  1H=155
       Bonuses: RS vs BTC 7d +1.8%  (+5 pts)
       Entry: $0.057030  |  Stop: $0.048475 (-15.00%)  |  Risk: $1500 (1.50% acct)
       Position: $10000 (10.00% acct, qty 175346.3090)
       TP1: $0.069862 (+22.5%, 1.5R, sell 40%)
       TP2: $0.082694 (+45.0%, 3.0R, sell 35%)
       TP3: $0.099803 (+75.0%, 5.0R, sell 25%)

  [10] TAO         score= 132.8  ST=6/6  price=$262.760000    24h= +5.08%  vol=$143.0M
       TF:  1D=130  12H=123  6H=136  4H=153  2H=124  1H= 86
       Bonuses: RS vs BTC 7d +29.8%  (+5 pts)
       Entry: $262.760000  |  Stop: $230.005357 (-12.47%)  |  Risk: $1500 (1.50% acct)
       Position: $12033 (12.03% acct, qty 45.7950)
       TP1: $311.891964 (+18.7%, 1.5R, sell 40%)
       TP2: $361.023929 (+37.4%, 3.0R, sell 35%)
       TP3: $426.533214 (+62.3%, 5.0R, sell 25%)

  [11] SQD         score= 130.8  ST=6/6  price=$0.041000      24h= -3.91%  vol=$  1.4M
       TF:  1D=111  12H=143  6H=140  4H=122  2H=114  1H= 81
       Bonuses: RSI div 1D (bullish) | RS vs BTC 7d +34.2%  (+10 pts)
       Entry: $0.041000  |  Stop: $0.034850 (-15.00%)  |  Risk: $1500 (1.50% acct)
       Position: $10000 (10.00% acct, qty 243902.4390)
       TP1: $0.050225 (+22.5%, 1.5R, sell 40%)
       TP2: $0.059450 (+45.0%, 3.0R, sell 35%)
       TP3: $0.071750 (+75.0%, 5.0R, sell 25%)

--------------------------------------------------------------------------------
  LONG  —  44 coin(s)  (tradeable trend)
--------------------------------------------------------------------------------

  [ 1] CLO         score= 127.9  ST=3/6  price=$0.139890      24h=+34.19%  vol=$ 13.6M
       TF:  1D=140  12H=103  6H=124  4H=116  2H=146  1H=146
       Entry: $0.139890  |  Stop: $0.118906 (-15.00%)  |  Risk: $1500 (1.50% acct)
       Position: $10000 (10.00% acct, qty 71484.7380)
       TP1: $0.171365 (+22.5%, 1.5R, sell 40%)
       TP2: $0.202841 (+45.0%, 3.0R, sell 35%)
       TP3: $0.244808 (+75.0%, 5.0R, sell 25%)

  [ 2] KAITO       score= 127.4  ST=4/6  price=$0.482800      24h= +4.10%  vol=$ 11.9M
       TF:  1D=101  12H=136  6H=119  4H=141  2H=138  1H=114
       Bonuses: RS vs BTC 7d +2.4%  (+5 pts)
       Entry: $0.482800  |  Stop: $0.434039 (-10.10%)  |  Risk: $1500 (1.50% acct)
       Position: $14852 (14.85% acct, qty 30762.4698)
       TP1: $0.555941 (+15.2%, 1.5R, sell 40%)
       TP2: $0.629082 (+30.3%, 3.0R, sell 35%)
       TP3: $0.726604 (+50.5%, 5.0R, sell 25%)

  [ 3] ATOM        score= 125.4  ST=6/6  price=$1.948000      24h= +1.35%  vol=$  8.6M
       TF:  1D=105  12H=118  6H=119  4H=111  2H=125  1H=129
       Bonuses: 1H pre-pump (obv_stealth_accum) | RS vs BTC 7d +13.9% | funding -0.0253%/8h  (+10 pts)
       Entry: $1.948000  |  Stop: $1.753150 (-10.00%)  |  Risk: $1500 (1.50% acct)
       Position: $14996 (15.00% acct, qty 7698.2294)
       TP1: $2.240275 (+15.0%, 1.5R, sell 40%)
       TP2: $2.532550 (+30.0%, 3.0R, sell 35%)
       TP3: $2.922250 (+50.0%, 5.0R, sell 25%)

  [ 4] NOT         score= 124.3  ST=5/6  price=$0.000478      24h= -5.14%  vol=$  5.5M
       TF:  1D= 86  12H=135  6H=138  4H=149  2H=147  1H= 75
       Bonuses: RS vs BTC 7d +23.1%  (+5 pts)
       Entry: $0.000478  |  Stop: $0.000408 (-14.64%)  |  Risk: $1500 (1.50% acct)
       Position: $10249 (10.25% acct, qty 21423106.3504)
       TP1: $0.000583 (+21.9%, 1.5R, sell 40%)
       TP2: $0.000688 (+43.9%, 3.0R, sell 35%)
       TP3: $0.000828 (+73.2%, 5.0R, sell 25%)

  [ 5] MMT         score= 123.5  ST=6/6  price=$0.129940      24h= -2.77%  vol=$  2.4M
       TF:  1D=115  12H=123  6H=123  4H=135  2H=109  1H= 79
       Bonuses: 1H pre-pump (obv_stealth_accum) | RS vs BTC 7d +18.0%  (+7 pts)
       Entry: $0.129940  |  Stop: $0.115716 (-10.95%)  |  Risk: $1500 (1.50% acct)
       Position: $13703 (13.70% acct, qty 105453.4498)
       TP1: $0.151276 (+16.4%, 1.5R, sell 40%)
       TP2: $0.172613 (+32.8%, 3.0R, sell 35%)
       TP3: $0.201061 (+54.7%, 5.0R, sell 25%)

  [ 6] AKT         score= 121.9  ST=5/6  price=$0.712200      24h= +7.15%  vol=$  4.9M
       TF:  1D= 78  12H=106  6H=142  4H=135  2H=150  1H=143
       Bonuses: RS vs BTC 7d +16.2%  (+5 pts)
       Entry: $0.712200  |  Stop: $0.605370 (-15.00%)  |  Risk: $1500 (1.50% acct)
       Position: $10000 (10.00% acct, qty 14040.9997)
       TP1: $0.872445 (+22.5%, 1.5R, sell 40%)
       TP2: $1.032690 (+45.0%, 3.0R, sell 35%)
       TP3: $1.246350 (+75.0%, 5.0R, sell 25%)

  [ 7] JASMY       score= 120.9  ST=4/6  price=$0.005097      24h= +7.65%  vol=$  6.9M
       TF:  1D= 71  12H=103  6H=139  4H=139  2H=134  1H=156
       Bonuses: 1H pre-pump (obv_stealth_accum) | RS vs BTC 7d +5.5%  (+7 pts)
       Entry: $0.005097  |  Stop: $0.004545 (-10.82%)  |  Risk: $1500 (1.50% acct)
       Position: $13861 (13.86% acct, qty 2719502.7195)
       TP1: $0.005924 (+16.2%, 1.5R, sell 40%)
       TP2: $0.006752 (+32.5%, 3.0R, sell 35%)
       TP3: $0.007855 (+54.1%, 5.0R, sell 25%)

  [ 8] PUFFER      score= 119.8  ST=4/6  price=$0.015200      24h=+37.75%  vol=$  2.9M
       TF:  1D= 71  12H= 92  6H=141  4H=153  2H=154  1H=159
       Bonuses: funding -1.3990%/8h  (+3 pts)
       Entry: $0.015200  |  Stop: $0.012974 (-14.65%)  |  Risk: $1500 (1.50% acct)
       Position: $10241 (10.24% acct, qty 673724.7353)
       TP1: $0.018540 (+22.0%, 1.5R, sell 40%)
       TP2: $0.021879 (+43.9%, 3.0R, sell 35%)
       TP3: $0.026332 (+73.2%, 5.0R, sell 25%)

  [ 9] XPL         score= 118.3  ST=5/6  price=$0.087040      24h= -4.63%  vol=$ 22.5M
       TF:  1D=100  12H=104  6H=144  4H=157  2H= 89  1H= 67
       Bonuses: 1H pre-pump (bb_squeeze) | RS vs BTC 7d +27.0%  (+7 pts)
       Entry: $0.087040  |  Stop: $0.073984 (-15.00%)  |  Risk: $1500 (1.50% acct)
       Position: $10000 (10.00% acct, qty 114889.7059)
       TP1: $0.106624 (+22.5%, 1.5R, sell 40%)
       TP2: $0.126208 (+45.0%, 3.0R, sell 35%)
       TP3: $0.152320 (+75.0%, 5.0R, sell 25%)

  [10] PARTI       score= 117.6  ST=6/6  price=$0.060670      24h= -3.34%  vol=$  1.2M
       TF:  1D=131  12H=141  6H=117  4H=108  2H= 75  1H= 30
       Bonuses: RSI div 1D (bullish) | 1H pre-pump (bb_squeeze)  (+7 pts)
       Entry: $0.060670  |  Stop: $0.051569 (-15.00%)  |  Risk: $1500 (1.50% acct)
       Position: $10000 (10.00% acct, qty 164826.1085)
       TP1: $0.074321 (+22.5%, 1.5R, sell 40%)
       TP2: $0.087971 (+45.0%, 3.0R, sell 35%)
       TP3: $0.106173 (+75.0%, 5.0R, sell 25%)

  [11] AT          score= 116.5  ST=3/6  price=$0.132760      24h= -2.97%  vol=$  1.4M
       TF:  1D=109  12H=102  6H=109  4H= 88  2H=121  1H=135
       Bonuses: RSI div 1D (hidden_bullish) | RS vs BTC 7d +0.2%  (+8 pts)
       Entry: $0.132760  |  Stop: $0.114368 (-13.85%)  |  Risk: $1500 (1.50% acct)
       Position: $10827 (10.83% acct, qty 81556.5653)
       TP1: $0.160348 (+20.8%, 1.5R, sell 40%)
       TP2: $0.187936 (+41.6%, 3.0R, sell 35%)
       TP3: $0.224721 (+69.3%, 5.0R, sell 25%)

  [12] TRUTH       score= 116.2  ST=3/6  price=$0.012075      24h=+12.77%  vol=$  5.2M
       TF:  1D= 86  12H=135  6H=134  4H=119  2H= 96  1H= 77
       Bonuses: RSI div 1D (hidden_bullish) | RS vs BTC 7d +4.5%  (+8 pts)
       Entry: $0.012075  |  Stop: $0.010301 (-14.69%)  |  Risk: $1500 (1.50% acct)
       Position: $10208 (10.21% acct, qty 845359.5797)
       TP1: $0.014737 (+22.0%, 1.5R, sell 40%)
       TP2: $0.017398 (+44.1%, 3.0R, sell 35%)
       TP3: $0.020947 (+73.5%, 5.0R, sell 25%)

  [13] BRETT       score= 114.2  ST=5/6  price=$0.006708      24h= +2.08%  vol=$  3.9M
       TF:  1D= 86  12H=115  6H=128  4H=151  2H=106  1H= 75
       Bonuses: RS vs BTC 7d +22.6%  (+5 pts)
       Entry: $0.006708  |  Stop: $0.005702 (-15.00%)  |  Risk: $1500 (1.50% acct)
       Position: $10000 (10.00% acct, qty 1490757.3047)
       TP1: $0.008217 (+22.5%, 1.5R, sell 40%)
       TP2: $0.009727 (+45.0%, 3.0R, sell 35%)
       TP3: $0.011739 (+75.0%, 5.0R, sell 25%)

  [14] APEX        score= 114.2  ST=5/6  price=$0.262100      24h=+14.94%  vol=$  1.5M
       TF:  1D= 54  12H=122  6H=127  4H=147  2H=147  1H=159
       Entry: $0.262100  |  Stop: $0.236086 (-9.93%)  |  Risk: $1500 (1.50% acct)
       Position: $15113 (15.11% acct, qty 57660.6260)
       TP1: $0.301121 (+14.9%, 1.5R, sell 40%)
       TP2: $0.340143 (+29.8%, 3.0R, sell 35%)
       TP3: $0.392171 (+49.6%, 5.0R, sell 25%)

  [15] KAS         score= 112.1  ST=3/6  price=$0.031350      24h= +1.67%  vol=$  2.1M
       TF:  1D=107  12H= 86  6H=124  4H= 93  2H=139  1H=137
       Bonuses: 1H pre-pump (bb_squeeze)  (+2 pts)
       Entry: $0.031350  |  Stop: $0.027928 (-10.92%)  |  Risk: $1500 (1.50% acct)
       Position: $13741 (13.74% acct, qty 438321.8535)
       TP1: $0.036483 (+16.4%, 1.5R, sell 40%)
       TP2: $0.041616 (+32.8%, 3.0R, sell 35%)
       TP3: $0.048461 (+54.6%, 5.0R, sell 25%)

  [16] LA          score= 111.9  ST=3/6  price=$0.074040      24h= +6.01%  vol=$  2.4M
       TF:  1D= 77  12H= 81  6H= 99  4H=145  2H=138  1H=160
       Bonuses: 1H pre-pump (obv_stealth_accum) | funding -0.0320%/8h  (+5 pts)
       Entry: $0.074040  |  Stop: $0.062934 (-15.00%)  |  Risk: $1500 (1.50% acct)
       Position: $10000 (10.00% acct, qty 135062.1286)
       TP1: $0.090699 (+22.5%, 1.5R, sell 40%)
       TP2: $0.107358 (+45.0%, 3.0R, sell 35%)
       TP3: $0.129570 (+75.0%, 5.0R, sell 25%)

  [17] SOON        score= 111.9  ST=5/6  price=$0.173200      24h= -0.74%  vol=$  1.1M
       TF:  1D= 99  12H=159  6H=111  4H=126  2H= 84  1H= 68
       Entry: $0.173200  |  Stop: $0.150043 (-13.37%)  |  Risk: $1500 (1.50% acct)
       Position: $11219 (11.22% acct, qty 64775.8294)
       TP1: $0.207935 (+20.1%, 1.5R, sell 40%)
       TP2: $0.242670 (+40.1%, 3.0R, sell 35%)
       TP3: $0.288984 (+66.8%, 5.0R, sell 25%)

  [18] ESP         score= 111.8  ST=5/6  price=$0.072050      24h= -4.05%  vol=$  1.0M
       TF:  1D=119  12H=142  6H=122  4H=104  2H= 73  1H= 24
       Bonuses: RS vs BTC 7d +3.2%  (+5 pts)
       Entry: $0.072050  |  Stop: $0.061810 (-14.21%)  |  Risk: $1500 (1.50% acct)
       Position: $10555 (10.55% acct, qty 146489.4841)
       TP1: $0.087409 (+21.3%, 1.5R, sell 40%)
       TP2: $0.102769 (+42.6%, 3.0R, sell 35%)
       TP3: $0.123248 (+71.1%, 5.0R, sell 25%)

  [19] BLUAI       score= 111.5  ST=5/6  price=$0.011341      24h=+22.96%  vol=$  3.6M
       TF:  1D= 78  12H=105  6H= 94  4H=141  2H=135  1H=142
       Bonuses: RSI div 1D (hidden_bullish)  (+3 pts)
       Entry: $0.011341  |  Stop: $0.009640 (-15.00%)  |  Risk: $1500 (1.50% acct)
       Position: $10000 (10.00% acct, qty 881756.4589)
       TP1: $0.013893 (+22.5%, 1.5R, sell 40%)
       TP2: $0.016444 (+45.0%, 3.0R, sell 35%)
       TP3: $0.019847 (+75.0%, 5.0R, sell 25%)

  [20] BABY        score= 111.3  ST=6/6  price=$0.014720      24h=+16.39%  vol=$  4.2M
       TF:  1D= 73  12H= 99  6H=115  4H=113  2H=154  1H=154
       Bonuses: funding -0.0646%/8h  (+3 pts)
       Entry: $0.014720  |  Stop: $0.012512 (-15.00%)  |  Risk: $1500 (1.50% acct)
       Position: $10000 (10.00% acct, qty 679347.8261)
       TP1: $0.018032 (+22.5%, 1.5R, sell 40%)
       TP2: $0.021344 (+45.0%, 3.0R, sell 35%)
       TP3: $0.025760 (+75.0%, 5.0R, sell 25%)

  [21] LIGHT       score= 110.5  ST=3/6  price=$0.114900      24h= -3.26%  vol=$  1.0M
       TF:  1D= 96  12H= 77  6H= 90  4H=132  2H= 99  1H=110
       Bonuses: RSI div 1D (hidden_bullish) | 1H pre-pump (bb_squeeze, obv_stealth_accum) | RS vs BTC 7d +14.9%  (+12 pts)
       Entry: $0.114900  |  Stop: $0.097665 (-15.00%)  |  Risk: $1500 (1.50% acct)
       Position: $10000 (10.00% acct, qty 87032.2019)
       TP1: $0.140753 (+22.5%, 1.5R, sell 40%)
       TP2: $0.166605 (+45.0%, 3.0R, sell 35%)
       TP3: $0.201075 (+75.0%, 5.0R, sell 25%)

  [22] STABLE      score= 109.7  ST=3/6  price=$0.036398      24h= -2.42%  vol=$  1.0M
       TF:  1D= 95  12H= 81  6H=131  4H=110  2H= 97  1H= 61
       Bonuses: RSI div 1D (bullish) | RS vs BTC 7d +1.3% | funding -0.0532%/8h  (+13 pts)
       Entry: $0.036398  |  Stop: $0.031043 (-14.71%)  |  Risk: $1500 (1.50% acct)
       Position: $10195 (10.20% acct, qty 280106.4404)
       TP1: $0.044431 (+22.1%, 1.5R, sell 40%)
       TP2: $0.052463 (+44.1%, 3.0R, sell 35%)
       TP3: $0.063174 (+73.6%, 5.0R, sell 25%)

  [23] PYTH        score= 109.4  ST=5/6  price=$0.038070      24h= -0.81%  vol=$  4.5M
       TF:  1D= 67  12H=109  6H=136  4H=146  2H=121  1H= 70
       Bonuses: RS vs BTC 7d +16.0%  (+5 pts)
       Entry: $0.038070  |  Stop: $0.032771 (-13.92%)  |  Risk: $1500 (1.50% acct)
       Position: $10776 (10.78% acct, qty 283057.0158)
       TP1: $0.046019 (+20.9%, 1.5R, sell 40%)
       TP2: $0.053968 (+41.8%, 3.0R, sell 35%)
       TP3: $0.064566 (+69.6%, 5.0R, sell 25%)

  [24] VVV         score= 109.1  ST=4/6  price=$16.610000     24h= -1.10%  vol=$ 15.5M
       TF:  1D=115  12H= 90  6H=108  4H=131  2H= 69  1H=108
       Bonuses: 1H pre-pump (obv_divergence, obv_stealth_accum)  (+4 pts)
       Entry: $16.610000  |  Stop: $14.118500 (-15.00%)  |  Risk: $1500 (1.50% acct)
       Position: $10000 (10.00% acct, qty 602.0470)
       TP1: $20.347250 (+22.5%, 1.5R, sell 40%)
       TP2: $24.084500 (+45.0%, 3.0R, sell 35%)
       TP3: $29.067500 (+75.0%, 5.0R, sell 25%)

  [25] COAI        score= 109.0  ST=4/6  price=$0.419600      24h=-46.85%  vol=$ 65.4M
       TF:  1D=119  12H=122  6H=121  4H=119  2H= 36  1H= 30
       Bonuses: RSI div 1D (hidden_bullish) | RS vs BTC 7d +84.2%  (+8 pts)
       Entry: $0.419600  |  Stop: $0.356660 (-15.00%)  |  Risk: $1500 (1.50% acct)
       Position: $10000 (10.00% acct, qty 23832.2212)
       TP1: $0.514010 (+22.5%, 1.5R, sell 40%)
       TP2: $0.608420 (+45.0%, 3.0R, sell 35%)
       TP3: $0.734300 (+75.0%, 5.0R, sell 25%)

  [26] ZKC         score= 108.6  ST=5/6  price=$0.049110      24h=+19.29%  vol=$ 18.2M
       TF:  1D= 53  12H=114  6H=124  4H=134  2H=143  1H=121
       Bonuses: funding -0.9352%/8h  (+3 pts)
       Entry: $0.049110  |  Stop: $0.042724 (-13.00%)  |  Risk: $1500 (1.50% acct)
       Position: $11536 (11.54% acct, qty 234899.3289)
       TP1: $0.058689 (+19.5%, 1.5R, sell 40%)
       TP2: $0.068267 (+39.0%, 3.0R, sell 35%)
       TP3: $0.081039 (+65.0%, 5.0R, sell 25%)

  [27] HYPE        score= 108.3  ST=3/6  price=$60.665000     24h= +1.11%  vol=$196.3M
       TF:  1D= 82  12H=110  6H= 87  4H=140  2H= 86  1H=100
       Bonuses: 1H pre-pump (bb_squeeze, obv_stealth_accum) | RS vs BTC 7d +1.5%  (+9 pts)
       Entry: $60.665000  |  Stop: $51.565250 (-15.00%)  |  Risk: $1500 (1.50% acct)
       Position: $10000 (10.00% acct, qty 164.8397)
       TP1: $74.314625 (+22.5%, 1.5R, sell 40%)
       TP2: $87.964250 (+45.0%, 3.0R, sell 35%)
       TP3: $106.163750 (+75.0%, 5.0R, sell 25%)

  [28] ALT         score= 107.1  ST=4/6  price=$0.006607      24h= +0.03%  vol=$  2.3M
       TF:  1D= 73  12H= 60  6H=133  4H=130  2H=117  1H=102
       Bonuses: 1H pre-pump (bb_squeeze, obv_divergence, obv_stealth_accum) | RS vs BTC 7d +10.8%  (+11 pts)
       Entry: $0.006607  |  Stop: $0.005700 (-13.73%)  |  Risk: $1500 (1.50% acct)
       Position: $10925 (10.92% acct, qty 1653478.2095)
       TP1: $0.007968 (+20.6%, 1.5R, sell 40%)
       TP2: $0.009329 (+41.2%, 3.0R, sell 35%)
       TP3: $0.011143 (+68.7%, 5.0R, sell 25%)

  [29] TRUMP       score= 107.0  ST=5/6  price=$2.184000      24h=-11.83%  vol=$ 68.5M
       TF:  1D=123  12H=125  6H=119  4H= 97  2H= 44  1H= 19
       Bonuses: RS vs BTC 7d +32.7% | funding -0.0310%/8h  (+8 pts)
       Entry: $2.184000  |  Stop: $1.913357 (-12.39%)  |  Risk: $1500 (1.50% acct)
       Position: $12105 (12.10% acct, qty 5542.3595)
       TP1: $2.589964 (+18.6%, 1.5R, sell 40%)
       TP2: $2.995929 (+37.2%, 3.0R, sell 35%)
       TP3: $3.537214 (+62.0%, 5.0R, sell 25%)

  [30] IO          score= 106.8  ST=5/6  price=$0.179850      24h= -5.82%  vol=$  2.1M
       TF:  1D=133  12H=124  6H=103  4H= 93  2H= 44  1H= 31
       Bonuses: 1H pre-pump (obv_stealth_accum) | RS vs BTC 7d +26.8%  (+7 pts)
       Entry: $0.179850  |  Stop: $0.152872 (-15.00%)  |  Risk: $1500 (1.50% acct)
       Position: $10000 (10.00% acct, qty 55601.8905)
       TP1: $0.220316 (+22.5%, 1.5R, sell 40%)
       TP2: $0.260782 (+45.0%, 3.0R, sell 35%)
       TP3: $0.314738 (+75.0%, 5.0R, sell 25%)

  [31] EIGEN       score= 106.2  ST=4/6  price=$0.191860      24h= +7.65%  vol=$  8.0M
       TF:  1D= 48  12H= 77  6H=126  4H=147  2H=141  1H=125
       Bonuses: 1H pre-pump (obv_stealth_accum) | RS vs BTC 7d +13.2%  (+7 pts)
       Entry: $0.191860  |  Stop: $0.163081 (-15.00%)  |  Risk: $1500 (1.50% acct)
       Position: $10000 (10.00% acct, qty 52121.3385)
       TP1: $0.235029 (+22.5%, 1.5R, sell 40%)
       TP2: $0.278197 (+45.0%, 3.0R, sell 35%)
       TP3: $0.335755 (+75.0%, 5.0R, sell 25%)

  [32] ALLO        score= 105.9  ST=5/6  price=$0.366790      24h= -1.95%  vol=$ 11.1M
       TF:  1D=133  12H=126  6H= 83  4H= 64  2H= 84  1H=113
       Entry: $0.366790  |  Stop: $0.311771 (-15.00%)  |  Risk: $1500 (1.50% acct)
       Position: $10000 (10.00% acct, qty 27263.5568)
       TP1: $0.449318 (+22.5%, 1.5R, sell 40%)
       TP2: $0.531845 (+45.0%, 3.0R, sell 35%)
       TP3: $0.641883 (+75.0%, 5.0R, sell 25%)

  [33] BIO         score= 105.3  ST=3/6  price=$0.032320      24h= -3.23%  vol=$  3.7M
       TF:  1D= 83  12H= 80  6H=138  4H= 96  2H= 90  1H= 62
       Bonuses: RSI div 1D (bullish) | 1H pre-pump (obv_divergence, obv_stealth_accum) | RS vs BTC 7d +19.0%  (+14 pts)
       Entry: $0.032320  |  Stop: $0.027472 (-15.00%)  |  Risk: $1500 (1.50% acct)
       Position: $10000 (10.00% acct, qty 309405.9406)
       TP1: $0.039592 (+22.5%, 1.5R, sell 40%)
       TP2: $0.046864 (+45.0%, 3.0R, sell 35%)
       TP3: $0.056560 (+75.0%, 5.0R, sell 25%)

  [34] H           score= 105.0  ST=3/6  price=$0.341950      24h=+59.34%  vol=$392.2M
       TF:  1D= 69  12H=139  6H=119  4H=114  2H=130  1H= 43
       Bonuses: funding -1.7856%/8h  (+3 pts)
       Entry: $0.341950  |  Stop: $0.290658 (-15.00%)  |  Risk: $1500 (1.50% acct)
       Position: $10000 (10.00% acct, qty 29244.0415)
       TP1: $0.418889 (+22.5%, 1.5R, sell 40%)
       TP2: $0.495827 (+45.0%, 3.0R, sell 35%)
       TP3: $0.598413 (+75.0%, 5.0R, sell 25%)

  [35] GRASS       score= 105.0  ST=3/6  price=$0.390060      24h= +1.03%  vol=$  1.5M
       TF:  1D= 55  12H= 64  6H=120  4H=150  2H=104  1H=118
       Bonuses: RSI div 1D (hidden_bullish) | 1H pre-pump (bb_squeeze, obv_stealth_accum) | RS vs BTC 7d +10.6%  (+12 pts)
       Entry: $0.390060  |  Stop: $0.331551 (-15.00%)  |  Risk: $1500 (1.50% acct)
       Position: $10000 (10.00% acct, qty 25637.0815)
       TP1: $0.477824 (+22.5%, 1.5R, sell 40%)
       TP2: $0.565587 (+45.0%, 3.0R, sell 35%)
       TP3: $0.682605 (+75.0%, 5.0R, sell 25%)

  [36] CAKE        score= 104.5  ST=3/6  price=$1.350400      24h= +1.03%  vol=$  1.0M
       TF:  1D= 72  12H= 81  6H=129  4H=157  2H=109  1H= 72
       Bonuses: RS vs BTC 7d +5.3%  (+5 pts)
       Entry: $1.350400  |  Stop: $1.224754 (-9.30%)  |  Risk: $1500 (1.50% acct)
       Position: $16121 (16.12% acct, qty 11938.2621)
       TP1: $1.538870 (+14.0%, 1.5R, sell 40%)
       TP2: $1.727339 (+27.9%, 3.0R, sell 35%)
       TP3: $1.978632 (+46.5%, 5.0R, sell 25%)

  [37] ZKP         score= 104.0  ST=3/6  price=$0.056660      24h= +3.99%  vol=$  3.5M
       TF:  1D= 78  12H= 74  6H=125  4H=135  2H=107  1H= 55
       Bonuses: RSI div 1D (bullish) | RS vs BTC 7d +2.6%  (+10 pts)
       Entry: $0.056660  |  Stop: $0.050037 (-11.69%)  |  Risk: $1500 (1.50% acct)
       Position: $12834 (12.83% acct, qty 226500.5663)
       TP1: $0.066594 (+17.5%, 1.5R, sell 40%)
       TP2: $0.076527 (+35.1%, 3.0R, sell 35%)
       TP3: $0.089773 (+58.4%, 5.0R, sell 25%)

  [38] SENT        score= 103.7  ST=5/6  price=$0.015442      24h= -2.63%  vol=$  1.2M
       TF:  1D=117  12H=122  6H= 78  4H=106  2H= 41  1H= 70
       Bonuses: 1H pre-pump (bb_squeeze) | RS vs BTC 7d +17.1%  (+7 pts)
       Entry: $0.015442  |  Stop: $0.013126 (-15.00%)  |  Risk: $1500 (1.50% acct)
       Position: $10000 (10.00% acct, qty 647584.5098)
       TP1: $0.018916 (+22.5%, 1.5R, sell 40%)
       TP2: $0.022391 (+45.0%, 3.0R, sell 35%)
       TP3: $0.027023 (+75.0%, 5.0R, sell 25%)

  [39] B3          score= 103.6  ST=4/6  price=$0.000556      24h= +6.35%  vol=$  3.1M
       TF:  1D= 45  12H= 97  6H=115  4H=153  2H=113  1H= 98
       Bonuses: RSI div 1D (bullish) | funding -0.1053%/8h  (+8 pts)
       Entry: $0.000556  |  Stop: $0.000472 (-15.00%)  |  Risk: $1500 (1.50% acct)
       Position: $10000 (10.00% acct, qty 17998560.1152)
       TP1: $0.000681 (+22.5%, 1.5R, sell 40%)
       TP2: $0.000806 (+45.0%, 3.0R, sell 35%)
       TP3: $0.000972 (+75.0%, 5.0R, sell 25%)

  [40] SPX         score= 102.1  ST=4/6  price=$0.332100      24h= -0.73%  vol=$  2.3M
       TF:  1D= 85  12H= 78  6H=144  4H=147  2H= 92  1H= 30
       Bonuses: RS vs BTC 7d +6.2%  (+5 pts)
       Entry: $0.332100  |  Stop: $0.286532 (-13.72%)  |  Risk: $1500 (1.50% acct)
       Position: $10932 (10.93% acct, qty 32917.9403)
       TP1: $0.400452 (+20.6%, 1.5R, sell 40%)
       TP2: $0.468804 (+41.2%, 3.0R, sell 35%)
       TP3: $0.559939 (+68.6%, 5.0R, sell 25%)

  [41] BSB         score= 101.8  ST=4/6  price=$0.249200      24h=+15.89%  vol=$ 12.5M
       TF:  1D= 73  12H= 91  6H= 90  4H= 96  2H=134  1H=142
       Bonuses: RS vs BTC 7d +3.6%  (+5 pts)
       Entry: $0.249200  |  Stop: $0.211820 (-15.00%)  |  Risk: $1500 (1.50% acct)
       Position: $10000 (10.00% acct, qty 40128.4109)
       TP1: $0.305270 (+22.5%, 1.5R, sell 40%)
       TP2: $0.361340 (+45.0%, 3.0R, sell 35%)
       TP3: $0.436100 (+75.0%, 5.0R, sell 25%)

  [42] INX         score= 101.0  ST=4/6  price=$0.007491      24h= +2.29%  vol=$  1.2M
       TF:  1D= 67  12H=115  6H=108  4H=102  2H= 82  1H=109
       Bonuses: 1H pre-pump (obv_stealth_accum) | RS vs BTC 7d +2.4%  (+7 pts)
       Entry: $0.007491  |  Stop: $0.006367 (-15.00%)  |  Risk: $1500 (1.50% acct)
       Position: $10000 (10.00% acct, qty 1334935.2556)
       TP1: $0.009176 (+22.5%, 1.5R, sell 40%)
       TP2: $0.010862 (+45.0%, 3.0R, sell 35%)
       TP3: $0.013109 (+75.0%, 5.0R, sell 25%)

  [43] ORDI        score= 100.3  ST=4/6  price=$3.354000      24h= -1.83%  vol=$  5.7M
       TF:  1D= 74  12H= 77  6H=107  4H= 93  2H= 93  1H=110
       Bonuses: RSI div 1D (bullish) | 1H pre-pump (bb_squeeze) | RS vs BTC 7d +8.5%  (+12 pts)
       Entry: $3.354000  |  Stop: $2.850900 (-15.00%)  |  Risk: $1500 (1.50% acct)
       Position: $10000 (10.00% acct, qty 2981.5146)
       TP1: $4.108650 (+22.5%, 1.5R, sell 40%)
       TP2: $4.863300 (+45.0%, 3.0R, sell 35%)
       TP3: $5.869500 (+75.0%, 5.0R, sell 25%)

  [44] NEAR        score= 100.1  ST=3/6  price=$2.127000      24h= -0.56%  vol=$ 68.2M
       TF:  1D= 85  12H= 96  6H= 61  4H=120  2H= 92  1H= 89
       Bonuses: RSI div 1D (hidden_bullish) | 1H pre-pump (obv_stealth_accum) | RS vs BTC 7d +8.7%  (+10 pts)
       Entry: $2.127000  |  Stop: $1.807950 (-15.00%)  |  Risk: $1500 (1.50% acct)
       Position: $10000 (10.00% acct, qty 4701.4575)
       TP1: $2.605575 (+22.5%, 1.5R, sell 40%)
       TP2: $3.084150 (+45.0%, 3.0R, sell 35%)
       TP3: $3.722250 (+75.0%, 5.0R, sell 25%)

--------------------------------------------------------------------------------
  WATCH  —  50 coin(s)  (worth tracking)
--------------------------------------------------------------------------------
  #   Symbol      Score  ST         Price    24h%   Vol $M  TF breakdown
  ------------------------------------------------------------------------------
    1 ORCA         99.0  4/6  $   1.147300  -3.91%  $    2.7  1D=133  12H=108  6H= 96  4H= 75  2H= 33  1H= 36
    2 UAI          98.5  4/6  $   0.265870 +10.67%  $    1.9  1D=112  12H= 81  6H= 73  4H= 75  2H=111  1H=154
    3 CRV          98.0  4/6  $   0.237000  -3.10%  $    6.1  1D=121  12H=143  6H= 85  4H= 78  2H= 21  1H= 15
    4 FIDA         98.0  5/6  $   0.022939  -2.74%  $    2.7  1D= 89  12H= 84  6H=110  4H=147  2H= 62  1H= 53
    5 FOLKS        97.3  4/6  $   1.728800  -1.72%  $    1.6  1D=128  12H=107  6H= 96  4H= 41  2H= 63  1H= 69
    6 SKR          95.9  3/6  $   0.008921  +7.81%  $    8.0  1D= 39  12H=100  6H=127  4H=115  2H=120  1H= 73
    7 WLFI         95.5  5/6  $   0.058870  -0.55%  $    9.0  1D=114  12H= 82  6H= 99  4H= 83  2H= 57  1H= 90
    8 BASED        95.0  5/6  $   0.069070  -0.03%  $    1.6  1D= 69  12H=125  6H= 76  4H= 81  2H=109  1H=140
    9 BEAT         94.8  2/6  $   7.728600 -27.41%  $  125.3  1D=140  12H=146  6H= 45  4H= 33  2H= 34  1H= 26
   10 MITO         93.2  3/6  $   0.018400 +14.43%  $    6.0  1D= 38  12H=107  6H=114  4H=116  2H=125  1H= 97
   11 PENDLE       92.9  3/6  $   1.319000  -0.28%  $    3.9  1D= 67  12H= 75  6H=102  4H=141  2H= 86  1H= 44
   12 MORPHO       92.8  4/6  $   1.958700  +1.00%  $    1.1  1D=102  12H=121  6H=100  4H= 33  2H= 63  1H= 55
   13 PIPPIN       92.7  3/6  $   0.017990  +1.80%  $    5.7  1D=115  12H= 85  6H= 46  4H= 80  2H= 88  1H= 90
   14 JUP          92.7  3/6  $   0.173520  -1.99%  $    3.4  1D= 55  12H= 83  6H=119  4H=137  2H= 81  1H= 46
   15 AIO          92.6  2/6  $   0.130790 -17.02%  $    1.7  1D=142  12H=123  6H= 55  4H= 38  2H= 29  1H= 38
   16 ICP          92.3  3/6  $   2.506000  -6.55%  $   19.8  1D= 61  12H= 83  6H=109  4H=144  2H= 96  1H= 42
   17 ZORA         92.1  2/6  $   0.008343  -2.10%  $    1.5  1D= 41  12H= 84  6H= 79  4H=103  2H=140  1H=127
   18 LTC          92.0  3/6  $  44.310000  +1.19%  $   17.2  1D= 48  12H= 62  6H= 59  4H=143  2H=122  1H=112
   19 AXL          91.4  3/6  $   0.048330  -5.90%  $    3.9  1D= 81  12H= 82  6H=120  4H= 92  2H= 65  1H= 27
   20 OP           90.3  4/6  $   0.106900  -1.65%  $    9.4  1D= 49  12H= 68  6H=117  4H=129  2H= 84  1H= 70
   21 VELVET       89.6  0/6  $   0.400010 -30.62%  $   49.4  1D=130  12H= 76  6H= 49  4H= 53  2H= 59  1H= 26
   22 NAORIS       89.5  2/6  $   0.035790  -8.86%  $    1.2  1D=133  12H=103  6H= 53  4H= 45  2H= 17  1H= 49
   23 PNUT         87.9  3/6  $   0.044410  -2.07%  $    2.1  1D= 42  12H= 76  6H= 89  4H=138  2H= 88  1H= 73
   24 IRYS         87.4  2/6  $   0.018236  -1.10%  $    3.2  1D= 49  12H=101  6H=121  4H=120  2H= 69  1H= 41
   25 SOL          87.0  3/6  $  68.890000  -0.70%  $  377.5  1D= 48  12H= 78  6H=117  4H=139  2H= 65  1H= 38
   26 SKY          87.0  3/6  $   0.055910  +1.60%  $    1.6  1D= 50  12H= 60  6H= 75  4H=147  2H=125  1H=127
   27 LAB          86.8  3/6  $   9.449000  +1.62%  $   13.4  1D=106  12H= 43  6H= 67  4H= 96  2H=138  1H= 75
   28 M            86.6  3/6  $   3.022200  -0.98%  $    1.4  1D= 74  12H=100  6H= 85  4H=102  2H= 65  1H= 60
   29 BANANAS31    86.3  4/6  $   0.007710 +37.19%  $   12.3  1D= 19  12H= 72  6H=111  4H=114  2H=142  1H=158
   30 BREV         86.2  2/6  $   0.080870  +3.44%  $    2.9  1D= 53  12H= 77  6H= 69  4H=102  2H=122  1H=137
   31 MNT          86.0  4/6  $   0.556800  +0.64%  $    4.2  1D= 26  12H= 78  6H=101  4H=133  2H=124  1H= 81
   32 ZEC          85.9  1/6  $ 420.590000  +3.02%  $  134.4  1D= 41  12H= 75  6H= 60  4H= 93  2H= 96  1H=119
   33 BERA         85.8  2/6  $   0.261100  -3.37%  $    1.9  1D= 75  12H= 74  6H= 84  4H= 91  2H= 48  1H= 60
   34 EDEN         85.3  3/6  $   0.039680 +12.10%  $    2.5  1D= 45  12H= 60  6H= 97  4H= 94  2H=139  1H=154
   35 TON          85.0  3/6  $   1.720600  -3.01%  $   17.8  1D= 68  12H= 62  6H= 68  4H=131  2H= 64  1H= 80
   36 SEI          84.5  3/6  $   0.054420  -1.92%  $    5.2  1D= 45  12H= 64  6H= 97  4H=134  2H= 93  1H= 53
   37 ENSO         84.5  3/6  $   0.647300  -3.15%  $    1.9  1D= 73  12H= 74  6H=103  4H=108  2H= 73  1H= 38
   38 KAIA         84.0  2/6  $   0.036870  +2.92%  $    1.3  1D= 42  12H= 91  6H= 75  4H=120  2H=121  1H=103
   39 TSTBSC       83.9  1/6  $   0.015998  -9.84%  $    3.9  1D=103  12H= 95  6H= 54  4H= 66  2H= 63  1H= 55
   40 KITE         83.9  3/6  $   0.193400  -3.67%  $    1.3  1D=108  12H= 71  6H= 99  4H=103  2H= 48  1H= 34
   41 EPIC         83.9  4/6  $   0.530700  -5.47%  $    1.0  1D=117  12H= 98  6H= 59  4H= 82  2H= 40  1H= 36
   42 CC           83.8  5/6  $   0.162730  -1.42%  $    1.7  1D=127  12H= 61  6H= 74  4H= 37  2H= 60  1H=102
   43 SHIB1000     83.5  3/6  $   0.005010  -1.85%  $    4.8  1D= 61  12H= 68  6H=111  4H=118  2H= 81  1H= 38
   44 ARC          83.2  2/6  $   0.089320 -10.01%  $    1.1  1D=140  12H=115  6H= 32  4H= 33  2H= 24  1H= 34
   45 PUMPFUN      83.1  3/6  $   0.001537  -1.86%  $    9.5  1D= 64  12H= 76  6H= 74  4H=132  2H= 55  1H= 55
   46 ME           82.9  2/6  $   0.063190  -3.87%  $    1.5  1D= 83  12H= 85  6H= 78  4H=100  2H= 53  1H= 46
   47 XMR          82.7  2/6  $ 338.620000  -0.88%  $   13.2  1D= 97  12H=103  6H= 71  4H= 49  2H= 36  1H= 56
   48 TIA          82.4  4/6  $   0.345900  -1.87%  $    4.5  1D= 45  12H= 68  6H=115  4H=126  2H= 63  1H= 75
   49 STX          82.1  2/6  $   0.184700  +1.03%  $    1.5  1D= 46  12H= 85  6H= 85  4H=125  2H= 99  1H= 88
   50 ARKM         81.6  2/6  $   0.129100  -1.09%  $    1.5  1D= 63  12H= 67  6H= 80  4H=119  2H= 82  1H= 39

================================================================================
2026-06-14 20:43:24,885 [INFO]   Saved → trend_v3_LATEST.txt, trend_v3_LATEST.json, trend_v3_20260614_204324.txt
2026-06-14 21:23:33,976 [INFO] ================================================================
2026-06-14 21:23:33,977 [INFO] TREND SCANNER v3.0
2026-06-14 21:23:33,977 [INFO] ================================================================
2026-06-14 21:23:33,977 [INFO] Building universe (Bybit perps)...
2026-06-14 21:23:34,522 [INFO]   Universe (post-filter): 219 coins
2026-06-14 21:23:34,522 [INFO] Fetching BTC 1D for regime detection...
2026-06-14 21:23:34,555 [INFO]   Regime: BULL  |  BTC 7d +5.87%  |  24h +1.38%
2026-06-14 21:23:34,556 [INFO] Scanning 219 coins across 6 timeframes...
2026-06-14 21:23:34,556 [INFO] (this is the slowest scanner — first run ~10min, subsequent ~2-3min)
2026-06-14 21:23:41,127 [INFO]   ...20/219  (surfaced: 15)
2026-06-14 21:23:45,798 [INFO]   ...40/219  (surfaced: 25)
2026-06-14 21:23:50,593 [INFO]   ...60/219  (surfaced: 39)
2026-06-14 21:23:54,629 [INFO]   ...80/219  (surfaced: 48)
2026-06-14 21:24:03,716 [INFO]   ...120/219  (surfaced: 75)
2026-06-14 21:24:08,463 [INFO]   ...140/219  (surfaced: 86)
2026-06-14 21:24:12,796 [INFO]   ...160/219  (surfaced: 100)
2026-06-14 21:24:17,290 [INFO]   ...180/219  (surfaced: 110)
2026-06-14 21:24:22,216 [INFO]   ...200/219  (surfaced: 122)
2026-06-14 21:24:28,820 [INFO] Done in 55s  |  scanned=202  failed=17  strong=11  long=42  watch=50
2026-06-14 21:24:28,822 [INFO] 
================================================================================
  TREND SCANNER v3.0  —  multi-timeframe confirmation + trade plans
  Generated  : 2026-06-14 21:24:28
  Universe   : 219 Bybit perps  |  Scanned: 202
  Scan time  : 55s
================================================================================

  Regime     : 🟢 BULL
               BTC 7d +5.87%  |  24h +1.38%  |  $64,458

  Account    : $100,000  |  Risk/trade: 1.5%

  Tiers (bull):  STRONG ≥ 130 & ST≥4  |  LONG ≥ 100 & ST≥3  |  WATCH ≥ 70

  TF weights : 1D×0.28 · 12H×0.2 · 6H×0.15 · 4H×0.15 · 2H×0.12 · 1H×0.1

--------------------------------------------------------------------------------
  STRONG  —  11 coin(s)  (highest conviction, full position)
--------------------------------------------------------------------------------

  [ 1] JCT         score= 145.4  ST=6/6  price=$0.006911      24h= -1.29%  vol=$ 19.1M
       TF:  1D=154  12H=176  6H=135  4H=143  2H=109  1H= 73
       Bonuses: RS vs BTC 7d +39.1%  (+5 pts)
       Entry: $0.006911  |  Stop: $0.005874 (-15.00%)  |  Risk: $1500 (1.50% acct)
       Position: $10000 (10.00% acct, qty 1446989.5383)
       TP1: $0.008466 (+22.5%, 1.5R, sell 40%)
       TP2: $0.010021 (+45.0%, 3.0R, sell 35%)
       TP3: $0.012094 (+75.0%, 5.0R, sell 25%)

  [ 2] OPEN        score= 140.8  ST=6/6  price=$0.240890      24h= -0.37%  vol=$  3.5M
       TF:  1D=140  12H=154  6H=149  4H=163  2H=104  1H= 65
       Bonuses: RS vs BTC 7d +28.7%  (+5 pts)
       Entry: $0.240890  |  Stop: $0.206043 (-14.47%)  |  Risk: $1500 (1.50% acct)
       Position: $10369 (10.37% acct, qty 43045.1359)
       TP1: $0.293161 (+21.7%, 1.5R, sell 40%)
       TP2: $0.345431 (+43.4%, 3.0R, sell 35%)
       TP3: $0.415126 (+72.3%, 5.0R, sell 25%)

  [ 3] EVAA        score= 140.7  ST=5/6  price=$0.389800      24h=+65.69%  vol=$ 11.6M
       TF:  1D= 94  12H=120  6H=154  4H=154  2H=147  1H=165
       Bonuses: RSI div 1D (bullish) | RS vs BTC 7d +12.4%  (+10 pts)
       Entry: $0.389800  |  Stop: $0.331330 (-15.00%)  |  Risk: $1500 (1.50% acct)
       Position: $10000 (10.00% acct, qty 25654.1816)
       TP1: $0.477505 (+22.5%, 1.5R, sell 40%)
       TP2: $0.565210 (+45.0%, 3.0R, sell 35%)
       TP3: $0.682150 (+75.0%, 5.0R, sell 25%)

  [ 4] MEGA        score= 140.5  ST=6/6  price=$0.062640      24h= +7.00%  vol=$ 37.7M
       TF:  1D=122  12H=105  6H=129  4H=141  2H=150  1H=148
       Bonuses: RSI div 1D (bullish) | 1H pre-pump (obv_divergence) | RS vs BTC 7d +34.6%  (+12 pts)
       Entry: $0.062640  |  Stop: $0.053244 (-15.00%)  |  Risk: $1500 (1.50% acct)
       Position: $10000 (10.00% acct, qty 159642.4010)
       TP1: $0.076734 (+22.5%, 1.5R, sell 40%)
       TP2: $0.090828 (+45.0%, 3.0R, sell 35%)
       TP3: $0.109620 (+75.0%, 5.0R, sell 25%)

  [ 5] LIT         score= 138.2  ST=6/6  price=$1.630800      24h= -1.46%  vol=$  6.9M
       TF:  1D=127  12H=133  6H=128  4H=153  2H= 88  1H=113
       Bonuses: 1H pre-pump (bb_squeeze, obv_stealth_accum) | RS vs BTC 7d +8.7% | funding -0.0419%/8h  (+12 pts)
       Entry: $1.630800  |  Stop: $1.386180 (-15.00%)  |  Risk: $1500 (1.50% acct)
       Position: $10000 (10.00% acct, qty 6131.9598)
       TP1: $1.997730 (+22.5%, 1.5R, sell 40%)
       TP2: $2.364660 (+45.0%, 3.0R, sell 35%)
       TP3: $2.853900 (+75.0%, 5.0R, sell 25%)

  [ 6] MEME        score= 136.8  ST=6/6  price=$0.000560      24h= +8.93%  vol=$  4.6M
       TF:  1D=112  12H=131  6H=146  4H=165  2H=137  1H=132
       Bonuses: RSI div 1D (hidden_bullish)  (+3 pts)
       Entry: $0.000560  |  Stop: $0.000476 (-15.00%)  |  Risk: $1500 (1.50% acct)
       Position: $10000 (10.00% acct, qty 17860332.2022)
       TP1: $0.000686 (+22.5%, 1.5R, sell 40%)
       TP2: $0.000812 (+45.0%, 3.0R, sell 35%)
       TP3: $0.000980 (+75.0%, 5.0R, sell 25%)

  [ 7] ROAM        score= 136.7  ST=5/6  price=$0.006783      24h=+29.09%  vol=$  5.4M
       TF:  1D=118  12H=134  6H=124  4H=148  2H=139  1H=144
       Bonuses: RS vs BTC 7d +18.1%  (+5 pts)
       Entry: $0.006783  |  Stop: $0.005766 (-15.00%)  |  Risk: $1500 (1.50% acct)
       Position: $10000 (10.00% acct, qty 1474273.9201)
       TP1: $0.008309 (+22.5%, 1.5R, sell 40%)
       TP2: $0.009835 (+45.0%, 3.0R, sell 35%)
       TP3: $0.011870 (+75.0%, 5.0R, sell 25%)

  [ 8] WLD         score= 136.3  ST=6/6  price=$0.501400      24h= +0.44%  vol=$109.7M
       TF:  1D=116  12H=122  6H=125  4H=153  2H=109  1H=126
       Bonuses: RSI div 1D (hidden_bullish) | 1H pre-pump (bb_squeeze, obv_stealth_accum) | RS vs BTC 7d +15.4%  (+12 pts)
       Entry: $0.501400  |  Stop: $0.426190 (-15.00%)  |  Risk: $1500 (1.50% acct)
       Position: $10000 (10.00% acct, qty 19944.1564)
       TP1: $0.614215 (+22.5%, 1.5R, sell 40%)
       TP2: $0.727030 (+45.0%, 3.0R, sell 35%)
       TP3: $0.877450 (+75.0%, 5.0R, sell 25%)

  [ 9] JELLYJELLY  score= 133.1  ST=5/6  price=$0.057030      24h=+32.55%  vol=$ 12.7M
       TF:  1D= 83  12H=134  6H=154  4H=150  2H=141  1H=155
       Bonuses: RS vs BTC 7d +1.8%  (+5 pts)
       Entry: $0.057030  |  Stop: $0.048475 (-15.00%)  |  Risk: $1500 (1.50% acct)
       Position: $10000 (10.00% acct, qty 175346.3090)
       TP1: $0.069862 (+22.5%, 1.5R, sell 40%)
       TP2: $0.082694 (+45.0%, 3.0R, sell 35%)
       TP3: $0.099803 (+75.0%, 5.0R, sell 25%)

  [10] TAO         score= 132.8  ST=6/6  price=$262.760000    24h= +3.24%  vol=$140.2M
       TF:  1D=130  12H=123  6H=136  4H=153  2H=124  1H= 86
       Bonuses: RS vs BTC 7d +29.8%  (+5 pts)
       Entry: $262.760000  |  Stop: $230.005357 (-12.47%)  |  Risk: $1500 (1.50% acct)
       Position: $12033 (12.03% acct, qty 45.7950)
       TP1: $311.891964 (+18.7%, 1.5R, sell 40%)
       TP2: $361.023929 (+37.4%, 3.0R, sell 35%)
       TP3: $426.533214 (+62.3%, 5.0R, sell 25%)

  [11] SQD         score= 130.8  ST=6/6  price=$0.041000      24h= -4.63%  vol=$  1.3M
       TF:  1D=111  12H=143  6H=140  4H=122  2H=114  1H= 81
       Bonuses: RSI div 1D (bullish) | RS vs BTC 7d +34.2%  (+10 pts)
       Entry: $0.041000  |  Stop: $0.034850 (-15.00%)  |  Risk: $1500 (1.50% acct)
       Position: $10000 (10.00% acct, qty 243902.4390)
       TP1: $0.050225 (+22.5%, 1.5R, sell 40%)
       TP2: $0.059450 (+45.0%, 3.0R, sell 35%)
       TP3: $0.071750 (+75.0%, 5.0R, sell 25%)

--------------------------------------------------------------------------------
  LONG  —  42 coin(s)  (tradeable trend)
--------------------------------------------------------------------------------

  [ 1] CLO         score= 127.9  ST=3/6  price=$0.139890      24h=+35.57%  vol=$ 13.9M
       TF:  1D=140  12H=103  6H=124  4H=116  2H=146  1H=146
       Entry: $0.139890  |  Stop: $0.118906 (-15.00%)  |  Risk: $1500 (1.50% acct)
       Position: $10000 (10.00% acct, qty 71484.7380)
       TP1: $0.171365 (+22.5%, 1.5R, sell 40%)
       TP2: $0.202841 (+45.0%, 3.0R, sell 35%)
       TP3: $0.244808 (+75.0%, 5.0R, sell 25%)

  [ 2] KAITO       score= 127.4  ST=4/6  price=$0.482800      24h= +3.46%  vol=$ 12.0M
       TF:  1D=101  12H=136  6H=119  4H=141  2H=138  1H=114
       Bonuses: RS vs BTC 7d +2.4%  (+5 pts)
       Entry: $0.482800  |  Stop: $0.434039 (-10.10%)  |  Risk: $1500 (1.50% acct)
       Position: $14852 (14.85% acct, qty 30762.4698)
       TP1: $0.555941 (+15.2%, 1.5R, sell 40%)
       TP2: $0.629082 (+30.3%, 3.0R, sell 35%)
       TP3: $0.726604 (+50.5%, 5.0R, sell 25%)

  [ 3] ATOM        score= 125.4  ST=6/6  price=$1.948000      24h= +0.98%  vol=$  8.8M
       TF:  1D=105  12H=118  6H=119  4H=111  2H=125  1H=129
       Bonuses: 1H pre-pump (obv_stealth_accum) | RS vs BTC 7d +13.9% | funding -0.0325%/8h  (+10 pts)
       Entry: $1.948000  |  Stop: $1.753150 (-10.00%)  |  Risk: $1500 (1.50% acct)
       Position: $14996 (15.00% acct, qty 7698.2294)
       TP1: $2.240275 (+15.0%, 1.5R, sell 40%)
       TP2: $2.532550 (+30.0%, 3.0R, sell 35%)
       TP3: $2.922250 (+50.0%, 5.0R, sell 25%)

  [ 4] NOT         score= 124.3  ST=5/6  price=$0.000478      24h= -4.55%  vol=$  5.3M
       TF:  1D= 86  12H=135  6H=138  4H=149  2H=147  1H= 75
       Bonuses: RS vs BTC 7d +23.1%  (+5 pts)
       Entry: $0.000478  |  Stop: $0.000408 (-14.64%)  |  Risk: $1500 (1.50% acct)
       Position: $10249 (10.25% acct, qty 21423106.3504)
       TP1: $0.000583 (+21.9%, 1.5R, sell 40%)
       TP2: $0.000688 (+43.9%, 3.0R, sell 35%)
       TP3: $0.000828 (+73.2%, 5.0R, sell 25%)

  [ 5] MMT         score= 123.5  ST=6/6  price=$0.129940      24h= -4.99%  vol=$  2.3M
       TF:  1D=115  12H=123  6H=123  4H=135  2H=109  1H= 79
       Bonuses: 1H pre-pump (obv_stealth_accum) | RS vs BTC 7d +18.0%  (+7 pts)
       Entry: $0.129940  |  Stop: $0.115716 (-10.95%)  |  Risk: $1500 (1.50% acct)
       Position: $13703 (13.70% acct, qty 105453.4498)
       TP1: $0.151276 (+16.4%, 1.5R, sell 40%)
       TP2: $0.172613 (+32.8%, 3.0R, sell 35%)
       TP3: $0.201061 (+54.7%, 5.0R, sell 25%)

  [ 6] AKT         score= 121.9  ST=5/6  price=$0.712200      24h= +7.12%  vol=$  4.8M
       TF:  1D= 78  12H=106  6H=142  4H=135  2H=150  1H=143
       Bonuses: RS vs BTC 7d +16.2%  (+5 pts)
       Entry: $0.712200  |  Stop: $0.605370 (-15.00%)  |  Risk: $1500 (1.50% acct)
       Position: $10000 (10.00% acct, qty 14040.9997)
       TP1: $0.872445 (+22.5%, 1.5R, sell 40%)
       TP2: $1.032690 (+45.0%, 3.0R, sell 35%)
       TP3: $1.246350 (+75.0%, 5.0R, sell 25%)

  [ 7] JASMY       score= 120.9  ST=4/6  price=$0.005097      24h= +6.67%  vol=$  7.0M
       TF:  1D= 71  12H=103  6H=139  4H=139  2H=134  1H=156
       Bonuses: 1H pre-pump (obv_stealth_accum) | RS vs BTC 7d +5.5%  (+7 pts)
       Entry: $0.005097  |  Stop: $0.004545 (-10.82%)  |  Risk: $1500 (1.50% acct)
       Position: $13861 (13.86% acct, qty 2719502.7195)
       TP1: $0.005924 (+16.2%, 1.5R, sell 40%)
       TP2: $0.006752 (+32.5%, 3.0R, sell 35%)
       TP3: $0.007855 (+54.1%, 5.0R, sell 25%)

  [ 8] PUFFER      score= 119.8  ST=4/6  price=$0.015200      24h=+50.48%  vol=$  3.2M
       TF:  1D= 71  12H= 92  6H=141  4H=153  2H=154  1H=159
       Bonuses: funding -1.5127%/8h  (+3 pts)
       Entry: $0.015200  |  Stop: $0.012974 (-14.65%)  |  Risk: $1500 (1.50% acct)
       Position: $10241 (10.24% acct, qty 673724.7353)
       TP1: $0.018540 (+22.0%, 1.5R, sell 40%)
       TP2: $0.021879 (+43.9%, 3.0R, sell 35%)
       TP3: $0.026332 (+73.2%, 5.0R, sell 25%)

  [ 9] XPL         score= 118.3  ST=5/6  price=$0.087040      24h= -1.27%  vol=$ 22.2M
       TF:  1D=100  12H=104  6H=144  4H=157  2H= 89  1H= 67
       Bonuses: 1H pre-pump (bb_squeeze) | RS vs BTC 7d +27.0%  (+7 pts)
       Entry: $0.087040  |  Stop: $0.073984 (-15.00%)  |  Risk: $1500 (1.50% acct)
       Position: $10000 (10.00% acct, qty 114889.7059)
       TP1: $0.106624 (+22.5%, 1.5R, sell 40%)
       TP2: $0.126208 (+45.0%, 3.0R, sell 35%)
       TP3: $0.152320 (+75.0%, 5.0R, sell 25%)

  [10] PARTI       score= 117.6  ST=6/6  price=$0.060670      24h= -5.18%  vol=$  1.2M
       TF:  1D=131  12H=141  6H=117  4H=108  2H= 75  1H= 30
       Bonuses: RSI div 1D (bullish) | 1H pre-pump (bb_squeeze)  (+7 pts)
       Entry: $0.060670  |  Stop: $0.051569 (-15.00%)  |  Risk: $1500 (1.50% acct)
       Position: $10000 (10.00% acct, qty 164826.1085)
       TP1: $0.074321 (+22.5%, 1.5R, sell 40%)
       TP2: $0.087971 (+45.0%, 3.0R, sell 35%)
       TP3: $0.106173 (+75.0%, 5.0R, sell 25%)

  [11] AT          score= 116.5  ST=3/6  price=$0.132760      24h= -1.53%  vol=$  1.4M
       TF:  1D=109  12H=102  6H=109  4H= 88  2H=121  1H=135
       Bonuses: RSI div 1D (hidden_bullish) | RS vs BTC 7d +0.2%  (+8 pts)
       Entry: $0.132760  |  Stop: $0.114368 (-13.85%)  |  Risk: $1500 (1.50% acct)
       Position: $10827 (10.83% acct, qty 81556.5653)
       TP1: $0.160348 (+20.8%, 1.5R, sell 40%)
       TP2: $0.187936 (+41.6%, 3.0R, sell 35%)
       TP3: $0.224721 (+69.3%, 5.0R, sell 25%)

  [12] TRUTH       score= 116.2  ST=3/6  price=$0.012075      24h=+10.15%  vol=$  5.3M
       TF:  1D= 86  12H=135  6H=134  4H=119  2H= 96  1H= 77
       Bonuses: RSI div 1D (hidden_bullish) | RS vs BTC 7d +4.5%  (+8 pts)
       Entry: $0.012075  |  Stop: $0.010301 (-14.69%)  |  Risk: $1500 (1.50% acct)
       Position: $10208 (10.21% acct, qty 845359.5797)
       TP1: $0.014737 (+22.0%, 1.5R, sell 40%)
       TP2: $0.017398 (+44.1%, 3.0R, sell 35%)
       TP3: $0.020947 (+73.5%, 5.0R, sell 25%)

  [13] BRETT       score= 114.2  ST=5/6  price=$0.006708      24h= +1.96%  vol=$  3.8M
       TF:  1D= 86  12H=115  6H=128  4H=151  2H=106  1H= 75
       Bonuses: RS vs BTC 7d +22.6%  (+5 pts)
       Entry: $0.006708  |  Stop: $0.005702 (-15.00%)  |  Risk: $1500 (1.50% acct)
       Position: $10000 (10.00% acct, qty 1490757.3047)
       TP1: $0.008217 (+22.5%, 1.5R, sell 40%)
       TP2: $0.009727 (+45.0%, 3.0R, sell 35%)
       TP3: $0.011739 (+75.0%, 5.0R, sell 25%)

  [14] APEX        score= 114.2  ST=5/6  price=$0.262100      24h=+12.78%  vol=$  1.6M
       TF:  1D= 54  12H=122  6H=127  4H=147  2H=147  1H=159
       Entry: $0.262100  |  Stop: $0.236086 (-9.93%)  |  Risk: $1500 (1.50% acct)
       Position: $15113 (15.11% acct, qty 57660.6260)
       TP1: $0.301121 (+14.9%, 1.5R, sell 40%)
       TP2: $0.340143 (+29.8%, 3.0R, sell 35%)
       TP3: $0.392171 (+49.6%, 5.0R, sell 25%)

  [15] KAS         score= 112.1  ST=3/6  price=$0.031350      24h= +1.41%  vol=$  2.0M
       TF:  1D=107  12H= 86  6H=124  4H= 93  2H=139  1H=137
       Bonuses: 1H pre-pump (bb_squeeze)  (+2 pts)
       Entry: $0.031350  |  Stop: $0.027928 (-10.92%)  |  Risk: $1500 (1.50% acct)
       Position: $13741 (13.74% acct, qty 438321.8535)
       TP1: $0.036483 (+16.4%, 1.5R, sell 40%)
       TP2: $0.041616 (+32.8%, 3.0R, sell 35%)
       TP3: $0.048461 (+54.6%, 5.0R, sell 25%)

  [16] LA          score= 111.9  ST=3/6  price=$0.074040      24h= +5.27%  vol=$  2.4M
       TF:  1D= 77  12H= 81  6H= 99  4H=145  2H=138  1H=160
       Bonuses: 1H pre-pump (obv_stealth_accum) | funding -0.0108%/8h  (+5 pts)
       Entry: $0.074040  |  Stop: $0.062934 (-15.00%)  |  Risk: $1500 (1.50% acct)
       Position: $10000 (10.00% acct, qty 135062.1286)
       TP1: $0.090699 (+22.5%, 1.5R, sell 40%)
       TP2: $0.107358 (+45.0%, 3.0R, sell 35%)
       TP3: $0.129570 (+75.0%, 5.0R, sell 25%)

  [17] SOON        score= 111.9  ST=5/6  price=$0.173200      24h= -1.94%  vol=$  1.1M
       TF:  1D= 99  12H=159  6H=111  4H=126  2H= 84  1H= 68
       Entry: $0.173200  |  Stop: $0.150043 (-13.37%)  |  Risk: $1500 (1.50% acct)
       Position: $11219 (11.22% acct, qty 64775.8294)
       TP1: $0.207935 (+20.1%, 1.5R, sell 40%)
       TP2: $0.242670 (+40.1%, 3.0R, sell 35%)
       TP3: $0.288984 (+66.8%, 5.0R, sell 25%)

  [18] BLUAI       score= 111.5  ST=5/6  price=$0.011341      24h=+23.84%  vol=$  3.6M
       TF:  1D= 78  12H=105  6H= 94  4H=141  2H=135  1H=142
       Bonuses: RSI div 1D (hidden_bullish)  (+3 pts)
       Entry: $0.011341  |  Stop: $0.009640 (-15.00%)  |  Risk: $1500 (1.50% acct)
       Position: $10000 (10.00% acct, qty 881756.4589)
       TP1: $0.013893 (+22.5%, 1.5R, sell 40%)
       TP2: $0.016444 (+45.0%, 3.0R, sell 35%)
       TP3: $0.019847 (+75.0%, 5.0R, sell 25%)

  [19] BABY        score= 111.3  ST=6/6  price=$0.014720      24h=+15.13%  vol=$  4.8M
       TF:  1D= 73  12H= 99  6H=115  4H=113  2H=154  1H=154
       Bonuses: funding -0.0571%/8h  (+3 pts)
       Entry: $0.014720  |  Stop: $0.012512 (-15.00%)  |  Risk: $1500 (1.50% acct)
       Position: $10000 (10.00% acct, qty 679347.8261)
       TP1: $0.018032 (+22.5%, 1.5R, sell 40%)
       TP2: $0.021344 (+45.0%, 3.0R, sell 35%)
       TP3: $0.025760 (+75.0%, 5.0R, sell 25%)

  [20] STABLE      score= 109.7  ST=3/6  price=$0.036398      24h= -1.51%  vol=$  1.0M
       TF:  1D= 95  12H= 81  6H=131  4H=110  2H= 97  1H= 61
       Bonuses: RSI div 1D (bullish) | RS vs BTC 7d +1.3% | funding -0.0121%/8h  (+13 pts)
       Entry: $0.036398  |  Stop: $0.031043 (-14.71%)  |  Risk: $1500 (1.50% acct)
       Position: $10195 (10.20% acct, qty 280106.4404)
       TP1: $0.044431 (+22.1%, 1.5R, sell 40%)
       TP2: $0.052463 (+44.1%, 3.0R, sell 35%)
       TP3: $0.063174 (+73.6%, 5.0R, sell 25%)

  [21] PYTH        score= 109.4  ST=5/6  price=$0.038070      24h= -0.05%  vol=$  4.4M
       TF:  1D= 67  12H=109  6H=136  4H=146  2H=121  1H= 70
       Bonuses: RS vs BTC 7d +16.0%  (+5 pts)
       Entry: $0.038070  |  Stop: $0.032771 (-13.92%)  |  Risk: $1500 (1.50% acct)
       Position: $10776 (10.78% acct, qty 283057.0158)
       TP1: $0.046019 (+20.9%, 1.5R, sell 40%)
       TP2: $0.053968 (+41.8%, 3.0R, sell 35%)
       TP3: $0.064566 (+69.6%, 5.0R, sell 25%)

  [22] VVV         score= 109.1  ST=4/6  price=$16.610000     24h= -0.83%  vol=$ 15.3M
       TF:  1D=115  12H= 90  6H=108  4H=131  2H= 69  1H=108
       Bonuses: 1H pre-pump (obv_divergence, obv_stealth_accum)  (+4 pts)
       Entry: $16.610000  |  Stop: $14.118500 (-15.00%)  |  Risk: $1500 (1.50% acct)
       Position: $10000 (10.00% acct, qty 602.0470)
       TP1: $20.347250 (+22.5%, 1.5R, sell 40%)
       TP2: $24.084500 (+45.0%, 3.0R, sell 35%)
       TP3: $29.067500 (+75.0%, 5.0R, sell 25%)

  [23] COAI        score= 109.0  ST=4/6  price=$0.419600      24h=-42.57%  vol=$ 60.0M
       TF:  1D=119  12H=122  6H=121  4H=119  2H= 36  1H= 30
       Bonuses: RSI div 1D (hidden_bullish) | RS vs BTC 7d +84.2%  (+8 pts)
       Entry: $0.419600  |  Stop: $0.356660 (-15.00%)  |  Risk: $1500 (1.50% acct)
       Position: $10000 (10.00% acct, qty 23832.2212)
       TP1: $0.514010 (+22.5%, 1.5R, sell 40%)
       TP2: $0.608420 (+45.0%, 3.0R, sell 35%)
       TP3: $0.734300 (+75.0%, 5.0R, sell 25%)

  [24] ZKC         score= 108.6  ST=5/6  price=$0.049110      24h=+18.88%  vol=$ 18.9M
       TF:  1D= 53  12H=114  6H=124  4H=134  2H=143  1H=121
       Bonuses: funding -0.4522%/8h  (+3 pts)
       Entry: $0.049110  |  Stop: $0.042724 (-13.00%)  |  Risk: $1500 (1.50% acct)
       Position: $11536 (11.54% acct, qty 234899.3289)
       TP1: $0.058689 (+19.5%, 1.5R, sell 40%)
       TP2: $0.068267 (+39.0%, 3.0R, sell 35%)
       TP3: $0.081039 (+65.0%, 5.0R, sell 25%)

  [25] HYPE        score= 108.3  ST=3/6  price=$60.665000     24h= +1.02%  vol=$196.2M
       TF:  1D= 82  12H=110  6H= 87  4H=140  2H= 86  1H=100
       Bonuses: 1H pre-pump (bb_squeeze, obv_stealth_accum) | RS vs BTC 7d +1.5%  (+9 pts)
       Entry: $60.665000  |  Stop: $51.565250 (-15.00%)  |  Risk: $1500 (1.50% acct)
       Position: $10000 (10.00% acct, qty 164.8397)
       TP1: $74.314625 (+22.5%, 1.5R, sell 40%)
       TP2: $87.964250 (+45.0%, 3.0R, sell 35%)
       TP3: $106.163750 (+75.0%, 5.0R, sell 25%)

  [26] ALT         score= 107.1  ST=4/6  price=$0.006607      24h= +0.69%  vol=$  2.3M
       TF:  1D= 73  12H= 60  6H=133  4H=130  2H=117  1H=102
       Bonuses: 1H pre-pump (bb_squeeze, obv_divergence, obv_stealth_accum) | RS vs BTC 7d +10.8%  (+11 pts)
       Entry: $0.006607  |  Stop: $0.005700 (-13.73%)  |  Risk: $1500 (1.50% acct)
       Position: $10925 (10.92% acct, qty 1653478.2095)
       TP1: $0.007968 (+20.6%, 1.5R, sell 40%)
       TP2: $0.009329 (+41.2%, 3.0R, sell 35%)
       TP3: $0.011143 (+68.7%, 5.0R, sell 25%)

  [27] TRUMP       score= 107.0  ST=5/6  price=$2.184000      24h=-12.20%  vol=$ 66.8M
       TF:  1D=123  12H=125  6H=119  4H= 97  2H= 44  1H= 19
       Bonuses: RS vs BTC 7d +32.7% | funding -0.0118%/8h  (+8 pts)
       Entry: $2.184000  |  Stop: $1.913357 (-12.39%)  |  Risk: $1500 (1.50% acct)
       Position: $12105 (12.10% acct, qty 5542.3595)
       TP1: $2.589964 (+18.6%, 1.5R, sell 40%)
       TP2: $2.995929 (+37.2%, 3.0R, sell 35%)
       TP3: $3.537214 (+62.0%, 5.0R, sell 25%)

  [28] IO          score= 106.8  ST=5/6  price=$0.179850      24h= -6.24%  vol=$  2.1M
       TF:  1D=133  12H=124  6H=103  4H= 93  2H= 44  1H= 31
       Bonuses: 1H pre-pump (obv_stealth_accum) | RS vs BTC 7d +26.8%  (+7 pts)
       Entry: $0.179850  |  Stop: $0.152872 (-15.00%)  |  Risk: $1500 (1.50% acct)
       Position: $10000 (10.00% acct, qty 55601.8905)
       TP1: $0.220316 (+22.5%, 1.5R, sell 40%)
       TP2: $0.260782 (+45.0%, 3.0R, sell 35%)
       TP3: $0.314738 (+75.0%, 5.0R, sell 25%)

  [29] EIGEN       score= 106.2  ST=4/6  price=$0.191860      24h= +5.71%  vol=$  8.2M
       TF:  1D= 48  12H= 77  6H=126  4H=147  2H=141  1H=125
       Bonuses: 1H pre-pump (obv_stealth_accum) | RS vs BTC 7d +13.2%  (+7 pts)
       Entry: $0.191860  |  Stop: $0.163081 (-15.00%)  |  Risk: $1500 (1.50% acct)
       Position: $10000 (10.00% acct, qty 52121.3385)
       TP1: $0.235029 (+22.5%, 1.5R, sell 40%)
       TP2: $0.278197 (+45.0%, 3.0R, sell 35%)
       TP3: $0.335755 (+75.0%, 5.0R, sell 25%)

  [30] ALLO        score= 105.9  ST=5/6  price=$0.366790      24h= -0.56%  vol=$ 10.9M
       TF:  1D=133  12H=126  6H= 83  4H= 64  2H= 84  1H=113
       Entry: $0.366790  |  Stop: $0.311771 (-15.00%)  |  Risk: $1500 (1.50% acct)
       Position: $10000 (10.00% acct, qty 27263.5568)
       TP1: $0.449318 (+22.5%, 1.5R, sell 40%)
       TP2: $0.531845 (+45.0%, 3.0R, sell 35%)
       TP3: $0.641883 (+75.0%, 5.0R, sell 25%)

  [31] BIO         score= 105.3  ST=3/6  price=$0.032320      24h= -3.08%  vol=$  3.7M
       TF:  1D= 83  12H= 80  6H=138  4H= 96  2H= 90  1H= 62
       Bonuses: RSI div 1D (bullish) | 1H pre-pump (obv_divergence, obv_stealth_accum) | RS vs BTC 7d +19.0%  (+14 pts)
       Entry: $0.032320  |  Stop: $0.027472 (-15.00%)  |  Risk: $1500 (1.50% acct)
       Position: $10000 (10.00% acct, qty 309405.9406)
       TP1: $0.039592 (+22.5%, 1.5R, sell 40%)
       TP2: $0.046864 (+45.0%, 3.0R, sell 35%)
       TP3: $0.056560 (+75.0%, 5.0R, sell 25%)

  [32] H           score= 105.0  ST=3/6  price=$0.341950      24h=+47.88%  vol=$399.5M
       TF:  1D= 69  12H=139  6H=119  4H=114  2H=130  1H= 43
       Bonuses: funding -1.2589%/8h  (+3 pts)
       Entry: $0.341950  |  Stop: $0.290658 (-15.00%)  |  Risk: $1500 (1.50% acct)
       Position: $10000 (10.00% acct, qty 29244.0415)
       TP1: $0.418889 (+22.5%, 1.5R, sell 40%)
       TP2: $0.495827 (+45.0%, 3.0R, sell 35%)
       TP3: $0.598413 (+75.0%, 5.0R, sell 25%)

  [33] GRASS       score= 105.0  ST=3/6  price=$0.390060      24h= +2.53%  vol=$  1.5M
       TF:  1D= 55  12H= 64  6H=120  4H=150  2H=104  1H=118
       Bonuses: RSI div 1D (hidden_bullish) | 1H pre-pump (bb_squeeze, obv_stealth_accum) | RS vs BTC 7d +10.6%  (+12 pts)
       Entry: $0.390060  |  Stop: $0.331551 (-15.00%)  |  Risk: $1500 (1.50% acct)
       Position: $10000 (10.00% acct, qty 25637.0815)
       TP1: $0.477824 (+22.5%, 1.5R, sell 40%)
       TP2: $0.565587 (+45.0%, 3.0R, sell 35%)
       TP3: $0.682605 (+75.0%, 5.0R, sell 25%)

  [34] CAKE        score= 104.5  ST=3/6  price=$1.350400      24h= +0.67%  vol=$  1.1M
       TF:  1D= 72  12H= 81  6H=129  4H=157  2H=109  1H= 72
       Bonuses: RS vs BTC 7d +5.3%  (+5 pts)
       Entry: $1.350400  |  Stop: $1.224754 (-9.30%)  |  Risk: $1500 (1.50% acct)
       Position: $16121 (16.12% acct, qty 11938.2621)
       TP1: $1.538870 (+14.0%, 1.5R, sell 40%)
       TP2: $1.727339 (+27.9%, 3.0R, sell 35%)
       TP3: $1.978632 (+46.5%, 5.0R, sell 25%)

  [35] ZKP         score= 104.0  ST=3/6  price=$0.056660      24h= +4.14%  vol=$  3.5M
       TF:  1D= 78  12H= 74  6H=125  4H=135  2H=107  1H= 55
       Bonuses: RSI div 1D (bullish) | RS vs BTC 7d +2.6%  (+10 pts)
       Entry: $0.056660  |  Stop: $0.050037 (-11.69%)  |  Risk: $1500 (1.50% acct)
       Position: $12834 (12.83% acct, qty 226500.5663)
       TP1: $0.066594 (+17.5%, 1.5R, sell 40%)
       TP2: $0.076527 (+35.1%, 3.0R, sell 35%)
       TP3: $0.089773 (+58.4%, 5.0R, sell 25%)

  [36] SENT        score= 103.7  ST=5/6  price=$0.015442      24h= -2.43%  vol=$  1.2M
       TF:  1D=117  12H=122  6H= 78  4H=106  2H= 41  1H= 70
       Bonuses: 1H pre-pump (bb_squeeze) | RS vs BTC 7d +17.1%  (+7 pts)
       Entry: $0.015442  |  Stop: $0.013126 (-15.00%)  |  Risk: $1500 (1.50% acct)
       Position: $10000 (10.00% acct, qty 647584.5098)
       TP1: $0.018916 (+22.5%, 1.5R, sell 40%)
       TP2: $0.022391 (+45.0%, 3.0R, sell 35%)
       TP3: $0.027023 (+75.0%, 5.0R, sell 25%)

  [37] SPX         score= 102.1  ST=4/6  price=$0.332100      24h= -0.94%  vol=$  2.3M
       TF:  1D= 85  12H= 78  6H=144  4H=147  2H= 92  1H= 30
       Bonuses: RS vs BTC 7d +6.2%  (+5 pts)
       Entry: $0.332100  |  Stop: $0.286532 (-13.72%)  |  Risk: $1500 (1.50% acct)
       Position: $10932 (10.93% acct, qty 32917.9403)
       TP1: $0.400452 (+20.6%, 1.5R, sell 40%)
       TP2: $0.468804 (+41.2%, 3.0R, sell 35%)
       TP3: $0.559939 (+68.6%, 5.0R, sell 25%)

  [38] BSB         score= 101.8  ST=4/6  price=$0.249200      24h=+11.28%  vol=$ 12.9M
       TF:  1D= 73  12H= 91  6H= 90  4H= 96  2H=134  1H=142
       Bonuses: RS vs BTC 7d +3.6%  (+5 pts)
       Entry: $0.249200  |  Stop: $0.211820 (-15.00%)  |  Risk: $1500 (1.50% acct)
       Position: $10000 (10.00% acct, qty 40128.4109)
       TP1: $0.305270 (+22.5%, 1.5R, sell 40%)
       TP2: $0.361340 (+45.0%, 3.0R, sell 35%)
       TP3: $0.436100 (+75.0%, 5.0R, sell 25%)

  [39] INX         score= 101.0  ST=4/6  price=$0.007491      24h= +1.53%  vol=$  1.2M
       TF:  1D= 67  12H=115  6H=108  4H=102  2H= 82  1H=109
       Bonuses: 1H pre-pump (obv_stealth_accum) | RS vs BTC 7d +2.4%  (+7 pts)
       Entry: $0.007491  |  Stop: $0.006367 (-15.00%)  |  Risk: $1500 (1.50% acct)
       Position: $10000 (10.00% acct, qty 1334935.2556)
       TP1: $0.009176 (+22.5%, 1.5R, sell 40%)
       TP2: $0.010862 (+45.0%, 3.0R, sell 35%)
       TP3: $0.013109 (+75.0%, 5.0R, sell 25%)

  [40] B3          score= 100.6  ST=4/6  price=$0.000556      24h= +4.27%  vol=$  3.1M
       TF:  1D= 45  12H= 97  6H=115  4H=153  2H=113  1H= 98
       Bonuses: RSI div 1D (bullish)  (+5 pts)
       Entry: $0.000556  |  Stop: $0.000472 (-15.00%)  |  Risk: $1500 (1.50% acct)
       Position: $10000 (10.00% acct, qty 17998560.1152)
       TP1: $0.000681 (+22.5%, 1.5R, sell 40%)
       TP2: $0.000806 (+45.0%, 3.0R, sell 35%)
       TP3: $0.000972 (+75.0%, 5.0R, sell 25%)

  [41] ORDI        score= 100.3  ST=4/6  price=$3.354000      24h= -2.05%  vol=$  5.7M
       TF:  1D= 74  12H= 77  6H=107  4H= 93  2H= 93  1H=110
       Bonuses: RSI div 1D (bullish) | 1H pre-pump (bb_squeeze) | RS vs BTC 7d +8.5%  (+12 pts)
       Entry: $3.354000  |  Stop: $2.850900 (-15.00%)  |  Risk: $1500 (1.50% acct)
       Position: $10000 (10.00% acct, qty 2981.5146)
       TP1: $4.108650 (+22.5%, 1.5R, sell 40%)
       TP2: $4.863300 (+45.0%, 3.0R, sell 35%)
       TP3: $5.869500 (+75.0%, 5.0R, sell 25%)

  [42] NEAR        score= 100.1  ST=3/6  price=$2.127000      24h= +0.53%  vol=$ 66.0M
       TF:  1D= 85  12H= 96  6H= 61  4H=120  2H= 92  1H= 89
       Bonuses: RSI div 1D (hidden_bullish) | 1H pre-pump (obv_stealth_accum) | RS vs BTC 7d +8.7%  (+10 pts)
       Entry: $2.127000  |  Stop: $1.807950 (-15.00%)  |  Risk: $1500 (1.50% acct)
       Position: $10000 (10.00% acct, qty 4701.4575)
       TP1: $2.605575 (+22.5%, 1.5R, sell 40%)
       TP2: $3.084150 (+45.0%, 3.0R, sell 35%)
       TP3: $3.722250 (+75.0%, 5.0R, sell 25%)

--------------------------------------------------------------------------------
  WATCH  —  50 coin(s)  (worth tracking)
--------------------------------------------------------------------------------
  #   Symbol      Score  ST         Price    24h%   Vol $M  TF breakdown
  ------------------------------------------------------------------------------
    1 XCN         100.6  2/6  $   0.004037  +0.22%  $    1.2  1D= 65  12H= 72  6H= 84  4H=153  2H=137  1H= 30
    2 ORCA         99.0  4/6  $   1.147300  -4.08%  $    2.6  1D=133  12H=108  6H= 96  4H= 75  2H= 33  1H= 36
    3 UAI          98.5  4/6  $   0.265870 +12.55%  $    1.9  1D=112  12H= 81  6H= 73  4H= 75  2H=111  1H=154
    4 CRV          98.0  4/6  $   0.237000  -2.31%  $    6.0  1D=121  12H=143  6H= 85  4H= 78  2H= 21  1H= 15
    5 BEAT         97.8  2/6  $   7.728600 -27.44%  $  125.0  1D=140  12H=146  6H= 45  4H= 33  2H= 34  1H= 26
    6 FOLKS        97.3  4/6  $   1.728800  +0.63%  $    1.5  1D=128  12H=107  6H= 96  4H= 41  2H= 63  1H= 69
    7 SKR          95.9  3/6  $   0.008921  +8.04%  $    8.0  1D= 39  12H=100  6H=127  4H=115  2H=120  1H= 73
    8 WLFI         95.5  5/6  $   0.058870  -0.43%  $    9.0  1D=114  12H= 82  6H= 99  4H= 83  2H= 57  1H= 90
    9 FIDA         95.0  5/6  $   0.022939  -2.72%  $    2.7  1D= 89  12H= 84  6H=110  4H=147  2H= 62  1H= 53
   10 BASED        95.0  5/6  $   0.069070  +0.59%  $    1.6  1D= 69  12H=125  6H= 76  4H= 81  2H=109  1H=140
   11 MITO         93.2  3/6  $   0.018400 +14.42%  $    6.0  1D= 38  12H=107  6H=114  4H=116  2H=125  1H= 97
   12 PENDLE       92.9  3/6  $   1.319000  -0.27%  $    3.8  1D= 67  12H= 75  6H=102  4H=141  2H= 86  1H= 44
   13 MORPHO       92.8  4/6  $   1.958700  +0.22%  $    1.1  1D=102  12H=121  6H=100  4H= 33  2H= 63  1H= 55
   14 PIPPIN       92.7  3/6  $   0.017990  +2.99%  $    5.7  1D=115  12H= 85  6H= 46  4H= 80  2H= 88  1H= 90
   15 JUP          92.7  3/6  $   0.173520  -1.61%  $    3.7  1D= 55  12H= 83  6H=119  4H=137  2H= 81  1H= 46
   16 AIO          92.6  2/6  $   0.130790 -18.25%  $    1.8  1D=142  12H=123  6H= 55  4H= 38  2H= 29  1H= 38
   17 ICP          92.3  3/6  $   2.506000  -6.11%  $   19.1  1D= 61  12H= 83  6H=109  4H=144  2H= 96  1H= 42
   18 AXL          91.4  3/6  $   0.048330  -4.93%  $    3.8  1D= 81  12H= 82  6H=120  4H= 92  2H= 65  1H= 27
   19 OP           90.3  4/6  $   0.106900  -2.18%  $    9.2  1D= 49  12H= 68  6H=117  4H=129  2H= 84  1H= 70
   20 NAORIS       89.5  2/6  $   0.035790  -8.87%  $    1.2  1D=133  12H=103  6H= 53  4H= 45  2H= 17  1H= 49
   21 ZORA         89.1  2/6  $   0.008343  -2.45%  $    1.4  1D= 41  12H= 84  6H= 79  4H=103  2H=140  1H=127
   22 LTC          89.0  3/6  $  44.310000  +1.30%  $   17.0  1D= 48  12H= 62  6H= 59  4H=143  2H=122  1H=112
   23 BERA         88.8  2/6  $   0.261100  -2.92%  $    1.8  1D= 75  12H= 74  6H= 84  4H= 91  2H= 48  1H= 60
   24 PNUT         87.9  3/6  $   0.044410  -1.93%  $    2.1  1D= 42  12H= 76  6H= 89  4H=138  2H= 88  1H= 73
   25 IRYS         87.4  2/6  $   0.018236  -1.10%  $    3.2  1D= 49  12H=101  6H=121  4H=120  2H= 69  1H= 41
   26 SOL          87.0  3/6  $  68.890000  -0.69%  $  378.4  1D= 48  12H= 78  6H=117  4H=139  2H= 65  1H= 38
   27 SKY          87.0  3/6  $   0.055910  +1.78%  $    1.5  1D= 50  12H= 60  6H= 75  4H=147  2H=125  1H=127
   28 LAB          86.8  3/6  $   9.449000  +2.97%  $   13.3  1D=106  12H= 43  6H= 67  4H= 96  2H=138  1H= 75
   29 VELVET       86.6  0/6  $   0.400010 -27.14%  $   48.4  1D=130  12H= 76  6H= 49  4H= 53  2H= 59  1H= 26
   30 M            86.6  3/6  $   3.022200  +0.02%  $    1.4  1D= 74  12H=100  6H= 85  4H=102  2H= 65  1H= 60
   31 BANANAS31    86.3  4/6  $   0.007710 +35.82%  $   13.0  1D= 19  12H= 72  6H=111  4H=114  2H=142  1H=158
   32 BREV         86.2  2/6  $   0.080870  +2.86%  $    2.9  1D= 53  12H= 77  6H= 69  4H=102  2H=122  1H=137
   33 MNT          86.0  4/6  $   0.556800  -0.14%  $    3.8  1D= 26  12H= 78  6H=101  4H=133  2H=124  1H= 81
   34 ZEC          85.9  1/6  $ 420.590000  +4.08%  $  134.8  1D= 41  12H= 75  6H= 60  4H= 93  2H= 96  1H=119
   35 ME           85.9  2/6  $   0.063190  -3.35%  $    1.5  1D= 83  12H= 85  6H= 78  4H=100  2H= 53  1H= 46
   36 EDEN         85.3  3/6  $   0.039680 +11.78%  $    2.5  1D= 45  12H= 60  6H= 97  4H= 94  2H=139  1H=154
   37 STX          85.1  2/6  $   0.184700  +2.39%  $    1.5  1D= 46  12H= 85  6H= 85  4H=125  2H= 99  1H= 88
   38 TON          85.0  3/6  $   1.720600  -2.22%  $   17.5  1D= 68  12H= 62  6H= 68  4H=131  2H= 64  1H= 80
   39 SEI          84.5  3/6  $   0.054420  -1.81%  $    5.2  1D= 45  12H= 64  6H= 97  4H=134  2H= 93  1H= 53
   40 ENSO         84.5  3/6  $   0.647300  -3.26%  $    1.9  1D= 73  12H= 74  6H=103  4H=108  2H= 73  1H= 38
   41 KAIA         84.0  2/6  $   0.036870  +2.94%  $    1.3  1D= 42  12H= 91  6H= 75  4H=120  2H=121  1H=103
   42 TSTBSC       83.9  1/6  $   0.015998 -10.39%  $    3.9  1D=103  12H= 95  6H= 54  4H= 66  2H= 63  1H= 55
   43 KITE         83.9  3/6  $   0.193400  -3.00%  $    1.3  1D=108  12H= 71  6H= 99  4H=103  2H= 48  1H= 34
   44 CC           83.8  5/6  $   0.162730  -1.53%  $    1.7  1D=127  12H= 61  6H= 74  4H= 37  2H= 60  1H=102
   45 SHIB1000     83.5  3/6  $   0.005010  -1.71%  $    4.7  1D= 61  12H= 68  6H=111  4H=118  2H= 81  1H= 38
   46 ARC          83.2  2/6  $   0.089320 -10.05%  $    1.1  1D=140  12H=115  6H= 32  4H= 33  2H= 24  1H= 34
   47 PUMPFUN      83.1  3/6  $   0.001537  -0.66%  $    9.5  1D= 64  12H= 76  6H= 74  4H=132  2H= 55  1H= 55
   48 NIL          82.9  3/6  $   0.038830  -3.53%  $    2.8  1D= 36  12H= 94  6H=112  4H=136  2H= 72  1H= 52
   49 XMR          82.7  2/6  $ 338.620000  -1.48%  $   13.1  1D= 97  12H=103  6H= 71  4H= 49  2H= 36  1H= 56
   50 TIA          82.4  4/6  $   0.345900  -2.26%  $    4.5  1D= 45  12H= 68  6H=115  4H=126  2H= 63  1H= 75

================================================================================
2026-06-14 21:24:28,881 [INFO]   Saved → trend_v3_LATEST.txt, trend_v3_LATEST.json, trend_v3_20260614_212428.txt
2026-06-14 22:52:22,404 [INFO] ================================================================
2026-06-14 22:52:22,421 [INFO] TREND SCANNER v3.0
2026-06-14 22:52:22,428 [INFO] ================================================================
2026-06-14 22:52:22,432 [INFO] Building universe (Bybit perps)...
2026-06-14 22:52:23,104 [INFO]   Universe (post-filter): 221 coins
2026-06-14 22:52:23,108 [INFO] Fetching BTC 1D for regime detection...
2026-06-14 22:52:23,665 [INFO]   Regime: BULL  |  BTC 7d +5.87%  |  24h +1.38%
2026-06-14 22:52:23,668 [INFO] Scanning 221 coins across 6 timeframes...
2026-06-14 22:52:23,669 [INFO] (this is the slowest scanner — first run ~10min, subsequent ~2-3min)
2026-06-14 22:53:09,480 [INFO]   ...20/221  (surfaced: 16)
2026-06-14 22:54:04,110 [INFO]   ...40/221  (surfaced: 24)
2026-06-14 22:55:50,079 [INFO]   ...80/221  (surfaced: 47)
2026-06-14 22:56:42,131 [INFO]   ...100/221  (surfaced: 61)
2026-06-14 22:57:43,877 [INFO]   ...120/221  (surfaced: 76)
2026-06-14 22:58:49,154 [INFO]   ...140/221  (surfaced: 87)
2026-06-14 22:59:46,591 [INFO]   ...160/221  (surfaced: 98)
2026-06-14 23:00:36,835 [INFO]   ...180/221  (surfaced: 108)
2026-06-14 23:01:23,742 [INFO]   ...200/221  (surfaced: 122)
2026-06-14 23:02:13,157 [INFO]   ...220/221  (surfaced: 137)
2026-06-14 23:02:15,004 [INFO] Done in 593s  |  scanned=202  failed=19  strong=12  long=44  watch=50
2026-06-14 23:02:15,013 [INFO] 
================================================================================
  TREND SCANNER v3.0  —  multi-timeframe confirmation + trade plans
  Generated  : 2026-06-14 23:02:15
  Universe   : 221 Bybit perps  |  Scanned: 202
  Scan time  : 593s
================================================================================

  Regime     : 🟢 BULL
               BTC 7d +5.87%  |  24h +1.38%  |  $64,458

  Account    : $100,000  |  Risk/trade: 1.5%

  Tiers (bull):  STRONG ≥ 130 & ST≥4  |  LONG ≥ 100 & ST≥3  |  WATCH ≥ 70

  TF weights : 1D×0.28 · 12H×0.2 · 6H×0.15 · 4H×0.15 · 2H×0.12 · 1H×0.1

--------------------------------------------------------------------------------
  STRONG  —  12 coin(s)  (highest conviction, full position)
--------------------------------------------------------------------------------

  [ 1] JCT         score= 143.2  ST=6/6  price=$0.006911      24h= -5.07%  vol=$ 18.8M
       TF:  1D=154  12H=176  6H=135  4H=140  2H=107  1H= 58
       Bonuses: RS vs BTC 7d +39.1%  (+5 pts)
       Entry: $0.006911  |  Stop: $0.005874 (-15.00%)  |  Risk: $1500 (1.50% acct)
       Position: $10000 (10.00% acct, qty 1446989.5383)
       TP1: $0.008466 (+22.5%, 1.5R, sell 40%)
       TP2: $0.010021 (+45.0%, 3.0R, sell 35%)
       TP3: $0.012094 (+75.0%, 5.0R, sell 25%)

  [ 2] OPEN        score= 142.7  ST=6/6  price=$0.240890      24h= +4.66%  vol=$  3.6M
       TF:  1D=140  12H=154  6H=149  4H=155  2H=114  1H= 84
       Bonuses: RS vs BTC 7d +28.7%  (+5 pts)
       Entry: $0.240890  |  Stop: $0.206043 (-14.47%)  |  Risk: $1500 (1.50% acct)
       Position: $10369 (10.37% acct, qty 43045.1359)
       TP1: $0.293161 (+21.7%, 1.5R, sell 40%)
       TP2: $0.345431 (+43.4%, 3.0R, sell 35%)
       TP3: $0.415126 (+72.3%, 5.0R, sell 25%)

  [ 3] EVAA        score= 140.8  ST=5/6  price=$0.389800      24h=+89.63%  vol=$ 15.1M
       TF:  1D= 94  12H=120  6H=154  4H=154  2H=159  1H=152
       Bonuses: RSI div 1D (bullish) | RS vs BTC 7d +12.4%  (+10 pts)
       Entry: $0.389800  |  Stop: $0.331330 (-15.00%)  |  Risk: $1500 (1.50% acct)
       Position: $10000 (10.00% acct, qty 25654.1816)
       TP1: $0.477505 (+22.5%, 1.5R, sell 40%)
       TP2: $0.565210 (+45.0%, 3.0R, sell 35%)
       TP3: $0.682150 (+75.0%, 5.0R, sell 25%)

  [ 4] MEGA        score= 137.7  ST=6/6  price=$0.062640      24h= +4.54%  vol=$ 36.8M
       TF:  1D=122  12H=105  6H=129  4H=133  2H=140  1H=124
       Bonuses: RSI div 1D (bullish) | 1H pre-pump (obv_divergence, obv_stealth_accum) | RS vs BTC 7d +34.6%  (+14 pts)
       Entry: $0.062640  |  Stop: $0.053244 (-15.00%)  |  Risk: $1500 (1.50% acct)
       Position: $10000 (10.00% acct, qty 159642.4010)
       TP1: $0.076734 (+22.5%, 1.5R, sell 40%)
       TP2: $0.090828 (+45.0%, 3.0R, sell 35%)
       TP3: $0.109620 (+75.0%, 5.0R, sell 25%)

  [ 5] LIT         score= 137.0  ST=6/6  price=$1.630800      24h= +2.48%  vol=$  7.9M
       TF:  1D=127  12H=133  6H=128  4H=142  2H=105  1H=127
       Bonuses: 1H pre-pump (bb_squeeze, obv_stealth_accum) | RS vs BTC 7d +8.7%  (+9 pts)
       Entry: $1.630800  |  Stop: $1.386180 (-15.00%)  |  Risk: $1500 (1.50% acct)
       Position: $10000 (10.00% acct, qty 6131.9598)
       TP1: $1.997730 (+22.5%, 1.5R, sell 40%)
       TP2: $2.364660 (+45.0%, 3.0R, sell 35%)
       TP3: $2.853900 (+75.0%, 5.0R, sell 25%)

  [ 6] MEME        score= 136.1  ST=6/6  price=$0.000560      24h=+11.46%  vol=$  4.8M
       TF:  1D=112  12H=131  6H=146  4H=167  2H=135  1H=104
       Bonuses: RSI div 1D (hidden_bullish) | 1H pre-pump (obv_stealth_accum)  (+5 pts)
       Entry: $0.000560  |  Stop: $0.000476 (-15.00%)  |  Risk: $1500 (1.50% acct)
       Position: $10000 (10.00% acct, qty 17860332.2022)
       TP1: $0.000686 (+22.5%, 1.5R, sell 40%)
       TP2: $0.000812 (+45.0%, 3.0R, sell 35%)
       TP3: $0.000980 (+75.0%, 5.0R, sell 25%)

  [ 7] TAO         score= 135.8  ST=6/6  price=$262.760000    24h= +4.53%  vol=$141.7M
       TF:  1D=130  12H=123  6H=136  4H=145  2H=124  1H=108
       Bonuses: 1H pre-pump (obv_stealth_accum) | RS vs BTC 7d +29.8%  (+7 pts)
       Entry: $262.760000  |  Stop: $230.005357 (-12.47%)  |  Risk: $1500 (1.50% acct)
       Position: $12033 (12.03% acct, qty 45.7950)
       TP1: $311.891964 (+18.7%, 1.5R, sell 40%)
       TP2: $361.023929 (+37.4%, 3.0R, sell 35%)
       TP3: $426.533214 (+62.3%, 5.0R, sell 25%)

  [ 8] ROAM        score= 135.8  ST=5/6  price=$0.006783      24h=+27.52%  vol=$  5.6M
       TF:  1D=118  12H=134  6H=124  4H=136  2H=131  1H=132
       Bonuses: RS vs BTC 7d +18.1% | funding -0.0426%/8h  (+8 pts)
       Entry: $0.006783  |  Stop: $0.005766 (-15.00%)  |  Risk: $1500 (1.50% acct)
       Position: $10000 (10.00% acct, qty 1474273.9201)
       TP1: $0.008309 (+22.5%, 1.5R, sell 40%)
       TP2: $0.009835 (+45.0%, 3.0R, sell 35%)
       TP3: $0.011870 (+75.0%, 5.0R, sell 25%)

  [ 9] SQD         score= 133.9  ST=6/6  price=$0.041000      24h= -1.87%  vol=$  1.3M
       TF:  1D=111  12H=143  6H=140  4H=119  2H=131  1H= 77
       Bonuses: RSI div 1D (bullish) | 1H pre-pump (obv_stealth_accum) | RS vs BTC 7d +34.2%  (+12 pts)
       Entry: $0.041000  |  Stop: $0.034850 (-15.00%)  |  Risk: $1500 (1.50% acct)
       Position: $10000 (10.00% acct, qty 243902.4390)
       TP1: $0.050225 (+22.5%, 1.5R, sell 40%)
       TP2: $0.059450 (+45.0%, 3.0R, sell 35%)
       TP3: $0.071750 (+75.0%, 5.0R, sell 25%)

  [10] JELLYJELLY  score= 133.8  ST=5/6  price=$0.057030      24h=+39.08%  vol=$ 13.5M
       TF:  1D= 83  12H=134  6H=154  4H=154  2H=138  1H=160
       Bonuses: RS vs BTC 7d +1.8%  (+5 pts)
       Entry: $0.057030  |  Stop: $0.048475 (-15.00%)  |  Risk: $1500 (1.50% acct)
       Position: $10000 (10.00% acct, qty 175346.3090)
       TP1: $0.069862 (+22.5%, 1.5R, sell 40%)
       TP2: $0.082694 (+45.0%, 3.0R, sell 35%)
       TP3: $0.099803 (+75.0%, 5.0R, sell 25%)

  [11] ATOM        score= 131.5  ST=6/6  price=$1.948000      24h= +2.23%  vol=$  9.0M
       TF:  1D=105  12H=118  6H=119  4H=164  2H=136  1H=127
       Bonuses: 1H pre-pump (obv_stealth_accum) | RS vs BTC 7d +13.9%  (+7 pts)
       Entry: $1.948000  |  Stop: $1.753150 (-10.00%)  |  Risk: $1500 (1.50% acct)
       Position: $14996 (15.00% acct, qty 7698.2294)
       TP1: $2.240275 (+15.0%, 1.5R, sell 40%)
       TP2: $2.532550 (+30.0%, 3.0R, sell 35%)
       TP3: $2.922250 (+50.0%, 5.0R, sell 25%)

  [12] WLD         score= 130.2  ST=6/6  price=$0.501400      24h= +1.43%  vol=$115.3M
       TF:  1D=116  12H=122  6H=125  4H=166  2H= 88  1H= 91
       Bonuses: RSI div 1D (hidden_bullish) | 1H pre-pump (bb_squeeze) | RS vs BTC 7d +15.4%  (+10 pts)
       Entry: $0.501400  |  Stop: $0.426190 (-15.00%)  |  Risk: $1500 (1.50% acct)
       Position: $10000 (10.00% acct, qty 19944.1564)
       TP1: $0.614215 (+22.5%, 1.5R, sell 40%)
       TP2: $0.727030 (+45.0%, 3.0R, sell 35%)
       TP3: $0.877450 (+75.0%, 5.0R, sell 25%)

--------------------------------------------------------------------------------
  LONG  —  44 coin(s)  (tradeable trend)
--------------------------------------------------------------------------------

  [ 1] CLO         score= 129.6  ST=3/6  price=$0.139890      24h=+35.05%  vol=$ 14.3M
       TF:  1D=140  12H=103  6H=124  4H=114  2H=150  1H=161
       Entry: $0.139890  |  Stop: $0.118906 (-15.00%)  |  Risk: $1500 (1.50% acct)
       Position: $10000 (10.00% acct, qty 71484.7380)
       TP1: $0.171365 (+22.5%, 1.5R, sell 40%)
       TP2: $0.202841 (+45.0%, 3.0R, sell 35%)
       TP3: $0.244808 (+75.0%, 5.0R, sell 25%)

  [ 2] KAITO       score= 127.9  ST=4/6  price=$0.482800      24h= -1.30%  vol=$ 11.6M
       TF:  1D=101  12H=136  6H=119  4H=150  2H=121  1H=106
       Bonuses: 1H pre-pump (obv_stealth_accum) | RS vs BTC 7d +2.4%  (+7 pts)
       Entry: $0.482800  |  Stop: $0.434039 (-10.10%)  |  Risk: $1500 (1.50% acct)
       Position: $14852 (14.85% acct, qty 30762.4698)
       TP1: $0.555941 (+15.2%, 1.5R, sell 40%)
       TP2: $0.629082 (+30.3%, 3.0R, sell 35%)
       TP3: $0.726604 (+50.5%, 5.0R, sell 25%)

  [ 3] MMT         score= 123.4  ST=6/6  price=$0.129940      24h= +0.22%  vol=$  2.2M
       TF:  1D=115  12H=123  6H=123  4H=137  2H=107  1H= 78
       Bonuses: 1H pre-pump (obv_stealth_accum) | RS vs BTC 7d +18.0%  (+7 pts)
       Entry: $0.129940  |  Stop: $0.115716 (-10.95%)  |  Risk: $1500 (1.50% acct)
       Position: $13703 (13.70% acct, qty 105453.4498)
       TP1: $0.151276 (+16.4%, 1.5R, sell 40%)
       TP2: $0.172613 (+32.8%, 3.0R, sell 35%)
       TP3: $0.201061 (+54.7%, 5.0R, sell 25%)

  [ 4] AKT         score= 122.1  ST=5/6  price=$0.712200      24h=+11.99%  vol=$  5.1M
       TF:  1D= 78  12H=106  6H=142  4H=145  2H=152  1H=128
       Bonuses: RS vs BTC 7d +16.2%  (+5 pts)
       Entry: $0.712200  |  Stop: $0.605370 (-15.00%)  |  Risk: $1500 (1.50% acct)
       Position: $10000 (10.00% acct, qty 14040.9997)
       TP1: $0.872445 (+22.5%, 1.5R, sell 40%)
       TP2: $1.032690 (+45.0%, 3.0R, sell 35%)
       TP3: $1.246350 (+75.0%, 5.0R, sell 25%)

  [ 5] AT          score= 121.5  ST=3/6  price=$0.132760      24h= +4.85%  vol=$  1.2M
       TF:  1D=109  12H=102  6H=109  4H=129  2H= 91  1H=140
       Bonuses: RSI div 1D (hidden_bullish) | 1H pre-pump (obv_stealth_accum) | RS vs BTC 7d +0.2%  (+10 pts)
       Entry: $0.132760  |  Stop: $0.114368 (-13.85%)  |  Risk: $1500 (1.50% acct)
       Position: $10827 (10.83% acct, qty 81556.5653)
       TP1: $0.160348 (+20.8%, 1.5R, sell 40%)
       TP2: $0.187936 (+41.6%, 3.0R, sell 35%)
       TP3: $0.224721 (+69.3%, 5.0R, sell 25%)

  [ 6] XPL         score= 120.1  ST=5/6  price=$0.087040      24h= +3.32%  vol=$ 24.4M
       TF:  1D=100  12H=104  6H=144  4H=115  2H= 84  1H=134
       Bonuses: 1H pre-pump (bb_squeeze, obv_stealth_accum) | RS vs BTC 7d +27.0%  (+9 pts)
       Entry: $0.087040  |  Stop: $0.073984 (-15.00%)  |  Risk: $1500 (1.50% acct)
       Position: $10000 (10.00% acct, qty 114889.7059)
       TP1: $0.106624 (+22.5%, 1.5R, sell 40%)
       TP2: $0.126208 (+45.0%, 3.0R, sell 35%)
       TP3: $0.152320 (+75.0%, 5.0R, sell 25%)

  [ 7] VVV         score= 118.8  ST=4/6  price=$16.610000     24h= +1.50%  vol=$ 15.4M
       TF:  1D=115  12H= 90  6H=108  4H=113  2H=114  1H=158
       Bonuses: 1H pre-pump (bb_squeeze, obv_divergence, obv_stealth_accum)  (+6 pts)
       Entry: $16.610000  |  Stop: $14.118500 (-15.00%)  |  Risk: $1500 (1.50% acct)
       Position: $10000 (10.00% acct, qty 602.0470)
       TP1: $20.347250 (+22.5%, 1.5R, sell 40%)
       TP2: $24.084500 (+45.0%, 3.0R, sell 35%)
       TP3: $29.067500 (+75.0%, 5.0R, sell 25%)

  [ 8] PUFFER      score= 118.4  ST=4/6  price=$0.015200      24h=+28.94%  vol=$  3.7M
       TF:  1D= 71  12H= 92  6H=141  4H=144  2H=154  1H=159
       Bonuses: funding -1.6928%/8h  (+3 pts)
       Entry: $0.015200  |  Stop: $0.012974 (-14.65%)  |  Risk: $1500 (1.50% acct)
       Position: $10241 (10.24% acct, qty 673724.7353)
       TP1: $0.018540 (+22.0%, 1.5R, sell 40%)
       TP2: $0.021879 (+43.9%, 3.0R, sell 35%)
       TP3: $0.026332 (+73.2%, 5.0R, sell 25%)

  [ 9] KAS         score= 118.3  ST=3/6  price=$0.031350      24h= +2.74%  vol=$  2.2M
       TF:  1D=107  12H= 86  6H=124  4H=129  2H=137  1H=148
       Bonuses: 1H pre-pump (bb_squeeze)  (+2 pts)
       Entry: $0.031350  |  Stop: $0.027928 (-10.92%)  |  Risk: $1500 (1.50% acct)
       Position: $13741 (13.74% acct, qty 438321.8535)
       TP1: $0.036483 (+16.4%, 1.5R, sell 40%)
       TP2: $0.041616 (+32.8%, 3.0R, sell 35%)
       TP3: $0.048461 (+54.6%, 5.0R, sell 25%)

  [10] BRETT       score= 118.2  ST=5/6  price=$0.006708      24h= +1.39%  vol=$  3.5M
       TF:  1D= 86  12H=115  6H=128  4H=159  2H=116  1H= 92
       Bonuses: RS vs BTC 7d +22.6%  (+5 pts)
       Entry: $0.006708  |  Stop: $0.005702 (-15.00%)  |  Risk: $1500 (1.50% acct)
       Position: $10000 (10.00% acct, qty 1490757.3047)
       TP1: $0.008217 (+22.5%, 1.5R, sell 40%)
       TP2: $0.009727 (+45.0%, 3.0R, sell 35%)
       TP3: $0.011739 (+75.0%, 5.0R, sell 25%)

  [11] NOT         score= 116.3  ST=5/6  price=$0.000478      24h= +0.14%  vol=$  4.9M
       TF:  1D= 86  12H=135  6H=138  4H=123  2H=105  1H= 85
       Bonuses: RS vs BTC 7d +23.1%  (+5 pts)
       Entry: $0.000478  |  Stop: $0.000408 (-14.64%)  |  Risk: $1500 (1.50% acct)
       Position: $10249 (10.25% acct, qty 21423106.3504)
       TP1: $0.000583 (+21.9%, 1.5R, sell 40%)
       TP2: $0.000688 (+43.9%, 3.0R, sell 35%)
       TP3: $0.000828 (+73.2%, 5.0R, sell 25%)

  [12] LIGHT       score= 116.2  ST=3/6  price=$0.114900      24h= +0.26%  vol=$  1.0M
       TF:  1D= 96  12H= 77  6H= 90  4H=168  2H=118  1H= 91
       Bonuses: RSI div 1D (hidden_bullish) | 1H pre-pump (bb_squeeze, obv_stealth_accum) | RS vs BTC 7d +14.9%  (+12 pts)
       Entry: $0.114900  |  Stop: $0.097665 (-15.00%)  |  Risk: $1500 (1.50% acct)
       Position: $10000 (10.00% acct, qty 87032.2019)
       TP1: $0.140753 (+22.5%, 1.5R, sell 40%)
       TP2: $0.166605 (+45.0%, 3.0R, sell 35%)
       TP3: $0.201075 (+75.0%, 5.0R, sell 25%)

  [13] TRUTH       score= 115.7  ST=3/6  price=$0.012075      24h= +7.12%  vol=$  5.3M
       TF:  1D= 86  12H=135  6H=134  4H=121  2H=116  1H= 45
       Bonuses: RSI div 1D (hidden_bullish) | RS vs BTC 7d +4.5%  (+8 pts)
       Entry: $0.012075  |  Stop: $0.010301 (-14.69%)  |  Risk: $1500 (1.50% acct)
       Position: $10208 (10.21% acct, qty 845359.5797)
       TP1: $0.014737 (+22.0%, 1.5R, sell 40%)
       TP2: $0.017398 (+44.1%, 3.0R, sell 35%)
       TP3: $0.020947 (+73.5%, 5.0R, sell 25%)

  [14] JASMY       score= 115.2  ST=4/6  price=$0.005097      24h= +5.59%  vol=$  7.2M
       TF:  1D= 71  12H=103  6H=139  4H=136  2H=125  1H=115
       Bonuses: 1H pre-pump (obv_stealth_accum) | RS vs BTC 7d +5.5%  (+7 pts)
       Entry: $0.005097  |  Stop: $0.004545 (-10.82%)  |  Risk: $1500 (1.50% acct)
       Position: $13861 (13.86% acct, qty 2719502.7195)
       TP1: $0.005924 (+16.2%, 1.5R, sell 40%)
       TP2: $0.006752 (+32.5%, 3.0R, sell 35%)
       TP3: $0.007855 (+54.1%, 5.0R, sell 25%)

  [15] CAKE        score= 114.2  ST=3/6  price=$1.350400      24h= +3.13%  vol=$  1.2M
       TF:  1D= 72  12H= 81  6H=129  4H=150  2H=147  1H=114
       Bonuses: 1H pre-pump (obv_stealth_accum) | RS vs BTC 7d +5.3%  (+7 pts)
       Entry: $1.350400  |  Stop: $1.224754 (-9.30%)  |  Risk: $1500 (1.50% acct)
       Position: $16121 (16.12% acct, qty 11938.2621)
       TP1: $1.538870 (+14.0%, 1.5R, sell 40%)
       TP2: $1.727339 (+27.9%, 3.0R, sell 35%)
       TP3: $1.978632 (+46.5%, 5.0R, sell 25%)

  [16] MORPHO      score= 112.8  ST=4/6  price=$1.958700      24h= +0.62%  vol=$  1.1M
       TF:  1D=102  12H=121  6H=100  4H= 84  2H=126  1H= 83
       Bonuses: 1H pre-pump (bb_squeeze, obv_stealth_accum) | RS vs BTC 7d +12.9%  (+9 pts)
       Entry: $1.958700  |  Stop: $1.698279 (-13.30%)  |  Risk: $1500 (1.50% acct)
       Position: $11282 (11.28% acct, qty 5759.8947)
       TP1: $2.349332 (+19.9%, 1.5R, sell 40%)
       TP2: $2.739964 (+39.9%, 3.0R, sell 35%)
       TP3: $3.260807 (+66.5%, 5.0R, sell 25%)

  [17] APEX        score= 112.7  ST=5/6  price=$0.262100      24h=+15.52%  vol=$  1.6M
       TF:  1D= 54  12H=122  6H=127  4H=147  2H=139  1H=154
       Entry: $0.262100  |  Stop: $0.236086 (-9.93%)  |  Risk: $1500 (1.50% acct)
       Position: $15113 (15.11% acct, qty 57660.6260)
       TP1: $0.301121 (+14.9%, 1.5R, sell 40%)
       TP2: $0.340143 (+29.8%, 3.0R, sell 35%)
       TP3: $0.392171 (+49.6%, 5.0R, sell 25%)

  [18] ALLO        score= 112.3  ST=5/6  price=$0.366790      24h= +1.69%  vol=$ 10.7M
       TF:  1D=133  12H=126  6H= 83  4H=102  2H= 76  1H=110
       Bonuses: 1H pre-pump (obv_stealth_accum)  (+2 pts)
       Entry: $0.366790  |  Stop: $0.311771 (-15.00%)  |  Risk: $1500 (1.50% acct)
       Position: $10000 (10.00% acct, qty 27263.5568)
       TP1: $0.449318 (+22.5%, 1.5R, sell 40%)
       TP2: $0.531845 (+45.0%, 3.0R, sell 35%)
       TP3: $0.641883 (+75.0%, 5.0R, sell 25%)

  [19] BLUAI       score= 110.6  ST=5/6  price=$0.011341      24h=+22.12%  vol=$  3.6M
       TF:  1D= 78  12H=105  6H= 94  4H=135  2H=137  1H=140
       Bonuses: RSI div 1D (hidden_bullish)  (+3 pts)
       Entry: $0.011341  |  Stop: $0.009640 (-15.00%)  |  Risk: $1500 (1.50% acct)
       Position: $10000 (10.00% acct, qty 881756.4589)
       TP1: $0.013893 (+22.5%, 1.5R, sell 40%)
       TP2: $0.016444 (+45.0%, 3.0R, sell 35%)
       TP3: $0.019847 (+75.0%, 5.0R, sell 25%)

  [20] BABY        score= 110.3  ST=6/6  price=$0.014720      24h=+19.69%  vol=$  5.6M
       TF:  1D= 73  12H= 99  6H=115  4H=123  2H=154  1H=159
       Entry: $0.014720  |  Stop: $0.012512 (-15.00%)  |  Risk: $1500 (1.50% acct)
       Position: $10000 (10.00% acct, qty 679347.8261)
       TP1: $0.018032 (+22.5%, 1.5R, sell 40%)
       TP2: $0.021344 (+45.0%, 3.0R, sell 35%)
       TP3: $0.025760 (+75.0%, 5.0R, sell 25%)

  [21] ALT         score= 110.3  ST=4/6  price=$0.006607      24h= +3.93%  vol=$  2.4M
       TF:  1D= 73  12H= 60  6H=133  4H=136  2H=116  1H=126
       Bonuses: 1H pre-pump (bb_squeeze, obv_divergence, obv_stealth_accum) | RS vs BTC 7d +10.8%  (+11 pts)
       Entry: $0.006607  |  Stop: $0.005700 (-13.73%)  |  Risk: $1500 (1.50% acct)
       Position: $10925 (10.92% acct, qty 1653478.2095)
       TP1: $0.007968 (+20.6%, 1.5R, sell 40%)
       TP2: $0.009329 (+41.2%, 3.0R, sell 35%)
       TP3: $0.011143 (+68.7%, 5.0R, sell 25%)

  [22] PYTH        score= 109.9  ST=5/6  price=$0.038070      24h= +5.02%  vol=$  4.6M
       TF:  1D= 67  12H=109  6H=136  4H=140  2H=101  1H= 68
       Bonuses: 1H pre-pump (bb_squeeze, obv_stealth_accum) | RS vs BTC 7d +16.0%  (+9 pts)
       Entry: $0.038070  |  Stop: $0.032771 (-13.92%)  |  Risk: $1500 (1.50% acct)
       Position: $10776 (10.78% acct, qty 283057.0158)
       TP1: $0.046019 (+20.9%, 1.5R, sell 40%)
       TP2: $0.053968 (+41.8%, 3.0R, sell 35%)
       TP3: $0.064566 (+69.6%, 5.0R, sell 25%)

  [23] HYPE        score= 108.3  ST=3/6  price=$60.665000     24h= +5.04%  vol=$227.6M
       TF:  1D= 82  12H=110  6H= 87  4H=114  2H=120  1H= 98
       Bonuses: 1H pre-pump (bb_squeeze, obv_stealth_accum) | RS vs BTC 7d +1.5%  (+9 pts)
       Entry: $60.665000  |  Stop: $51.565250 (-15.00%)  |  Risk: $1500 (1.50% acct)
       Position: $10000 (10.00% acct, qty 164.8397)
       TP1: $74.314625 (+22.5%, 1.5R, sell 40%)
       TP2: $87.964250 (+45.0%, 3.0R, sell 35%)
       TP3: $106.163750 (+75.0%, 5.0R, sell 25%)

  [24] H           score= 107.6  ST=3/6  price=$0.341950      24h=+31.25%  vol=$409.4M
       TF:  1D= 69  12H=139  6H=119  4H=129  2H=118  1H= 61
       Bonuses: funding -0.0267%/8h  (+3 pts)
       Entry: $0.341950  |  Stop: $0.290658 (-15.00%)  |  Risk: $1500 (1.50% acct)
       Position: $10000 (10.00% acct, qty 29244.0415)
       TP1: $0.418889 (+22.5%, 1.5R, sell 40%)
       TP2: $0.495827 (+45.0%, 3.0R, sell 35%)
       TP3: $0.598413 (+75.0%, 5.0R, sell 25%)

  [25] STABLE      score= 107.6  ST=3/6  price=$0.036398      24h= -1.45%  vol=$  1.0M
       TF:  1D= 95  12H= 81  6H=131  4H=100  2H= 97  1H= 65
       Bonuses: RSI div 1D (bullish) | 1H pre-pump (obv_stealth_accum) | RS vs BTC 7d +1.3%  (+12 pts)
       Entry: $0.036398  |  Stop: $0.031043 (-14.71%)  |  Risk: $1500 (1.50% acct)
       Position: $10195 (10.20% acct, qty 280106.4404)
       TP1: $0.044431 (+22.1%, 1.5R, sell 40%)
       TP2: $0.052463 (+44.1%, 3.0R, sell 35%)
       TP3: $0.063174 (+73.6%, 5.0R, sell 25%)

  [26] TRUMP       score= 107.4  ST=5/6  price=$2.184000      24h= -8.93%  vol=$ 71.1M
       TF:  1D=123  12H=125  6H=119  4H= 97  2H= 48  1H= 18
       Bonuses: RS vs BTC 7d +32.7% | funding -0.0343%/8h  (+8 pts)
       Entry: $2.184000  |  Stop: $1.913357 (-12.39%)  |  Risk: $1500 (1.50% acct)
       Position: $12105 (12.10% acct, qty 5542.3595)
       TP1: $2.589964 (+18.6%, 1.5R, sell 40%)
       TP2: $2.995929 (+37.2%, 3.0R, sell 35%)
       TP3: $3.537214 (+62.0%, 5.0R, sell 25%)

  [27] GRASS       score= 107.4  ST=3/6  price=$0.390060      24h= +5.17%  vol=$  1.7M
       TF:  1D= 55  12H= 64  6H=120  4H=146  2H=163  1H=117
       Bonuses: RSI div 1D (hidden_bullish) | RS vs BTC 7d +10.6%  (+8 pts)
       Entry: $0.390060  |  Stop: $0.331551 (-15.00%)  |  Risk: $1500 (1.50% acct)
       Position: $10000 (10.00% acct, qty 25637.0815)
       TP1: $0.477824 (+22.5%, 1.5R, sell 40%)
       TP2: $0.565587 (+45.0%, 3.0R, sell 35%)
       TP3: $0.682605 (+75.0%, 5.0R, sell 25%)

  [28] IO          score= 107.1  ST=5/6  price=$0.179850      24h= -2.97%  vol=$  2.2M
       TF:  1D=133  12H=124  6H=103  4H= 93  2H= 38  1H= 61
       Bonuses: RS vs BTC 7d +26.8%  (+5 pts)
       Entry: $0.179850  |  Stop: $0.152872 (-15.00%)  |  Risk: $1500 (1.50% acct)
       Position: $10000 (10.00% acct, qty 55601.8905)
       TP1: $0.220316 (+22.5%, 1.5R, sell 40%)
       TP2: $0.260782 (+45.0%, 3.0R, sell 35%)
       TP3: $0.314738 (+75.0%, 5.0R, sell 25%)

  [29] ZKP         score= 106.8  ST=3/6  price=$0.056660      24h= +6.77%  vol=$  3.5M
       TF:  1D= 78  12H= 74  6H=125  4H=139  2H=109  1H= 55
       Bonuses: RSI div 1D (bullish) | 1H pre-pump (obv_stealth_accum) | RS vs BTC 7d +2.6%  (+12 pts)
       Entry: $0.056660  |  Stop: $0.050037 (-11.69%)  |  Risk: $1500 (1.50% acct)
       Position: $12834 (12.83% acct, qty 226500.5663)
       TP1: $0.066594 (+17.5%, 1.5R, sell 40%)
       TP2: $0.076527 (+35.1%, 3.0R, sell 35%)
       TP3: $0.089773 (+58.4%, 5.0R, sell 25%)

  [30] EIGEN       score= 106.2  ST=4/6  price=$0.191860      24h= +9.39%  vol=$  8.9M
       TF:  1D= 48  12H= 77  6H=126  4H=146  2H=148  1H=138
       Bonuses: RS vs BTC 7d +13.2%  (+5 pts)
       Entry: $0.191860  |  Stop: $0.163081 (-15.00%)  |  Risk: $1500 (1.50% acct)
       Position: $10000 (10.00% acct, qty 52121.3385)
       TP1: $0.235029 (+22.5%, 1.5R, sell 40%)
       TP2: $0.278197 (+45.0%, 3.0R, sell 35%)
       TP3: $0.335755 (+75.0%, 5.0R, sell 25%)

  [31] BIO         score= 105.7  ST=3/6  price=$0.032320      24h= +0.61%  vol=$  3.9M
       TF:  1D= 83  12H= 80  6H=138  4H=106  2H= 85  1H= 77
       Bonuses: RSI div 1D (bullish) | 1H pre-pump (obv_divergence) | RS vs BTC 7d +19.0%  (+12 pts)
       Entry: $0.032320  |  Stop: $0.027472 (-15.00%)  |  Risk: $1500 (1.50% acct)
       Position: $10000 (10.00% acct, qty 309405.9406)
       TP1: $0.039592 (+22.5%, 1.5R, sell 40%)
       TP2: $0.046864 (+45.0%, 3.0R, sell 35%)
       TP3: $0.056560 (+75.0%, 5.0R, sell 25%)

  [32] COAI        score= 105.4  ST=3/6  price=$0.419600      24h=-43.15%  vol=$ 52.6M
       TF:  1D=119  12H=122  6H=121  4H= 92  2H= 36  1H= 34
       Bonuses: RSI div 1D (hidden_bullish) | RS vs BTC 7d +84.2%  (+8 pts)
       Entry: $0.419600  |  Stop: $0.356660 (-15.00%)  |  Risk: $1500 (1.50% acct)
       Position: $10000 (10.00% acct, qty 23832.2212)
       TP1: $0.514010 (+22.5%, 1.5R, sell 40%)
       TP2: $0.608420 (+45.0%, 3.0R, sell 35%)
       TP3: $0.734300 (+75.0%, 5.0R, sell 25%)

  [33] NEAR        score= 104.8  ST=3/6  price=$2.127000      24h= +3.48%  vol=$ 70.1M
       TF:  1D= 85  12H= 96  6H= 61  4H=105  2H=104  1H=144
       Bonuses: RSI div 1D (hidden_bullish) | 1H pre-pump (obv_stealth_accum) | RS vs BTC 7d +8.7%  (+10 pts)
       Entry: $2.127000  |  Stop: $1.807950 (-15.00%)  |  Risk: $1500 (1.50% acct)
       Position: $10000 (10.00% acct, qty 4701.4575)
       TP1: $2.605575 (+22.5%, 1.5R, sell 40%)
       TP2: $3.084150 (+45.0%, 3.0R, sell 35%)
       TP3: $3.722250 (+75.0%, 5.0R, sell 25%)

  [34] LA          score= 104.4  ST=3/6  price=$0.074040      24h= +6.41%  vol=$  2.5M
       TF:  1D= 77  12H= 81  6H= 99  4H=145  2H=128  1H=127
       Bonuses: 1H pre-pump (obv_stealth_accum)  (+2 pts)
       Entry: $0.074040  |  Stop: $0.062934 (-15.00%)  |  Risk: $1500 (1.50% acct)
       Position: $10000 (10.00% acct, qty 135062.1286)
       TP1: $0.090699 (+22.5%, 1.5R, sell 40%)
       TP2: $0.107358 (+45.0%, 3.0R, sell 35%)
       TP3: $0.129570 (+75.0%, 5.0R, sell 25%)

  [35] SENT        score= 104.1  ST=5/6  price=$0.015442      24h= -0.25%  vol=$  1.3M
       TF:  1D=117  12H=122  6H= 78  4H= 81  2H= 94  1H= 48
       Bonuses: 1H pre-pump (bb_squeeze) | RS vs BTC 7d +17.1%  (+7 pts)
       Entry: $0.015442  |  Stop: $0.013126 (-15.00%)  |  Risk: $1500 (1.50% acct)
       Position: $10000 (10.00% acct, qty 647584.5098)
       TP1: $0.018916 (+22.5%, 1.5R, sell 40%)
       TP2: $0.022391 (+45.0%, 3.0R, sell 35%)
       TP3: $0.027023 (+75.0%, 5.0R, sell 25%)

  [36] ORCA        score= 103.9  ST=4/6  price=$1.147300      24h= -1.84%  vol=$  2.5M
       TF:  1D=133  12H=108  6H= 96  4H= 75  2H= 38  1H= 78
       Bonuses: 1H pre-pump (obv_divergence) | RS vs BTC 7d +7.6%  (+7 pts)
       Entry: $1.147300  |  Stop: $0.997546 (-13.05%)  |  Risk: $1500 (1.50% acct)
       Position: $11492 (11.49% acct, qty 10016.4556)
       TP1: $1.371930 (+19.6%, 1.5R, sell 40%)
       TP2: $1.596561 (+39.2%, 3.0R, sell 35%)
       TP3: $1.896068 (+65.3%, 5.0R, sell 25%)

  [37] INX         score= 103.8  ST=4/6  price=$0.007491      24h= +3.43%  vol=$  1.2M
       TF:  1D= 67  12H=115  6H=108  4H=132  2H= 85  1H= 88
       Bonuses: 1H pre-pump (obv_stealth_accum) | RS vs BTC 7d +2.4%  (+7 pts)
       Entry: $0.007491  |  Stop: $0.006367 (-15.00%)  |  Risk: $1500 (1.50% acct)
       Position: $10000 (10.00% acct, qty 1334935.2556)
       TP1: $0.009176 (+22.5%, 1.5R, sell 40%)
       TP2: $0.010862 (+45.0%, 3.0R, sell 35%)
       TP3: $0.013109 (+75.0%, 5.0R, sell 25%)

  [38] ZKC         score= 103.7  ST=5/6  price=$0.049110      24h=+19.94%  vol=$ 19.9M
       TF:  1D= 53  12H=114  6H=124  4H=127  2H=117  1H=114
       Bonuses: funding -0.4906%/8h  (+3 pts)
       Entry: $0.049110  |  Stop: $0.042724 (-13.00%)  |  Risk: $1500 (1.50% acct)
       Position: $11536 (11.54% acct, qty 234899.3289)
       TP1: $0.058689 (+19.5%, 1.5R, sell 40%)
       TP2: $0.068267 (+39.0%, 3.0R, sell 35%)
       TP3: $0.081039 (+65.0%, 5.0R, sell 25%)

  [39] SPX         score= 103.3  ST=4/6  price=$0.332100      24h= +2.79%  vol=$  2.6M
       TF:  1D= 85  12H= 78  6H=144  4H=137  2H= 93  1H= 56
       Bonuses: RS vs BTC 7d +6.2%  (+5 pts)
       Entry: $0.332100  |  Stop: $0.286532 (-13.72%)  |  Risk: $1500 (1.50% acct)
       Position: $10932 (10.93% acct, qty 32917.9403)
       TP1: $0.400452 (+20.6%, 1.5R, sell 40%)
       TP2: $0.468804 (+41.2%, 3.0R, sell 35%)
       TP3: $0.559939 (+68.6%, 5.0R, sell 25%)

  [40] PARTI       score= 102.7  ST=5/6  price=$0.060670      24h= -4.07%  vol=$  1.3M
       TF:  1D=131  12H=141  6H=117  4H= 55  2H= 35  1H= 28
       Bonuses: RSI div 1D (bullish)  (+5 pts)
       Entry: $0.060670  |  Stop: $0.051569 (-15.00%)  |  Risk: $1500 (1.50% acct)
       Position: $10000 (10.00% acct, qty 164826.1085)
       TP1: $0.074321 (+22.5%, 1.5R, sell 40%)
       TP2: $0.087971 (+45.0%, 3.0R, sell 35%)
       TP3: $0.106173 (+75.0%, 5.0R, sell 25%)

  [41] BSB         score= 102.5  ST=4/6  price=$0.249200      24h=+13.65%  vol=$ 13.0M
       TF:  1D= 73  12H= 91  6H= 90  4H=106  2H=126  1H=143
       Bonuses: RS vs BTC 7d +3.6%  (+5 pts)
       Entry: $0.249200  |  Stop: $0.211820 (-15.00%)  |  Risk: $1500 (1.50% acct)
       Position: $10000 (10.00% acct, qty 40128.4109)
       TP1: $0.305270 (+22.5%, 1.5R, sell 40%)
       TP2: $0.361340 (+45.0%, 3.0R, sell 35%)
       TP3: $0.436100 (+75.0%, 5.0R, sell 25%)

  [42] PIPPIN      score= 101.5  ST=4/6  price=$0.017990      24h= +7.36%  vol=$  5.7M
       TF:  1D=115  12H= 85  6H= 46  4H= 99  2H= 98  1H=138
       Bonuses: RS vs BTC 7d +26.4%  (+5 pts)
       Entry: $0.017990  |  Stop: $0.015291 (-15.00%)  |  Risk: $1500 (1.50% acct)
       Position: $10000 (10.00% acct, qty 555864.3691)
       TP1: $0.022038 (+22.5%, 1.5R, sell 40%)
       TP2: $0.026086 (+45.0%, 3.0R, sell 35%)
       TP3: $0.031482 (+75.0%, 5.0R, sell 25%)

  [43] SOON        score= 101.2  ST=4/6  price=$0.173200      24h= +1.55%  vol=$  1.2M
       TF:  1D= 99  12H=159  6H=111  4H= 85  2H= 76  1H= 32
       Entry: $0.173200  |  Stop: $0.150043 (-13.37%)  |  Risk: $1500 (1.50% acct)
       Position: $11219 (11.22% acct, qty 64775.8294)
       TP1: $0.207935 (+20.1%, 1.5R, sell 40%)
       TP2: $0.242670 (+40.1%, 3.0R, sell 35%)
       TP3: $0.288984 (+66.8%, 5.0R, sell 25%)

  [44] FOLKS       score= 100.2  ST=4/6  price=$1.728800      24h= -0.63%  vol=$  1.5M
       TF:  1D=128  12H=107  6H= 96  4H= 51  2H= 70  1H= 75
       Bonuses: RS vs BTC 7d +13.2%  (+5 pts)
       Entry: $1.728800  |  Stop: $1.469480 (-15.00%)  |  Risk: $1500 (1.50% acct)
       Position: $10000 (10.00% acct, qty 5784.3591)
       TP1: $2.117780 (+22.5%, 1.5R, sell 40%)
       TP2: $2.506760 (+45.0%, 3.0R, sell 35%)
       TP3: $3.025400 (+75.0%, 5.0R, sell 25%)

--------------------------------------------------------------------------------
  WATCH  —  50 coin(s)  (worth tracking)
--------------------------------------------------------------------------------
  #   Symbol      Score  ST         Price    24h%   Vol $M  TF breakdown
  ------------------------------------------------------------------------------
    1 UAI          99.9  4/6  $   0.265870 +12.39%  $    1.9  1D=112  12H= 81  6H= 73  4H= 97  2H=118  1H=127
    2 BASED        99.0  5/6  $   0.069070  +2.15%  $    1.6  1D= 69  12H=125  6H= 76  4H=111  2H=123  1H=119
    3 CRV          98.0  4/6  $   0.237000  -0.08%  $    6.3  1D=121  12H=143  6H= 85  4H= 79  2H= 24  1H= 30
    4 PENDLE       98.0  3/6  $   1.319000  +3.80%  $    4.2  1D= 67  12H= 75  6H=102  4H=152  2H=109  1H= 81
    5 WLFI         96.7  5/6  $   0.058870  +1.19%  $    9.2  1D=114  12H= 82  6H= 99  4H= 73  2H= 95  1H= 72
    6 ORDI         96.4  4/6  $   3.354000  +1.12%  $    5.8  1D= 74  12H= 77  6H=107  4H= 91  2H=100  1H= 66
    7 B3           95.2  4/6  $   0.000556  +5.65%  $    3.1  1D= 45  12H= 97  6H=115  4H=135  2H=101  1H= 86
    8 ARKM         95.2  2/6  $   0.129100  +2.14%  $    1.6  1D= 63  12H= 67  6H= 80  4H=137  2H=140  1H= 78
    9 SKR          95.0  3/6  $   0.008921 +10.15%  $    8.3  1D= 39  12H=100  6H=127  4H=120  2H=120  1H= 76
   10 STX          95.0  2/6  $   0.184700  +4.73%  $    1.8  1D= 46  12H= 85  6H= 85  4H=130  2H=126  1H=148
   11 JUP          94.8  3/6  $   0.173520  +0.92%  $    4.0  1D= 55  12H= 83  6H=119  4H=129  2H=105  1H= 80
   12 AR           93.5  3/6  $   2.047500  +1.19%  $    1.4  1D= 37  12H= 85  6H= 83  4H=139  2H=129  1H=104
   13 BEAT         93.3  2/6  $   7.728600 -24.42%  $  125.1  1D=140  12H=146  6H= 45  4H= 24  2H= 34  1H= 25
   14 ICP          93.0  3/6  $   2.506000  -3.83%  $   19.1  1D= 61  12H= 83  6H=109  4H=133  2H= 89  1H= 73
   15 LTC          92.2  3/6  $  44.310000  +1.42%  $   16.4  1D= 48  12H= 62  6H= 59  4H=143  2H=143  1H=119
   16 BERA         92.2  2/6  $   0.261100  +2.55%  $    1.9  1D= 75  12H= 74  6H= 84  4H= 71  2H= 76  1H=100
   17 OP           91.4  4/6  $   0.106900  +0.69%  $    9.5  1D= 49  12H= 68  6H=117  4H=135  2H=104  1H= 68
   18 EDEN         90.9  4/6  $   0.039680 +24.67%  $    2.9  1D= 45  12H= 60  6H= 97  4H=132  2H=138  1H=154
   19 KITE         90.7  3/6  $   0.193400  -0.43%  $    1.5  1D=108  12H= 71  6H= 99  4H= 79  2H=107  1H= 47
   20 PUMPFUN      90.6  3/6  $   0.001537  +3.18%  $   11.0  1D= 64  12H= 76  6H= 74  4H=121  2H= 70  1H=108
   21 MITO         90.0  3/6  $   0.018400 +16.30%  $    6.1  1D= 38  12H=107  6H=114  4H=103  2H=110  1H=102
   22 W            89.8  3/6  $   0.009806  +1.92%  $    1.6  1D= 54  12H= 70  6H= 89  4H=110  2H=134  1H=108
   23 MNT          89.3  4/6  $   0.556800  +2.83%  $    4.3  1D= 26  12H= 78  6H=101  4H=141  2H=124  1H=102
   24 AIO          89.3  2/6  $   0.130790 -16.34%  $    1.8  1D=142  12H=123  6H= 55  4H= 22  2H= 30  1H= 28
   25 NAORIS       89.3  2/6  $   0.035790  -6.10%  $    1.2  1D=133  12H=103  6H= 53  4H= 35  2H= 23  1H= 55
   26 AXL          89.2  3/6  $   0.048330  -2.83%  $    3.8  1D= 81  12H= 82  6H=120  4H= 84  2H= 44  1H= 42
   27 ZORA         89.2  2/6  $   0.008343  +2.78%  $    1.5  1D= 41  12H= 84  6H= 79  4H=116  2H=119  1H=134
   28 TIA          89.1  4/6  $   0.345900  +0.72%  $    5.0  1D= 45  12H= 68  6H=115  4H=129  2H= 78  1H= 99
   29 ZEC          88.3  1/6  $ 420.590000  +7.75%  $  142.0  1D= 41  12H= 75  6H= 60  4H= 75  2H=115  1H=158
   30 BANANAS31    87.5  4/6  $   0.007710 +45.21%  $   13.9  1D= 19  12H= 72  6H=111  4H=127  2H=149  1H=142
   31 KAIA         87.4  2/6  $   0.036870  +4.77%  $    1.3  1D= 42  12H= 91  6H= 75  4H=115  2H=137  1H=125
   32 JTO          87.3  4/6  $   0.544100  +1.55%  $    6.7  1D=115  12H= 30  6H= 78  4H= 84  2H= 92  1H= 88
   33 MOODENG      86.7  2/6  $   0.040570  +1.82%  $    3.1  1D= 66  12H= 77  6H= 84  4H= 91  2H= 82  1H= 77
   34 SEI          86.4  3/6  $   0.054420  +1.14%  $    5.4  1D= 45  12H= 64  6H= 97  4H=122  2H= 94  1H= 99
   35 IRYS         86.4  2/6  $   0.018236  +2.62%  $    3.2  1D= 49  12H=101  6H=121  4H=120  2H= 69  1H= 31
   36 ESPORTS      86.3  1/6  $   0.062120 -11.29%  $   76.7  1D=118  12H=100  6H= 65  4H= 40  2H= 37  1H= 91
   37 ME           86.3  2/6  $   0.063190  +0.27%  $    1.5  1D= 83  12H= 85  6H= 78  4H= 77  2H=116  1H= 39
   38 XMR          85.8  2/6  $ 338.620000  -0.08%  $   13.2  1D= 97  12H=103  6H= 71  4H= 51  2H= 54  1H= 63
   39 VELVET       85.5  0/6  $   0.400010 -11.00%  $   46.6  1D=130  12H= 76  6H= 49  4H= 46  2H= 63  1H= 21
   40 LAB          85.4  3/6  $   9.449000  +4.94%  $   13.9  1D=106  12H= 43  6H= 67  4H= 79  2H=111  1H=119
   41 XAG          85.4  2/6  $  68.160000  +1.45%  $    7.5  1D= 44  12H= 60  6H= 86  4H=152  2H=114  1H=117
   42 RENDER       85.1  4/6  $   1.771100  +1.56%  $   11.6  1D= 47  12H= 74  6H= 78  4H=131  2H= 89  1H=101
   43 BREV         85.0  2/6  $   0.080870  +6.05%  $    2.9  1D= 53  12H= 77  6H= 69  4H= 96  2H=125  1H=130
   44 INIT         84.9  2/6  $   0.058850  +2.00%  $    1.3  1D= 63  12H= 71  6H= 84  4H= 69  2H= 79  1H= 86
   45 SOL          84.7  3/6  $  68.890000  +1.81%  $  435.7  1D= 48  12H= 78  6H=117  4H=107  2H= 67  1H= 60
   46 PIEVERSE     84.6  2/6  $   0.664600  -2.82%  $    1.4  1D= 69  12H= 84  6H= 91  4H= 55  2H= 81  1H= 99
   47 CC           83.1  4/6  $   0.162730  -1.01%  $    1.7  1D=127  12H= 61  6H=  0  4H= 84  2H= 88  1H=102
   48 ETHFI        83.0  2/6  $   0.317100  +3.23%  $    3.5  1D= 64  12H= 68  6H= 95  4H= 85  2H= 85  1H= 73
   49 ARC          82.9  2/6  $   0.089320  -9.59%  $    1.1  1D=140  12H=115  6H= 32  4H= 29  2H= 28  1H= 32
   50 PNUT         82.6  3/6  $   0.044410  +1.25%  $    2.1  1D= 42  12H= 76  6H= 89  4H=111  2H= 96  1H= 51

================================================================================
2026-06-14 23:02:15,143 [INFO]   Saved → trend_v3_LATEST.txt, trend_v3_LATEST.json, trend_v3_20260614_230215.txt
2026-06-14 23:48:46,826 [INFO] ================================================================
2026-06-14 23:48:46,827 [INFO] TREND SCANNER v3.0
2026-06-14 23:48:46,828 [INFO] ================================================================
2026-06-14 23:48:46,829 [INFO] Building universe (Bybit perps)...
2026-06-14 23:48:48,098 [INFO]   Universe (post-filter): 225 coins
2026-06-14 23:48:48,099 [INFO] Fetching BTC 1D for regime detection...
2026-06-14 23:48:48,120 [INFO]   Regime: BULL  |  BTC 7d +5.87%  |  24h +1.38%
2026-06-14 23:48:48,122 [INFO] Scanning 225 coins across 6 timeframes...
2026-06-14 23:48:48,122 [INFO] (this is the slowest scanner — first run ~10min, subsequent ~2-3min)
2026-06-14 23:48:54,253 [INFO]   ...20/225  (surfaced: 15)
2026-06-14 23:49:00,764 [INFO]   ...40/225  (surfaced: 24)
2026-06-14 23:49:09,003 [INFO]   ...60/225  (surfaced: 38)
2026-06-14 23:49:16,371 [INFO]   ...80/225  (surfaced: 47)
2026-06-14 23:49:23,106 [INFO]   ...100/225  (surfaced: 61)
2026-06-14 23:49:29,107 [INFO]   ...120/225  (surfaced: 75)
2026-06-14 23:49:34,780 [INFO]   ...140/225  (surfaced: 86)
2026-06-14 23:49:41,943 [INFO]   ...160/225  (surfaced: 97)
2026-06-14 23:49:50,848 [INFO]   ...180/225  (surfaced: 111)
2026-06-14 23:49:59,309 [INFO]   ...200/225  (surfaced: 124)
2026-06-14 23:50:08,908 [INFO]   ...220/225  (surfaced: 138)
2026-06-14 23:50:15,781 [INFO] Done in 89s  |  scanned=206  failed=19  strong=13  long=44  watch=50
2026-06-14 23:50:15,787 [INFO] 
================================================================================
  TREND SCANNER v3.0  —  multi-timeframe confirmation + trade plans
  Generated  : 2026-06-14 23:50:15
  Universe   : 225 Bybit perps  |  Scanned: 206
  Scan time  : 89s
================================================================================

  Regime     : 🟢 BULL
               BTC 7d +5.87%  |  24h +1.38%  |  $64,458

  Account    : $100,000  |  Risk/trade: 1.5%

  Tiers (bull):  STRONG ≥ 130 & ST≥4  |  LONG ≥ 100 & ST≥3  |  WATCH ≥ 70

  TF weights : 1D×0.28 · 12H×0.2 · 6H×0.15 · 4H×0.15 · 2H×0.12 · 1H×0.1

--------------------------------------------------------------------------------
  STRONG  —  13 coin(s)  (highest conviction, full position)
--------------------------------------------------------------------------------

  [ 1] BP          score= 149.9  ST=6/6  price=$0.310240      24h=+42.57%  vol=$  1.0M
       TF:  1D=128  12H=155  6H=152  4H=159  2H=159  1H=123
       Bonuses: RS vs BTC 7d +32.3%  (+5 pts)
       Entry: $0.310240  |  Stop: $0.263704 (-15.00%)  |  Risk: $1500 (1.50% acct)
       Position: $10000 (10.00% acct, qty 32233.1099)
       TP1: $0.380044 (+22.5%, 1.5R, sell 40%)
       TP2: $0.449848 (+45.0%, 3.0R, sell 35%)
       TP3: $0.542920 (+75.0%, 5.0R, sell 25%)

  [ 2] JCT         score= 143.2  ST=6/6  price=$0.006911      24h= -7.43%  vol=$ 18.7M
       TF:  1D=154  12H=176  6H=135  4H=140  2H=107  1H= 58
       Bonuses: RS vs BTC 7d +39.1%  (+5 pts)
       Entry: $0.006911  |  Stop: $0.005874 (-15.00%)  |  Risk: $1500 (1.50% acct)
       Position: $10000 (10.00% acct, qty 1446989.5383)
       TP1: $0.008466 (+22.5%, 1.5R, sell 40%)
       TP2: $0.010021 (+45.0%, 3.0R, sell 35%)
       TP3: $0.012094 (+75.0%, 5.0R, sell 25%)

  [ 3] OPEN        score= 142.7  ST=6/6  price=$0.240890      24h= +4.89%  vol=$  3.6M
       TF:  1D=140  12H=154  6H=149  4H=155  2H=114  1H= 84
       Bonuses: RS vs BTC 7d +28.7%  (+5 pts)
       Entry: $0.240890  |  Stop: $0.206043 (-14.47%)  |  Risk: $1500 (1.50% acct)
       Position: $10369 (10.37% acct, qty 43045.1359)
       TP1: $0.293161 (+21.7%, 1.5R, sell 40%)
       TP2: $0.345431 (+43.4%, 3.0R, sell 35%)
       TP3: $0.415126 (+72.3%, 5.0R, sell 25%)

  [ 4] EVAA        score= 140.8  ST=5/6  price=$0.389800      24h=+49.12%  vol=$ 17.3M
       TF:  1D= 94  12H=120  6H=154  4H=154  2H=159  1H=152
       Bonuses: RSI div 1D (bullish) | RS vs BTC 7d +12.4%  (+10 pts)
       Entry: $0.389800  |  Stop: $0.331330 (-15.00%)  |  Risk: $1500 (1.50% acct)
       Position: $10000 (10.00% acct, qty 25654.1816)
       TP1: $0.477505 (+22.5%, 1.5R, sell 40%)
       TP2: $0.565210 (+45.0%, 3.0R, sell 35%)
       TP3: $0.682150 (+75.0%, 5.0R, sell 25%)

  [ 5] MEGA        score= 137.7  ST=6/6  price=$0.062640      24h= -4.18%  vol=$ 34.5M
       TF:  1D=122  12H=105  6H=129  4H=133  2H=140  1H=124
       Bonuses: RSI div 1D (bullish) | 1H pre-pump (obv_divergence, obv_stealth_accum) | RS vs BTC 7d +34.6%  (+14 pts)
       Entry: $0.062640  |  Stop: $0.053244 (-15.00%)  |  Risk: $1500 (1.50% acct)
       Position: $10000 (10.00% acct, qty 159642.4010)
       TP1: $0.076734 (+22.5%, 1.5R, sell 40%)
       TP2: $0.090828 (+45.0%, 3.0R, sell 35%)
       TP3: $0.109620 (+75.0%, 5.0R, sell 25%)

  [ 6] LIT         score= 137.0  ST=6/6  price=$1.630800      24h= +3.41%  vol=$  8.6M
       TF:  1D=127  12H=133  6H=128  4H=142  2H=105  1H=127
       Bonuses: 1H pre-pump (bb_squeeze, obv_stealth_accum) | RS vs BTC 7d +8.7%  (+9 pts)
       Entry: $1.630800  |  Stop: $1.386180 (-15.00%)  |  Risk: $1500 (1.50% acct)
       Position: $10000 (10.00% acct, qty 6131.9598)
       TP1: $1.997730 (+22.5%, 1.5R, sell 40%)
       TP2: $2.364660 (+45.0%, 3.0R, sell 35%)
       TP3: $2.853900 (+75.0%, 5.0R, sell 25%)

  [ 7] MEME        score= 136.1  ST=6/6  price=$0.000560      24h=+11.37%  vol=$  4.9M
       TF:  1D=112  12H=131  6H=146  4H=167  2H=135  1H=104
       Bonuses: RSI div 1D (hidden_bullish) | 1H pre-pump (obv_stealth_accum)  (+5 pts)
       Entry: $0.000560  |  Stop: $0.000476 (-15.00%)  |  Risk: $1500 (1.50% acct)
       Position: $10000 (10.00% acct, qty 17860332.2022)
       TP1: $0.000686 (+22.5%, 1.5R, sell 40%)
       TP2: $0.000812 (+45.0%, 3.0R, sell 35%)
       TP3: $0.000980 (+75.0%, 5.0R, sell 25%)

  [ 8] TAO         score= 135.8  ST=6/6  price=$262.760000    24h= +4.58%  vol=$144.4M
       TF:  1D=130  12H=123  6H=136  4H=145  2H=124  1H=108
       Bonuses: 1H pre-pump (obv_stealth_accum) | RS vs BTC 7d +29.8%  (+7 pts)
       Entry: $262.760000  |  Stop: $230.005357 (-12.47%)  |  Risk: $1500 (1.50% acct)
       Position: $12033 (12.03% acct, qty 45.7950)
       TP1: $311.891964 (+18.7%, 1.5R, sell 40%)
       TP2: $361.023929 (+37.4%, 3.0R, sell 35%)
       TP3: $426.533214 (+62.3%, 5.0R, sell 25%)

  [ 9] SQD         score= 133.9  ST=6/6  price=$0.041000      24h= +0.17%  vol=$  1.4M
       TF:  1D=111  12H=143  6H=140  4H=119  2H=131  1H= 77
       Bonuses: RSI div 1D (bullish) | 1H pre-pump (obv_stealth_accum) | RS vs BTC 7d +34.2%  (+12 pts)
       Entry: $0.041000  |  Stop: $0.034850 (-15.00%)  |  Risk: $1500 (1.50% acct)
       Position: $10000 (10.00% acct, qty 243902.4390)
       TP1: $0.050225 (+22.5%, 1.5R, sell 40%)
       TP2: $0.059450 (+45.0%, 3.0R, sell 35%)
       TP3: $0.071750 (+75.0%, 5.0R, sell 25%)

  [10] JELLYJELLY  score= 133.8  ST=5/6  price=$0.057030      24h=+36.43%  vol=$ 14.2M
       TF:  1D= 83  12H=134  6H=154  4H=154  2H=138  1H=160
       Bonuses: RS vs BTC 7d +1.8%  (+5 pts)
       Entry: $0.057030  |  Stop: $0.048475 (-15.00%)  |  Risk: $1500 (1.50% acct)
       Position: $10000 (10.00% acct, qty 175346.3090)
       TP1: $0.069862 (+22.5%, 1.5R, sell 40%)
       TP2: $0.082694 (+45.0%, 3.0R, sell 35%)
       TP3: $0.099803 (+75.0%, 5.0R, sell 25%)

  [11] ROAM        score= 132.8  ST=5/6  price=$0.006783      24h=+25.64%  vol=$  5.6M
       TF:  1D=118  12H=134  6H=124  4H=136  2H=131  1H=132
       Bonuses: RS vs BTC 7d +18.1%  (+5 pts)
       Entry: $0.006783  |  Stop: $0.005766 (-15.00%)  |  Risk: $1500 (1.50% acct)
       Position: $10000 (10.00% acct, qty 1474273.9201)
       TP1: $0.008309 (+22.5%, 1.5R, sell 40%)
       TP2: $0.009835 (+45.0%, 3.0R, sell 35%)
       TP3: $0.011870 (+75.0%, 5.0R, sell 25%)

  [12] ATOM        score= 131.5  ST=6/6  price=$1.948000      24h= +2.55%  vol=$  9.1M
       TF:  1D=105  12H=118  6H=119  4H=164  2H=136  1H=127
       Bonuses: 1H pre-pump (obv_stealth_accum) | RS vs BTC 7d +13.9%  (+7 pts)
       Entry: $1.948000  |  Stop: $1.753150 (-10.00%)  |  Risk: $1500 (1.50% acct)
       Position: $14996 (15.00% acct, qty 7698.2294)
       TP1: $2.240275 (+15.0%, 1.5R, sell 40%)
       TP2: $2.532550 (+30.0%, 3.0R, sell 35%)
       TP3: $2.922250 (+50.0%, 5.0R, sell 25%)

  [13] WLD         score= 130.2  ST=6/6  price=$0.501400      24h= +1.99%  vol=$114.9M
       TF:  1D=116  12H=122  6H=125  4H=166  2H= 88  1H= 91
       Bonuses: RSI div 1D (hidden_bullish) | 1H pre-pump (bb_squeeze) | RS vs BTC 7d +15.4%  (+10 pts)
       Entry: $0.501400  |  Stop: $0.426190 (-15.00%)  |  Risk: $1500 (1.50% acct)
       Position: $10000 (10.00% acct, qty 19944.1564)
       TP1: $0.614215 (+22.5%, 1.5R, sell 40%)
       TP2: $0.727030 (+45.0%, 3.0R, sell 35%)
       TP3: $0.877450 (+75.0%, 5.0R, sell 25%)

--------------------------------------------------------------------------------
  LONG  —  44 coin(s)  (tradeable trend)
--------------------------------------------------------------------------------

  [ 1] CLO         score= 129.6  ST=3/6  price=$0.139890      24h=+35.08%  vol=$ 14.6M
       TF:  1D=140  12H=103  6H=124  4H=114  2H=150  1H=161
       Entry: $0.139890  |  Stop: $0.118906 (-15.00%)  |  Risk: $1500 (1.50% acct)
       Position: $10000 (10.00% acct, qty 71484.7380)
       TP1: $0.171365 (+22.5%, 1.5R, sell 40%)
       TP2: $0.202841 (+45.0%, 3.0R, sell 35%)
       TP3: $0.244808 (+75.0%, 5.0R, sell 25%)

  [ 2] KAITO       score= 127.9  ST=4/6  price=$0.482800      24h= -1.66%  vol=$ 10.2M
       TF:  1D=101  12H=136  6H=119  4H=150  2H=121  1H=106
       Bonuses: 1H pre-pump (obv_stealth_accum) | RS vs BTC 7d +2.4%  (+7 pts)
       Entry: $0.482800  |  Stop: $0.434039 (-10.10%)  |  Risk: $1500 (1.50% acct)
       Position: $14852 (14.85% acct, qty 30762.4698)
       TP1: $0.555941 (+15.2%, 1.5R, sell 40%)
       TP2: $0.629082 (+30.3%, 3.0R, sell 35%)
       TP3: $0.726604 (+50.5%, 5.0R, sell 25%)

  [ 3] MMT         score= 123.4  ST=6/6  price=$0.129940      24h= +0.77%  vol=$  2.2M
       TF:  1D=115  12H=123  6H=123  4H=137  2H=107  1H= 78
       Bonuses: 1H pre-pump (obv_stealth_accum) | RS vs BTC 7d +18.0%  (+7 pts)
       Entry: $0.129940  |  Stop: $0.115716 (-10.95%)  |  Risk: $1500 (1.50% acct)
       Position: $13703 (13.70% acct, qty 105453.4498)
       TP1: $0.151276 (+16.4%, 1.5R, sell 40%)
       TP2: $0.172613 (+32.8%, 3.0R, sell 35%)
       TP3: $0.201061 (+54.7%, 5.0R, sell 25%)

  [ 4] AKT         score= 122.1  ST=5/6  price=$0.712200      24h=+13.83%  vol=$  5.4M
       TF:  1D= 78  12H=106  6H=142  4H=145  2H=152  1H=128
       Bonuses: RS vs BTC 7d +16.2%  (+5 pts)
       Entry: $0.712200  |  Stop: $0.605370 (-15.00%)  |  Risk: $1500 (1.50% acct)
       Position: $10000 (10.00% acct, qty 14040.9997)
       TP1: $0.872445 (+22.5%, 1.5R, sell 40%)
       TP2: $1.032690 (+45.0%, 3.0R, sell 35%)
       TP3: $1.246350 (+75.0%, 5.0R, sell 25%)

  [ 5] AT          score= 121.5  ST=3/6  price=$0.132760      24h= +5.33%  vol=$  1.2M
       TF:  1D=109  12H=102  6H=109  4H=129  2H= 91  1H=140
       Bonuses: RSI div 1D (hidden_bullish) | 1H pre-pump (obv_stealth_accum) | RS vs BTC 7d +0.2%  (+10 pts)
       Entry: $0.132760  |  Stop: $0.114368 (-13.85%)  |  Risk: $1500 (1.50% acct)
       Position: $10827 (10.83% acct, qty 81556.5653)
       TP1: $0.160348 (+20.8%, 1.5R, sell 40%)
       TP2: $0.187936 (+41.6%, 3.0R, sell 35%)
       TP3: $0.224721 (+69.3%, 5.0R, sell 25%)

  [ 6] XPL         score= 120.1  ST=5/6  price=$0.087040      24h= +2.95%  vol=$ 24.8M
       TF:  1D=100  12H=104  6H=144  4H=115  2H= 84  1H=134
       Bonuses: 1H pre-pump (bb_squeeze, obv_stealth_accum) | RS vs BTC 7d +27.0%  (+9 pts)
       Entry: $0.087040  |  Stop: $0.073984 (-15.00%)  |  Risk: $1500 (1.50% acct)
       Position: $10000 (10.00% acct, qty 114889.7059)
       TP1: $0.106624 (+22.5%, 1.5R, sell 40%)
       TP2: $0.126208 (+45.0%, 3.0R, sell 35%)
       TP3: $0.152320 (+75.0%, 5.0R, sell 25%)

  [ 7] VVV         score= 118.8  ST=4/6  price=$16.610000     24h= +0.28%  vol=$ 15.8M
       TF:  1D=115  12H= 90  6H=108  4H=113  2H=114  1H=158
       Bonuses: 1H pre-pump (bb_squeeze, obv_divergence, obv_stealth_accum)  (+6 pts)
       Entry: $16.610000  |  Stop: $14.118500 (-15.00%)  |  Risk: $1500 (1.50% acct)
       Position: $10000 (10.00% acct, qty 602.0470)
       TP1: $20.347250 (+22.5%, 1.5R, sell 40%)
       TP2: $24.084500 (+45.0%, 3.0R, sell 35%)
       TP3: $29.067500 (+75.0%, 5.0R, sell 25%)

  [ 8] PUFFER      score= 118.4  ST=4/6  price=$0.015200      24h=+20.74%  vol=$  4.0M
       TF:  1D= 71  12H= 92  6H=141  4H=144  2H=154  1H=159
       Bonuses: funding -1.4197%/8h  (+3 pts)
       Entry: $0.015200  |  Stop: $0.012974 (-14.65%)  |  Risk: $1500 (1.50% acct)
       Position: $10241 (10.24% acct, qty 673724.7353)
       TP1: $0.018540 (+22.0%, 1.5R, sell 40%)
       TP2: $0.021879 (+43.9%, 3.0R, sell 35%)
       TP3: $0.026332 (+73.2%, 5.0R, sell 25%)

  [ 9] KAS         score= 118.3  ST=3/6  price=$0.031350      24h= +2.20%  vol=$  2.3M
       TF:  1D=107  12H= 86  6H=124  4H=129  2H=137  1H=148
       Bonuses: 1H pre-pump (bb_squeeze)  (+2 pts)
       Entry: $0.031350  |  Stop: $0.027928 (-10.92%)  |  Risk: $1500 (1.50% acct)
       Position: $13741 (13.74% acct, qty 438321.8535)
       TP1: $0.036483 (+16.4%, 1.5R, sell 40%)
       TP2: $0.041616 (+32.8%, 3.0R, sell 35%)
       TP3: $0.048461 (+54.6%, 5.0R, sell 25%)

  [10] BRETT       score= 118.2  ST=5/6  price=$0.006708      24h= +0.80%  vol=$  3.4M
       TF:  1D= 86  12H=115  6H=128  4H=159  2H=116  1H= 92
       Bonuses: RS vs BTC 7d +22.6%  (+5 pts)
       Entry: $0.006708  |  Stop: $0.005702 (-15.00%)  |  Risk: $1500 (1.50% acct)
       Position: $10000 (10.00% acct, qty 1490757.3047)
       TP1: $0.008217 (+22.5%, 1.5R, sell 40%)
       TP2: $0.009727 (+45.0%, 3.0R, sell 35%)
       TP3: $0.011739 (+75.0%, 5.0R, sell 25%)

  [11] NOT         score= 116.3  ST=5/6  price=$0.000478      24h= -2.15%  vol=$  4.9M
       TF:  1D= 86  12H=135  6H=138  4H=123  2H=105  1H= 85
       Bonuses: RS vs BTC 7d +23.1%  (+5 pts)
       Entry: $0.000478  |  Stop: $0.000408 (-14.64%)  |  Risk: $1500 (1.50% acct)
       Position: $10249 (10.25% acct, qty 21423106.3504)
       TP1: $0.000583 (+21.9%, 1.5R, sell 40%)
       TP2: $0.000688 (+43.9%, 3.0R, sell 35%)
       TP3: $0.000828 (+73.2%, 5.0R, sell 25%)

  [12] LIGHT       score= 116.2  ST=3/6  price=$0.114900      24h= +0.00%  vol=$  1.0M
       TF:  1D= 96  12H= 77  6H= 90  4H=168  2H=118  1H= 91
       Bonuses: RSI div 1D (hidden_bullish) | 1H pre-pump (bb_squeeze, obv_stealth_accum) | RS vs BTC 7d +14.9%  (+12 pts)
       Entry: $0.114900  |  Stop: $0.097665 (-15.00%)  |  Risk: $1500 (1.50% acct)
       Position: $10000 (10.00% acct, qty 87032.2019)
       TP1: $0.140753 (+22.5%, 1.5R, sell 40%)
       TP2: $0.166605 (+45.0%, 3.0R, sell 35%)
       TP3: $0.201075 (+75.0%, 5.0R, sell 25%)

  [13] TRUTH       score= 115.7  ST=3/6  price=$0.012075      24h= +0.66%  vol=$  5.3M
       TF:  1D= 86  12H=135  6H=134  4H=121  2H=116  1H= 45
       Bonuses: RSI div 1D (hidden_bullish) | RS vs BTC 7d +4.5%  (+8 pts)
       Entry: $0.012075  |  Stop: $0.010301 (-14.69%)  |  Risk: $1500 (1.50% acct)
       Position: $10208 (10.21% acct, qty 845359.5797)
       TP1: $0.014737 (+22.0%, 1.5R, sell 40%)
       TP2: $0.017398 (+44.1%, 3.0R, sell 35%)
       TP3: $0.020947 (+73.5%, 5.0R, sell 25%)

  [14] JASMY       score= 115.2  ST=4/6  price=$0.005097      24h= +1.12%  vol=$  7.1M
       TF:  1D= 71  12H=103  6H=139  4H=136  2H=125  1H=115
       Bonuses: 1H pre-pump (obv_stealth_accum) | RS vs BTC 7d +5.5%  (+7 pts)
       Entry: $0.005097  |  Stop: $0.004545 (-10.82%)  |  Risk: $1500 (1.50% acct)
       Position: $13861 (13.86% acct, qty 2719502.7195)
       TP1: $0.005924 (+16.2%, 1.5R, sell 40%)
       TP2: $0.006752 (+32.5%, 3.0R, sell 35%)
       TP3: $0.007855 (+54.1%, 5.0R, sell 25%)

  [15] CAKE        score= 114.2  ST=3/6  price=$1.350400      24h= +2.72%  vol=$  1.3M
       TF:  1D= 72  12H= 81  6H=129  4H=150  2H=147  1H=114
       Bonuses: 1H pre-pump (obv_stealth_accum) | RS vs BTC 7d +5.3%  (+7 pts)
       Entry: $1.350400  |  Stop: $1.224754 (-9.30%)  |  Risk: $1500 (1.50% acct)
       Position: $16121 (16.12% acct, qty 11938.2621)
       TP1: $1.538870 (+14.0%, 1.5R, sell 40%)
       TP2: $1.727339 (+27.9%, 3.0R, sell 35%)
       TP3: $1.978632 (+46.5%, 5.0R, sell 25%)

  [16] MORPHO      score= 112.8  ST=4/6  price=$1.958700      24h= -0.08%  vol=$  1.2M
       TF:  1D=102  12H=121  6H=100  4H= 84  2H=126  1H= 83
       Bonuses: 1H pre-pump (bb_squeeze, obv_stealth_accum) | RS vs BTC 7d +12.9%  (+9 pts)
       Entry: $1.958700  |  Stop: $1.698279 (-13.30%)  |  Risk: $1500 (1.50% acct)
       Position: $11282 (11.28% acct, qty 5759.8947)
       TP1: $2.349332 (+19.9%, 1.5R, sell 40%)
       TP2: $2.739964 (+39.9%, 3.0R, sell 35%)
       TP3: $3.260807 (+66.5%, 5.0R, sell 25%)

  [17] APEX        score= 112.7  ST=5/6  price=$0.262100      24h=+13.84%  vol=$  1.6M
       TF:  1D= 54  12H=122  6H=127  4H=147  2H=139  1H=154
       Entry: $0.262100  |  Stop: $0.236086 (-9.93%)  |  Risk: $1500 (1.50% acct)
       Position: $15113 (15.11% acct, qty 57660.6260)
       TP1: $0.301121 (+14.9%, 1.5R, sell 40%)
       TP2: $0.340143 (+29.8%, 3.0R, sell 35%)
       TP3: $0.392171 (+49.6%, 5.0R, sell 25%)

  [18] ALLO        score= 112.3  ST=5/6  price=$0.366790      24h= -0.16%  vol=$ 10.6M
       TF:  1D=133  12H=126  6H= 83  4H=102  2H= 76  1H=110
       Bonuses: 1H pre-pump (obv_stealth_accum)  (+2 pts)
       Entry: $0.366790  |  Stop: $0.311771 (-15.00%)  |  Risk: $1500 (1.50% acct)
       Position: $10000 (10.00% acct, qty 27263.5568)
       TP1: $0.449318 (+22.5%, 1.5R, sell 40%)
       TP2: $0.531845 (+45.0%, 3.0R, sell 35%)
       TP3: $0.641883 (+75.0%, 5.0R, sell 25%)

  [19] BLUAI       score= 110.6  ST=5/6  price=$0.011341      24h=+23.23%  vol=$  3.6M
       TF:  1D= 78  12H=105  6H= 94  4H=135  2H=137  1H=140
       Bonuses: RSI div 1D (hidden_bullish)  (+3 pts)
       Entry: $0.011341  |  Stop: $0.009640 (-15.00%)  |  Risk: $1500 (1.50% acct)
       Position: $10000 (10.00% acct, qty 881756.4589)
       TP1: $0.013893 (+22.5%, 1.5R, sell 40%)
       TP2: $0.016444 (+45.0%, 3.0R, sell 35%)
       TP3: $0.019847 (+75.0%, 5.0R, sell 25%)

  [20] BABY        score= 110.3  ST=6/6  price=$0.014720      24h=+19.42%  vol=$  6.1M
       TF:  1D= 73  12H= 99  6H=115  4H=123  2H=154  1H=159
       Entry: $0.014720  |  Stop: $0.012512 (-15.00%)  |  Risk: $1500 (1.50% acct)
       Position: $10000 (10.00% acct, qty 679347.8261)
       TP1: $0.018032 (+22.5%, 1.5R, sell 40%)
       TP2: $0.021344 (+45.0%, 3.0R, sell 35%)
       TP3: $0.025760 (+75.0%, 5.0R, sell 25%)

  [21] ALT         score= 110.3  ST=4/6  price=$0.006607      24h= +1.00%  vol=$  2.4M
       TF:  1D= 73  12H= 60  6H=133  4H=136  2H=116  1H=126
       Bonuses: 1H pre-pump (bb_squeeze, obv_divergence, obv_stealth_accum) | RS vs BTC 7d +10.8%  (+11 pts)
       Entry: $0.006607  |  Stop: $0.005700 (-13.73%)  |  Risk: $1500 (1.50% acct)
       Position: $10925 (10.92% acct, qty 1653478.2095)
       TP1: $0.007968 (+20.6%, 1.5R, sell 40%)
       TP2: $0.009329 (+41.2%, 3.0R, sell 35%)
       TP3: $0.011143 (+68.7%, 5.0R, sell 25%)

  [22] PYTH        score= 109.9  ST=5/6  price=$0.038070      24h= +3.95%  vol=$  4.7M
       TF:  1D= 67  12H=109  6H=136  4H=140  2H=101  1H= 68
       Bonuses: 1H pre-pump (bb_squeeze, obv_stealth_accum) | RS vs BTC 7d +16.0%  (+9 pts)
       Entry: $0.038070  |  Stop: $0.032771 (-13.92%)  |  Risk: $1500 (1.50% acct)
       Position: $10776 (10.78% acct, qty 283057.0158)
       TP1: $0.046019 (+20.9%, 1.5R, sell 40%)
       TP2: $0.053968 (+41.8%, 3.0R, sell 35%)
       TP3: $0.064566 (+69.6%, 5.0R, sell 25%)

  [23] HYPE        score= 108.3  ST=3/6  price=$60.665000     24h= +4.82%  vol=$262.2M
       TF:  1D= 82  12H=110  6H= 87  4H=114  2H=120  1H= 98
       Bonuses: 1H pre-pump (bb_squeeze, obv_stealth_accum) | RS vs BTC 7d +1.5%  (+9 pts)
       Entry: $60.665000  |  Stop: $51.565250 (-15.00%)  |  Risk: $1500 (1.50% acct)
       Position: $10000 (10.00% acct, qty 164.8397)
       TP1: $74.314625 (+22.5%, 1.5R, sell 40%)
       TP2: $87.964250 (+45.0%, 3.0R, sell 35%)
       TP3: $106.163750 (+75.0%, 5.0R, sell 25%)

  [24] H           score= 107.6  ST=3/6  price=$0.341950      24h=+36.45%  vol=$415.0M
       TF:  1D= 69  12H=139  6H=119  4H=129  2H=118  1H= 61
       Bonuses: funding -0.6538%/8h  (+3 pts)
       Entry: $0.341950  |  Stop: $0.290658 (-15.00%)  |  Risk: $1500 (1.50% acct)
       Position: $10000 (10.00% acct, qty 29244.0415)
       TP1: $0.418889 (+22.5%, 1.5R, sell 40%)
       TP2: $0.495827 (+45.0%, 3.0R, sell 35%)
       TP3: $0.598413 (+75.0%, 5.0R, sell 25%)

  [25] STABLE      score= 107.6  ST=3/6  price=$0.036398      24h= -1.97%  vol=$  1.1M
       TF:  1D= 95  12H= 81  6H=131  4H=100  2H= 97  1H= 65
       Bonuses: RSI div 1D (bullish) | 1H pre-pump (obv_stealth_accum) | RS vs BTC 7d +1.3%  (+12 pts)
       Entry: $0.036398  |  Stop: $0.031043 (-14.71%)  |  Risk: $1500 (1.50% acct)
       Position: $10195 (10.20% acct, qty 280106.4404)
       TP1: $0.044431 (+22.1%, 1.5R, sell 40%)
       TP2: $0.052463 (+44.1%, 3.0R, sell 35%)
       TP3: $0.063174 (+73.6%, 5.0R, sell 25%)

  [26] TRUMP       score= 107.4  ST=5/6  price=$2.184000      24h= -6.00%  vol=$ 74.8M
       TF:  1D=123  12H=125  6H=119  4H= 97  2H= 48  1H= 18
       Bonuses: RS vs BTC 7d +32.7% | funding -0.0348%/8h  (+8 pts)
       Entry: $2.184000  |  Stop: $1.913357 (-12.39%)  |  Risk: $1500 (1.50% acct)
       Position: $12105 (12.10% acct, qty 5542.3595)
       TP1: $2.589964 (+18.6%, 1.5R, sell 40%)
       TP2: $2.995929 (+37.2%, 3.0R, sell 35%)
       TP3: $3.537214 (+62.0%, 5.0R, sell 25%)

  [27] GRASS       score= 107.4  ST=3/6  price=$0.390060      24h=+11.77%  vol=$  2.1M
       TF:  1D= 55  12H= 64  6H=120  4H=146  2H=163  1H=117
       Bonuses: RSI div 1D (hidden_bullish) | RS vs BTC 7d +10.6%  (+8 pts)
       Entry: $0.390060  |  Stop: $0.331551 (-15.00%)  |  Risk: $1500 (1.50% acct)
       Position: $10000 (10.00% acct, qty 25637.0815)
       TP1: $0.477824 (+22.5%, 1.5R, sell 40%)
       TP2: $0.565587 (+45.0%, 3.0R, sell 35%)
       TP3: $0.682605 (+75.0%, 5.0R, sell 25%)

  [28] IO          score= 107.1  ST=5/6  price=$0.179850      24h= -2.19%  vol=$  2.2M
       TF:  1D=133  12H=124  6H=103  4H= 93  2H= 38  1H= 61
       Bonuses: RS vs BTC 7d +26.8%  (+5 pts)
       Entry: $0.179850  |  Stop: $0.152872 (-15.00%)  |  Risk: $1500 (1.50% acct)
       Position: $10000 (10.00% acct, qty 55601.8905)
       TP1: $0.220316 (+22.5%, 1.5R, sell 40%)
       TP2: $0.260782 (+45.0%, 3.0R, sell 35%)
       TP3: $0.314738 (+75.0%, 5.0R, sell 25%)

  [29] ZKP         score= 106.8  ST=3/6  price=$0.056660      24h= +6.11%  vol=$  3.6M
       TF:  1D= 78  12H= 74  6H=125  4H=139  2H=109  1H= 55
       Bonuses: RSI div 1D (bullish) | 1H pre-pump (obv_stealth_accum) | RS vs BTC 7d +2.6%  (+12 pts)
       Entry: $0.056660  |  Stop: $0.050037 (-11.69%)  |  Risk: $1500 (1.50% acct)
       Position: $12834 (12.83% acct, qty 226500.5663)
       TP1: $0.066594 (+17.5%, 1.5R, sell 40%)
       TP2: $0.076527 (+35.1%, 3.0R, sell 35%)
       TP3: $0.089773 (+58.4%, 5.0R, sell 25%)

  [30] EIGEN       score= 106.2  ST=4/6  price=$0.191860      24h= +9.97%  vol=$  9.4M
       TF:  1D= 48  12H= 77  6H=126  4H=146  2H=148  1H=138
       Bonuses: RS vs BTC 7d +13.2%  (+5 pts)
       Entry: $0.191860  |  Stop: $0.163081 (-15.00%)  |  Risk: $1500 (1.50% acct)
       Position: $10000 (10.00% acct, qty 52121.3385)
       TP1: $0.235029 (+22.5%, 1.5R, sell 40%)
       TP2: $0.278197 (+45.0%, 3.0R, sell 35%)
       TP3: $0.335755 (+75.0%, 5.0R, sell 25%)

  [31] BIO         score= 105.7  ST=3/6  price=$0.032320      24h= +1.26%  vol=$  4.2M
       TF:  1D= 83  12H= 80  6H=138  4H=106  2H= 85  1H= 77
       Bonuses: RSI div 1D (bullish) | 1H pre-pump (obv_divergence) | RS vs BTC 7d +19.0%  (+12 pts)
       Entry: $0.032320  |  Stop: $0.027472 (-15.00%)  |  Risk: $1500 (1.50% acct)
       Position: $10000 (10.00% acct, qty 309405.9406)
       TP1: $0.039592 (+22.5%, 1.5R, sell 40%)
       TP2: $0.046864 (+45.0%, 3.0R, sell 35%)
       TP3: $0.056560 (+75.0%, 5.0R, sell 25%)

  [32] COAI        score= 105.4  ST=3/6  price=$0.419600      24h=-10.64%  vol=$ 43.9M
       TF:  1D=119  12H=122  6H=121  4H= 92  2H= 36  1H= 34
       Bonuses: RSI div 1D (hidden_bullish) | RS vs BTC 7d +84.2%  (+8 pts)
       Entry: $0.419600  |  Stop: $0.356660 (-15.00%)  |  Risk: $1500 (1.50% acct)
       Position: $10000 (10.00% acct, qty 23832.2212)
       TP1: $0.514010 (+22.5%, 1.5R, sell 40%)
       TP2: $0.608420 (+45.0%, 3.0R, sell 35%)
       TP3: $0.734300 (+75.0%, 5.0R, sell 25%)

  [33] NEAR        score= 104.8  ST=3/6  price=$2.127000      24h= +4.86%  vol=$ 77.1M
       TF:  1D= 85  12H= 96  6H= 61  4H=105  2H=104  1H=144
       Bonuses: RSI div 1D (hidden_bullish) | 1H pre-pump (obv_stealth_accum) | RS vs BTC 7d +8.7%  (+10 pts)
       Entry: $2.127000  |  Stop: $1.807950 (-15.00%)  |  Risk: $1500 (1.50% acct)
       Position: $10000 (10.00% acct, qty 4701.4575)
       TP1: $2.605575 (+22.5%, 1.5R, sell 40%)
       TP2: $3.084150 (+45.0%, 3.0R, sell 35%)
       TP3: $3.722250 (+75.0%, 5.0R, sell 25%)

  [34] LA          score= 104.4  ST=3/6  price=$0.074040      24h= +4.17%  vol=$  2.5M
       TF:  1D= 77  12H= 81  6H= 99  4H=145  2H=128  1H=127
       Bonuses: 1H pre-pump (obv_stealth_accum)  (+2 pts)
       Entry: $0.074040  |  Stop: $0.062934 (-15.00%)  |  Risk: $1500 (1.50% acct)
       Position: $10000 (10.00% acct, qty 135062.1286)
       TP1: $0.090699 (+22.5%, 1.5R, sell 40%)
       TP2: $0.107358 (+45.0%, 3.0R, sell 35%)
       TP3: $0.129570 (+75.0%, 5.0R, sell 25%)

  [35] SENT        score= 104.1  ST=5/6  price=$0.015442      24h= +0.00%  vol=$  1.3M
       TF:  1D=117  12H=122  6H= 78  4H= 81  2H= 94  1H= 48
       Bonuses: 1H pre-pump (bb_squeeze) | RS vs BTC 7d +17.1%  (+7 pts)
       Entry: $0.015442  |  Stop: $0.013126 (-15.00%)  |  Risk: $1500 (1.50% acct)
       Position: $10000 (10.00% acct, qty 647584.5098)
       TP1: $0.018916 (+22.5%, 1.5R, sell 40%)
       TP2: $0.022391 (+45.0%, 3.0R, sell 35%)
       TP3: $0.027023 (+75.0%, 5.0R, sell 25%)

  [36] ORCA        score= 103.9  ST=4/6  price=$1.147300      24h= -0.48%  vol=$  2.6M
       TF:  1D=133  12H=108  6H= 96  4H= 75  2H= 38  1H= 78
       Bonuses: 1H pre-pump (obv_divergence) | RS vs BTC 7d +7.6%  (+7 pts)
       Entry: $1.147300  |  Stop: $0.997546 (-13.05%)  |  Risk: $1500 (1.50% acct)
       Position: $11492 (11.49% acct, qty 10016.4556)
       TP1: $1.371930 (+19.6%, 1.5R, sell 40%)
       TP2: $1.596561 (+39.2%, 3.0R, sell 35%)
       TP3: $1.896068 (+65.3%, 5.0R, sell 25%)

  [37] INX         score= 103.8  ST=4/6  price=$0.007491      24h= +3.64%  vol=$  1.2M
       TF:  1D= 67  12H=115  6H=108  4H=132  2H= 85  1H= 88
       Bonuses: 1H pre-pump (obv_stealth_accum) | RS vs BTC 7d +2.4%  (+7 pts)
       Entry: $0.007491  |  Stop: $0.006367 (-15.00%)  |  Risk: $1500 (1.50% acct)
       Position: $10000 (10.00% acct, qty 1334935.2556)
       TP1: $0.009176 (+22.5%, 1.5R, sell 40%)
       TP2: $0.010862 (+45.0%, 3.0R, sell 35%)
       TP3: $0.013109 (+75.0%, 5.0R, sell 25%)

  [38] ZKC         score= 103.7  ST=5/6  price=$0.049110      24h=+19.13%  vol=$ 20.1M
       TF:  1D= 53  12H=114  6H=124  4H=127  2H=117  1H=114
       Bonuses: funding -0.5494%/8h  (+3 pts)
       Entry: $0.049110  |  Stop: $0.042724 (-13.00%)  |  Risk: $1500 (1.50% acct)
       Position: $11536 (11.54% acct, qty 234899.3289)
       TP1: $0.058689 (+19.5%, 1.5R, sell 40%)
       TP2: $0.068267 (+39.0%, 3.0R, sell 35%)
       TP3: $0.081039 (+65.0%, 5.0R, sell 25%)

  [39] SPX         score= 103.3  ST=4/6  price=$0.332100      24h= -0.09%  vol=$  2.9M
       TF:  1D= 85  12H= 78  6H=144  4H=137  2H= 93  1H= 56
       Bonuses: RS vs BTC 7d +6.2%  (+5 pts)
       Entry: $0.332100  |  Stop: $0.286532 (-13.72%)  |  Risk: $1500 (1.50% acct)
       Position: $10932 (10.93% acct, qty 32917.9403)
       TP1: $0.400452 (+20.6%, 1.5R, sell 40%)
       TP2: $0.468804 (+41.2%, 3.0R, sell 35%)
       TP3: $0.559939 (+68.6%, 5.0R, sell 25%)

  [40] PARTI       score= 102.7  ST=5/6  price=$0.060670      24h= -5.42%  vol=$  1.2M
       TF:  1D=131  12H=141  6H=117  4H= 55  2H= 35  1H= 28
       Bonuses: RSI div 1D (bullish)  (+5 pts)
       Entry: $0.060670  |  Stop: $0.051569 (-15.00%)  |  Risk: $1500 (1.50% acct)
       Position: $10000 (10.00% acct, qty 164826.1085)
       TP1: $0.074321 (+22.5%, 1.5R, sell 40%)
       TP2: $0.087971 (+45.0%, 3.0R, sell 35%)
       TP3: $0.106173 (+75.0%, 5.0R, sell 25%)

  [41] BSB         score= 102.5  ST=4/6  price=$0.249200      24h=+11.12%  vol=$ 13.7M
       TF:  1D= 73  12H= 91  6H= 90  4H=106  2H=126  1H=143
       Bonuses: RS vs BTC 7d +3.6%  (+5 pts)
       Entry: $0.249200  |  Stop: $0.211820 (-15.00%)  |  Risk: $1500 (1.50% acct)
       Position: $10000 (10.00% acct, qty 40128.4109)
       TP1: $0.305270 (+22.5%, 1.5R, sell 40%)
       TP2: $0.361340 (+45.0%, 3.0R, sell 35%)
       TP3: $0.436100 (+75.0%, 5.0R, sell 25%)

  [42] PIPPIN      score= 101.5  ST=4/6  price=$0.017990      24h=+10.91%  vol=$  5.8M
       TF:  1D=115  12H= 85  6H= 46  4H= 99  2H= 98  1H=138
       Bonuses: RS vs BTC 7d +26.4%  (+5 pts)
       Entry: $0.017990  |  Stop: $0.015291 (-15.00%)  |  Risk: $1500 (1.50% acct)
       Position: $10000 (10.00% acct, qty 555864.3691)
       TP1: $0.022038 (+22.5%, 1.5R, sell 40%)
       TP2: $0.026086 (+45.0%, 3.0R, sell 35%)
       TP3: $0.031482 (+75.0%, 5.0R, sell 25%)

  [43] SOON        score= 101.2  ST=4/6  price=$0.173200      24h= +0.12%  vol=$  1.2M
       TF:  1D= 99  12H=159  6H=111  4H= 85  2H= 76  1H= 32
       Entry: $0.173200  |  Stop: $0.150043 (-13.37%)  |  Risk: $1500 (1.50% acct)
       Position: $11219 (11.22% acct, qty 64775.8294)
       TP1: $0.207935 (+20.1%, 1.5R, sell 40%)
       TP2: $0.242670 (+40.1%, 3.0R, sell 35%)
       TP3: $0.288984 (+66.8%, 5.0R, sell 25%)

  [44] FOLKS       score= 100.2  ST=4/6  price=$1.728800      24h= +0.66%  vol=$  1.4M
       TF:  1D=128  12H=107  6H= 96  4H= 51  2H= 70  1H= 75
       Bonuses: RS vs BTC 7d +13.2%  (+5 pts)
       Entry: $1.728800  |  Stop: $1.469480 (-15.00%)  |  Risk: $1500 (1.50% acct)
       Position: $10000 (10.00% acct, qty 5784.3591)
       TP1: $2.117780 (+22.5%, 1.5R, sell 40%)
       TP2: $2.506760 (+45.0%, 3.0R, sell 35%)
       TP3: $3.025400 (+75.0%, 5.0R, sell 25%)

--------------------------------------------------------------------------------
  WATCH  —  50 coin(s)  (worth tracking)
--------------------------------------------------------------------------------
  #   Symbol      Score  ST         Price    24h%   Vol $M  TF breakdown
  ------------------------------------------------------------------------------
    1 UAI          99.9  4/6  $   0.265870 +13.49%  $    1.9  1D=112  12H= 81  6H= 73  4H= 97  2H=118  1H=127
    2 BASED        99.0  5/6  $   0.069070  +4.61%  $    1.8  1D= 69  12H=125  6H= 76  4H=111  2H=123  1H=119
    3 B3           98.2  4/6  $   0.000556  +6.55%  $    3.2  1D= 45  12H= 97  6H=115  4H=135  2H=101  1H= 86
    4 CRV          98.0  4/6  $   0.237000  -1.26%  $    6.5  1D=121  12H=143  6H= 85  4H= 79  2H= 24  1H= 30
    5 PENDLE       98.0  3/6  $   1.319000  +3.84%  $    4.5  1D= 67  12H= 75  6H=102  4H=152  2H=109  1H= 81
    6 WLFI         96.7  5/6  $   0.058870  +1.17%  $    9.4  1D=114  12H= 82  6H= 99  4H= 73  2H= 95  1H= 72
    7 ORDI         96.4  4/6  $   3.354000  +0.80%  $    5.9  1D= 74  12H= 77  6H=107  4H= 91  2H=100  1H= 66
    8 ARKM         95.2  2/6  $   0.129100  +1.52%  $    1.8  1D= 63  12H= 67  6H= 80  4H=137  2H=140  1H= 78
    9 SKR          95.0  3/6  $   0.008921  +9.76%  $    8.4  1D= 39  12H=100  6H=127  4H=120  2H=120  1H= 76
   10 STX          95.0  2/6  $   0.184700  +4.37%  $    1.9  1D= 46  12H= 85  6H= 85  4H=130  2H=126  1H=148
   11 JUP          94.8  3/6  $   0.173520  -0.25%  $    4.3  1D= 55  12H= 83  6H=119  4H=129  2H=105  1H= 80
   12 CC           94.2  5/6  $   0.162730  -0.90%  $    1.8  1D=127  12H= 61  6H= 74  4H= 84  2H= 88  1H=102
   13 AR           93.5  3/6  $   2.047500  +1.00%  $    1.4  1D= 37  12H= 85  6H= 83  4H=139  2H=129  1H=104
   14 BEAT         93.3  2/6  $   7.728600 -24.42%  $  125.8  1D=140  12H=146  6H= 45  4H= 24  2H= 34  1H= 25
   15 ICP          93.0  3/6  $   2.506000  -3.82%  $   19.5  1D= 61  12H= 83  6H=109  4H=133  2H= 89  1H= 73
   16 LTC          92.2  3/6  $  44.310000  +1.74%  $   17.3  1D= 48  12H= 62  6H= 59  4H=143  2H=143  1H=119
   17 BERA         92.2  2/6  $   0.261100  +2.03%  $    2.3  1D= 75  12H= 74  6H= 84  4H= 71  2H= 76  1H=100
   18 OP           91.4  4/6  $   0.106900  +0.74%  $    9.9  1D= 49  12H= 68  6H=117  4H=135  2H=104  1H= 68
   19 EDEN         90.9  4/6  $   0.039680 +20.41%  $    3.3  1D= 45  12H= 60  6H= 97  4H=132  2H=138  1H=154
   20 KITE         90.7  3/6  $   0.193400  -0.41%  $    1.5  1D=108  12H= 71  6H= 99  4H= 79  2H=107  1H= 47
   21 PUMPFUN      90.6  3/6  $   0.001537  +1.94%  $   12.3  1D= 64  12H= 76  6H= 74  4H=121  2H= 70  1H=108
   22 MITO         90.0  3/6  $   0.018400 +15.59%  $    6.1  1D= 38  12H=107  6H=114  4H=103  2H=110  1H=102
   23 W            89.8  3/6  $   0.009806  +1.15%  $    1.7  1D= 54  12H= 70  6H= 89  4H=110  2H=134  1H=108
   24 WAVES        89.8  3/6  $   0.277700  -3.21%  $    1.0  1D=100  12H=100  6H= 92  4H= 60  2H= 52  1H= 28
   25 ESPORTS      89.3  1/6  $   0.062120  -5.44%  $   73.3  1D=118  12H=100  6H= 65  4H= 40  2H= 37  1H= 91
   26 MNT          89.3  4/6  $   0.556800  +2.17%  $    5.3  1D= 26  12H= 78  6H=101  4H=141  2H=124  1H=102
   27 AIO          89.3  2/6  $   0.130790 -15.27%  $    1.8  1D=142  12H=123  6H= 55  4H= 22  2H= 30  1H= 28
   28 NAORIS       89.3  2/6  $   0.035790  -3.83%  $    1.1  1D=133  12H=103  6H= 53  4H= 35  2H= 23  1H= 55
   29 AXL          89.2  3/6  $   0.048330  -2.86%  $    3.8  1D= 81  12H= 82  6H=120  4H= 84  2H= 44  1H= 42
   30 ZORA         89.2  2/6  $   0.008343  +2.40%  $    1.5  1D= 41  12H= 84  6H= 79  4H=116  2H=119  1H=134
   31 TIA          89.1  4/6  $   0.345900  +0.95%  $    5.4  1D= 45  12H= 68  6H=115  4H=129  2H= 78  1H= 99
   32 SKY          88.7  3/6  $   0.055910  +2.99%  $    1.7  1D= 50  12H= 60  6H= 75  4H=127  2H=138  1H=158
   33 ZEC          88.3  1/6  $ 420.590000 +11.16%  $  159.8  1D= 41  12H= 75  6H= 60  4H= 75  2H=115  1H=158
   34 BANANAS31    87.5  4/6  $   0.007710 +35.48%  $   14.3  1D= 19  12H= 72  6H=111  4H=127  2H=149  1H=142
   35 KAIA         87.4  2/6  $   0.036870  +4.88%  $    1.3  1D= 42  12H= 91  6H= 75  4H=115  2H=137  1H=125
   36 JTO          87.3  4/6  $   0.544100  +3.15%  $    7.0  1D=115  12H= 30  6H= 78  4H= 84  2H= 92  1H= 88
   37 MOODENG      86.7  2/6  $   0.040570  +1.56%  $    3.3  1D= 66  12H= 77  6H= 84  4H= 91  2H= 82  1H= 77
   38 SEI          86.4  3/6  $   0.054420  +1.48%  $    5.8  1D= 45  12H= 64  6H= 97  4H=122  2H= 94  1H= 99
   39 IRYS         86.4  2/6  $   0.018236  +1.28%  $    3.2  1D= 49  12H=101  6H=121  4H=120  2H= 69  1H= 31
   40 ME           86.3  2/6  $   0.063190  -0.43%  $    1.6  1D= 83  12H= 85  6H= 78  4H= 77  2H=116  1H= 39
   41 XMR          85.8  2/6  $ 338.620000  -0.73%  $   13.6  1D= 97  12H=103  6H= 71  4H= 51  2H= 54  1H= 63
   42 VELVET       85.5  0/6  $   0.400010 -14.92%  $   45.8  1D=130  12H= 76  6H= 49  4H= 46  2H= 63  1H= 21
   43 XAG          85.4  2/6  $  68.160000  +2.98%  $   18.9  1D= 44  12H= 60  6H= 86  4H=152  2H=114  1H=117
   44 LAB          85.4  3/6  $   9.449000 +18.27%  $   16.0  1D=106  12H= 43  6H= 67  4H= 79  2H=111  1H=119
   45 RENDER       85.1  4/6  $   1.771100  +1.49%  $   12.2  1D= 47  12H= 74  6H= 78  4H=131  2H= 89  1H=101
   46 BREV         85.0  2/6  $   0.080870  +6.53%  $    3.0  1D= 53  12H= 77  6H= 69  4H= 96  2H=125  1H=130
   47 INIT         84.9  2/6  $   0.058850  +1.22%  $    1.3  1D= 63  12H= 71  6H= 84  4H= 69  2H= 79  1H= 86
   48 PIEVERSE     84.6  2/6  $   0.664600  +0.28%  $    1.5  1D= 69  12H= 84  6H= 91  4H= 55  2H= 81  1H= 99
   49 ETHFI        83.0  2/6  $   0.317100  +3.95%  $    3.8  1D= 64  12H= 68  6H= 95  4H= 85  2H= 85  1H= 73
   50 ARC          82.9  2/6  $   0.089320  -8.81%  $    1.1  1D=140  12H=115  6H= 32  4H= 29  2H= 28  1H= 32

================================================================================
2026-06-14 23:50:15,859 [INFO]   Saved → trend_v3_LATEST.txt, trend_v3_LATEST.json, trend_v3_20260614_235015.txt
