2026-06-17 01:16:45,417 [INFO] ================================================================
2026-06-17 01:16:45,417 [INFO] TREND SCANNER v3.0
2026-06-17 01:16:45,419 [INFO] ================================================================
2026-06-17 01:16:45,425 [INFO] Building universe (Bybit perps)...
2026-06-17 01:16:46,101 [INFO]   Universe (post-filter): 248 coins
2026-06-17 01:16:46,101 [INFO] Fetching BTC 1D for regime detection...
2026-06-17 01:16:46,659 [INFO]   Regime: BULL  |  BTC 7d +6.39%  |  24h -0.99%
2026-06-17 01:16:46,659 [INFO] Scanning 248 coins across 6 timeframes...
2026-06-17 01:16:46,661 [INFO] (this is the slowest scanner — first run ~10min, subsequent ~2-3min)
2026-06-17 01:17:34,567 [INFO]   ...20/248  (surfaced: 17)
2026-06-17 01:18:24,537 [INFO]   ...40/248  (surfaced: 34)
2026-06-17 01:19:05,860 [INFO]   ...60/248  (surfaced: 49)
2026-06-17 01:19:48,297 [INFO]   ...80/248  (surfaced: 65)
2026-06-17 01:20:29,114 [INFO]   ...100/248  (surfaced: 83)
2026-06-17 01:21:11,091 [INFO]   ...120/248  (surfaced: 99)
2026-06-17 01:21:57,692 [INFO]   ...140/248  (surfaced: 115)
2026-06-17 01:22:39,993 [INFO]   ...160/248  (surfaced: 129)
2026-06-17 01:23:22,807 [INFO]   ...180/248  (surfaced: 144)
2026-06-17 01:24:07,345 [INFO]   ...200/248  (surfaced: 158)
2026-06-17 01:25:48,967 [INFO] Done in 544s  |  scanned=213  failed=35  strong=39  long=50  watch=50
2026-06-17 01:25:48,972 [INFO] 
================================================================================
  TREND SCANNER v3.0  —  multi-timeframe confirmation + trade plans
  Generated  : 2026-06-17 01:25:48
  Universe   : 248 Bybit perps  |  Scanned: 213
  Scan time  : 544s
================================================================================

  Regime     : 🟢 BULL
               BTC 7d +6.39%  |  24h -0.99%  |  $65,675

  Account    : $100,000  |  Risk/trade: 1.5%

  Tiers (bull):  STRONG ≥ 130 & ST≥4  |  LONG ≥ 100 & ST≥3  |  WATCH ≥ 70

  TF weights : 1D×0.28 · 12H×0.2 · 6H×0.15 · 4H×0.15 · 2H×0.12 · 1H×0.1

--------------------------------------------------------------------------------
  STRONG  —  39 coin(s)  (highest conviction, full position)
--------------------------------------------------------------------------------

  [ 1] BR          score= 163.7  ST=6/6  price=$0.191090      24h=+71.62%  vol=$ 11.7M
       TF:  1D=152  12H=167  6H=159  4H=142  2H=139  1H=159
       Bonuses: RSI div 1D (bullish) | RS vs BTC 7d +66.9%  (+10 pts)
       Entry: $0.191090  |  Stop: $0.162427 (-15.00%)  |  Risk: $1500 (1.50% acct)
       Position: $10000 (10.00% acct, qty 52331.3622)
       TP1: $0.234085 (+22.5%, 1.5R, sell 40%)
       TP2: $0.277081 (+45.0%, 3.0R, sell 35%)
       TP3: $0.334408 (+75.0%, 5.0R, sell 25%)

  [ 2] SQD         score= 162.9  ST=6/6  price=$0.050840      24h=+24.90%  vol=$  3.7M
       TF:  1D=140  12H=159  6H=173  4H=159  2H=146  1H=146
       Bonuses: RSI div 1D (bullish) | RS vs BTC 7d +55.9%  (+10 pts)
       Entry: $0.050840  |  Stop: $0.043214 (-15.00%)  |  Risk: $1500 (1.50% acct)
       Position: $10000 (10.00% acct, qty 196695.5153)
       TP1: $0.062279 (+22.5%, 1.5R, sell 40%)
       TP2: $0.073718 (+45.0%, 3.0R, sell 35%)
       TP3: $0.088970 (+75.0%, 5.0R, sell 25%)

  [ 3] BLESS       score= 159.8  ST=6/6  price=$0.007675      24h=+33.85%  vol=$  3.1M
       TF:  1D=157  12H=146  6H=144  4H=142  2H=159  1H=147
       Bonuses: RSI div 1D (bullish) | RS vs BTC 7d +6.0%  (+10 pts)
       Entry: $0.007675  |  Stop: $0.006524 (-15.00%)  |  Risk: $1500 (1.50% acct)
       Position: $10000 (10.00% acct, qty 1302931.5961)
       TP1: $0.009402 (+22.5%, 1.5R, sell 40%)
       TP2: $0.011129 (+45.0%, 3.0R, sell 35%)
       TP3: $0.013431 (+75.0%, 5.0R, sell 25%)

  [ 4] WLD         score= 156.6  ST=6/6  price=$0.675000      24h=+13.18%  vol=$256.0M
       TF:  1D=150  12H=142  6H=147  4H=140  2H=168  1H=150
       Bonuses: RSI div 1D (hidden_bullish) | RS vs BTC 7d +26.5%  (+8 pts)
       Entry: $0.675000  |  Stop: $0.573750 (-15.00%)  |  Risk: $1500 (1.50% acct)
       Position: $10000 (10.00% acct, qty 14814.8148)
       TP1: $0.826875 (+22.5%, 1.5R, sell 40%)
       TP2: $0.978750 (+45.0%, 3.0R, sell 35%)
       TP3: $1.181250 (+75.0%, 5.0R, sell 25%)

  [ 5] JTO         score= 153.7  ST=6/6  price=$0.794800      24h= +8.18%  vol=$ 77.7M
       TF:  1D=163  12H=155  6H=131  4H=140  2H=166  1H=115
       Bonuses: RS vs BTC 7d +26.2%  (+5 pts)
       Entry: $0.794800  |  Stop: $0.675580 (-15.00%)  |  Risk: $1500 (1.50% acct)
       Position: $10000 (10.00% acct, qty 12581.7816)
       TP1: $0.973630 (+22.5%, 1.5R, sell 40%)
       TP2: $1.152460 (+45.0%, 3.0R, sell 35%)
       TP3: $1.390900 (+75.0%, 5.0R, sell 25%)

  [ 6] VELODROME   score= 152.9  ST=6/6  price=$0.018561      24h=+13.14%  vol=$  1.3M
       TF:  1D=134  12H=154  6H=154  4H=142  2H=165  1H=154
       Bonuses: RS vs BTC 7d +26.8%  (+5 pts)
       Entry: $0.018561  |  Stop: $0.016591 (-10.61%)  |  Risk: $1500 (1.50% acct)
       Position: $14136 (14.14% acct, qty 761614.6230)
       TP1: $0.021515 (+15.9%, 1.5R, sell 40%)
       TP2: $0.024470 (+31.8%, 3.0R, sell 35%)
       TP3: $0.028408 (+53.0%, 5.0R, sell 25%)

  [ 7] SENT        score= 151.0  ST=6/6  price=$0.019610      24h=+26.63%  vol=$ 14.7M
       TF:  1D=146  12H=151  6H=144  4H=142  2H=135  1H=158
       Bonuses: RS vs BTC 7d +15.9%  (+5 pts)
       Entry: $0.019610  |  Stop: $0.016668 (-15.00%)  |  Risk: $1500 (1.50% acct)
       Position: $10000 (10.00% acct, qty 509943.9062)
       TP1: $0.024022 (+22.5%, 1.5R, sell 40%)
       TP2: $0.028435 (+45.0%, 3.0R, sell 35%)
       TP3: $0.034318 (+75.0%, 5.0R, sell 25%)

  [ 8] UNI         score= 149.9  ST=6/6  price=$3.289000      24h=+15.01%  vol=$ 70.3M
       TF:  1D=127  12H=139  6H=147  4H=142  2H=151  1H=151
       Bonuses: RSI div 1D (bullish) | RS vs BTC 7d +26.4%  (+10 pts)
       Entry: $3.289000  |  Stop: $2.987714 (-9.16%)  |  Risk: $1500 (1.50% acct)
       Position: $16375 (16.37% acct, qty 4978.6629)
       TP1: $3.740929 (+13.7%, 1.5R, sell 40%)
       TP2: $4.192857 (+27.5%, 3.0R, sell 35%)
       TP3: $4.795429 (+45.8%, 5.0R, sell 25%)

  [ 9] AERO        score= 148.8  ST=6/6  price=$0.470400      24h= +9.95%  vol=$ 30.3M
       TF:  1D=140  12H=149  6H=147  4H=138  2H=165  1H=122
       Bonuses: RS vs BTC 7d +35.8%  (+5 pts)
       Entry: $0.470400  |  Stop: $0.420118 (-10.69%)  |  Risk: $1500 (1.50% acct)
       Position: $14033 (14.03% acct, qty 29831.6642)
       TP1: $0.545823 (+16.0%, 1.5R, sell 40%)
       TP2: $0.621246 (+32.1%, 3.0R, sell 35%)
       TP3: $0.721811 (+53.5%, 5.0R, sell 25%)

  [10] SPX         score= 147.7  ST=6/6  price=$0.390200      24h=+14.80%  vol=$ 48.7M
       TF:  1D=129  12H=149  6H=146  4H=128  2H=169  1H=134
       Bonuses: 1H pre-pump (obv_stealth_accum) | RS vs BTC 7d +22.2%  (+7 pts)
       Entry: $0.390200  |  Stop: $0.339821 (-12.91%)  |  Risk: $1500 (1.50% acct)
       Position: $11618 (11.62% acct, qty 29774.5640)
       TP1: $0.465768 (+19.4%, 1.5R, sell 40%)
       TP2: $0.541336 (+38.7%, 3.0R, sell 35%)
       TP3: $0.642093 (+64.5%, 5.0R, sell 25%)

  [11] Q           score= 147.7  ST=6/6  price=$0.020014      24h=+15.73%  vol=$  2.6M
       TF:  1D=128  12H=142  6H=136  4H=133  2H=175  1H=131
       Bonuses: 1H pre-pump (obv_divergence, obv_stealth_accum) | RS vs BTC 7d +10.0%  (+9 pts)
       Entry: $0.020014  |  Stop: $0.017053 (-14.80%)  |  Risk: $1500 (1.50% acct)
       Position: $10137 (10.14% acct, qty 506512.3010)
       TP1: $0.024456 (+22.2%, 1.5R, sell 40%)
       TP2: $0.028898 (+44.4%, 3.0R, sell 35%)
       TP3: $0.034821 (+74.0%, 5.0R, sell 25%)

  [12] TIA         score= 147.6  ST=6/6  price=$0.404500      24h= +7.13%  vol=$ 15.4M
       TF:  1D=118  12H=139  6H=154  4H=150  2H=167  1H=161
       Bonuses: RS vs BTC 7d +18.0%  (+5 pts)
       Entry: $0.404500  |  Stop: $0.355707 (-12.06%)  |  Risk: $1500 (1.50% acct)
       Position: $12435 (12.44% acct, qty 30742.2047)
       TP1: $0.477689 (+18.1%, 1.5R, sell 40%)
       TP2: $0.550879 (+36.2%, 3.0R, sell 35%)
       TP3: $0.648464 (+60.3%, 5.0R, sell 25%)

  [13] MMT         score= 147.5  ST=6/6  price=$0.140450      24h= +8.79%  vol=$  2.9M
       TF:  1D=124  12H=144  6H=154  4H=151  2H=138  1H=147
       Bonuses: 1H pre-pump (obv_stealth_accum) | RS vs BTC 7d +28.0%  (+7 pts)
       Entry: $0.140450  |  Stop: $0.125150 (-10.89%)  |  Risk: $1500 (1.50% acct)
       Position: $13770 (13.77% acct, qty 98039.2157)
       TP1: $0.163400 (+16.3%, 1.5R, sell 40%)
       TP2: $0.186350 (+32.7%, 3.0R, sell 35%)
       TP3: $0.216950 (+54.5%, 5.0R, sell 25%)

  [14] HYPE        score= 147.3  ST=5/6  price=$73.565000     24h= +9.86%  vol=$643.3M
       TF:  1D=126  12H=150  6H=151  4H=136  2H=148  1H=142
       Bonuses: 1H pre-pump (obv_divergence) | RS vs BTC 7d +20.9%  (+7 pts)
       Entry: $73.565000  |  Stop: $63.406036 (-13.81%)  |  Risk: $1500 (1.50% acct)
       Position: $10862 (10.86% acct, qty 147.6528)
       TP1: $88.803446 (+20.7%, 1.5R, sell 40%)
       TP2: $104.041893 (+41.4%, 3.0R, sell 35%)
       TP3: $124.359821 (+69.0%, 5.0R, sell 25%)

  [15] GPS         score= 146.1  ST=5/6  price=$0.009351      24h= +1.86%  vol=$  3.2M
       TF:  1D=155  12H=142  6H=132  4H=147  2H=102  1H=102
       Bonuses: RSI div 1D (hidden_bullish) | 1H pre-pump (obv_stealth_accum) | RS vs BTC 7d +31.4%  (+10 pts)
       Entry: $0.009351  |  Stop: $0.007948 (-15.00%)  |  Risk: $1500 (1.50% acct)
       Position: $10000 (10.00% acct, qty 1069404.3418)
       TP1: $0.011455 (+22.5%, 1.5R, sell 40%)
       TP2: $0.013559 (+45.0%, 3.0R, sell 35%)
       TP3: $0.016364 (+75.0%, 5.0R, sell 25%)

  [16] PARTI       score= 144.1  ST=6/6  price=$0.061510      24h=+10.20%  vol=$  1.6M
       TF:  1D=137  12H=117  6H=138  4H=137  2H=131  1H=124
       Bonuses: RSI div 1D (bullish) | RS vs BTC 7d +3.7% | funding -0.0105%/8h  (+13 pts)
       Entry: $0.061510  |  Stop: $0.052283 (-15.00%)  |  Risk: $1500 (1.50% acct)
       Position: $10000 (10.00% acct, qty 162575.1910)
       TP1: $0.075350 (+22.5%, 1.5R, sell 40%)
       TP2: $0.089190 (+45.0%, 3.0R, sell 35%)
       TP3: $0.107643 (+75.0%, 5.0R, sell 25%)

  [17] AKT         score= 143.7  ST=6/6  price=$0.819300      24h= -1.17%  vol=$  3.0M
       TF:  1D=147  12H=133  6H=160  4H=141  2H=122  1H=111
       Bonuses: RS vs BTC 7d +29.7%  (+5 pts)
       Entry: $0.819300  |  Stop: $0.705536 (-13.89%)  |  Risk: $1500 (1.50% acct)
       Position: $10803 (10.80% acct, qty 13185.1573)
       TP1: $0.989946 (+20.8%, 1.5R, sell 40%)
       TP2: $1.160593 (+41.7%, 3.0R, sell 35%)
       TP3: $1.388121 (+69.4%, 5.0R, sell 25%)

  [18] EPIC        score= 143.3  ST=6/6  price=$0.636300      24h=+27.26%  vol=$  6.9M
       TF:  1D=136  12H=133  6H=133  4H=138  2H=151  1H=148
       Bonuses: RS vs BTC 7d +21.2%  (+5 pts)
       Entry: $0.636300  |  Stop: $0.540855 (-15.00%)  |  Risk: $1500 (1.50% acct)
       Position: $10000 (10.00% acct, qty 15715.8573)
       TP1: $0.779467 (+22.5%, 1.5R, sell 40%)
       TP2: $0.922635 (+45.0%, 3.0R, sell 35%)
       TP3: $1.113525 (+75.0%, 5.0R, sell 25%)

  [19] UMA         score= 142.2  ST=6/6  price=$0.454000      24h= +5.17%  vol=$  1.3M
       TF:  1D=116  12H=149  6H=143  4H=130  2H=147  1H=143
       Bonuses: 1H pre-pump (obv_stealth_accum) | RS vs BTC 7d +12.4%  (+7 pts)
       Entry: $0.454000  |  Stop: $0.415493 (-8.48%)  |  Risk: $1500 (1.50% acct)
       Position: $17685 (17.69% acct, qty 38953.8119)
       TP1: $0.511761 (+12.7%, 1.5R, sell 40%)
       TP2: $0.569521 (+25.4%, 3.0R, sell 35%)
       TP3: $0.646536 (+42.4%, 5.0R, sell 25%)

  [20] LIT         score= 142.0  ST=6/6  price=$1.735000      24h= +3.10%  vol=$ 15.4M
       TF:  1D=153  12H=136  6H=151  4H=141  2H=120  1H= 88
       Bonuses: RS vs BTC 7d +3.2%  (+5 pts)
       Entry: $1.735000  |  Stop: $1.474750 (-15.00%)  |  Risk: $1500 (1.50% acct)
       Position: $10000 (10.00% acct, qty 5763.6888)
       TP1: $2.125375 (+22.5%, 1.5R, sell 40%)
       TP2: $2.515750 (+45.0%, 3.0R, sell 35%)
       TP3: $3.036250 (+75.0%, 5.0R, sell 25%)

  [21] MEME        score= 141.2  ST=6/6  price=$0.000630      24h= +3.99%  vol=$  4.4M
       TF:  1D=154  12H=129  6H=155  4H=153  2H=108  1H= 51
       Bonuses: RSI div 1D (hidden_bullish) | RS vs BTC 7d +3.6%  (+8 pts)
       Entry: $0.000630  |  Stop: $0.000535 (-15.00%)  |  Risk: $1500 (1.50% acct)
       Position: $10000 (10.00% acct, qty 15878056.5259)
       TP1: $0.000772 (+22.5%, 1.5R, sell 40%)
       TP2: $0.000913 (+45.0%, 3.0R, sell 35%)
       TP3: $0.001102 (+75.0%, 5.0R, sell 25%)

  [22] 1000LUNC    score= 141.2  ST=5/6  price=$0.075340      24h= +5.21%  vol=$  1.5M
       TF:  1D=133  12H=132  6H=153  4H=145  2H=137  1H=134
       Bonuses: funding -0.0138%/8h  (+3 pts)
       Entry: $0.075340  |  Stop: $0.065932 (-12.49%)  |  Risk: $1500 (1.50% acct)
       Position: $12012 (12.01% acct, qty 159435.1441)
       TP1: $0.089452 (+18.7%, 1.5R, sell 40%)
       TP2: $0.103565 (+37.5%, 3.0R, sell 35%)
       TP3: $0.122381 (+62.4%, 5.0R, sell 25%)

  [23] ALCH        score= 141.1  ST=6/6  price=$0.077240      24h= +3.29%  vol=$  1.8M
       TF:  1D=131  12H=142  6H=131  4H=129  2H=123  1H= 83
       Bonuses: RSI div 1D (bullish) | 1H pre-pump (obv_divergence, obv_stealth_accum) | RS vs BTC 7d +22.1%  (+14 pts)
       Entry: $0.077240  |  Stop: $0.068403 (-11.44%)  |  Risk: $1500 (1.50% acct)
       Position: $13111 (13.11% acct, qty 169738.1183)
       TP1: $0.090496 (+17.2%, 1.5R, sell 40%)
       TP2: $0.103751 (+34.3%, 3.0R, sell 35%)
       TP3: $0.121426 (+57.2%, 5.0R, sell 25%)

  [24] ATOM        score= 140.7  ST=6/6  price=$1.989800      24h= +1.69%  vol=$  9.1M
       TF:  1D=130  12H=138  6H=151  4H=104  2H=150  1H=154
       Bonuses: RS vs BTC 7d +5.5%  (+5 pts)
       Entry: $1.989800  |  Stop: $1.802289 (-9.42%)  |  Risk: $1500 (1.50% acct)
       Position: $15917 (15.92% acct, qty 7999.5429)
       TP1: $2.271066 (+14.1%, 1.5R, sell 40%)
       TP2: $2.552332 (+28.3%, 3.0R, sell 35%)
       TP3: $2.927354 (+47.1%, 5.0R, sell 25%)

  [25] OPEN        score= 139.1  ST=5/6  price=$0.244040      24h= +4.63%  vol=$  1.7M
       TF:  1D=131  12H=143  6H=129  4H=144  2H=107  1H=130
       Bonuses: 1H pre-pump (obv_stealth_accum) | RS vs BTC 7d +8.6%  (+7 pts)
       Entry: $0.244040  |  Stop: $0.207434 (-15.00%)  |  Risk: $1500 (1.50% acct)
       Position: $10000 (10.00% acct, qty 40976.8890)
       TP1: $0.298949 (+22.5%, 1.5R, sell 40%)
       TP2: $0.353858 (+45.0%, 3.0R, sell 35%)
       TP3: $0.427070 (+75.0%, 5.0R, sell 25%)

  [26] SPACE       score= 136.9  ST=5/6  price=$0.007861      24h=+13.21%  vol=$ 23.3M
       TF:  1D=118  12H=150  6H=117  4H=128  2H=119  1H=118
       Bonuses: RSI div 1D (hidden_bullish) | RS vs BTC 7d +12.9% | funding -0.5591%/8h  (+11 pts)
       Entry: $0.007861  |  Stop: $0.006682 (-15.00%)  |  Risk: $1500 (1.50% acct)
       Position: $10000 (10.00% acct, qty 1272102.7859)
       TP1: $0.009630 (+22.5%, 1.5R, sell 40%)
       TP2: $0.011398 (+45.0%, 3.0R, sell 35%)
       TP3: $0.013757 (+75.0%, 5.0R, sell 25%)

  [27] PUFFER      score= 135.5  ST=6/6  price=$0.021590      24h=+26.20%  vol=$  4.6M
       TF:  1D=111  12H=119  6H=149  4H=137  2H=139  1H=130
       Bonuses: RS vs BTC 7d +45.5% | funding -0.4191%/8h  (+8 pts)
       Entry: $0.021590  |  Stop: $0.018351 (-15.00%)  |  Risk: $1500 (1.50% acct)
       Position: $10000 (10.00% acct, qty 463177.3969)
       TP1: $0.026448 (+22.5%, 1.5R, sell 40%)
       TP2: $0.031305 (+45.0%, 3.0R, sell 35%)
       TP3: $0.037782 (+75.0%, 5.0R, sell 25%)

  [28] KAITO       score= 135.3  ST=5/6  price=$0.487500      24h= +0.14%  vol=$  1.7M
       TF:  1D= 97  12H=132  6H=137  4H=135  2H=138  1H=124
       Bonuses: RSI div 1D (bullish) | 1H pre-pump (bb_squeeze) | RS vs BTC 7d +10.1%  (+12 pts)
       Entry: $0.487500  |  Stop: $0.436254 (-10.51%)  |  Risk: $1500 (1.50% acct)
       Position: $14269 (14.27% acct, qty 29270.3324)
       TP1: $0.564370 (+15.8%, 1.5R, sell 40%)
       TP2: $0.641239 (+31.5%, 3.0R, sell 35%)
       TP3: $0.743732 (+52.6%, 5.0R, sell 25%)

  [29] ARKM        score= 135.2  ST=5/6  price=$0.136720      24h= +1.65%  vol=$  1.8M
       TF:  1D=116  12H=114  6H=145  4H=140  2H=146  1H=116
       Bonuses: RS vs BTC 7d +7.3% | funding -0.0255%/8h  (+8 pts)
       Entry: $0.136720  |  Stop: $0.116212 (-15.00%)  |  Risk: $1500 (1.50% acct)
       Position: $10000 (10.00% acct, qty 73142.1884)
       TP1: $0.167482 (+22.5%, 1.5R, sell 40%)
       TP2: $0.198244 (+45.0%, 3.0R, sell 35%)
       TP3: $0.239260 (+75.0%, 5.0R, sell 25%)

  [30] WAVES       score= 133.9  ST=5/6  price=$0.294700      24h= +4.78%  vol=$  5.5M
       TF:  1D=100  12H= 94  6H=137  4H=133  2H=155  1H=130
       Bonuses: RSI div 1D (bullish) | 1H pre-pump (obv_stealth_accum) | RS vs BTC 7d +10.5% | funding -0.4989%/8h  (+15 pts)
       Entry: $0.294700  |  Stop: $0.255593 (-13.27%)  |  Risk: $1500 (1.50% acct)
       Position: $11304 (11.30% acct, qty 38356.1644)
       TP1: $0.353361 (+19.9%, 1.5R, sell 40%)
       TP2: $0.412021 (+39.8%, 3.0R, sell 35%)
       TP3: $0.490236 (+66.3%, 5.0R, sell 25%)

  [31] ZAMA        score= 133.6  ST=4/6  price=$0.032050      24h= +2.92%  vol=$  1.4M
       TF:  1D=102  12H=133  6H=153  4H=155  2H=120  1H= 78
       Bonuses: RSI div 1D (hidden_bullish) | 1H pre-pump (bb_squeeze) | RS vs BTC 7d +4.5%  (+10 pts)
       Entry: $0.032050  |  Stop: $0.028138 (-12.21%)  |  Risk: $1500 (1.50% acct)
       Position: $12290 (12.29% acct, qty 383456.5872)
       TP1: $0.037918 (+18.3%, 1.5R, sell 40%)
       TP2: $0.043785 (+36.6%, 3.0R, sell 35%)
       TP3: $0.051609 (+61.0%, 5.0R, sell 25%)

  [32] LAB         score= 133.3  ST=5/6  price=$13.356000     24h=+38.76%  vol=$ 53.2M
       TF:  1D=121  12H= 98  6H=145  4H=157  2H=138  1H=130
       Bonuses: RS vs BTC 7d +37.6%  (+5 pts)
       Entry: $13.356000  |  Stop: $11.352600 (-15.00%)  |  Risk: $1500 (1.50% acct)
       Position: $10000 (10.00% acct, qty 748.7272)
       TP1: $16.361100 (+22.5%, 1.5R, sell 40%)
       TP2: $19.366200 (+45.0%, 3.0R, sell 35%)
       TP3: $23.373000 (+75.0%, 5.0R, sell 25%)

  [33] AAVE        score= 132.7  ST=5/6  price=$75.870000     24h= +2.54%  vol=$ 26.2M
       TF:  1D= 79  12H=135  6H=152  4H=154  2H=151  1H=146
       Bonuses: RS vs BTC 7d +15.9%  (+5 pts)
       Entry: $75.870000  |  Stop: $68.053929 (-10.30%)  |  Risk: $1500 (1.50% acct)
       Position: $14560 (14.56% acct, qty 191.9123)
       TP1: $87.594107 (+15.4%, 1.5R, sell 40%)
       TP2: $99.318214 (+30.9%, 3.0R, sell 35%)
       TP3: $114.950357 (+51.5%, 5.0R, sell 25%)

  [34] BSB         score= 132.2  ST=6/6  price=$0.536400      24h=+47.65%  vol=$130.4M
       TF:  1D=118  12H=134  6H=142  4H=124  2H=147  1H=128
       Bonuses: RS vs BTC 7d +88.6%  (+2 pts)
       Entry: $0.536400  |  Stop: $0.455940 (-15.00%)  |  Risk: $1500 (1.50% acct)
       Position: $10000 (10.00% acct, qty 18642.8039)
       TP1: $0.657090 (+22.5%, 1.5R, sell 40%)
       TP2: $0.777780 (+45.0%, 3.0R, sell 35%)
       TP3: $0.938700 (+75.0%, 5.0R, sell 25%)

  [35] USELESS     score= 132.0  ST=4/6  price=$0.076480      24h= +0.97%  vol=$  5.1M
       TF:  1D= 90  12H=134  6H=141  4H=156  2H=149  1H=106
       Bonuses: 1H pre-pump (obv_divergence) | RS vs BTC 7d +9.4%  (+7 pts)
       Entry: $0.076480  |  Stop: $0.065008 (-15.00%)  |  Risk: $1500 (1.50% acct)
       Position: $10000 (10.00% acct, qty 130753.1381)
       TP1: $0.093688 (+22.5%, 1.5R, sell 40%)
       TP2: $0.110896 (+45.0%, 3.0R, sell 35%)
       TP3: $0.133840 (+75.0%, 5.0R, sell 25%)

  [36] ROSE        score= 132.0  ST=5/6  price=$0.007313      24h= +6.36%  vol=$  2.1M
       TF:  1D= 89  12H=111  6H=130  4H=140  2H=166  1H=165
       Bonuses: RS vs BTC 7d +9.7% | funding -0.0105%/8h  (+8 pts)
       Entry: $0.007313  |  Stop: $0.006486 (-11.31%)  |  Risk: $1500 (1.50% acct)
       Position: $13262 (13.26% acct, qty 1813471.5026)
       TP1: $0.008554 (+17.0%, 1.5R, sell 40%)
       TP2: $0.009794 (+33.9%, 3.0R, sell 35%)
       TP3: $0.011449 (+56.5%, 5.0R, sell 25%)

  [37] FOLKS       score= 131.1  ST=6/6  price=$1.940000      24h= -3.64%  vol=$  2.5M
       TF:  1D=138  12H=144  6H=126  4H=144  2H=119  1H= 69
       Bonuses: 1H pre-pump (obv_divergence)  (+2 pts)
       Entry: $1.940000  |  Stop: $1.649000 (-15.00%)  |  Risk: $1500 (1.50% acct)
       Position: $10000 (10.00% acct, qty 5154.6392)
       TP1: $2.376500 (+22.5%, 1.5R, sell 40%)
       TP2: $2.813000 (+45.0%, 3.0R, sell 35%)
       TP3: $3.395000 (+75.0%, 5.0R, sell 25%)

  [38] TRIA        score= 130.7  ST=5/6  price=$0.030882      24h=+35.82%  vol=$  6.1M
       TF:  1D= 94  12H=122  6H=144  4H=119  2H=134  1H=144
       Bonuses: RSI div 1D (bullish) | RS vs BTC 7d +10.0%  (+10 pts)
       Entry: $0.030882  |  Stop: $0.026250 (-15.00%)  |  Risk: $1500 (1.50% acct)
       Position: $10000 (10.00% acct, qty 323813.2245)
       TP1: $0.037830 (+22.5%, 1.5R, sell 40%)
       TP2: $0.044779 (+45.0%, 3.0R, sell 35%)
       TP3: $0.054044 (+75.0%, 5.0R, sell 25%)

  [39] EVAA        score= 130.5  ST=5/6  price=$0.718100      24h=-43.63%  vol=$ 32.6M
       TF:  1D=145  12H=139  6H=141  4H=110  2H= 70  1H= 60
       Bonuses: RSI div 1D (bullish) | RS vs BTC 7d +48.2%  (+10 pts)
       Entry: $0.718100  |  Stop: $0.610385 (-15.00%)  |  Risk: $1500 (1.50% acct)
       Position: $10000 (10.00% acct, qty 13925.6371)
       TP1: $0.879672 (+22.5%, 1.5R, sell 40%)
       TP2: $1.041245 (+45.0%, 3.0R, sell 35%)
       TP3: $1.256675 (+75.0%, 5.0R, sell 25%)

--------------------------------------------------------------------------------
  LONG  —  50 coin(s)  (tradeable trend)
--------------------------------------------------------------------------------

  [ 1] LUMIA       score= 129.3  ST=6/6  price=$0.095890      24h= +5.98%  vol=$  1.0M
       TF:  1D=124  12H=118  6H=140  4H=120  2H=127  1H=117
       Bonuses: RS vs BTC 7d +15.1%  (+5 pts)
       Entry: $0.095890  |  Stop: $0.081506 (-15.00%)  |  Risk: $1500 (1.50% acct)
       Position: $10000 (10.00% acct, qty 104286.1612)
       TP1: $0.117465 (+22.5%, 1.5R, sell 40%)
       TP2: $0.139041 (+45.0%, 3.0R, sell 35%)
       TP3: $0.167807 (+75.0%, 5.0R, sell 25%)

  [ 2] M           score= 128.8  ST=5/6  price=$3.176800      24h= +7.29%  vol=$  4.6M
       TF:  1D= 89  12H=120  6H=131  4H=151  2H=137  1H=141
       Bonuses: 1H pre-pump (obv_stealth_accum) | RS vs BTC 7d +2.4%  (+7 pts)
       Entry: $3.176800  |  Stop: $2.801789 (-11.80%)  |  Risk: $1500 (1.50% acct)
       Position: $12707 (12.71% acct, qty 3999.8857)
       TP1: $3.739316 (+17.7%, 1.5R, sell 40%)
       TP2: $4.301832 (+35.4%, 3.0R, sell 35%)
       TP3: $5.051854 (+59.0%, 5.0R, sell 25%)

  [ 3] ENJ         score= 127.9  ST=5/6  price=$0.033076      24h= +4.89%  vol=$  3.4M
       TF:  1D= 94  12H=115  6H=135  4H=124  2H=154  1H=132
       Bonuses: RS vs BTC 7d +6.5% | funding -0.0414%/8h  (+8 pts)
       Entry: $0.033076  |  Stop: $0.028959 (-12.45%)  |  Risk: $1500 (1.50% acct)
       Position: $12051 (12.05% acct, qty 364355.6111)
       TP1: $0.039251 (+18.7%, 1.5R, sell 40%)
       TP2: $0.045427 (+37.3%, 3.0R, sell 35%)
       TP3: $0.053660 (+62.2%, 5.0R, sell 25%)

  [ 4] SOON        score= 127.5  ST=5/6  price=$0.176520      24h= +1.52%  vol=$  1.0M
       TF:  1D= 84  12H=144  6H=144  4H=136  2H=131  1H=155
       Bonuses: 1H pre-pump (obv_stealth_accum)  (+2 pts)
       Entry: $0.176520  |  Stop: $0.152462 (-13.63%)  |  Risk: $1500 (1.50% acct)
       Position: $11006 (11.01% acct, qty 62349.6927)
       TP1: $0.212607 (+20.4%, 1.5R, sell 40%)
       TP2: $0.248694 (+40.9%, 3.0R, sell 35%)
       TP3: $0.296809 (+68.1%, 5.0R, sell 25%)

  [ 5] CRV         score= 127.4  ST=6/6  price=$0.239000      24h= -1.73%  vol=$ 11.0M
       TF:  1D=120  12H=137  6H=126  4H=121  2H= 95  1H= 99
       Bonuses: RS vs BTC 7d +12.5% | funding -0.0143%/8h  (+8 pts)
       Entry: $0.239000  |  Stop: $0.210714 (-11.84%)  |  Risk: $1500 (1.50% acct)
       Position: $12674 (12.67% acct, qty 53030.3030)
       TP1: $0.281429 (+17.8%, 1.5R, sell 40%)
       TP2: $0.323857 (+35.5%, 3.0R, sell 35%)
       TP3: $0.380429 (+59.2%, 5.0R, sell 25%)

  [ 6] ORCA        score= 127.1  ST=6/6  price=$1.146700      24h= +7.35%  vol=$  6.4M
       TF:  1D=126  12H=122  6H=146  4H=111  2H=113  1H= 73
       Bonuses: RS vs BTC 7d +7.3% | funding -0.6709%/8h  (+8 pts)
       Entry: $1.146700  |  Stop: $0.988643 (-13.78%)  |  Risk: $1500 (1.50% acct)
       Position: $10882 (10.88% acct, qty 9490.2386)
       TP1: $1.383786 (+20.7%, 1.5R, sell 40%)
       TP2: $1.620871 (+41.4%, 3.0R, sell 35%)
       TP3: $1.936986 (+68.9%, 5.0R, sell 25%)

  [ 7] RUNE        score= 127.0  ST=5/6  price=$0.411100      24h= +5.23%  vol=$  2.7M
       TF:  1D=119  12H=141  6H=135  4H=101  2H=165  1H=103
       Entry: $0.411100  |  Stop: $0.359350 (-12.59%)  |  Risk: $1500 (1.50% acct)
       Position: $11916 (11.92% acct, qty 28985.5072)
       TP1: $0.488725 (+18.9%, 1.5R, sell 40%)
       TP2: $0.566350 (+37.8%, 3.0R, sell 35%)
       TP3: $0.669850 (+62.9%, 5.0R, sell 25%)

  [ 8] IO          score= 126.7  ST=6/6  price=$0.181030      24h= +1.80%  vol=$  3.9M
       TF:  1D=133  12H=139  6H=141  4H=119  2H=105  1H= 51
       Bonuses: RS vs BTC 7d +4.1%  (+5 pts)
       Entry: $0.181030  |  Stop: $0.153875 (-15.00%)  |  Risk: $1500 (1.50% acct)
       Position: $10000 (10.00% acct, qty 55239.4631)
       TP1: $0.221762 (+22.5%, 1.5R, sell 40%)
       TP2: $0.262493 (+45.0%, 3.0R, sell 35%)
       TP3: $0.316802 (+75.0%, 5.0R, sell 25%)

  [ 9] ENSO        score= 126.3  ST=5/6  price=$0.661300      24h= -1.36%  vol=$  2.6M
       TF:  1D=100  12H=109  6H=174  4H=159  2H=122  1H= 69
       Bonuses: RS vs BTC 7d +9.8%  (+5 pts)
       Entry: $0.661300  |  Stop: $0.572961 (-13.36%)  |  Risk: $1500 (1.50% acct)
       Position: $11229 (11.23% acct, qty 16979.9879)
       TP1: $0.793809 (+20.0%, 1.5R, sell 40%)
       TP2: $0.926318 (+40.1%, 3.0R, sell 35%)
       TP3: $1.102996 (+66.8%, 5.0R, sell 25%)

  [10] ZEC         score= 126.1  ST=4/6  price=$504.760000    24h= -2.20%  vol=$220.6M
       TF:  1D=135  12H=116  6H=141  4H=110  2H= 97  1H= 78
       Bonuses: RSI div 1D (hidden_bullish) | RS vs BTC 7d +11.2%  (+8 pts)
       Entry: $504.760000  |  Stop: $429.046000 (-15.00%)  |  Risk: $1500 (1.50% acct)
       Position: $10000 (10.00% acct, qty 19.8114)
       TP1: $618.331000 (+22.5%, 1.5R, sell 40%)
       TP2: $731.902000 (+45.0%, 3.0R, sell 35%)
       TP3: $883.330000 (+75.0%, 5.0R, sell 25%)

  [11] 1000FLOKI   score= 125.4  ST=3/6  price=$0.026350      24h= -0.19%  vol=$  2.3M
       TF:  1D= 98  12H= 97  6H=153  4H=150  2H=118  1H=119
       Bonuses: 1H pre-pump (obv_stealth_accum) | RS vs BTC 7d +2.6%  (+7 pts)
       Entry: $0.026350  |  Stop: $0.023929 (-9.19%)  |  Risk: $1500 (1.50% acct)
       Position: $16323 (16.32% acct, qty 619469.0265)
       TP1: $0.029982 (+13.8%, 1.5R, sell 40%)
       TP2: $0.033614 (+27.6%, 3.0R, sell 35%)
       TP3: $0.038457 (+46.0%, 5.0R, sell 25%)

  [12] ALT         score= 125.4  ST=4/6  price=$0.006749      24h= +4.54%  vol=$  1.4M
       TF:  1D= 87  12H= 97  6H=155  4H=141  2H=150  1H=142
       Bonuses: RS vs BTC 7d +0.8%  (+5 pts)
       Entry: $0.006749  |  Stop: $0.005870 (-13.02%)  |  Risk: $1500 (1.50% acct)
       Position: $11517 (11.52% acct, qty 1706484.6416)
       TP1: $0.008068 (+19.5%, 1.5R, sell 40%)
       TP2: $0.009386 (+39.1%, 3.0R, sell 35%)
       TP3: $0.011144 (+65.1%, 5.0R, sell 25%)

  [13] XLM         score= 125.3  ST=5/6  price=$0.216670      24h= -0.16%  vol=$102.6M
       TF:  1D=101  12H=129  6H=142  4H=129  2H=141  1H= 87
       Bonuses: RS vs BTC 7d +6.4%  (+5 pts)
       Entry: $0.216670  |  Stop: $0.187461 (-13.48%)  |  Risk: $1500 (1.50% acct)
       Position: $11127 (11.13% acct, qty 51353.5324)
       TP1: $0.260484 (+20.2%, 1.5R, sell 40%)
       TP2: $0.304298 (+40.4%, 3.0R, sell 35%)
       TP3: $0.362716 (+67.4%, 5.0R, sell 25%)

  [14] SEI         score= 124.6  ST=5/6  price=$0.054620      24h= +1.11%  vol=$  8.9M
       TF:  1D= 62  12H=123  6H=142  4H=159  2H=145  1H=131
       Bonuses: 1H pre-pump (obv_stealth_accum) | RS vs BTC 7d +7.0%  (+7 pts)
       Entry: $0.054620  |  Stop: $0.048217 (-11.72%)  |  Risk: $1500 (1.50% acct)
       Position: $12796 (12.80% acct, qty 234270.4150)
       TP1: $0.064224 (+17.6%, 1.5R, sell 40%)
       TP2: $0.073829 (+35.2%, 3.0R, sell 35%)
       TP3: $0.086634 (+58.6%, 5.0R, sell 25%)

  [15] ROAM        score= 124.5  ST=5/6  price=$0.010532      24h= -4.38%  vol=$  9.5M
       TF:  1D=113  12H=146  6H=134  4H=153  2H= 91  1H= 47
       Bonuses: RS vs BTC 7d +91.0%  (+5 pts)
       Entry: $0.010532  |  Stop: $0.008952 (-15.00%)  |  Risk: $1500 (1.50% acct)
       Position: $10000 (10.00% acct, qty 949487.2769)
       TP1: $0.012902 (+22.5%, 1.5R, sell 40%)
       TP2: $0.015271 (+45.0%, 3.0R, sell 35%)
       TP3: $0.018431 (+75.0%, 5.0R, sell 25%)

  [16] JUP         score= 124.4  ST=5/6  price=$0.193530      24h= +0.49%  vol=$  7.8M
       TF:  1D=103  12H=119  6H=154  4H=130  2H=134  1H= 81
       Bonuses: RS vs BTC 7d +18.6%  (+5 pts)
       Entry: $0.193530  |  Stop: $0.167787 (-13.30%)  |  Risk: $1500 (1.50% acct)
       Position: $11277 (11.28% acct, qty 58267.7821)
       TP1: $0.232145 (+19.9%, 1.5R, sell 40%)
       TP2: $0.270760 (+39.9%, 3.0R, sell 35%)
       TP3: $0.322246 (+66.5%, 5.0R, sell 25%)

  [17] MON         score= 124.4  ST=5/6  price=$0.023042      24h= +1.99%  vol=$  3.7M
       TF:  1D= 84  12H= 95  6H=142  4H=155  2H=166  1H=124
       Bonuses: RS vs BTC 7d +2.1%  (+5 pts)
       Entry: $0.023042  |  Stop: $0.020365 (-11.62%)  |  Risk: $1500 (1.50% acct)
       Position: $12911 (12.91% acct, qty 560313.7757)
       TP1: $0.027058 (+17.4%, 1.5R, sell 40%)
       TP2: $0.031073 (+34.9%, 3.0R, sell 35%)
       TP3: $0.036427 (+58.1%, 5.0R, sell 25%)

  [18] HANA        score= 124.3  ST=6/6  price=$0.039250      24h= +1.17%  vol=$  5.4M
       TF:  1D=109  12H=132  6H=131  4H=154  2H=129  1H= 72
       Bonuses: RS vs BTC 7d +23.9%  (+2 pts)
       Entry: $0.039250  |  Stop: $0.034927 (-11.01%)  |  Risk: $1500 (1.50% acct)
       Position: $13620 (13.62% acct, qty 347015.6653)
       TP1: $0.045734 (+16.5%, 1.5R, sell 40%)
       TP2: $0.052218 (+33.0%, 3.0R, sell 35%)
       TP3: $0.060863 (+55.1%, 5.0R, sell 25%)

  [19] WLFI        score= 123.9  ST=5/6  price=$0.060060      24h= -0.46%  vol=$  7.5M
       TF:  1D=109  12H=117  6H=137  4H=121  2H=111  1H= 90
       Bonuses: 1H pre-pump (bb_squeeze, obv_stealth_accum) | RS vs BTC 7d +3.5%  (+9 pts)
       Entry: $0.060060  |  Stop: $0.053581 (-10.79%)  |  Risk: $1500 (1.50% acct)
       Position: $13905 (13.91% acct, qty 231519.7619)
       TP1: $0.069778 (+16.2%, 1.5R, sell 40%)
       TP2: $0.079497 (+32.4%, 3.0R, sell 35%)
       TP3: $0.092455 (+53.9%, 5.0R, sell 25%)

  [20] BOME        score= 123.3  ST=3/6  price=$0.000469      24h= +1.12%  vol=$  1.3M
       TF:  1D= 83  12H= 85  6H=170  4H=144  2H=144  1H=107
       Bonuses: RSI div 1D (hidden_bullish) | RS vs BTC 7d +7.2%  (+8 pts)
       Entry: $0.000469  |  Stop: $0.000416 (-11.40%)  |  Risk: $1500 (1.50% acct)
       Position: $13158 (13.16% acct, qty 28056112.2244)
       TP1: $0.000549 (+17.1%, 1.5R, sell 40%)
       TP2: $0.000629 (+34.2%, 3.0R, sell 35%)
       TP3: $0.000736 (+57.0%, 5.0R, sell 25%)

  [21] ZBT         score= 122.7  ST=3/6  price=$0.128730      24h=+12.71%  vol=$  3.3M
       TF:  1D= 94  12H=111  6H=125  4H=132  2H=146  1H=131
       Bonuses: RSI div 1D (bullish)  (+5 pts)
       Entry: $0.128730  |  Stop: $0.109421 (-15.00%)  |  Risk: $1500 (1.50% acct)
       Position: $10000 (10.00% acct, qty 77681.9700)
       TP1: $0.157694 (+22.5%, 1.5R, sell 40%)
       TP2: $0.186659 (+45.0%, 3.0R, sell 35%)
       TP3: $0.225277 (+75.0%, 5.0R, sell 25%)

  [22] AVNT        score= 122.5  ST=4/6  price=$0.114110      24h= +1.69%  vol=$  2.3M
       TF:  1D= 79  12H= 73  6H=136  4H=142  2H=164  1H=154
       Bonuses: 1H pre-pump (bb_squeeze, obv_stealth_accum) | RS vs BTC 7d +6.6%  (+9 pts)
       Entry: $0.114110  |  Stop: $0.098308 (-13.85%)  |  Risk: $1500 (1.50% acct)
       Position: $10832 (10.83% acct, qty 94921.6896)
       TP1: $0.137814 (+20.8%, 1.5R, sell 40%)
       TP2: $0.161518 (+41.5%, 3.0R, sell 35%)
       TP3: $0.193123 (+69.2%, 5.0R, sell 25%)

  [23] PENDLE      score= 122.4  ST=5/6  price=$1.398900      24h= +4.40%  vol=$  4.9M
       TF:  1D= 68  12H=116  6H=144  4H=146  2H=150  1H=137
       Bonuses: RS vs BTC 7d +5.7%  (+5 pts)
       Entry: $1.398900  |  Stop: $1.241454 (-11.26%)  |  Risk: $1500 (1.50% acct)
       Position: $13327 (13.33% acct, qty 9527.0500)
       TP1: $1.635070 (+16.9%, 1.5R, sell 40%)
       TP2: $1.871239 (+33.8%, 3.0R, sell 35%)
       TP3: $2.186132 (+56.3%, 5.0R, sell 25%)

  [24] GRASS       score= 121.9  ST=5/6  price=$0.451160      24h= -2.49%  vol=$  4.8M
       TF:  1D=123  12H=117  6H=162  4H=105  2H= 77  1H= 48
       Bonuses: RSI div 1D (hidden_bullish) | 1H pre-pump (obv_divergence) | RS vs BTC 7d +24.8%  (+10 pts)
       Entry: $0.451160  |  Stop: $0.383486 (-15.00%)  |  Risk: $1500 (1.50% acct)
       Position: $10000 (10.00% acct, qty 22165.0856)
       TP1: $0.552671 (+22.5%, 1.5R, sell 40%)
       TP2: $0.654182 (+45.0%, 3.0R, sell 35%)
       TP3: $0.789530 (+75.0%, 5.0R, sell 25%)

  [25] COAI        score= 121.9  ST=3/6  price=$0.346600      24h= +8.26%  vol=$  4.5M
       TF:  1D=126  12H=116  6H=113  4H= 79  2H= 98  1H=129
       Bonuses: RSI div 1D (hidden_bullish) | 1H pre-pump (obv_stealth_accum) | RS vs BTC 7d +41.7%  (+10 pts)
       Entry: $0.346600  |  Stop: $0.294610 (-15.00%)  |  Risk: $1500 (1.50% acct)
       Position: $10000 (10.00% acct, qty 28851.7022)
       TP1: $0.424585 (+22.5%, 1.5R, sell 40%)
       TP2: $0.502570 (+45.0%, 3.0R, sell 35%)
       TP3: $0.606550 (+75.0%, 5.0R, sell 25%)

  [26] CAKE        score= 121.9  ST=4/6  price=$1.412000      24h= +0.52%  vol=$  1.2M
       TF:  1D= 95  12H=131  6H=144  4H=113  2H=123  1H=108
       Bonuses: RS vs BTC 7d +1.5%  (+5 pts)
       Entry: $1.412000  |  Stop: $1.304118 (-7.64%)  |  Risk: $1500 (1.50% acct)
       Position: $19633 (19.63% acct, qty 13904.0620)
       TP1: $1.573823 (+11.5%, 1.5R, sell 40%)
       TP2: $1.735646 (+22.9%, 3.0R, sell 35%)
       TP3: $1.951411 (+38.2%, 5.0R, sell 25%)

  [27] APR         score= 121.7  ST=6/6  price=$0.207780      24h= +5.99%  vol=$  1.0M
       TF:  1D=108  12H=134  6H=105  4H=116  2H=123  1H=137
       Bonuses: RSI div 1D (hidden_bullish)  (+3 pts)
       Entry: $0.207780  |  Stop: $0.176613 (-15.00%)  |  Risk: $1500 (1.50% acct)
       Position: $10000 (10.00% acct, qty 48127.8275)
       TP1: $0.254530 (+22.5%, 1.5R, sell 40%)
       TP2: $0.301281 (+45.0%, 3.0R, sell 35%)
       TP3: $0.363615 (+75.0%, 5.0R, sell 25%)

  [28] CFG         score= 121.4  ST=4/6  price=$0.227300      24h= +5.59%  vol=$  2.2M
       TF:  1D= 75  12H= 91  6H=148  4H=153  2H=150  1H=120
       Bonuses: 1H pre-pump (obv_stealth_accum) | RS vs BTC 7d +10.3%  (+7 pts)
       Entry: $0.227300  |  Stop: $0.194161 (-14.58%)  |  Risk: $1500 (1.50% acct)
       Position: $10288 (10.29% acct, qty 45263.4982)
       TP1: $0.277009 (+21.9%, 1.5R, sell 40%)
       TP2: $0.326718 (+43.7%, 3.0R, sell 35%)
       TP3: $0.392996 (+72.9%, 5.0R, sell 25%)

  [29] SUSHI       score= 120.7  ST=4/6  price=$0.193030      24h= +4.58%  vol=$  2.2M
       TF:  1D= 82  12H= 81  6H=130  4H=144  2H=134  1H=144
       Bonuses: RSI div 1D (bullish) | RS vs BTC 7d +10.4%  (+10 pts)
       Entry: $0.193030  |  Stop: $0.164904 (-14.57%)  |  Risk: $1500 (1.50% acct)
       Position: $10295 (10.29% acct, qty 53331.3017)
       TP1: $0.235219 (+21.9%, 1.5R, sell 40%)
       TP2: $0.277408 (+43.7%, 3.0R, sell 35%)
       TP3: $0.333660 (+72.8%, 5.0R, sell 25%)

  [30] SOLAYER     score= 120.7  ST=4/6  price=$0.072200      24h= +3.87%  vol=$  2.2M
       TF:  1D= 87  12H= 85  6H=134  4H=127  2H=168  1H=150
       Bonuses: RS vs BTC 7d +1.1%  (+5 pts)
       Entry: $0.072200  |  Stop: $0.061797 (-14.41%)  |  Risk: $1500 (1.50% acct)
       Position: $10411 (10.41% acct, qty 144196.1067)
       TP1: $0.087804 (+21.6%, 1.5R, sell 40%)
       TP2: $0.103407 (+43.2%, 3.0R, sell 35%)
       TP3: $0.124213 (+72.0%, 5.0R, sell 25%)

  [31] ORDI        score= 120.3  ST=4/6  price=$3.432000      24h= +1.24%  vol=$  8.0M
       TF:  1D= 80  12H= 88  6H=161  4H=112  2H=126  1H=122
       Bonuses: RSI div 1D (bullish) | 1H pre-pump (obv_stealth_accum) | RS vs BTC 7d +3.8%  (+12 pts)
       Entry: $3.432000  |  Stop: $2.921893 (-14.86%)  |  Risk: $1500 (1.50% acct)
       Position: $10092 (10.09% acct, qty 2940.5587)
       TP1: $4.197161 (+22.3%, 1.5R, sell 40%)
       TP2: $4.962321 (+44.6%, 3.0R, sell 35%)
       TP3: $5.982536 (+74.3%, 5.0R, sell 25%)

  [32] FARTCOIN    score= 119.7  ST=3/6  price=$0.137350      24h= +6.60%  vol=$ 44.2M
       TF:  1D= 92  12H= 75  6H=156  4H=144  2H=133  1H=130
       Bonuses: RS vs BTC 7d +9.8%  (+5 pts)
       Entry: $0.137350  |  Stop: $0.116756 (-14.99%)  |  Risk: $1500 (1.50% acct)
       Position: $10004 (10.00% acct, qty 72837.0012)
       TP1: $0.168241 (+22.5%, 1.5R, sell 40%)
       TP2: $0.199132 (+45.0%, 3.0R, sell 35%)
       TP3: $0.240320 (+75.0%, 5.0R, sell 25%)

  [33] ENS         score= 119.5  ST=4/6  price=$5.389000      24h= -0.70%  vol=$  2.2M
       TF:  1D= 84  12H=122  6H=143  4H=127  2H=136  1H= 98
       Bonuses: RS vs BTC 7d +10.2%  (+5 pts)
       Entry: $5.389000  |  Stop: $4.846750 (-10.06%)  |  Risk: $1500 (1.50% acct)
       Position: $14907 (14.91% acct, qty 2766.2517)
       TP1: $6.202375 (+15.1%, 1.5R, sell 40%)
       TP2: $7.015750 (+30.2%, 3.0R, sell 35%)
       TP3: $8.100250 (+50.3%, 5.0R, sell 25%)

  [34] WIF         score= 118.8  ST=3/6  price=$0.170120      24h= +1.72%  vol=$ 14.0M
       TF:  1D= 87  12H= 81  6H=140  4H=158  2H=139  1H=119
       Bonuses: RS vs BTC 7d +3.6%  (+5 pts)
       Entry: $0.170120  |  Stop: $0.149373 (-12.20%)  |  Risk: $1500 (1.50% acct)
       Position: $12300 (12.30% acct, qty 72299.1118)
       TP1: $0.201241 (+18.3%, 1.5R, sell 40%)
       TP2: $0.232361 (+36.6%, 3.0R, sell 35%)
       TP3: $0.273856 (+61.0%, 5.0R, sell 25%)

  [35] EIGEN       score= 118.2  ST=5/6  price=$0.210070      24h= -2.76%  vol=$  7.0M
       TF:  1D=114  12H=113  6H=151  4H=114  2H= 81  1H= 62
       Bonuses: RS vs BTC 7d +6.4% | funding -0.0168%/8h  (+8 pts)
       Entry: $0.210070  |  Stop: $0.178560 (-15.00%)  |  Risk: $1500 (1.50% acct)
       Position: $10000 (10.00% acct, qty 47603.1799)
       TP1: $0.257336 (+22.5%, 1.5R, sell 40%)
       TP2: $0.304602 (+45.0%, 3.0R, sell 35%)
       TP3: $0.367623 (+75.0%, 5.0R, sell 25%)

  [36] HYPER       score= 118.2  ST=4/6  price=$0.078730      24h= +5.38%  vol=$  1.2M
       TF:  1D= 71  12H= 83  6H=145  4H=137  2H=145  1H=140
       Bonuses: RS vs BTC 7d +11.7% | funding -0.0208%/8h  (+8 pts)
       Entry: $0.078730  |  Stop: $0.068800 (-12.61%)  |  Risk: $1500 (1.50% acct)
       Position: $11893 (11.89% acct, qty 151057.4018)
       TP1: $0.093625 (+18.9%, 1.5R, sell 40%)
       TP2: $0.108520 (+37.8%, 3.0R, sell 35%)
       TP3: $0.128380 (+63.1%, 5.0R, sell 25%)

  [37] ASTER       score= 118.1  ST=4/6  price=$0.661600      24h= +1.38%  vol=$ 32.3M
       TF:  1D= 86  12H=102  6H=145  4H=117  2H=135  1H=131
       Bonuses: RS vs BTC 7d +0.2%  (+5 pts)
       Entry: $0.661600  |  Stop: $0.613139 (-7.32%)  |  Risk: $1465 (1.47% acct)
       Position: $20000 (20.00% acct, qty 30229.7461)
       TP1: $0.734291 (+11.0%, 1.5R, sell 40%)
       TP2: $0.806982 (+22.0%, 3.0R, sell 35%)
       TP3: $0.903904 (+36.6%, 5.0R, sell 25%)

  [38] FIL         score= 117.9  ST=4/6  price=$0.807900      24h= +1.67%  vol=$  8.3M
       TF:  1D= 85  12H= 97  6H=136  4H=142  2H=145  1H=136
       Bonuses: 1H pre-pump (obv_stealth_accum)  (+2 pts)
       Entry: $0.807900  |  Stop: $0.704121 (-12.85%)  |  Risk: $1500 (1.50% acct)
       Position: $11677 (11.68% acct, qty 14453.8509)
       TP1: $0.963568 (+19.3%, 1.5R, sell 40%)
       TP2: $1.119236 (+38.5%, 3.0R, sell 35%)
       TP3: $1.326793 (+64.2%, 5.0R, sell 25%)

  [39] OP          score= 117.6  ST=4/6  price=$0.108900      24h= +0.26%  vol=$ 10.9M
       TF:  1D= 72  12H=119  6H=131  4H=139  2H=145  1H=107
       Bonuses: RS vs BTC 7d +6.3%  (+5 pts)
       Entry: $0.108900  |  Stop: $0.093516 (-14.13%)  |  Risk: $1500 (1.50% acct)
       Position: $10618 (10.62% acct, qty 97506.6165)
       TP1: $0.131975 (+21.2%, 1.5R, sell 40%)
       TP2: $0.155051 (+42.4%, 3.0R, sell 35%)
       TP3: $0.185818 (+70.6%, 5.0R, sell 25%)

  [40] XPL         score= 117.2  ST=5/6  price=$0.091340      24h= +1.43%  vol=$ 32.8M
       TF:  1D=105  12H=133  6H=146  4H=116  2H=100  1H= 49
       Bonuses: RS vs BTC 7d +31.9%  (+5 pts)
       Entry: $0.091340  |  Stop: $0.077639 (-15.00%)  |  Risk: $1500 (1.50% acct)
       Position: $10000 (10.00% acct, qty 109481.0598)
       TP1: $0.111892 (+22.5%, 1.5R, sell 40%)
       TP2: $0.132443 (+45.0%, 3.0R, sell 35%)
       TP3: $0.159845 (+75.0%, 5.0R, sell 25%)

  [41] UAI         score= 115.5  ST=3/6  price=$0.315120      24h= -4.48%  vol=$  4.1M
       TF:  1D=158  12H=148  6H=110  4H= 64  2H= 42  1H= 55
       Bonuses: RS vs BTC 7d +1.6%  (+5 pts)
       Entry: $0.315120  |  Stop: $0.267852 (-15.00%)  |  Risk: $1500 (1.50% acct)
       Position: $10000 (10.00% acct, qty 31733.9426)
       TP1: $0.386022 (+22.5%, 1.5R, sell 40%)
       TP2: $0.456924 (+45.0%, 3.0R, sell 35%)
       TP3: $0.551460 (+75.0%, 5.0R, sell 25%)

  [42] INIT        score= 114.7  ST=3/6  price=$0.060240      24h= +2.38%  vol=$  1.1M
       TF:  1D= 70  12H= 82  6H=157  4H=135  2H=110  1H=147
       Bonuses: RSI div 1D (bullish) | 1H pre-pump (obv_stealth_accum)  (+7 pts)
       Entry: $0.060240  |  Stop: $0.052236 (-13.29%)  |  Risk: $1500 (1.50% acct)
       Position: $11290 (11.29% acct, qty 187416.3320)
       TP1: $0.072245 (+19.9%, 1.5R, sell 40%)
       TP2: $0.084251 (+39.9%, 3.0R, sell 35%)
       TP3: $0.100258 (+66.4%, 5.0R, sell 25%)

  [43] QNT         score= 114.7  ST=4/6  price=$70.780000     24h= +0.27%  vol=$  1.1M
       TF:  1D= 81  12H=102  6H=147  4H=178  2H= 92  1H= 68
       Bonuses: RS vs BTC 7d +1.4%  (+5 pts)
       Entry: $70.780000  |  Stop: $63.792143 (-9.87%)  |  Risk: $1500 (1.50% acct)
       Position: $15194 (15.19% acct, qty 214.6581)
       TP1: $81.261786 (+14.8%, 1.5R, sell 40%)
       TP2: $91.743571 (+29.6%, 3.0R, sell 35%)
       TP3: $105.719286 (+49.4%, 5.0R, sell 25%)

  [44] PORTAL      score= 114.6  ST=5/6  price=$0.015967      24h=+32.92%  vol=$ 22.5M
       TF:  1D= 73  12H=147  6H=121  4H=109  2H=123  1H=125
       Bonuses: funding -0.3650%/8h  (+3 pts)
       Entry: $0.015967  |  Stop: $0.013572 (-15.00%)  |  Risk: $1500 (1.50% acct)
       Position: $10000 (10.00% acct, qty 626291.7267)
       TP1: $0.019560 (+22.5%, 1.5R, sell 40%)
       TP2: $0.023152 (+45.0%, 3.0R, sell 35%)
       TP3: $0.027942 (+75.0%, 5.0R, sell 25%)

  [45] BASED       score= 114.3  ST=4/6  price=$0.076170      24h= -1.89%  vol=$  3.9M
       TF:  1D= 91  12H=140  6H=140  4H=129  2H= 85  1H= 53
       Bonuses: RS vs BTC 7d +11.4%  (+5 pts)
       Entry: $0.076170  |  Stop: $0.064744 (-15.00%)  |  Risk: $1500 (1.50% acct)
       Position: $10000 (10.00% acct, qty 131285.2829)
       TP1: $0.093308 (+22.5%, 1.5R, sell 40%)
       TP2: $0.110447 (+45.0%, 3.0R, sell 35%)
       TP3: $0.133298 (+75.0%, 5.0R, sell 25%)

  [46] XAU         score= 113.2  ST=5/6  price=$4,333.100000  24h= +0.61%  vol=$ 63.1M
       TF:  1D= 86  12H=108  6H=120  4H=157  2H=136  1H= 96
       Entry: $4333.100000  |  Stop: $4116.445000 (-5.00%)  |  Risk: $1000 (1.00% acct)
       Position: $20000 (20.00% acct, qty 4.6156)
       TP1: $4658.082500 (+7.5%, 1.5R, sell 40%)
       TP2: $4983.065000 (+15.0%, 3.0R, sell 35%)
       TP3: $5416.375000 (+25.0%, 5.0R, sell 25%)

  [47] LDO         score= 113.2  ST=3/6  price=$0.277100      24h= +1.24%  vol=$  4.6M
       TF:  1D= 67  12H= 74  6H=141  4H=148  2H=159  1H=122
       Bonuses: RS vs BTC 7d +0.2%  (+5 pts)
       Entry: $0.277100  |  Stop: $0.249446 (-9.98%)  |  Risk: $1500 (1.50% acct)
       Position: $15031 (15.03% acct, qty 54242.5417)
       TP1: $0.318580 (+15.0%, 1.5R, sell 40%)
       TP2: $0.360061 (+29.9%, 3.0R, sell 35%)
       TP3: $0.415368 (+49.9%, 5.0R, sell 25%)

  [48] B3          score= 113.2  ST=3/6  price=$0.000601      24h= -0.37%  vol=$  1.8M
       TF:  1D= 68  12H= 77  6H=132  4H=138  2H=119  1H= 90
       Bonuses: RSI div 1D (bullish) | 1H pre-pump (obv_stealth_accum) | RS vs BTC 7d +9.6% | funding -0.7291%/8h  (+15 pts)
       Entry: $0.000601  |  Stop: $0.000511 (-15.00%)  |  Risk: $1500 (1.50% acct)
       Position: $10000 (10.00% acct, qty 16647244.8810)
       TP1: $0.000736 (+22.5%, 1.5R, sell 40%)
       TP2: $0.000871 (+45.0%, 3.0R, sell 35%)
       TP3: $0.001051 (+75.0%, 5.0R, sell 25%)

  [49] SOL         score= 113.1  ST=5/6  price=$73.480000     24h= -0.72%  vol=$671.5M
       TF:  1D= 77  12H=113  6H=144  4H=142  2H=106  1H= 83
       Bonuses: RS vs BTC 7d +6.8%  (+5 pts)
       Entry: $73.480000  |  Stop: $66.738571 (-9.17%)  |  Risk: $1500 (1.50% acct)
       Position: $16350 (16.35% acct, qty 222.5048)
       TP1: $83.592143 (+13.8%, 1.5R, sell 40%)
       TP2: $93.704286 (+27.5%, 3.0R, sell 35%)
       TP3: $107.187143 (+45.9%, 5.0R, sell 25%)

  [50] ENA         score= 113.1  ST=4/6  price=$0.085970      24h= +0.77%  vol=$ 55.0M
       TF:  1D= 82  12H= 98  6H=128  4H=146  2H=103  1H= 91
       Bonuses: RS vs BTC 7d +0.7% | funding -0.0119%/8h  (+8 pts)
       Entry: $0.085970  |  Stop: $0.073075 (-15.00%)  |  Risk: $1500 (1.50% acct)
       Position: $10000 (10.00% acct, qty 116319.6464)
       TP1: $0.105313 (+22.5%, 1.5R, sell 40%)
       TP2: $0.124657 (+45.0%, 3.0R, sell 35%)
       TP3: $0.150448 (+75.0%, 5.0R, sell 25%)

--------------------------------------------------------------------------------
  WATCH  —  50 coin(s)  (worth tracking)
--------------------------------------------------------------------------------
  #   Symbol      Score  ST         Price    24h%   Vol $M  TF breakdown
  ------------------------------------------------------------------------------
    1 WCT         105.9  2/6  $   0.047710  -1.20%  $    1.7  1D=100  12H= 76  6H=114  4H=107  2H=119  1H=103
    2 XRP         104.6  2/6  $   1.216600  -2.04%  $  328.3  1D= 98  12H=100  6H=140  4H=122  2H= 62  1H= 54
    3 VELVET      103.7  2/6  $   0.454000 +14.63%  $   24.7  1D=110  12H= 92  6H= 62  4H= 72  2H=116  1H=135
    4 ME          103.1  2/6  $   0.064640  +0.48%  $    1.0  1D= 79  12H= 89  6H=113  4H=143  2H= 92  1H= 87
    5 DASH         99.7  3/6  $  37.470000  -2.22%  $    3.8  1D= 80  12H= 99  6H=145  4H=114  2H= 74  1H= 48
    6 1000BONK     99.6  3/6  $   0.004786  -0.73%  $    6.0  1D= 61  12H= 79  6H=139  4H=118  2H=126  1H= 80
    7 PNUT         99.6  3/6  $   0.045010  -0.40%  $    1.1  1D= 85  12H= 92  6H=128  4H=131  2H= 83  1H= 36
    8 KAS          99.5  3/6  $   0.032450  -1.72%  $    4.7  1D= 75  12H=140  6H=145  4H= 94  2H= 66  1H= 17
    9 STX          97.9  3/6  $   0.192700  -0.05%  $    1.5  1D= 78  12H= 81  6H=127  4H=107  2H=107  1H= 89
   10 TRUMP        97.6  4/6  $   1.903000  -5.65%  $   39.0  1D=121  12H=117  6H= 62  4H= 47  2H= 52  1H= 77
   11 LINK         96.9  3/6  $   8.273000  -0.49%  $   32.1  1D= 75  12H= 81  6H=139  4H=130  2H= 93  1H= 82
   12 MOVE         96.4  4/6  $   0.012630  +2.72%  $    4.7  1D= 84  12H= 89  6H= 66  4H=129  2H=123  1H=111
   13 STABLE       95.9  3/6  $   0.035541  -1.86%  $    1.2  1D=114  12H= 88  6H=108  4H= 80  2H= 53  1H= 38
   14 BERA         95.2  2/6  $   0.258400  -0.80%  $    2.1  1D= 85  12H= 82  6H= 77  4H=102  2H= 94  1H= 69
   15 PIPPIN       95.1  4/6  $   0.018530  +1.31%  $    3.0  1D=121  12H= 89  6H= 90  4H= 93  2H= 99  1H= 41
   16 PIEVERSE     94.4  3/6  $   0.694100  -3.90%  $    2.4  1D= 66  12H= 78  6H=142  4H=128  2H= 89  1H= 41
   17 FHE          94.2  3/6  $   0.023620  -2.62%  $    1.3  1D= 85  12H=129  6H=129  4H= 80  2H= 34  1H= 42
   18 AXL          93.6  3/6  $   0.045710  +2.16%  $    1.2  1D=107  12H= 99  6H= 60  4H= 73  2H= 47  1H= 52
   19 ZRO          93.5  3/6  $   1.075300  -4.60%  $   12.5  1D= 96  12H= 76  6H=142  4H=105  2H= 63  1H= 18
   20 W            93.0  2/6  $   0.009957  -0.84%  $    1.7  1D= 52  12H= 82  6H=111  4H=133  2H= 83  1H= 85
   21 ALLO         92.5  6/6  $   0.360750  -1.88%  $   15.4  1D=117  12H=103  6H= 83  4H= 72  2H= 84  1H= 58
   22 MET          92.4  4/6  $   0.114130  -4.07%  $    1.5  1D= 73  12H= 98  6H=138  4H=102  2H= 71  1H= 28
   23 POPCAT       92.3  3/6  $   0.043750  -0.59%  $    3.6  1D= 68  12H= 91  6H=125  4H=130  2H= 95  1H= 54
   24 CC           91.3  5/6  $   0.161170  -3.43%  $    2.0  1D=128  12H=100  6H= 83  4H= 74  2H= 65  1H= 21
   25 ARB          91.2  2/6  $   0.085550  -0.54%  $   12.8  1D= 57  12H= 88  6H=124  4H=111  2H= 59  1H= 53
   26 CLO          90.8  2/6  $   0.142970 -30.76%  $    9.2  1D=143  12H= 94  6H= 76  4H= 41  2H= 43  1H= 42
   27 BANANAS31    90.8  3/6  $   0.009971  -6.92%  $    1.6  1D= 76  12H= 75  6H=122  4H=146  2H= 58  1H= 24
   28 1000PEPE     90.6  3/6  $   0.002949  +0.10%  $   43.3  1D= 61  12H= 73  6H=158  4H=114  2H= 93  1H= 70
   29 STRK         89.5  3/6  $   0.035360  -3.09%  $    5.9  1D= 95  12H= 91  6H=121  4H= 86  2H= 68  1H= 35
   30 SHIB1000     89.3  3/6  $   0.004975  -1.50%  $    5.3  1D= 73  12H= 80  6H=125  4H=112  2H= 77  1H= 31
   31 EDEN         89.3  4/6  $   0.044740  +0.24%  $    2.3  1D= 66  12H= 80  6H=135  4H=121  2H= 68  1H= 83
   32 JELLYJELLY   89.1  3/6  $   0.061100  -1.79%  $    1.8  1D=127  12H=111  6H= 68  4H= 42  2H= 50  1H= 88
   33 ALGO         88.7  3/6  $   0.094550  -0.90%  $    4.6  1D= 64  12H= 83  6H=114  4H=128  2H= 97  1H= 62
   34 VIRTUAL      88.4  4/6  $   0.625600  -1.79%  $   19.3  1D= 75  12H=116  6H= 63  4H=106  2H= 56  1H= 71
   35 HMSTR        88.0  3/6  $   0.000175  +6.28%  $    5.7  1D=110  12H= 55  6H= 65  4H= 77  2H=102  1H=127
   36 BCH          87.6  3/6  $ 213.900000  -5.15%  $   40.7  1D= 70  12H= 84  6H=113  4H=112  2H= 68  1H= 43
   37 EGLD         87.6  3/6  $   3.002000  -1.86%  $    3.5  1D= 70  12H= 81  6H=119  4H= 99  2H= 78  1H= 47
   38 SKY          87.5  3/6  $   0.057240  -0.14%  $    1.4  1D= 53  12H= 93  6H=108  4H=109  2H= 95  1H= 81
   39 ZKC          87.0  1/6  $   0.052090  -6.61%  $    2.2  1D=107  12H=110  6H= 53  4H= 45  2H= 63  1H= 78
   40 CHIP         86.7  2/6  $   0.035730  -1.33%  $    7.0  1D= 88  12H=102  6H=114  4H= 83  2H= 40  1H= 43
   41 US           86.7  3/6  $   0.012570 -11.32%  $    1.0  1D=133  12H=105  6H= 88  4H= 51  2H= 25  1H= 46
   42 FIDA         86.1  4/6  $   0.023246  -6.91%  $    2.1  1D= 77  12H=109  6H=115  4H= 90  2H= 55  1H= 24
   43 AR           86.0  3/6  $   2.029600  -0.98%  $    1.1  1D= 75  12H= 92  6H=125  4H= 89  2H= 48  1H= 87
   44 B            85.7  3/6  $   0.237900  -5.24%  $    1.5  1D= 70  12H= 97  6H=110  4H= 76  2H= 61  1H= 45
   45 VVV          85.6  3/6  $  15.712000  +4.11%  $   15.0  1D= 77  12H= 61  6H= 75  4H= 79  2H=125  1H= 97
   46 ID           85.4  4/6  $   0.027530  -0.29%  $    2.6  1D= 70  12H= 84  6H= 83  4H= 51  2H= 91  1H=100
   47 ESPORTS      84.3  3/6  $   0.069040 +10.95%  $    8.7  1D= 97  12H= 53  6H= 48  4H= 77  2H=119  1H=135
   48 BTC          82.1  3/6  $65,640.000000  -0.93%  $ 3960.2  1D= 51  12H= 85  6H=151  4H=107  2H= 79  1H= 26
   49 HNT          82.0  2/6  $   0.304600  +0.56%  $    1.5  1D= 33  12H= 72  6H= 99  4H=101  2H=129  1H=109
   50 MNT          81.0  3/6  $   0.557700  -3.28%  $    7.9  1D= 82  12H=114  6H=105  4H= 78  2H= 36  1H= 35

================================================================================
2026-06-17 01:25:49,082 [INFO]   Saved → trend_v3_LATEST.txt, trend_v3_LATEST.json, trend_v3_20260617_012548.txt
2026-06-17 10:20:36,957 [INFO] ================================================================
2026-06-17 10:20:36,958 [INFO] TREND SCANNER v3.0
2026-06-17 10:20:36,959 [INFO] ================================================================
2026-06-17 10:20:36,959 [INFO] Building universe (Bybit perps)...
2026-06-17 10:20:37,562 [INFO]   Universe (post-filter): 243 coins
2026-06-17 10:20:37,562 [INFO] Fetching BTC 1D for regime detection...
2026-06-17 10:20:38,075 [INFO]   Regime: BULL  |  BTC 7d +6.39%  |  24h -0.99%
2026-06-17 10:20:38,076 [INFO] Scanning 243 coins across 6 timeframes...
2026-06-17 10:20:38,076 [INFO] (this is the slowest scanner — first run ~10min, subsequent ~2-3min)
2026-06-17 10:21:13,018 [INFO]   ...20/243  (surfaced: 15)
2026-06-17 10:21:44,683 [INFO]   ...40/243  (surfaced: 33)
2026-06-17 10:22:13,201 [INFO]   ...60/243  (surfaced: 50)
2026-06-17 10:22:45,285 [INFO]   ...80/243  (surfaced: 65)
2026-06-17 10:23:44,985 [INFO]   ...100/243  (surfaced: 84)
2026-06-17 10:24:17,055 [INFO]   ...120/243  (surfaced: 100)
2026-06-17 10:25:18,544 [INFO]   ...160/243  (surfaced: 131)
2026-06-17 10:25:49,034 [INFO]   ...180/243  (surfaced: 145)
2026-06-17 10:26:18,536 [INFO]   ...200/243  (surfaced: 159)
2026-06-17 10:26:53,574 [INFO]   ...220/243  (surfaced: 171)
2026-06-17 10:27:27,499 [INFO]   ...240/243  (surfaced: 185)
2026-06-17 10:27:32,774 [INFO] Done in 416s  |  scanned=210  failed=33  strong=37  long=50  watch=50
2026-06-17 10:27:32,777 [INFO] 
================================================================================
  TREND SCANNER v3.0  —  multi-timeframe confirmation + trade plans
  Generated  : 2026-06-17 10:27:32
  Universe   : 243 Bybit perps  |  Scanned: 210
  Scan time  : 416s
================================================================================

  Regime     : 🟢 BULL
               BTC 7d +6.39%  |  24h -0.99%  |  $65,675

  Account    : $100,000  |  Risk/trade: 1.5%

  Tiers (bull):  STRONG ≥ 130 & ST≥4  |  LONG ≥ 100 & ST≥3  |  WATCH ≥ 70

  TF weights : 1D×0.28 · 12H×0.2 · 6H×0.15 · 4H×0.15 · 2H×0.12 · 1H×0.1

--------------------------------------------------------------------------------
  STRONG  —  37 coin(s)  (highest conviction, full position)
--------------------------------------------------------------------------------

  [ 1] BR          score= 163.5  ST=6/6  price=$0.191090      24h=+14.62%  vol=$ 18.2M
       TF:  1D=152  12H=167  6H=149  4H=142  2H=140  1H=151
       Bonuses: RSI div 1D (bullish) | 1H pre-pump (obv_stealth_accum) | RS vs BTC 7d +66.9%  (+12 pts)
       Entry: $0.191090  |  Stop: $0.162427 (-15.00%)  |  Risk: $1500 (1.50% acct)
       Position: $10000 (10.00% acct, qty 52331.3622)
       TP1: $0.234085 (+22.5%, 1.5R, sell 40%)
       TP2: $0.277081 (+45.0%, 3.0R, sell 35%)
       TP3: $0.334408 (+75.0%, 5.0R, sell 25%)

  [ 2] SQD         score= 161.4  ST=6/6  price=$0.050840      24h=+33.20%  vol=$  9.3M
       TF:  1D=140  12H=159  6H=159  4H=154  2H=147  1H=158
       Bonuses: RSI div 1D (bullish) | RS vs BTC 7d +55.9%  (+10 pts)
       Entry: $0.050840  |  Stop: $0.043214 (-15.00%)  |  Risk: $1500 (1.50% acct)
       Position: $10000 (10.00% acct, qty 196695.5153)
       TP1: $0.062279 (+22.5%, 1.5R, sell 40%)
       TP2: $0.073718 (+45.0%, 3.0R, sell 35%)
       TP3: $0.088970 (+75.0%, 5.0R, sell 25%)

  [ 3] GPS         score= 157.0  ST=6/6  price=$0.009351      24h=+13.32%  vol=$  1.5M
       TF:  1D=155  12H=142  6H=147  4H=150  2H=150  1H=146
       Bonuses: RSI div 1D (hidden_bullish) | RS vs BTC 7d +31.4%  (+8 pts)
       Entry: $0.009351  |  Stop: $0.007948 (-15.00%)  |  Risk: $1500 (1.50% acct)
       Position: $10000 (10.00% acct, qty 1069404.3418)
       TP1: $0.011455 (+22.5%, 1.5R, sell 40%)
       TP2: $0.013559 (+45.0%, 3.0R, sell 35%)
       TP3: $0.016364 (+75.0%, 5.0R, sell 25%)

  [ 4] AKT         score= 156.6  ST=6/6  price=$0.819300      24h= +6.37%  vol=$  3.4M
       TF:  1D=147  12H=133  6H=172  4H=161  2H=152  1H=156
       Bonuses: RS vs BTC 7d +29.7%  (+5 pts)
       Entry: $0.819300  |  Stop: $0.705536 (-13.89%)  |  Risk: $1500 (1.50% acct)
       Position: $10803 (10.80% acct, qty 13185.1573)
       TP1: $0.989946 (+20.8%, 1.5R, sell 40%)
       TP2: $1.160593 (+41.7%, 3.0R, sell 35%)
       TP3: $1.388121 (+69.4%, 5.0R, sell 25%)

  [ 5] UNI         score= 151.8  ST=6/6  price=$3.289000      24h=+20.95%  vol=$ 92.0M
       TF:  1D=127  12H=139  6H=147  4H=142  2H=152  1H=169
       Bonuses: RSI div 1D (bullish) | RS vs BTC 7d +26.4%  (+10 pts)
       Entry: $3.289000  |  Stop: $2.987714 (-9.16%)  |  Risk: $1500 (1.50% acct)
       Position: $16375 (16.37% acct, qty 4978.6629)
       TP1: $3.740929 (+13.7%, 1.5R, sell 40%)
       TP2: $4.192857 (+27.5%, 3.0R, sell 35%)
       TP3: $4.795429 (+45.8%, 5.0R, sell 25%)

  [ 6] LIT         score= 151.3  ST=6/6  price=$1.735000      24h= -0.86%  vol=$ 15.0M
       TF:  1D=153  12H=136  6H=151  4H=140  2H=135  1H=144
       Bonuses: 1H pre-pump (obv_stealth_accum) | RS vs BTC 7d +3.2%  (+7 pts)
       Entry: $1.735000  |  Stop: $1.474750 (-15.00%)  |  Risk: $1500 (1.50% acct)
       Position: $10000 (10.00% acct, qty 5763.6888)
       TP1: $2.125375 (+22.5%, 1.5R, sell 40%)
       TP2: $2.515750 (+45.0%, 3.0R, sell 35%)
       TP3: $3.036250 (+75.0%, 5.0R, sell 25%)

  [ 7] SPX         score= 151.2  ST=6/6  price=$0.390200      24h=+16.86%  vol=$ 47.3M
       TF:  1D=129  12H=149  6H=154  4H=149  2H=153  1H=165
       Bonuses: RS vs BTC 7d +22.2%  (+5 pts)
       Entry: $0.390200  |  Stop: $0.339821 (-12.91%)  |  Risk: $1500 (1.50% acct)
       Position: $11618 (11.62% acct, qty 29774.5640)
       TP1: $0.465768 (+19.4%, 1.5R, sell 40%)
       TP2: $0.541336 (+38.7%, 3.0R, sell 35%)
       TP3: $0.642093 (+64.5%, 5.0R, sell 25%)

  [ 8] VELODROME   score= 151.1  ST=6/6  price=$0.018561      24h=+11.71%  vol=$  1.4M
       TF:  1D=134  12H=154  6H=154  4H=135  2H=169  1H=122
       Bonuses: 1H pre-pump (obv_stealth_accum) | RS vs BTC 7d +26.8%  (+7 pts)
       Entry: $0.018561  |  Stop: $0.016591 (-10.61%)  |  Risk: $1500 (1.50% acct)
       Position: $14136 (14.14% acct, qty 761614.6230)
       TP1: $0.021515 (+15.9%, 1.5R, sell 40%)
       TP2: $0.024470 (+31.8%, 3.0R, sell 35%)
       TP3: $0.028408 (+53.0%, 5.0R, sell 25%)

  [ 9] BLESS       score= 150.6  ST=4/6  price=$0.007675      24h=+15.42%  vol=$ 12.3M
       TF:  1D=157  12H=146  6H=137  4H=144  2H=139  1H= 86
       Bonuses: RSI div 1D (bullish) | RS vs BTC 7d +6.0%  (+10 pts)
       Entry: $0.007675  |  Stop: $0.006524 (-15.00%)  |  Risk: $1500 (1.50% acct)
       Position: $10000 (10.00% acct, qty 1302931.5961)
       TP1: $0.009402 (+22.5%, 1.5R, sell 40%)
       TP2: $0.011129 (+45.0%, 3.0R, sell 35%)
       TP3: $0.013431 (+75.0%, 5.0R, sell 25%)

  [10] AERO        score= 150.1  ST=6/6  price=$0.470400      24h=+11.81%  vol=$ 31.0M
       TF:  1D=140  12H=149  6H=139  4H=134  2H=167  1H=151
       Bonuses: RS vs BTC 7d +35.8%  (+5 pts)
       Entry: $0.470400  |  Stop: $0.420118 (-10.69%)  |  Risk: $1500 (1.50% acct)
       Position: $14033 (14.03% acct, qty 29831.6642)
       TP1: $0.545823 (+16.0%, 1.5R, sell 40%)
       TP2: $0.621246 (+32.1%, 3.0R, sell 35%)
       TP3: $0.721811 (+53.5%, 5.0R, sell 25%)

  [11] WLD         score= 149.9  ST=6/6  price=$0.675000      24h= -1.02%  vol=$248.9M
       TF:  1D=150  12H=142  6H=147  4H=140  2H=156  1H= 97
       Bonuses: RSI div 1D (hidden_bullish) | RS vs BTC 7d +26.5%  (+8 pts)
       Entry: $0.675000  |  Stop: $0.573750 (-15.00%)  |  Risk: $1500 (1.50% acct)
       Position: $10000 (10.00% acct, qty 14814.8148)
       TP1: $0.826875 (+22.5%, 1.5R, sell 40%)
       TP2: $0.978750 (+45.0%, 3.0R, sell 35%)
       TP3: $1.181250 (+75.0%, 5.0R, sell 25%)

  [12] SENT        score= 148.6  ST=6/6  price=$0.019610      24h=+14.15%  vol=$ 17.2M
       TF:  1D=146  12H=151  6H=134  4H=144  2H=148  1H=131
       Bonuses: RS vs BTC 7d +15.9%  (+5 pts)
       Entry: $0.019610  |  Stop: $0.016668 (-15.00%)  |  Risk: $1500 (1.50% acct)
       Position: $10000 (10.00% acct, qty 509943.9062)
       TP1: $0.024022 (+22.5%, 1.5R, sell 40%)
       TP2: $0.028435 (+45.0%, 3.0R, sell 35%)
       TP3: $0.034318 (+75.0%, 5.0R, sell 25%)

  [13] GRASS       score= 146.7  ST=5/6  price=$0.451160      24h= -0.47%  vol=$  5.5M
       TF:  1D=123  12H=117  6H=147  4H=135  2H=160  1H=154
       Bonuses: RSI div 1D (hidden_bullish) | 1H pre-pump (obv_divergence, obv_stealth_accum) | RS vs BTC 7d +24.8%  (+12 pts)
       Entry: $0.451160  |  Stop: $0.383486 (-15.00%)  |  Risk: $1500 (1.50% acct)
       Position: $10000 (10.00% acct, qty 22165.0856)
       TP1: $0.552671 (+22.5%, 1.5R, sell 40%)
       TP2: $0.654182 (+45.0%, 3.0R, sell 35%)
       TP3: $0.789530 (+75.0%, 5.0R, sell 25%)

  [14] ZAMA        score= 146.5  ST=4/6  price=$0.032050      24h= +5.81%  vol=$  2.0M
       TF:  1D=102  12H=133  6H=168  4H=155  2H=159  1H=158
       Bonuses: RSI div 1D (hidden_bullish) | RS vs BTC 7d +4.5%  (+8 pts)
       Entry: $0.032050  |  Stop: $0.028138 (-12.21%)  |  Risk: $1500 (1.50% acct)
       Position: $12290 (12.29% acct, qty 383456.5872)
       TP1: $0.037918 (+18.3%, 1.5R, sell 40%)
       TP2: $0.043785 (+36.6%, 3.0R, sell 35%)
       TP3: $0.051609 (+61.0%, 5.0R, sell 25%)

  [15] JTO         score= 145.8  ST=6/6  price=$0.794800      24h= +2.56%  vol=$ 61.7M
       TF:  1D=163  12H=155  6H=147  4H=128  2H=132  1H= 51
       Bonuses: 1H pre-pump (obv_divergence) | RS vs BTC 7d +26.2%  (+7 pts)
       Entry: $0.794800  |  Stop: $0.675580 (-15.00%)  |  Risk: $1500 (1.50% acct)
       Position: $10000 (10.00% acct, qty 12581.7816)
       TP1: $0.973630 (+22.5%, 1.5R, sell 40%)
       TP2: $1.152460 (+45.0%, 3.0R, sell 35%)
       TP3: $1.390900 (+75.0%, 5.0R, sell 25%)

  [16] MMT         score= 144.1  ST=6/6  price=$0.140450      24h= +3.48%  vol=$  2.9M
       TF:  1D=124  12H=144  6H=139  4H=143  2H=145  1H=139
       Bonuses: 1H pre-pump (bb_squeeze) | RS vs BTC 7d +28.0%  (+7 pts)
       Entry: $0.140450  |  Stop: $0.125150 (-10.89%)  |  Risk: $1500 (1.50% acct)
       Position: $13770 (13.77% acct, qty 98039.2157)
       TP1: $0.163400 (+16.3%, 1.5R, sell 40%)
       TP2: $0.186350 (+32.7%, 3.0R, sell 35%)
       TP3: $0.216950 (+54.5%, 5.0R, sell 25%)

  [17] OPEN        score= 143.1  ST=6/6  price=$0.244040      24h= -3.07%  vol=$  4.4M
       TF:  1D=131  12H=143  6H=127  4H=150  2H=159  1H=102
       Bonuses: 1H pre-pump (obv_stealth_accum) | RS vs BTC 7d +8.6%  (+7 pts)
       Entry: $0.244040  |  Stop: $0.207434 (-15.00%)  |  Risk: $1500 (1.50% acct)
       Position: $10000 (10.00% acct, qty 40976.8890)
       TP1: $0.298949 (+22.5%, 1.5R, sell 40%)
       TP2: $0.353858 (+45.0%, 3.0R, sell 35%)
       TP3: $0.427070 (+75.0%, 5.0R, sell 25%)

  [18] ORCA        score= 142.8  ST=6/6  price=$1.146700      24h= +0.62%  vol=$  4.5M
       TF:  1D=126  12H=122  6H=155  4H=136  2H=131  1H=137
       Bonuses: 1H pre-pump (obv_stealth_accum) | RS vs BTC 7d +7.3% | funding -0.1202%/8h  (+10 pts)
       Entry: $1.146700  |  Stop: $0.988643 (-13.78%)  |  Risk: $1500 (1.50% acct)
       Position: $10882 (10.88% acct, qty 9490.2386)
       TP1: $1.383786 (+20.7%, 1.5R, sell 40%)
       TP2: $1.620871 (+41.4%, 3.0R, sell 35%)
       TP3: $1.936986 (+68.9%, 5.0R, sell 25%)

  [19] SPACE       score= 141.9  ST=5/6  price=$0.007861      24h= -6.05%  vol=$  8.9M
       TF:  1D=118  12H=150  6H=126  4H=150  2H=142  1H=104
       Bonuses: RSI div 1D (hidden_bullish) | 1H pre-pump (obv_stealth_accum) | RS vs BTC 7d +12.9%  (+10 pts)
       Entry: $0.007861  |  Stop: $0.006682 (-15.00%)  |  Risk: $1500 (1.50% acct)
       Position: $10000 (10.00% acct, qty 1272102.7859)
       TP1: $0.009630 (+22.5%, 1.5R, sell 40%)
       TP2: $0.011398 (+45.0%, 3.0R, sell 35%)
       TP3: $0.013757 (+75.0%, 5.0R, sell 25%)

  [20] EPIC        score= 141.8  ST=6/6  price=$0.636300      24h=+10.77%  vol=$  7.3M
       TF:  1D=136  12H=133  6H=127  4H=145  2H=143  1H=142
       Bonuses: RS vs BTC 7d +21.2%  (+5 pts)
       Entry: $0.636300  |  Stop: $0.540855 (-15.00%)  |  Risk: $1500 (1.50% acct)
       Position: $10000 (10.00% acct, qty 15715.8573)
       TP1: $0.779467 (+22.5%, 1.5R, sell 40%)
       TP2: $0.922635 (+45.0%, 3.0R, sell 35%)
       TP3: $1.113525 (+75.0%, 5.0R, sell 25%)

  [21] CRV         score= 141.0  ST=6/6  price=$0.239000      24h= +0.65%  vol=$  9.3M
       TF:  1D=120  12H=137  6H=141  4H=135  2H=135  1H=154
       Bonuses: 1H pre-pump (obv_stealth_accum) | RS vs BTC 7d +12.5%  (+7 pts)
       Entry: $0.239000  |  Stop: $0.210714 (-11.84%)  |  Risk: $1500 (1.50% acct)
       Position: $12674 (12.67% acct, qty 53030.3030)
       TP1: $0.281429 (+17.8%, 1.5R, sell 40%)
       TP2: $0.323857 (+35.5%, 3.0R, sell 35%)
       TP3: $0.380429 (+59.2%, 5.0R, sell 25%)

  [22] PARTI       score= 141.0  ST=6/6  price=$0.061510      24h=+12.50%  vol=$  1.8M
       TF:  1D=137  12H=117  6H=150  4H=130  2H=128  1H=119
       Bonuses: RSI div 1D (bullish) | RS vs BTC 7d +3.7%  (+10 pts)
       Entry: $0.061510  |  Stop: $0.052283 (-15.00%)  |  Risk: $1500 (1.50% acct)
       Position: $10000 (10.00% acct, qty 162575.1910)
       TP1: $0.075350 (+22.5%, 1.5R, sell 40%)
       TP2: $0.089190 (+45.0%, 3.0R, sell 35%)
       TP3: $0.107643 (+75.0%, 5.0R, sell 25%)

  [23] ROAM        score= 140.9  ST=6/6  price=$0.010532      24h=-27.40%  vol=$  6.7M
       TF:  1D=113  12H=146  6H=130  4H=158  2H=128  1H=135
       Bonuses: RS vs BTC 7d +91.0% | funding -0.0516%/8h  (+8 pts)
       Entry: $0.010532  |  Stop: $0.008952 (-15.00%)  |  Risk: $1500 (1.50% acct)
       Position: $10000 (10.00% acct, qty 949487.2769)
       TP1: $0.012902 (+22.5%, 1.5R, sell 40%)
       TP2: $0.015271 (+45.0%, 3.0R, sell 35%)
       TP3: $0.018431 (+75.0%, 5.0R, sell 25%)

  [24] TIA         score= 137.3  ST=6/6  price=$0.404500      24h= +6.35%  vol=$ 17.1M
       TF:  1D=118  12H=139  6H=154  4H=143  2H=142  1H= 99
       Bonuses: RS vs BTC 7d +18.0%  (+5 pts)
       Entry: $0.404500  |  Stop: $0.355707 (-12.06%)  |  Risk: $1500 (1.50% acct)
       Position: $12435 (12.44% acct, qty 30742.2047)
       TP1: $0.477689 (+18.1%, 1.5R, sell 40%)
       TP2: $0.550879 (+36.2%, 3.0R, sell 35%)
       TP3: $0.648464 (+60.3%, 5.0R, sell 25%)

  [25] FOLKS       score= 136.6  ST=6/6  price=$1.940000      24h= +1.63%  vol=$  1.9M
       TF:  1D=138  12H=144  6H=125  4H=122  2H=170  1H=117
       Entry: $1.940000  |  Stop: $1.649000 (-15.00%)  |  Risk: $1500 (1.50% acct)
       Position: $10000 (10.00% acct, qty 5154.6392)
       TP1: $2.376500 (+22.5%, 1.5R, sell 40%)
       TP2: $2.813000 (+45.0%, 3.0R, sell 35%)
       TP3: $3.395000 (+75.0%, 5.0R, sell 25%)

  [26] BSB         score= 135.8  ST=5/6  price=$0.536400      24h= +8.06%  vol=$112.5M
       TF:  1D=118  12H=134  6H=130  4H=129  2H=128  1H=128
       Bonuses: 1H pre-pump (obv_divergence, obv_stealth_accum) | RS vs BTC 7d +88.6%  (+9 pts)
       Entry: $0.536400  |  Stop: $0.455940 (-15.00%)  |  Risk: $1500 (1.50% acct)
       Position: $10000 (10.00% acct, qty 18642.8039)
       TP1: $0.657090 (+22.5%, 1.5R, sell 40%)
       TP2: $0.777780 (+45.0%, 3.0R, sell 35%)
       TP3: $0.938700 (+75.0%, 5.0R, sell 25%)

  [27] 1000LUNC    score= 135.7  ST=5/6  price=$0.075340      24h= +2.75%  vol=$  2.3M
       TF:  1D=133  12H=132  6H=156  4H=148  2H=129  1H= 90
       Bonuses: 1H pre-pump (obv_stealth_accum)  (+2 pts)
       Entry: $0.075340  |  Stop: $0.065932 (-12.49%)  |  Risk: $1500 (1.50% acct)
       Position: $12012 (12.01% acct, qty 159435.1441)
       TP1: $0.089452 (+18.7%, 1.5R, sell 40%)
       TP2: $0.103565 (+37.5%, 3.0R, sell 35%)
       TP3: $0.122381 (+62.4%, 5.0R, sell 25%)

  [28] AKE         score= 134.9  ST=5/6  price=$0.000372      24h= +2.93%  vol=$  1.1M
       TF:  1D=126  12H=139  6H=147  4H=147  2H=152  1H= 45
       Bonuses: RS vs BTC 7d +35.6%  (+5 pts)
       Entry: $0.000372  |  Stop: $0.000323 (-13.10%)  |  Risk: $1500 (1.50% acct)
       Position: $11450 (11.45% acct, qty 30796304.4435)
       TP1: $0.000445 (+19.6%, 1.5R, sell 40%)
       TP2: $0.000518 (+39.3%, 3.0R, sell 35%)
       TP3: $0.000615 (+65.5%, 5.0R, sell 25%)

  [29] Q           score= 134.6  ST=6/6  price=$0.020014      24h= +7.51%  vol=$  2.9M
       TF:  1D=128  12H=142  6H=136  4H=124  2H=146  1H= 88
       Bonuses: RS vs BTC 7d +10.0%  (+5 pts)
       Entry: $0.020014  |  Stop: $0.017053 (-14.80%)  |  Risk: $1500 (1.50% acct)
       Position: $10137 (10.14% acct, qty 506512.3010)
       TP1: $0.024456 (+22.2%, 1.5R, sell 40%)
       TP2: $0.028898 (+44.4%, 3.0R, sell 35%)
       TP3: $0.034821 (+74.0%, 5.0R, sell 25%)

  [30] HYPE        score= 134.3  ST=5/6  price=$73.565000     24h= -1.45%  vol=$597.4M
       TF:  1D=126  12H=150  6H=136  4H=137  2H=129  1H= 76
       Bonuses: RS vs BTC 7d +20.9%  (+5 pts)
       Entry: $73.565000  |  Stop: $63.406036 (-13.81%)  |  Risk: $1500 (1.50% acct)
       Position: $10862 (10.86% acct, qty 147.6528)
       TP1: $88.803446 (+20.7%, 1.5R, sell 40%)
       TP2: $104.041893 (+41.4%, 3.0R, sell 35%)
       TP3: $124.359821 (+69.0%, 5.0R, sell 25%)

  [31] AXL         score= 134.2  ST=4/6  price=$0.045710      24h= +1.92%  vol=$  2.1M
       TF:  1D=107  12H= 99  6H=128  4H=131  2H=139  1H=159
       Bonuses: RSI div 1D (bullish) | RS vs BTC 7d +1.2% | funding -0.0413%/8h  (+13 pts)
       Entry: $0.045710  |  Stop: $0.039629 (-13.30%)  |  Risk: $1500 (1.50% acct)
       Position: $11274 (11.27% acct, qty 246652.5722)
       TP1: $0.054832 (+20.0%, 1.5R, sell 40%)
       TP2: $0.063954 (+39.9%, 3.0R, sell 35%)
       TP3: $0.076117 (+66.5%, 5.0R, sell 25%)

  [32] MAGMA       score= 131.5  ST=5/6  price=$0.378160      24h=+22.13%  vol=$  2.8M
       TF:  1D=129  12H= 94  6H=123  4H=131  2H=169  1H=152
       Bonuses: RSI div 1D (hidden_bullish)  (+3 pts)
       Entry: $0.378160  |  Stop: $0.321436 (-15.00%)  |  Risk: $1500 (1.50% acct)
       Position: $10000 (10.00% acct, qty 26443.8333)
       TP1: $0.463246 (+22.5%, 1.5R, sell 40%)
       TP2: $0.548332 (+45.0%, 3.0R, sell 35%)
       TP3: $0.661780 (+75.0%, 5.0R, sell 25%)

  [33] APEX        score= 131.5  ST=5/6  price=$0.309400      24h= -4.06%  vol=$  1.0M
       TF:  1D=127  12H=119  6H=146  4H=143  2H= 98  1H=100
       Bonuses: 1H pre-pump (obv_stealth_accum) | RS vs BTC 7d +16.1%  (+7 pts)
       Entry: $0.309400  |  Stop: $0.275618 (-10.92%)  |  Risk: $1500 (1.50% acct)
       Position: $13738 (13.74% acct, qty 44402.1567)
       TP1: $0.360073 (+16.4%, 1.5R, sell 40%)
       TP2: $0.410746 (+32.8%, 3.0R, sell 35%)
       TP3: $0.478311 (+54.6%, 5.0R, sell 25%)

  [34] TRIA        score= 131.4  ST=5/6  price=$0.030882      24h=+26.44%  vol=$ 12.6M
       TF:  1D= 94  12H=122  6H=137  4H=147  2H=132  1H=122
       Bonuses: RSI div 1D (bullish) | RS vs BTC 7d +10.0%  (+10 pts)
       Entry: $0.030882  |  Stop: $0.026250 (-15.00%)  |  Risk: $1500 (1.50% acct)
       Position: $10000 (10.00% acct, qty 323813.2245)
       TP1: $0.037830 (+22.5%, 1.5R, sell 40%)
       TP2: $0.044779 (+45.0%, 3.0R, sell 35%)
       TP3: $0.054044 (+75.0%, 5.0R, sell 25%)

  [35] CAKE        score= 131.3  ST=5/6  price=$1.412000      24h= -1.65%  vol=$  1.3M
       TF:  1D= 95  12H=131  6H=154  4H=140  2H=141  1H=105
       Bonuses: 1H pre-pump (obv_stealth_accum) | RS vs BTC 7d +1.5%  (+7 pts)
       Entry: $1.412000  |  Stop: $1.304118 (-7.64%)  |  Risk: $1500 (1.50% acct)
       Position: $19633 (19.63% acct, qty 13904.0620)
       TP1: $1.573823 (+11.5%, 1.5R, sell 40%)
       TP2: $1.735646 (+22.9%, 3.0R, sell 35%)
       TP3: $1.951411 (+38.2%, 5.0R, sell 25%)

  [36] LAB         score= 131.2  ST=5/6  price=$13.356000     24h=+22.46%  vol=$ 70.3M
       TF:  1D=121  12H= 98  6H=137  4H=158  2H=132  1H=126
       Bonuses: RS vs BTC 7d +37.6%  (+5 pts)
       Entry: $13.356000  |  Stop: $11.352600 (-15.00%)  |  Risk: $1500 (1.50% acct)
       Position: $10000 (10.00% acct, qty 748.7272)
       TP1: $16.361100 (+22.5%, 1.5R, sell 40%)
       TP2: $19.366200 (+45.0%, 3.0R, sell 35%)
       TP3: $23.373000 (+75.0%, 5.0R, sell 25%)

  [37] MEME        score= 130.2  ST=5/6  price=$0.000630      24h= -8.26%  vol=$  3.8M
       TF:  1D=154  12H=129  6H=141  4H=120  2H= 86  1H= 38
       Bonuses: RSI div 1D (hidden_bullish) | RS vs BTC 7d +3.6%  (+8 pts)
       Entry: $0.000630  |  Stop: $0.000535 (-15.00%)  |  Risk: $1500 (1.50% acct)
       Position: $10000 (10.00% acct, qty 15878056.5259)
       TP1: $0.000772 (+22.5%, 1.5R, sell 40%)
       TP2: $0.000913 (+45.0%, 3.0R, sell 35%)
       TP3: $0.001102 (+75.0%, 5.0R, sell 25%)

--------------------------------------------------------------------------------
  LONG  —  50 coin(s)  (tradeable trend)
--------------------------------------------------------------------------------

  [ 1] ZEC         score= 129.7  ST=4/6  price=$504.760000    24h= -3.16%  vol=$198.7M
       TF:  1D=135  12H=116  6H=134  4H=110  2H=118  1H= 99
       Bonuses: RSI div 1D (hidden_bullish) | RS vs BTC 7d +11.2%  (+8 pts)
       Entry: $504.760000  |  Stop: $429.046000 (-15.00%)  |  Risk: $1500 (1.50% acct)
       Position: $10000 (10.00% acct, qty 19.8114)
       TP1: $618.331000 (+22.5%, 1.5R, sell 40%)
       TP2: $731.902000 (+45.0%, 3.0R, sell 35%)
       TP3: $883.330000 (+75.0%, 5.0R, sell 25%)

  [ 2] PENDLE      score= 129.1  ST=5/6  price=$1.398900      24h= +6.52%  vol=$  9.7M
       TF:  1D= 68  12H=116  6H=164  4H=154  2H=149  1H=163
       Bonuses: RS vs BTC 7d +5.7%  (+5 pts)
       Entry: $1.398900  |  Stop: $1.241454 (-11.26%)  |  Risk: $1500 (1.50% acct)
       Position: $13327 (13.33% acct, qty 9527.0500)
       TP1: $1.635070 (+16.9%, 1.5R, sell 40%)
       TP2: $1.871239 (+33.8%, 3.0R, sell 35%)
       TP3: $2.186132 (+56.3%, 5.0R, sell 25%)

  [ 3] EVAA        score= 129.0  ST=5/6  price=$0.718100      24h=-20.70%  vol=$ 14.4M
       TF:  1D=145  12H=139  6H=128  4H= 87  2H= 97  1H= 67
       Bonuses: RSI div 1D (bullish) | RS vs BTC 7d +48.2%  (+10 pts)
       Entry: $0.718100  |  Stop: $0.610385 (-15.00%)  |  Risk: $1500 (1.50% acct)
       Position: $10000 (10.00% acct, qty 13925.6371)
       TP1: $0.879672 (+22.5%, 1.5R, sell 40%)
       TP2: $1.041245 (+45.0%, 3.0R, sell 35%)
       TP3: $1.256675 (+75.0%, 5.0R, sell 25%)

  [ 4] ALCH        score= 129.0  ST=5/6  price=$0.077240      24h= -4.52%  vol=$  1.1M
       TF:  1D=131  12H=142  6H=131  4H=149  2H= 78  1H= 26
       Bonuses: RSI div 1D (bullish) | RS vs BTC 7d +22.1%  (+10 pts)
       Entry: $0.077240  |  Stop: $0.068403 (-11.44%)  |  Risk: $1500 (1.50% acct)
       Position: $13111 (13.11% acct, qty 169738.1183)
       TP1: $0.090496 (+17.2%, 1.5R, sell 40%)
       TP2: $0.103751 (+34.3%, 3.0R, sell 35%)
       TP3: $0.121426 (+57.2%, 5.0R, sell 25%)

  [ 5] ZBT         score= 126.9  ST=3/6  price=$0.128730      24h=+11.61%  vol=$  4.4M
       TF:  1D= 94  12H=111  6H=121  4H=134  2H=142  1H=161
       Bonuses: RSI div 1D (bullish) | 1H pre-pump (obv_stealth_accum)  (+7 pts)
       Entry: $0.128730  |  Stop: $0.109421 (-15.00%)  |  Risk: $1500 (1.50% acct)
       Position: $10000 (10.00% acct, qty 77681.9700)
       TP1: $0.157694 (+22.5%, 1.5R, sell 40%)
       TP2: $0.186659 (+45.0%, 3.0R, sell 35%)
       TP3: $0.225277 (+75.0%, 5.0R, sell 25%)

  [ 6] WLFI        score= 125.8  ST=5/6  price=$0.060060      24h= +0.47%  vol=$  5.5M
       TF:  1D=109  12H=117  6H=144  4H=100  2H=114  1H=126
       Bonuses: 1H pre-pump (bb_squeeze, obv_stealth_accum) | RS vs BTC 7d +3.5%  (+9 pts)
       Entry: $0.060060  |  Stop: $0.053581 (-10.79%)  |  Risk: $1500 (1.50% acct)
       Position: $13905 (13.91% acct, qty 231519.7619)
       TP1: $0.069778 (+16.2%, 1.5R, sell 40%)
       TP2: $0.079497 (+32.4%, 3.0R, sell 35%)
       TP3: $0.092455 (+53.9%, 5.0R, sell 25%)

  [ 7] USD1        score= 125.3  ST=6/6  price=$1.000200      24h= +0.02%  vol=$ 11.1M
       TF:  1D=145  12H=163  6H=135  4H= 95  2H= 84  1H= 55
       Bonuses: 1H pre-pump (bb_squeeze)  (+2 pts)
       Entry: $1.000200  |  Stop: $0.950190 (-5.00%)  |  Risk: $1000 (1.00% acct)
       Position: $20000 (20.00% acct, qty 19996.0008)
       TP1: $1.075215 (+7.5%, 1.5R, sell 40%)
       TP2: $1.150230 (+15.0%, 3.0R, sell 35%)
       TP3: $1.250250 (+25.0%, 5.0R, sell 25%)

  [ 8] LUMIA       score= 124.9  ST=6/6  price=$0.095890      24h= +5.28%  vol=$  1.2M
       TF:  1D=124  12H=118  6H=129  4H=109  2H=119  1H=116
       Bonuses: RS vs BTC 7d +15.1%  (+5 pts)
       Entry: $0.095890  |  Stop: $0.081506 (-15.00%)  |  Risk: $1500 (1.50% acct)
       Position: $10000 (10.00% acct, qty 104286.1612)
       TP1: $0.117465 (+22.5%, 1.5R, sell 40%)
       TP2: $0.139041 (+45.0%, 3.0R, sell 35%)
       TP3: $0.167807 (+75.0%, 5.0R, sell 25%)

  [ 9] XLM         score= 124.5  ST=5/6  price=$0.216670      24h= -1.72%  vol=$ 97.4M
       TF:  1D=101  12H=129  6H=158  4H=129  2H=130  1H= 68
       Bonuses: RS vs BTC 7d +6.4%  (+5 pts)
       Entry: $0.216670  |  Stop: $0.187461 (-13.48%)  |  Risk: $1500 (1.50% acct)
       Position: $11127 (11.13% acct, qty 51353.5324)
       TP1: $0.260484 (+20.2%, 1.5R, sell 40%)
       TP2: $0.304298 (+40.4%, 3.0R, sell 35%)
       TP3: $0.362716 (+67.4%, 5.0R, sell 25%)

  [10] JUP         score= 124.4  ST=5/6  price=$0.193530      24h= -4.38%  vol=$  6.8M
       TF:  1D=103  12H=119  6H=154  4H=136  2H=128  1H= 59
       Bonuses: 1H pre-pump (obv_stealth_accum) | RS vs BTC 7d +18.6%  (+7 pts)
       Entry: $0.193530  |  Stop: $0.167787 (-13.30%)  |  Risk: $1500 (1.50% acct)
       Position: $11277 (11.28% acct, qty 58267.7821)
       TP1: $0.232145 (+19.9%, 1.5R, sell 40%)
       TP2: $0.270760 (+39.9%, 3.0R, sell 35%)
       TP3: $0.322246 (+66.5%, 5.0R, sell 25%)

  [11] XPL         score= 124.3  ST=5/6  price=$0.091340      24h= -2.75%  vol=$ 33.1M
       TF:  1D=105  12H=133  6H=146  4H=126  2H=114  1H= 88
       Bonuses: RS vs BTC 7d +31.9%  (+5 pts)
       Entry: $0.091340  |  Stop: $0.077639 (-15.00%)  |  Risk: $1500 (1.50% acct)
       Position: $10000 (10.00% acct, qty 109481.0598)
       TP1: $0.111892 (+22.5%, 1.5R, sell 40%)
       TP2: $0.132443 (+45.0%, 3.0R, sell 35%)
       TP3: $0.159845 (+75.0%, 5.0R, sell 25%)

  [12] AAVE        score= 124.3  ST=5/6  price=$75.870000     24h= +1.42%  vol=$ 28.0M
       TF:  1D= 79  12H=135  6H=158  4H=132  2H=144  1H= 94
       Bonuses: RS vs BTC 7d +15.9%  (+5 pts)
       Entry: $75.870000  |  Stop: $68.053929 (-10.30%)  |  Risk: $1500 (1.50% acct)
       Position: $14560 (14.56% acct, qty 191.9123)
       TP1: $87.594107 (+15.4%, 1.5R, sell 40%)
       TP2: $99.318214 (+30.9%, 3.0R, sell 35%)
       TP3: $114.950357 (+51.5%, 5.0R, sell 25%)

  [13] HANA        score= 124.3  ST=6/6  price=$0.039250      24h=-11.59%  vol=$  2.6M
       TF:  1D=109  12H=132  6H=136  4H=145  2H= 84  1H= 82
       Bonuses: 1H pre-pump (obv_divergence) | RS vs BTC 7d +23.9%  (+7 pts)
       Entry: $0.039250  |  Stop: $0.034927 (-11.01%)  |  Risk: $1500 (1.50% acct)
       Position: $13620 (13.62% acct, qty 347015.6653)
       TP1: $0.045734 (+16.5%, 1.5R, sell 40%)
       TP2: $0.052218 (+33.0%, 3.0R, sell 35%)
       TP3: $0.060863 (+55.1%, 5.0R, sell 25%)

  [14] COMP        score= 123.4  ST=5/6  price=$17.679000     24h= +0.24%  vol=$  1.7M
       TF:  1D= 84  12H=106  6H=145  4H=170  2H=140  1H=146
       Entry: $17.679000  |  Stop: $15.926143 (-9.91%)  |  Risk: $1500 (1.50% acct)
       Position: $15129 (15.13% acct, qty 855.7457)
       TP1: $20.308286 (+14.9%, 1.5R, sell 40%)
       TP2: $22.937571 (+29.7%, 3.0R, sell 35%)
       TP3: $26.443286 (+49.6%, 5.0R, sell 25%)

  [15] RUNE        score= 123.2  ST=5/6  price=$0.411100      24h= -0.92%  vol=$  2.0M
       TF:  1D=119  12H=141  6H=126  4H=121  2H=134  1H= 66
       Bonuses: 1H pre-pump (bb_squeeze)  (+2 pts)
       Entry: $0.411100  |  Stop: $0.359350 (-12.59%)  |  Risk: $1500 (1.50% acct)
       Position: $11916 (11.92% acct, qty 28985.5072)
       TP1: $0.488725 (+18.9%, 1.5R, sell 40%)
       TP2: $0.566350 (+37.8%, 3.0R, sell 35%)
       TP3: $0.669850 (+62.9%, 5.0R, sell 25%)

  [16] SOON        score= 122.4  ST=5/6  price=$0.176520      24h= +3.43%  vol=$  1.4M
       TF:  1D= 84  12H=144  6H=159  4H=153  2H=141  1H= 64
       Entry: $0.176520  |  Stop: $0.152462 (-13.63%)  |  Risk: $1500 (1.50% acct)
       Position: $11006 (11.01% acct, qty 62349.6927)
       TP1: $0.212607 (+20.4%, 1.5R, sell 40%)
       TP2: $0.248694 (+40.9%, 3.0R, sell 35%)
       TP3: $0.296809 (+68.1%, 5.0R, sell 25%)

  [17] ATOM        score= 122.2  ST=6/6  price=$1.989800      24h= -0.98%  vol=$  7.8M
       TF:  1D=130  12H=138  6H=128  4H=101  2H= 81  1H= 61
       Bonuses: RS vs BTC 7d +5.5% | funding -0.0234%/8h  (+8 pts)
       Entry: $1.989800  |  Stop: $1.802289 (-9.42%)  |  Risk: $1500 (1.50% acct)
       Position: $15917 (15.92% acct, qty 7999.5429)
       TP1: $2.271066 (+14.1%, 1.5R, sell 40%)
       TP2: $2.552332 (+28.3%, 3.0R, sell 35%)
       TP3: $2.927354 (+47.1%, 5.0R, sell 25%)

  [18] ALT         score= 121.5  ST=4/6  price=$0.006749      24h= +1.75%  vol=$  1.6M
       TF:  1D= 87  12H= 97  6H=150  4H=146  2H=148  1H= 86
       Bonuses: 1H pre-pump (obv_stealth_accum) | RS vs BTC 7d +0.8%  (+7 pts)
       Entry: $0.006749  |  Stop: $0.005870 (-13.02%)  |  Risk: $1500 (1.50% acct)
       Position: $11517 (11.52% acct, qty 1706484.6416)
       TP1: $0.008068 (+19.5%, 1.5R, sell 40%)
       TP2: $0.009386 (+39.1%, 3.0R, sell 35%)
       TP3: $0.011144 (+65.1%, 5.0R, sell 25%)

  [19] IO          score= 121.3  ST=6/6  price=$0.181030      24h= -3.30%  vol=$  3.8M
       TF:  1D=133  12H=139  6H=118  4H=124  2H= 88  1H= 44
       Bonuses: RS vs BTC 7d +4.1%  (+5 pts)
       Entry: $0.181030  |  Stop: $0.153875 (-15.00%)  |  Risk: $1500 (1.50% acct)
       Position: $10000 (10.00% acct, qty 55239.4631)
       TP1: $0.221762 (+22.5%, 1.5R, sell 40%)
       TP2: $0.262493 (+45.0%, 3.0R, sell 35%)
       TP3: $0.316802 (+75.0%, 5.0R, sell 25%)

  [20] ARKM        score= 121.1  ST=4/6  price=$0.136720      24h= -2.46%  vol=$  2.3M
       TF:  1D=116  12H=114  6H=153  4H=138  2H=109  1H= 41
       Bonuses: RS vs BTC 7d +7.3%  (+5 pts)
       Entry: $0.136720  |  Stop: $0.116212 (-15.00%)  |  Risk: $1500 (1.50% acct)
       Position: $10000 (10.00% acct, qty 73142.1884)
       TP1: $0.167482 (+22.5%, 1.5R, sell 40%)
       TP2: $0.198244 (+45.0%, 3.0R, sell 35%)
       TP3: $0.239260 (+75.0%, 5.0R, sell 25%)

  [21] CFG         score= 120.5  ST=4/6  price=$0.227300      24h= +5.76%  vol=$  2.5M
       TF:  1D= 75  12H= 91  6H=145  4H=140  2H=147  1H=159
       Bonuses: RS vs BTC 7d +10.3%  (+5 pts)
       Entry: $0.227300  |  Stop: $0.194161 (-14.58%)  |  Risk: $1500 (1.50% acct)
       Position: $10288 (10.29% acct, qty 45263.4982)
       TP1: $0.277009 (+21.9%, 1.5R, sell 40%)
       TP2: $0.326718 (+43.7%, 3.0R, sell 35%)
       TP3: $0.392996 (+72.9%, 5.0R, sell 25%)

  [22] 1000FLOKI   score= 119.9  ST=4/6  price=$0.026350      24h= -1.80%  vol=$  2.4M
       TF:  1D= 98  12H= 97  6H=140  4H=154  2H=134  1H= 79
       Bonuses: RS vs BTC 7d +2.6%  (+5 pts)
       Entry: $0.026350  |  Stop: $0.023929 (-9.19%)  |  Risk: $1500 (1.50% acct)
       Position: $16323 (16.32% acct, qty 619469.0265)
       TP1: $0.029982 (+13.8%, 1.5R, sell 40%)
       TP2: $0.033614 (+27.6%, 3.0R, sell 35%)
       TP3: $0.038457 (+46.0%, 5.0R, sell 25%)

  [23] USELESS     score= 119.5  ST=4/6  price=$0.076480      24h= -2.49%  vol=$  4.4M
       TF:  1D= 90  12H=134  6H=151  4H=154  2H= 94  1H= 35
       Bonuses: 1H pre-pump (obv_divergence) | RS vs BTC 7d +9.4%  (+7 pts)
       Entry: $0.076480  |  Stop: $0.065008 (-15.00%)  |  Risk: $1500 (1.50% acct)
       Position: $10000 (10.00% acct, qty 130753.1381)
       TP1: $0.093688 (+22.5%, 1.5R, sell 40%)
       TP2: $0.110896 (+45.0%, 3.0R, sell 35%)
       TP3: $0.133840 (+75.0%, 5.0R, sell 25%)

  [24] FIL         score= 118.9  ST=4/6  price=$0.807900      24h= +0.70%  vol=$ 10.1M
       TF:  1D= 85  12H= 97  6H=149  4H=162  2H=122  1H=124
       Bonuses: 1H pre-pump (obv_stealth_accum)  (+2 pts)
       Entry: $0.807900  |  Stop: $0.704121 (-12.85%)  |  Risk: $1500 (1.50% acct)
       Position: $11677 (11.68% acct, qty 14453.8509)
       TP1: $0.963568 (+19.3%, 1.5R, sell 40%)
       TP2: $1.119236 (+38.5%, 3.0R, sell 35%)
       TP3: $1.326793 (+64.2%, 5.0R, sell 25%)

  [25] M           score= 118.5  ST=5/6  price=$3.176800      24h= -0.66%  vol=$  4.5M
       TF:  1D= 89  12H=120  6H=132  4H=148  2H=124  1H= 77
       Bonuses: RS vs BTC 7d +2.4%  (+5 pts)
       Entry: $3.176800  |  Stop: $2.801789 (-11.80%)  |  Risk: $1500 (1.50% acct)
       Position: $12707 (12.71% acct, qty 3999.8857)
       TP1: $3.739316 (+17.7%, 1.5R, sell 40%)
       TP2: $4.301832 (+35.4%, 3.0R, sell 35%)
       TP3: $5.051854 (+59.0%, 5.0R, sell 25%)

  [26] LDO         score= 117.5  ST=4/6  price=$0.277100      24h= +5.48%  vol=$ 10.8M
       TF:  1D= 67  12H= 74  6H=156  4H=149  2H=144  1H=159
       Bonuses: RS vs BTC 7d +0.2%  (+5 pts)
       Entry: $0.277100  |  Stop: $0.249446 (-9.98%)  |  Risk: $1500 (1.50% acct)
       Position: $15031 (15.03% acct, qty 54242.5417)
       TP1: $0.318580 (+15.0%, 1.5R, sell 40%)
       TP2: $0.360061 (+29.9%, 3.0R, sell 35%)
       TP3: $0.415368 (+49.9%, 5.0R, sell 25%)

  [27] SUSHI       score= 116.8  ST=4/6  price=$0.193030      24h= +5.22%  vol=$  2.8M
       TF:  1D= 82  12H= 81  6H=134  4H=144  2H=133  1H=100
       Bonuses: RSI div 1D (bullish) | RS vs BTC 7d +10.4%  (+10 pts)
       Entry: $0.193030  |  Stop: $0.164904 (-14.57%)  |  Risk: $1500 (1.50% acct)
       Position: $10295 (10.29% acct, qty 53331.3017)
       TP1: $0.235219 (+21.9%, 1.5R, sell 40%)
       TP2: $0.277408 (+43.7%, 3.0R, sell 35%)
       TP3: $0.333660 (+72.8%, 5.0R, sell 25%)

  [28] ID          score= 116.7  ST=5/6  price=$0.027530      24h=+20.64%  vol=$ 16.2M
       TF:  1D= 70  12H= 84  6H=126  4H=135  2H=132  1H=173
       Bonuses: RS vs BTC 7d +8.9% | funding -2.0000%/8h  (+8 pts)
       Entry: $0.027530  |  Stop: $0.023401 (-15.00%)  |  Risk: $1500 (1.50% acct)
       Position: $10000 (10.00% acct, qty 363240.1017)
       TP1: $0.033724 (+22.5%, 1.5R, sell 40%)
       TP2: $0.039919 (+45.0%, 3.0R, sell 35%)
       TP3: $0.048177 (+75.0%, 5.0R, sell 25%)

  [29] WIF         score= 116.6  ST=4/6  price=$0.170120      24h= -1.38%  vol=$ 18.0M
       TF:  1D= 87  12H= 81  6H=166  4H=158  2H=129  1H= 70
       Bonuses: RS vs BTC 7d +3.6%  (+5 pts)
       Entry: $0.170120  |  Stop: $0.149373 (-12.20%)  |  Risk: $1500 (1.50% acct)
       Position: $12300 (12.30% acct, qty 72299.1118)
       TP1: $0.201241 (+18.3%, 1.5R, sell 40%)
       TP2: $0.232361 (+36.6%, 3.0R, sell 35%)
       TP3: $0.273856 (+61.0%, 5.0R, sell 25%)

  [30] ARB         score= 115.9  ST=3/6  price=$0.085550      24h= -0.24%  vol=$ 14.0M
       TF:  1D= 57  12H= 88  6H=160  4H=144  2H= 97  1H=131
       Bonuses: RSI div 1D (bullish) | 1H pre-pump (obv_stealth_accum) | RS vs BTC 7d +0.2%  (+12 pts)
       Entry: $0.085550  |  Stop: $0.076098 (-11.05%)  |  Risk: $1500 (1.50% acct)
       Position: $13576 (13.58% acct, qty 158694.1737)
       TP1: $0.099728 (+16.6%, 1.5R, sell 40%)
       TP2: $0.113906 (+33.1%, 3.0R, sell 35%)
       TP3: $0.132811 (+55.2%, 5.0R, sell 25%)

  [31] ASTER       score= 115.9  ST=4/6  price=$0.661600      24h= +0.41%  vol=$ 12.6M
       TF:  1D= 86  12H=102  6H=145  4H=119  2H=140  1H=100
       Bonuses: RS vs BTC 7d +0.2%  (+5 pts)
       Entry: $0.661600  |  Stop: $0.613139 (-7.32%)  |  Risk: $1465 (1.47% acct)
       Position: $20000 (20.00% acct, qty 30229.7461)
       TP1: $0.734291 (+11.0%, 1.5R, sell 40%)
       TP2: $0.806982 (+22.0%, 3.0R, sell 35%)
       TP3: $0.903904 (+36.6%, 5.0R, sell 25%)

  [32] BIO         score= 115.5  ST=4/6  price=$0.030490      24h= +8.35%  vol=$  8.7M
       TF:  1D= 77  12H= 46  6H=141  4H=154  2H=144  1H=152
       Bonuses: RSI div 1D (bullish) | funding -0.0121%/8h  (+8 pts)
       Entry: $0.030490  |  Stop: $0.025916 (-15.00%)  |  Risk: $1500 (1.50% acct)
       Position: $10000 (10.00% acct, qty 327976.3857)
       TP1: $0.037350 (+22.5%, 1.5R, sell 40%)
       TP2: $0.044210 (+45.0%, 3.0R, sell 35%)
       TP3: $0.053358 (+75.0%, 5.0R, sell 25%)

  [33] PUFFER      score= 115.5  ST=6/6  price=$0.021590      24h= +1.69%  vol=$  2.2M
       TF:  1D=111  12H=119  6H=124  4H=113  2H= 81  1H= 73
       Bonuses: RS vs BTC 7d +45.5% | funding -0.0835%/8h  (+8 pts)
       Entry: $0.021590  |  Stop: $0.018351 (-15.00%)  |  Risk: $1500 (1.50% acct)
       Position: $10000 (10.00% acct, qty 463177.3969)
       TP1: $0.026448 (+22.5%, 1.5R, sell 40%)
       TP2: $0.031305 (+45.0%, 3.0R, sell 35%)
       TP3: $0.037782 (+75.0%, 5.0R, sell 25%)

  [34] AR          score= 115.3  ST=4/6  price=$2.029600      24h= -0.43%  vol=$  1.4M
       TF:  1D= 75  12H= 92  6H=140  4H=146  2H=144  1H=137
       Bonuses: 1H pre-pump (obv_divergence)  (+2 pts)
       Entry: $2.029600  |  Stop: $1.725160 (-15.00%)  |  Risk: $1500 (1.50% acct)
       Position: $10000 (10.00% acct, qty 4927.0792)
       TP1: $2.486260 (+22.5%, 1.5R, sell 40%)
       TP2: $2.942920 (+45.0%, 3.0R, sell 35%)
       TP3: $3.551800 (+75.0%, 5.0R, sell 25%)

  [35] ENJ         score= 115.0  ST=5/6  price=$0.033076      24h= -0.92%  vol=$  2.8M
       TF:  1D= 94  12H=115  6H=157  4H=138  2H= 96  1H= 49
       Bonuses: RS vs BTC 7d +6.5%  (+5 pts)
       Entry: $0.033076  |  Stop: $0.028959 (-12.45%)  |  Risk: $1500 (1.50% acct)
       Position: $12051 (12.05% acct, qty 364355.6111)
       TP1: $0.039251 (+18.7%, 1.5R, sell 40%)
       TP2: $0.045427 (+37.3%, 3.0R, sell 35%)
       TP3: $0.053660 (+62.2%, 5.0R, sell 25%)

  [36] ENS         score= 114.9  ST=4/6  price=$5.389000      24h= -0.09%  vol=$  1.9M
       TF:  1D= 84  12H=122  6H=143  4H=120  2H=133  1H= 66
       Bonuses: RS vs BTC 7d +10.2%  (+5 pts)
       Entry: $5.389000  |  Stop: $4.846750 (-10.06%)  |  Risk: $1500 (1.50% acct)
       Position: $14907 (14.91% acct, qty 2766.2517)
       TP1: $6.202375 (+15.1%, 1.5R, sell 40%)
       TP2: $7.015750 (+30.2%, 3.0R, sell 35%)
       TP3: $8.100250 (+50.3%, 5.0R, sell 25%)

  [37] ENA         score= 114.6  ST=4/6  price=$0.085970      24h= +0.57%  vol=$ 50.5M
       TF:  1D= 82  12H= 98  6H=125  4H=136  2H=104  1H=114
       Bonuses: 1H pre-pump (bb_squeeze, obv_stealth_accum) | RS vs BTC 7d +0.7%  (+9 pts)
       Entry: $0.085970  |  Stop: $0.073075 (-15.00%)  |  Risk: $1500 (1.50% acct)
       Position: $10000 (10.00% acct, qty 116319.6464)
       TP1: $0.105313 (+22.5%, 1.5R, sell 40%)
       TP2: $0.124657 (+45.0%, 3.0R, sell 35%)
       TP3: $0.150448 (+75.0%, 5.0R, sell 25%)

  [38] ONDO        score= 114.5  ST=4/6  price=$0.369500      24h= -3.63%  vol=$ 48.9M
       TF:  1D=125  12H= 99  6H=150  4H=114  2H= 93  1H= 59
       Bonuses: RSI div 1D (hidden_bullish)  (+3 pts)
       Entry: $0.369500  |  Stop: $0.314075 (-15.00%)  |  Risk: $1500 (1.50% acct)
       Position: $10000 (10.00% acct, qty 27063.5995)
       TP1: $0.452638 (+22.5%, 1.5R, sell 40%)
       TP2: $0.535775 (+45.0%, 3.0R, sell 35%)
       TP3: $0.646625 (+75.0%, 5.0R, sell 25%)

  [39] XMR         score= 114.4  ST=4/6  price=$345.850000    24h= +0.52%  vol=$ 20.2M
       TF:  1D= 96  12H= 97  6H=122  4H=114  2H=142  1H=107
       Bonuses: RS vs BTC 7d +4.5%  (+5 pts)
       Entry: $345.850000  |  Stop: $293.972500 (-15.00%)  |  Risk: $1500 (1.50% acct)
       Position: $10000 (10.00% acct, qty 28.9143)
       TP1: $423.666250 (+22.5%, 1.5R, sell 40%)
       TP2: $501.482500 (+45.0%, 3.0R, sell 35%)
       TP3: $605.237500 (+75.0%, 5.0R, sell 25%)

  [40] JCT         score= 114.4  ST=5/6  price=$0.006182      24h= -9.49%  vol=$  1.5M
       TF:  1D=165  12H=127  6H= 90  4H= 83  2H= 76  1H= 27
       Bonuses: RSI div 1D (hidden_bullish) | 1H pre-pump (bb_squeeze)  (+5 pts)
       Entry: $0.006182  |  Stop: $0.005255 (-15.00%)  |  Risk: $1500 (1.50% acct)
       Position: $10000 (10.00% acct, qty 1617651.8166)
       TP1: $0.007573 (+22.5%, 1.5R, sell 40%)
       TP2: $0.008964 (+45.0%, 3.0R, sell 35%)
       TP3: $0.010818 (+75.0%, 5.0R, sell 25%)

  [41] HYPER       score= 113.7  ST=4/6  price=$0.078730      24h= +4.85%  vol=$  1.4M
       TF:  1D= 71  12H= 83  6H=145  4H=134  2H=112  1H=149
       Bonuses: 1H pre-pump (obv_stealth_accum) | RS vs BTC 7d +11.7%  (+7 pts)
       Entry: $0.078730  |  Stop: $0.068800 (-12.61%)  |  Risk: $1500 (1.50% acct)
       Position: $11893 (11.89% acct, qty 151057.4018)
       TP1: $0.093625 (+18.9%, 1.5R, sell 40%)
       TP2: $0.108520 (+37.8%, 3.0R, sell 35%)
       TP3: $0.128380 (+63.1%, 5.0R, sell 25%)

  [42] SEI         score= 113.3  ST=5/6  price=$0.054620      24h= +0.28%  vol=$  9.1M
       TF:  1D= 62  12H=123  6H=135  4H=140  2H=139  1H= 84
       Bonuses: RS vs BTC 7d +7.0%  (+5 pts)
       Entry: $0.054620  |  Stop: $0.048217 (-11.72%)  |  Risk: $1500 (1.50% acct)
       Position: $12796 (12.80% acct, qty 234270.4150)
       TP1: $0.064224 (+17.6%, 1.5R, sell 40%)
       TP2: $0.073829 (+35.2%, 3.0R, sell 35%)
       TP3: $0.086634 (+58.6%, 5.0R, sell 25%)

  [43] ELSA        score= 112.5  ST=3/6  price=$0.047510      24h= +4.06%  vol=$  2.5M
       TF:  1D= 69  12H= 67  6H=138  4H=150  2H=135  1H=124
       Bonuses: RS vs BTC 7d +2.2% | funding -0.3268%/8h  (+8 pts)
       Entry: $0.047510  |  Stop: $0.041692 (-12.25%)  |  Risk: $1500 (1.50% acct)
       Position: $12249 (12.25% acct, qty 257826.8877)
       TP1: $0.056237 (+18.4%, 1.5R, sell 40%)
       TP2: $0.064964 (+36.7%, 3.0R, sell 35%)
       TP3: $0.076599 (+61.2%, 5.0R, sell 25%)

  [44] EIGEN       score= 111.8  ST=4/6  price=$0.210070      24h= -6.73%  vol=$  5.7M
       TF:  1D=114  12H=113  6H=151  4H=100  2H= 94  1H= 13
       Bonuses: 1H pre-pump (bb_squeeze) | RS vs BTC 7d +6.4%  (+7 pts)
       Entry: $0.210070  |  Stop: $0.178560 (-15.00%)  |  Risk: $1500 (1.50% acct)
       Position: $10000 (10.00% acct, qty 47603.1799)
       TP1: $0.257336 (+22.5%, 1.5R, sell 40%)
       TP2: $0.304602 (+45.0%, 3.0R, sell 35%)
       TP3: $0.367623 (+75.0%, 5.0R, sell 25%)

  [45] OP          score= 111.7  ST=5/6  price=$0.108900      24h= +0.08%  vol=$ 12.2M
       TF:  1D= 72  12H=119  6H=148  4H=127  2H=117  1H= 74
       Bonuses: RS vs BTC 7d +6.3%  (+5 pts)
       Entry: $0.108900  |  Stop: $0.093516 (-14.13%)  |  Risk: $1500 (1.50% acct)
       Position: $10618 (10.62% acct, qty 97506.6165)
       TP1: $0.131975 (+21.2%, 1.5R, sell 40%)
       TP2: $0.155051 (+42.4%, 3.0R, sell 35%)
       TP3: $0.185818 (+70.6%, 5.0R, sell 25%)

  [46] SPK         score= 110.7  ST=3/6  price=$0.020406      24h= +3.31%  vol=$  3.5M
       TF:  1D= 92  12H= 83  6H=102  4H=134  2H=128  1H=156
       Bonuses: 1H pre-pump (obv_stealth_accum)  (+2 pts)
       Entry: $0.020406  |  Stop: $0.017776 (-12.89%)  |  Risk: $1500 (1.50% acct)
       Position: $11639 (11.64% acct, qty 570357.6958)
       TP1: $0.024351 (+19.3%, 1.5R, sell 40%)
       TP2: $0.028296 (+38.7%, 3.0R, sell 35%)
       TP3: $0.033556 (+64.4%, 5.0R, sell 25%)

  [47] SAGA        score= 110.6  ST=4/6  price=$0.014080      24h= +3.74%  vol=$  1.1M
       TF:  1D= 75  12H= 93  6H=140  4H=136  2H=131  1H= 89
       Bonuses: RS vs BTC 7d +5.7%  (+5 pts)
       Entry: $0.014080  |  Stop: $0.011968 (-15.00%)  |  Risk: $1500 (1.50% acct)
       Position: $10000 (10.00% acct, qty 710227.2727)
       TP1: $0.017248 (+22.5%, 1.5R, sell 40%)
       TP2: $0.020416 (+45.0%, 3.0R, sell 35%)
       TP3: $0.024640 (+75.0%, 5.0R, sell 25%)

  [48] ROSE        score= 110.2  ST=4/6  price=$0.007313      24h= +0.75%  vol=$  2.3M
       TF:  1D= 89  12H=111  6H=130  4H=137  2H=116  1H= 41
       Bonuses: RS vs BTC 7d +9.7%  (+5 pts)
       Entry: $0.007313  |  Stop: $0.006486 (-11.31%)  |  Risk: $1500 (1.50% acct)
       Position: $13262 (13.26% acct, qty 1813471.5026)
       TP1: $0.008554 (+17.0%, 1.5R, sell 40%)
       TP2: $0.009794 (+33.9%, 3.0R, sell 35%)
       TP3: $0.011449 (+56.5%, 5.0R, sell 25%)

  [49] FARTCOIN    score= 109.9  ST=4/6  price=$0.137350      24h= -0.65%  vol=$ 46.0M
       TF:  1D= 92  12H= 75  6H=169  4H=118  2H=111  1H= 78
       Bonuses: RS vs BTC 7d +9.8%  (+5 pts)
       Entry: $0.137350  |  Stop: $0.116756 (-14.99%)  |  Risk: $1500 (1.50% acct)
       Position: $10004 (10.00% acct, qty 72837.0012)
       TP1: $0.168241 (+22.5%, 1.5R, sell 40%)
       TP2: $0.199132 (+45.0%, 3.0R, sell 35%)
       TP3: $0.240320 (+75.0%, 5.0R, sell 25%)

  [50] ETHFI       score= 109.9  ST=3/6  price=$0.339300      24h= -0.88%  vol=$  2.3M
       TF:  1D=102  12H= 81  6H=147  4H=126  2H=101  1H= 51
       Bonuses: 1H pre-pump (bb_squeeze) | RS vs BTC 7d +5.1%  (+7 pts)
       Entry: $0.339300  |  Stop: $0.295543 (-12.90%)  |  Risk: $1500 (1.50% acct)
       Position: $11631 (11.63% acct, qty 34280.1175)
       TP1: $0.404936 (+19.3%, 1.5R, sell 40%)
       TP2: $0.470571 (+38.7%, 3.0R, sell 35%)
       TP3: $0.558086 (+64.5%, 5.0R, sell 25%)

--------------------------------------------------------------------------------
  WATCH  —  50 coin(s)  (worth tracking)
--------------------------------------------------------------------------------
  #   Symbol      Score  ST         Price    24h%   Vol $M  TF breakdown
  ------------------------------------------------------------------------------
    1 KAITO       104.6  2/6  $   0.487500  -1.70%  $    2.9  1D= 97  12H=132  6H=145  4H= 81  2H= 23  1H= 44
    2 TRUMP        99.9  4/6  $   1.903000  -1.76%  $   33.5  1D=121  12H=117  6H= 79  4H= 33  2H= 74  1H= 69
    3 JASMY        99.8  4/6  $   0.004876  -0.81%  $    2.4  1D= 60  12H=119  6H=106  4H=103  2H=110  1H=126
    4 AVNT         99.7  4/6  $   0.114110  -1.10%  $    1.8  1D= 79  12H= 73  6H=126  4H=121  2H=116  1H= 70
    5 NIL          99.5  5/6  $   0.041530  -1.55%  $    1.5  1D= 61  12H= 98  6H=105  4H=150  2H=109  1H= 65
    6 MOVE         98.9  5/6  $   0.012630  -2.81%  $    2.4  1D= 84  12H= 89  6H= 93  4H=115  2H=133  1H= 84
    7 CLO          98.8  2/6  $   0.142970  -0.58%  $    5.9  1D=143  12H= 94  6H= 62  4H= 42  2H= 73  1H=106
    8 VIRTUAL      98.7  4/6  $   0.625600  -3.03%  $   17.3  1D= 75  12H=116  6H= 96  4H=112  2H=108  1H= 23
    9 XRP          98.5  2/6  $   1.216600  -3.44%  $  300.5  1D= 98  12H=100  6H=148  4H= 99  2H= 53  1H= 27
   10 XAU          97.9  5/6  $4,333.100000  -0.30%  $   51.3  1D= 86  12H=108  6H=124  4H=114  2H= 85  1H= 63
   11 VVV          97.6  4/6  $  15.712000  +4.89%  $   16.8  1D= 77  12H= 61  6H=113  4H=124  2H=114  1H=146
   12 BABY         97.2  4/6  $   0.016686 -12.24%  $    3.9  1D=116  12H=119  6H=107  4H= 60  2H= 34  1H= 38
   13 VELVET       96.6  1/6  $   0.454000 -13.09%  $   18.9  1D=110  12H= 92  6H= 65  4H= 79  2H=106  1H= 31
   14 MET          96.4  4/6  $   0.114130  -4.22%  $    1.2  1D= 73  12H= 98  6H=138  4H=107  2H= 86  1H= 23
   15 EGLD         96.3  3/6  $   3.002000  -1.90%  $    4.6  1D= 70  12H= 81  6H=131  4H=124  2H=116  1H= 33
   16 INIT         96.1  3/6  $   0.060240  +0.49%  $    1.1  1D= 70  12H= 82  6H=127  4H=109  2H= 95  1H= 63
   17 SUI          96.0  4/6  $   0.796200  -1.16%  $   50.9  1D= 59  12H= 80  6H=139  4H=134  2H=130  1H= 69
   18 DASH         95.9  3/6  $  37.470000  -3.20%  $    3.2  1D= 80  12H= 99  6H=128  4H= 99  2H= 83  1H= 27
   19 STX          95.7  3/6  $   0.192700  -2.20%  $    1.9  1D= 78  12H= 81  6H=126  4H=138  2H= 96  1H= 45
   20 MOODENG      95.3  3/6  $   0.041680  -2.12%  $    1.0  1D= 81  12H= 79  6H=135  4H=118  2H=101  1H= 17
   21 AXS          94.8  3/6  $   1.008900  -0.54%  $    1.7  1D= 62  12H= 85  6H=144  4H=133  2H= 87  1H= 35
   22 LTC          94.2  3/6  $  45.670000  -1.69%  $   19.8  1D= 63  12H= 81  6H=143  4H=134  2H=107  1H= 40
   23 US           93.9  3/6  $   0.012570  -6.87%  $    1.0  1D=133  12H=105  6H= 76  4H= 69  2H= 56  1H= 72
   24 API3         93.6  3/6  $   0.278100  -1.74%  $    1.2  1D= 77  12H= 76  6H=117  4H=110  2H=109  1H= 47
   25 PLUME        93.5  3/6  $   0.011321  -2.62%  $    1.8  1D= 81  12H= 89  6H=112  4H=110  2H= 92  1H= 37
   26 LINK         93.0  3/6  $   8.273000  -1.73%  $   31.3  1D= 75  12H= 81  6H=148  4H=120  2H=102  1H= 34
   27 ETC          93.0  3/6  $   7.374000  -0.89%  $    3.1  1D= 63  12H= 91  6H=139  4H=138  2H=110  1H= 24
   28 SKY          93.0  3/6  $   0.057240  +0.43%  $    1.3  1D= 53  12H= 93  6H=101  4H=109  2H=117  1H=140
   29 EDEN         92.5  4/6  $   0.044740  -3.42%  $    2.7  1D= 66  12H= 80  6H= 90  4H=125  2H=110  1H= 86
   30 ZRO          92.3  3/6  $   1.075300  -7.33%  $   10.3  1D= 96  12H= 76  6H=130  4H=100  2H= 54  1H= 42
   31 MNT          91.9  3/6  $   0.557700  -4.49%  $    9.2  1D= 82  12H=114  6H=120  4H= 98  2H= 60  1H= 42
   32 ESPORTS      91.7  4/6  $   0.069040 +43.31%  $   25.2  1D= 97  12H= 53  6H= 51  4H= 95  2H=121  1H=175
   33 MEGA         91.7  4/6  $   0.057460  -5.50%  $    4.8  1D=111  12H=115  6H= 85  4H= 63  2H= 30  1H= 18
   34 BANANAS31    91.6  3/6  $   0.009971  -3.54%  $    1.4  1D= 76  12H= 75  6H=137  4H=107  2H= 54  1H= 52
   35 1000BONK     91.5  3/6  $   0.004786  -1.83%  $    6.7  1D= 61  12H= 79  6H=133  4H=124  2H=102  1H= 28
   36 AVAX         90.4  3/6  $   6.875000  -1.97%  $   24.3  1D= 78  12H= 76  6H=112  4H=127  2H=125  1H= 25
   37 MON          89.0  3/6  $   0.023042  -4.55%  $    5.6  1D= 84  12H= 95  6H=141  4H= 72  2H= 34  1H= 24
   38 1000PEPE     87.7  3/6  $   0.002949  -1.61%  $   42.4  1D= 61  12H= 73  6H=150  4H=124  2H= 97  1H= 33
   39 SHIB1000     86.8  3/6  $   0.004975  -2.22%  $    4.8  1D= 73  12H= 80  6H=110  4H=102  2H= 72  1H= 29
   40 APE          86.0  3/6  $   0.127030  -1.27%  $    1.7  1D= 57  12H= 71  6H= 82  4H=116  2H=148  1H= 84
   41 ARC          86.0  4/6  $   0.073370  +3.02%  $    1.0  1D= 98  12H= 23  6H= 50  4H=112  2H=140  1H=129
   42 CC           85.3  5/6  $   0.161170  -1.78%  $    2.6  1D=128  12H=100  6H= 65  4H= 63  2H= 50  1H= 43
   43 HBAR         84.5  3/6  $   0.080640  -3.65%  $   12.9  1D= 71  12H= 96  6H=115  4H=105  2H= 64  1H= 27
   44 MORPHO       84.5  4/6  $   1.945800  -1.34%  $    1.3  1D=116  12H=127  6H= 73  4H= 38  2H= 62  1H= 25
   45 APT          84.4  3/6  $   0.668400  -3.73%  $   15.2  1D= 72  12H= 86  6H= 98  4H= 61  2H= 74  1H= 23
   46 POL          84.3  2/6  $   0.076170  -2.78%  $    5.6  1D= 38  12H=107  6H=119  4H=106  2H= 77  1H= 53
   47 OPN          84.3  2/6  $   0.075500  +7.67%  $    4.4  1D= 34  12H= 71  6H=106  4H= 94  2H=112  1H=151
   48 FHE          83.4  2/6  $   0.023620 -11.12%  $    1.0  1D= 85  12H=129  6H=103  4H= 53  2H= 20  1H= 30
   49 BCH          83.2  3/6  $ 213.900000  -4.89%  $   36.4  1D= 70  12H= 84  6H=102  4H= 89  2H= 57  1H= 33
   50 BERA         83.1  2/6  $   0.258400  -2.95%  $    2.2  1D= 85  12H= 82  6H= 65  4H= 60  2H= 71  1H= 36

================================================================================
2026-06-17 10:27:32,869 [INFO]   Saved → trend_v3_LATEST.txt, trend_v3_LATEST.json, trend_v3_20260617_102732.txt
2026-06-17 19:28:54,062 [INFO] ================================================================
2026-06-17 19:28:54,064 [INFO] TREND SCANNER v3.0
2026-06-17 19:28:54,065 [INFO] ================================================================
2026-06-17 19:28:54,065 [INFO] Building universe (Bybit perps)...
2026-06-17 19:28:55,710 [INFO]   Universe (post-filter): 244 coins
2026-06-17 19:28:55,711 [INFO] Fetching BTC 1D for regime detection...
2026-06-17 19:28:56,284 [INFO]   Regime: BULL  |  BTC 7d +6.39%  |  24h -0.99%
2026-06-17 19:28:56,286 [INFO] Scanning 244 coins across 6 timeframes...
2026-06-17 19:28:56,287 [INFO] (this is the slowest scanner — first run ~10min, subsequent ~2-3min)
2026-06-17 19:29:52,714 [INFO]   ...20/244  (surfaced: 16)
2026-06-17 19:30:41,708 [INFO]   ...40/244  (surfaced: 34)
2026-06-17 19:31:27,436 [INFO]   ...60/244  (surfaced: 51)
2026-06-17 19:33:00,963 [INFO]   ...100/244  (surfaced: 84)
2026-06-17 19:33:49,038 [INFO]   ...120/244  (surfaced: 97)
2026-06-17 19:34:32,642 [INFO]   ...140/244  (surfaced: 113)
2026-06-17 19:35:20,735 [INFO]   ...160/244  (surfaced: 127)
2026-06-17 19:36:13,710 [INFO]   ...180/244  (surfaced: 142)
2026-06-17 19:37:03,399 [INFO]   ...200/244  (surfaced: 158)
2026-06-17 19:37:52,045 [INFO]   ...220/244  (surfaced: 170)
2026-06-17 19:38:41,183 [INFO]   ...240/244  (surfaced: 185)
2026-06-17 19:38:49,204 [INFO] Done in 595s  |  scanned=210  failed=34  strong=43  long=50  watch=38
2026-06-17 19:38:49,213 [INFO] 
================================================================================
  TREND SCANNER v3.0  —  multi-timeframe confirmation + trade plans
  Generated  : 2026-06-17 19:38:49
  Universe   : 244 Bybit perps  |  Scanned: 210
  Scan time  : 595s
================================================================================

  Regime     : 🟢 BULL
               BTC 7d +6.39%  |  24h -0.99%  |  $65,675

  Account    : $100,000  |  Risk/trade: 1.5%

  Tiers (bull):  STRONG ≥ 130 & ST≥4  |  LONG ≥ 100 & ST≥3  |  WATCH ≥ 70

  TF weights : 1D×0.28 · 12H×0.2 · 6H×0.15 · 4H×0.15 · 2H×0.12 · 1H×0.1

--------------------------------------------------------------------------------
  STRONG  —  43 coin(s)  (highest conviction, full position)
--------------------------------------------------------------------------------

  [ 1] LIT         score= 165.3  ST=6/6  price=$1.735000      24h= +6.77%  vol=$ 17.6M
       TF:  1D=153  12H=148  6H=173  4H=186  2H=158  1H=151
       Bonuses: RS vs BTC 7d +3.2%  (+5 pts)
       Entry: $1.735000  |  Stop: $1.474750 (-15.00%)  |  Risk: $1500 (1.50% acct)
       Position: $10000 (10.00% acct, qty 5763.6888)
       TP1: $2.125375 (+22.5%, 1.5R, sell 40%)
       TP2: $2.515750 (+45.0%, 3.0R, sell 35%)
       TP3: $3.036250 (+75.0%, 5.0R, sell 25%)

  [ 2] BR          score= 161.0  ST=6/6  price=$0.191090      24h= +5.07%  vol=$ 15.9M
       TF:  1D=152  12H=151  6H=142  4H=157  2H=149  1H=135
       Bonuses: RSI div 1D (bullish) | 1H pre-pump (obv_divergence) | RS vs BTC 7d +66.9%  (+12 pts)
       Entry: $0.191090  |  Stop: $0.162427 (-15.00%)  |  Risk: $1500 (1.50% acct)
       Position: $10000 (10.00% acct, qty 52331.3622)
       TP1: $0.234085 (+22.5%, 1.5R, sell 40%)
       TP2: $0.277081 (+45.0%, 3.0R, sell 35%)
       TP3: $0.334408 (+75.0%, 5.0R, sell 25%)

  [ 3] AERO        score= 158.6  ST=6/6  price=$0.470400      24h= +3.71%  vol=$ 24.0M
       TF:  1D=140  12H=152  6H=162  4H=153  2H=161  1H=174
       Bonuses: RS vs BTC 7d +35.8%  (+5 pts)
       Entry: $0.470400  |  Stop: $0.420118 (-10.69%)  |  Risk: $1500 (1.50% acct)
       Position: $14033 (14.03% acct, qty 29831.6642)
       TP1: $0.545823 (+16.0%, 1.5R, sell 40%)
       TP2: $0.621246 (+32.1%, 3.0R, sell 35%)
       TP3: $0.721811 (+53.5%, 5.0R, sell 25%)

  [ 4] WLD         score= 154.5  ST=6/6  price=$0.675000      24h= +0.56%  vol=$223.0M
       TF:  1D=150  12H=141  6H=137  4H=149  2H=150  1H=134
       Bonuses: RSI div 1D (hidden_bullish) | 1H pre-pump (obv_stealth_accum) | RS vs BTC 7d +26.5%  (+10 pts)
       Entry: $0.675000  |  Stop: $0.573750 (-15.00%)  |  Risk: $1500 (1.50% acct)
       Position: $10000 (10.00% acct, qty 14814.8148)
       TP1: $0.826875 (+22.5%, 1.5R, sell 40%)
       TP2: $0.978750 (+45.0%, 3.0R, sell 35%)
       TP3: $1.181250 (+75.0%, 5.0R, sell 25%)

  [ 5] GRASS       score= 153.2  ST=5/6  price=$0.451160      24h= +0.32%  vol=$  6.7M
       TF:  1D=123  12H=130  6H=165  4H=170  2H=148  1H=148
       Bonuses: RSI div 1D (hidden_bullish) | 1H pre-pump (obv_stealth_accum) | RS vs BTC 7d +24.8%  (+10 pts)
       Entry: $0.451160  |  Stop: $0.383486 (-15.00%)  |  Risk: $1500 (1.50% acct)
       Position: $10000 (10.00% acct, qty 22165.0856)
       TP1: $0.552671 (+22.5%, 1.5R, sell 40%)
       TP2: $0.654182 (+45.0%, 3.0R, sell 35%)
       TP3: $0.789530 (+75.0%, 5.0R, sell 25%)

  [ 6] HYPE        score= 151.9  ST=5/6  price=$73.565000     24h= +1.04%  vol=$589.5M
       TF:  1D=126  12H=142  6H=155  4H=166  2H=138  1H=165
       Bonuses: 1H pre-pump (obv_stealth_accum) | RS vs BTC 7d +20.9%  (+7 pts)
       Entry: $73.565000  |  Stop: $63.406036 (-13.81%)  |  Risk: $1500 (1.50% acct)
       Position: $10862 (10.86% acct, qty 147.6528)
       TP1: $88.803446 (+20.7%, 1.5R, sell 40%)
       TP2: $104.041893 (+41.4%, 3.0R, sell 35%)
       TP3: $124.359821 (+69.0%, 5.0R, sell 25%)

  [ 7] BLESS       score= 149.2  ST=4/6  price=$0.007675      24h=+17.78%  vol=$ 16.1M
       TF:  1D=157  12H=134  6H=137  4H=142  2H=137  1H=101
       Bonuses: RSI div 1D (bullish) | RS vs BTC 7d +6.0%  (+10 pts)
       Entry: $0.007675  |  Stop: $0.006524 (-15.00%)  |  Risk: $1500 (1.50% acct)
       Position: $10000 (10.00% acct, qty 1302931.5961)
       TP1: $0.009402 (+22.5%, 1.5R, sell 40%)
       TP2: $0.011129 (+45.0%, 3.0R, sell 35%)
       TP3: $0.013431 (+75.0%, 5.0R, sell 25%)

  [ 8] SPX         score= 146.1  ST=6/6  price=$0.390200      24h=+14.09%  vol=$ 49.7M
       TF:  1D=129  12H=150  6H=143  4H=140  2H=160  1H=133
       Bonuses: RS vs BTC 7d +22.2%  (+5 pts)
       Entry: $0.390200  |  Stop: $0.339821 (-12.91%)  |  Risk: $1500 (1.50% acct)
       Position: $11618 (11.62% acct, qty 29774.5640)
       TP1: $0.465768 (+19.4%, 1.5R, sell 40%)
       TP2: $0.541336 (+38.7%, 3.0R, sell 35%)
       TP3: $0.642093 (+64.5%, 5.0R, sell 25%)

  [ 9] SQD         score= 145.5  ST=5/6  price=$0.050840      24h= +8.13%  vol=$ 11.8M
       TF:  1D=140  12H=155  6H=150  4H=157  2H=115  1H= 54
       Bonuses: RSI div 1D (bullish) | RS vs BTC 7d +55.9%  (+10 pts)
       Entry: $0.050840  |  Stop: $0.043214 (-15.00%)  |  Risk: $1500 (1.50% acct)
       Position: $10000 (10.00% acct, qty 196695.5153)
       TP1: $0.062279 (+22.5%, 1.5R, sell 40%)
       TP2: $0.073718 (+45.0%, 3.0R, sell 35%)
       TP3: $0.088970 (+75.0%, 5.0R, sell 25%)

  [10] ZAMA        score= 145.0  ST=5/6  price=$0.032050      24h= +4.99%  vol=$  3.2M
       TF:  1D=102  12H=155  6H=161  4H=153  2H=173  1H= 96
       Bonuses: RSI div 1D (hidden_bullish) | RS vs BTC 7d +4.5%  (+8 pts)
       Entry: $0.032050  |  Stop: $0.028138 (-12.21%)  |  Risk: $1500 (1.50% acct)
       Position: $12290 (12.29% acct, qty 383456.5872)
       TP1: $0.037918 (+18.3%, 1.5R, sell 40%)
       TP2: $0.043785 (+36.6%, 3.0R, sell 35%)
       TP3: $0.051609 (+61.0%, 5.0R, sell 25%)

  [11] VELODROME   score= 144.9  ST=6/6  price=$0.018561      24h= -2.10%  vol=$  1.8M
       TF:  1D=134  12H=147  6H=144  4H=126  2H=153  1H=141
       Bonuses: RS vs BTC 7d +26.8%  (+5 pts)
       Entry: $0.018561  |  Stop: $0.016591 (-10.61%)  |  Risk: $1500 (1.50% acct)
       Position: $14136 (14.14% acct, qty 761614.6230)
       TP1: $0.021515 (+15.9%, 1.5R, sell 40%)
       TP2: $0.024470 (+31.8%, 3.0R, sell 35%)
       TP3: $0.028408 (+53.0%, 5.0R, sell 25%)

  [12] MMT         score= 144.2  ST=6/6  price=$0.140450      24h= +0.28%  vol=$  1.6M
       TF:  1D=124  12H=140  6H=150  4H=147  2H=134  1H=118
       Bonuses: 1H pre-pump (bb_squeeze, obv_stealth_accum) | RS vs BTC 7d +28.0%  (+9 pts)
       Entry: $0.140450  |  Stop: $0.125150 (-10.89%)  |  Risk: $1500 (1.50% acct)
       Position: $13770 (13.77% acct, qty 98039.2157)
       TP1: $0.163400 (+16.3%, 1.5R, sell 40%)
       TP2: $0.186350 (+32.7%, 3.0R, sell 35%)
       TP3: $0.216950 (+54.5%, 5.0R, sell 25%)

  [13] FOLKS       score= 143.5  ST=6/6  price=$1.940000      24h=+17.33%  vol=$  2.3M
       TF:  1D=138  12H=150  6H=146  4H=146  2H=148  1H=133
       Entry: $1.940000  |  Stop: $1.649000 (-15.00%)  |  Risk: $1500 (1.50% acct)
       Position: $10000 (10.00% acct, qty 5154.6392)
       TP1: $2.376500 (+22.5%, 1.5R, sell 40%)
       TP2: $2.813000 (+45.0%, 3.0R, sell 35%)
       TP3: $3.395000 (+75.0%, 5.0R, sell 25%)

  [14] TRUTH       score= 142.9  ST=6/6  price=$0.013390      24h= +1.87%  vol=$  1.3M
       TF:  1D=117  12H=154  6H=157  4H=149  2H=126  1H=133
       Bonuses: RS vs BTC 7d +5.8%  (+5 pts)
       Entry: $0.013390  |  Stop: $0.011381 (-15.00%)  |  Risk: $1500 (1.50% acct)
       Position: $10000 (10.00% acct, qty 746825.9895)
       TP1: $0.016403 (+22.5%, 1.5R, sell 40%)
       TP2: $0.019415 (+45.0%, 3.0R, sell 35%)
       TP3: $0.023432 (+75.0%, 5.0R, sell 25%)

  [15] EPIC        score= 142.7  ST=6/6  price=$0.636300      24h= +5.08%  vol=$  4.0M
       TF:  1D=136  12H=132  6H=127  4H=142  2H=165  1H=131
       Bonuses: RS vs BTC 7d +21.2%  (+5 pts)
       Entry: $0.636300  |  Stop: $0.540855 (-15.00%)  |  Risk: $1500 (1.50% acct)
       Position: $10000 (10.00% acct, qty 15715.8573)
       TP1: $0.779467 (+22.5%, 1.5R, sell 40%)
       TP2: $0.922635 (+45.0%, 3.0R, sell 35%)
       TP3: $1.113525 (+75.0%, 5.0R, sell 25%)

  [16] PARTI       score= 142.3  ST=6/6  price=$0.061510      24h= -0.20%  vol=$  1.3M
       TF:  1D=137  12H=153  6H=138  4H=138  2H=111  1H= 86
       Bonuses: RSI div 1D (bullish) | RS vs BTC 7d +3.7%  (+10 pts)
       Entry: $0.061510  |  Stop: $0.052283 (-15.00%)  |  Risk: $1500 (1.50% acct)
       Position: $10000 (10.00% acct, qty 162575.1910)
       TP1: $0.075350 (+22.5%, 1.5R, sell 40%)
       TP2: $0.089190 (+45.0%, 3.0R, sell 35%)
       TP3: $0.107643 (+75.0%, 5.0R, sell 25%)

  [17] XPL         score= 141.0  ST=5/6  price=$0.091340      24h=+25.85%  vol=$102.7M
       TF:  1D=105  12H=126  6H=158  4H=167  2H=149  1H=148
       Bonuses: RS vs BTC 7d +31.9%  (+5 pts)
       Entry: $0.091340  |  Stop: $0.077639 (-15.00%)  |  Risk: $1500 (1.50% acct)
       Position: $10000 (10.00% acct, qty 109481.0598)
       TP1: $0.111892 (+22.5%, 1.5R, sell 40%)
       TP2: $0.132443 (+45.0%, 3.0R, sell 35%)
       TP3: $0.159845 (+75.0%, 5.0R, sell 25%)

  [18] GPS         score= 140.5  ST=5/6  price=$0.009351      24h= +0.16%  vol=$  1.2M
       TF:  1D=155  12H=126  6H=143  4H=146  2H=108  1H= 76
       Bonuses: RSI div 1D (hidden_bullish) | RS vs BTC 7d +31.4%  (+8 pts)
       Entry: $0.009351  |  Stop: $0.007948 (-15.00%)  |  Risk: $1500 (1.50% acct)
       Position: $10000 (10.00% acct, qty 1069404.3418)
       TP1: $0.011455 (+22.5%, 1.5R, sell 40%)
       TP2: $0.013559 (+45.0%, 3.0R, sell 35%)
       TP3: $0.016364 (+75.0%, 5.0R, sell 25%)

  [19] RUNE        score= 139.9  ST=5/6  price=$0.411100      24h= +1.48%  vol=$  1.7M
       TF:  1D=119  12H=132  6H=142  4H=150  2H=151  1H=163
       Bonuses: 1H pre-pump (obv_stealth_accum)  (+2 pts)
       Entry: $0.411100  |  Stop: $0.359350 (-12.59%)  |  Risk: $1500 (1.50% acct)
       Position: $11916 (11.92% acct, qty 28985.5072)
       TP1: $0.488725 (+18.9%, 1.5R, sell 40%)
       TP2: $0.566350 (+37.8%, 3.0R, sell 35%)
       TP3: $0.669850 (+62.9%, 5.0R, sell 25%)

  [20] USELESS     score= 139.8  ST=5/6  price=$0.076480      24h= +3.56%  vol=$  4.0M
       TF:  1D= 90  12H=116  6H=178  4H=161  2H=165  1H=158
       Bonuses: RS vs BTC 7d +9.4%  (+5 pts)
       Entry: $0.076480  |  Stop: $0.065008 (-15.00%)  |  Risk: $1500 (1.50% acct)
       Position: $10000 (10.00% acct, qty 130753.1381)
       TP1: $0.093688 (+22.5%, 1.5R, sell 40%)
       TP2: $0.110896 (+45.0%, 3.0R, sell 35%)
       TP3: $0.133840 (+75.0%, 5.0R, sell 25%)

  [21] AT          score= 139.8  ST=6/6  price=$0.132600      24h=+22.87%  vol=$  1.9M
       TF:  1D=110  12H=118  6H=144  4H=153  2H=147  1H=152
       Bonuses: RSI div 1D (hidden_bullish) | RS vs BTC 7d +2.1%  (+8 pts)
       Entry: $0.132600  |  Stop: $0.112710 (-15.00%)  |  Risk: $1500 (1.50% acct)
       Position: $10000 (10.00% acct, qty 75414.7813)
       TP1: $0.162435 (+22.5%, 1.5R, sell 40%)
       TP2: $0.192270 (+45.0%, 3.0R, sell 35%)
       TP3: $0.232050 (+75.0%, 5.0R, sell 25%)

  [22] AKT         score= 138.8  ST=6/6  price=$0.819300      24h= -1.43%  vol=$  3.7M
       TF:  1D=147  12H=149  6H=163  4H=131  2H= 99  1H= 69
       Bonuses: RS vs BTC 7d +29.7%  (+5 pts)
       Entry: $0.819300  |  Stop: $0.705536 (-13.89%)  |  Risk: $1500 (1.50% acct)
       Position: $10803 (10.80% acct, qty 13185.1573)
       TP1: $0.989946 (+20.8%, 1.5R, sell 40%)
       TP2: $1.160593 (+41.7%, 3.0R, sell 35%)
       TP3: $1.388121 (+69.4%, 5.0R, sell 25%)

  [23] TIA         score= 138.6  ST=6/6  price=$0.404500      24h= +4.99%  vol=$ 17.9M
       TF:  1D=118  12H=135  6H=139  4H=139  2H=130  1H=163
       Bonuses: RS vs BTC 7d +18.0%  (+5 pts)
       Entry: $0.404500  |  Stop: $0.355707 (-12.06%)  |  Risk: $1500 (1.50% acct)
       Position: $12435 (12.44% acct, qty 30742.2047)
       TP1: $0.477689 (+18.1%, 1.5R, sell 40%)
       TP2: $0.550879 (+36.2%, 3.0R, sell 35%)
       TP3: $0.648464 (+60.3%, 5.0R, sell 25%)

  [24] HOLO        score= 137.4  ST=5/6  price=$0.065430      24h= +6.85%  vol=$  1.2M
       TF:  1D=101  12H=150  6H=143  4H=146  2H=152  1H=145
       Bonuses: funding -0.0259%/8h  (+3 pts)
       Entry: $0.065430  |  Stop: $0.056482 (-13.67%)  |  Risk: $1500 (1.50% acct)
       Position: $10969 (10.97% acct, qty 167644.5935)
       TP1: $0.078851 (+20.5%, 1.5R, sell 40%)
       TP2: $0.092272 (+41.0%, 3.0R, sell 35%)
       TP3: $0.110168 (+68.4%, 5.0R, sell 25%)

  [25] ORCA        score= 137.1  ST=6/6  price=$1.146700      24h= +4.06%  vol=$  6.5M
       TF:  1D=126  12H=120  6H=124  4H=137  2H=139  1H=150
       Bonuses: 1H pre-pump (obv_stealth_accum) | RS vs BTC 7d +7.3%  (+7 pts)
       Entry: $1.146700  |  Stop: $0.988643 (-13.78%)  |  Risk: $1500 (1.50% acct)
       Position: $10882 (10.88% acct, qty 9490.2386)
       TP1: $1.383786 (+20.7%, 1.5R, sell 40%)
       TP2: $1.620871 (+41.4%, 3.0R, sell 35%)
       TP3: $1.936986 (+68.9%, 5.0R, sell 25%)

  [26] BSB         score= 136.9  ST=6/6  price=$0.536400      24h= +0.89%  vol=$ 91.0M
       TF:  1D=118  12H=130  6H=134  4H=152  2H=149  1H=121
       Bonuses: RS vs BTC 7d +88.6%  (+5 pts)
       Entry: $0.536400  |  Stop: $0.455940 (-15.00%)  |  Risk: $1500 (1.50% acct)
       Position: $10000 (10.00% acct, qty 18642.8039)
       TP1: $0.657090 (+22.5%, 1.5R, sell 40%)
       TP2: $0.777780 (+45.0%, 3.0R, sell 35%)
       TP3: $0.938700 (+75.0%, 5.0R, sell 25%)

  [27] MAGMA       score= 136.5  ST=5/6  price=$0.378160      24h=+31.99%  vol=$  8.2M
       TF:  1D=129  12H=120  6H=144  4H=124  2H=148  1H=154
       Bonuses: RSI div 1D (hidden_bullish)  (+3 pts)
       Entry: $0.378160  |  Stop: $0.321436 (-15.00%)  |  Risk: $1500 (1.50% acct)
       Position: $10000 (10.00% acct, qty 26443.8333)
       TP1: $0.463246 (+22.5%, 1.5R, sell 40%)
       TP2: $0.548332 (+45.0%, 3.0R, sell 35%)
       TP3: $0.661780 (+75.0%, 5.0R, sell 25%)

  [28] AXL         score= 136.3  ST=4/6  price=$0.045710      24h= +2.81%  vol=$  2.5M
       TF:  1D=107  12H=104  6H=151  4H=144  2H=131  1H=156
       Bonuses: RSI div 1D (bullish) | RS vs BTC 7d +1.2%  (+10 pts)
       Entry: $0.045710  |  Stop: $0.039629 (-13.30%)  |  Risk: $1500 (1.50% acct)
       Position: $11274 (11.27% acct, qty 246652.5722)
       TP1: $0.054832 (+20.0%, 1.5R, sell 40%)
       TP2: $0.063954 (+39.9%, 3.0R, sell 35%)
       TP3: $0.076117 (+66.5%, 5.0R, sell 25%)

  [29] XLM         score= 135.8  ST=5/6  price=$0.216670      24h= +2.81%  vol=$ 85.7M
       TF:  1D=101  12H=130  6H=148  4H=153  2H=138  1H=148
       Bonuses: RS vs BTC 7d +6.4%  (+5 pts)
       Entry: $0.216670  |  Stop: $0.187461 (-13.48%)  |  Risk: $1500 (1.50% acct)
       Position: $11127 (11.13% acct, qty 51353.5324)
       TP1: $0.260484 (+20.2%, 1.5R, sell 40%)
       TP2: $0.304298 (+40.4%, 3.0R, sell 35%)
       TP3: $0.362716 (+67.4%, 5.0R, sell 25%)

  [30] BRETT       score= 135.8  ST=5/6  price=$0.006411      24h= +9.62%  vol=$  2.5M
       TF:  1D= 91  12H=125  6H=168  4H=133  2H=154  1H=167
       Bonuses: RS vs BTC 7d +11.0%  (+5 pts)
       Entry: $0.006411  |  Stop: $0.005449 (-15.00%)  |  Risk: $1500 (1.50% acct)
       Position: $10000 (10.00% acct, qty 1559819.0610)
       TP1: $0.007853 (+22.5%, 1.5R, sell 40%)
       TP2: $0.009296 (+45.0%, 3.0R, sell 35%)
       TP3: $0.011219 (+75.0%, 5.0R, sell 25%)

  [31] ATOM        score= 135.7  ST=6/6  price=$1.989800      24h= -2.38%  vol=$  8.0M
       TF:  1D=130  12H=146  6H=137  4H=147  2H=102  1H= 73
       Bonuses: RS vs BTC 7d +5.5% | funding -0.0140%/8h  (+8 pts)
       Entry: $1.989800  |  Stop: $1.802289 (-9.42%)  |  Risk: $1500 (1.50% acct)
       Position: $15917 (15.92% acct, qty 7999.5429)
       TP1: $2.271066 (+14.1%, 1.5R, sell 40%)
       TP2: $2.552332 (+28.3%, 3.0R, sell 35%)
       TP3: $2.927354 (+47.1%, 5.0R, sell 25%)

  [32] US          score= 135.3  ST=5/6  price=$0.012570      24h=+26.22%  vol=$  1.4M
       TF:  1D=133  12H=131  6H=154  4H=139  2H=139  1H=142
       Entry: $0.012570  |  Stop: $0.010684 (-15.00%)  |  Risk: $1500 (1.50% acct)
       Position: $10000 (10.00% acct, qty 795544.9483)
       TP1: $0.015398 (+22.5%, 1.5R, sell 40%)
       TP2: $0.018226 (+45.0%, 3.0R, sell 35%)
       TP3: $0.021997 (+75.0%, 5.0R, sell 25%)

  [33] ETHFI       score= 134.9  ST=4/6  price=$0.339300      24h= +7.33%  vol=$  9.8M
       TF:  1D=102  12H= 98  6H=162  4H=147  2H=154  1H=149
       Bonuses: 1H pre-pump (obv_divergence) | RS vs BTC 7d +5.1%  (+7 pts)
       Entry: $0.339300  |  Stop: $0.295543 (-12.90%)  |  Risk: $1500 (1.50% acct)
       Position: $11631 (11.63% acct, qty 34280.1175)
       TP1: $0.404936 (+19.3%, 1.5R, sell 40%)
       TP2: $0.470571 (+38.7%, 3.0R, sell 35%)
       TP3: $0.558086 (+64.5%, 5.0R, sell 25%)

  [34] SPACE       score= 133.1  ST=5/6  price=$0.007861      24h= +4.28%  vol=$  4.4M
       TF:  1D=118  12H=149  6H=129  4H=133  2H= 86  1H= 96
       Bonuses: RSI div 1D (hidden_bullish) | RS vs BTC 7d +12.9% | funding -0.0744%/8h  (+11 pts)
       Entry: $0.007861  |  Stop: $0.006682 (-15.00%)  |  Risk: $1500 (1.50% acct)
       Position: $10000 (10.00% acct, qty 1272102.7859)
       TP1: $0.009630 (+22.5%, 1.5R, sell 40%)
       TP2: $0.011398 (+45.0%, 3.0R, sell 35%)
       TP3: $0.013757 (+75.0%, 5.0R, sell 25%)

  [35] UNI         score= 132.8  ST=5/6  price=$3.289000      24h= +2.89%  vol=$128.6M
       TF:  1D=127  12H=134  6H=129  4H=151  2H=124  1H= 36
       Bonuses: RSI div 1D (bullish) | RS vs BTC 7d +26.4%  (+10 pts)
       Entry: $3.289000  |  Stop: $2.987714 (-9.16%)  |  Risk: $1500 (1.50% acct)
       Position: $16375 (16.37% acct, qty 4978.6629)
       TP1: $3.740929 (+13.7%, 1.5R, sell 40%)
       TP2: $4.192857 (+27.5%, 3.0R, sell 35%)
       TP3: $4.795429 (+45.8%, 5.0R, sell 25%)

  [36] SENT        score= 132.2  ST=5/6  price=$0.019610      24h=-17.06%  vol=$ 12.3M
       TF:  1D=146  12H=149  6H=126  4H=136  2H=107  1H= 44
       Bonuses: RS vs BTC 7d +15.9%  (+5 pts)
       Entry: $0.019610  |  Stop: $0.016668 (-15.00%)  |  Risk: $1500 (1.50% acct)
       Position: $10000 (10.00% acct, qty 509943.9062)
       TP1: $0.024022 (+22.5%, 1.5R, sell 40%)
       TP2: $0.028435 (+45.0%, 3.0R, sell 35%)
       TP3: $0.034318 (+75.0%, 5.0R, sell 25%)

  [37] JTO         score= 132.1  ST=6/6  price=$0.794800      24h=-10.90%  vol=$ 27.3M
       TF:  1D=163  12H=134  6H=162  4H=118  2H= 71  1H= 41
       Bonuses: RS vs BTC 7d +26.2%  (+5 pts)
       Entry: $0.794800  |  Stop: $0.675580 (-15.00%)  |  Risk: $1500 (1.50% acct)
       Position: $10000 (10.00% acct, qty 12581.7816)
       TP1: $0.973630 (+22.5%, 1.5R, sell 40%)
       TP2: $1.152460 (+45.0%, 3.0R, sell 35%)
       TP3: $1.390900 (+75.0%, 5.0R, sell 25%)

  [38] EIGEN       score= 132.1  ST=4/6  price=$0.210070      24h= -0.10%  vol=$  4.7M
       TF:  1D=114  12H=130  6H=148  4H=134  2H=131  1H=112
       Bonuses: RS vs BTC 7d +6.4%  (+5 pts)
       Entry: $0.210070  |  Stop: $0.178560 (-15.00%)  |  Risk: $1500 (1.50% acct)
       Position: $10000 (10.00% acct, qty 47603.1799)
       TP1: $0.257336 (+22.5%, 1.5R, sell 40%)
       TP2: $0.304602 (+45.0%, 3.0R, sell 35%)
       TP3: $0.367623 (+75.0%, 5.0R, sell 25%)

  [39] LUMIA       score= 131.9  ST=6/6  price=$0.095890      24h= +2.02%  vol=$  1.1M
       TF:  1D=124  12H=124  6H=125  4H=128  2H=136  1H=131
       Bonuses: RS vs BTC 7d +15.1%  (+5 pts)
       Entry: $0.095890  |  Stop: $0.081506 (-15.00%)  |  Risk: $1500 (1.50% acct)
       Position: $10000 (10.00% acct, qty 104286.1612)
       TP1: $0.117465 (+22.5%, 1.5R, sell 40%)
       TP2: $0.139041 (+45.0%, 3.0R, sell 35%)
       TP3: $0.167807 (+75.0%, 5.0R, sell 25%)

  [40] USD1        score= 130.6  ST=6/6  price=$1.000200      24h= +0.01%  vol=$ 21.0M
       TF:  1D=145  12H=157  6H= 96  4H=102  2H=128  1H=135
       Entry: $1.000200  |  Stop: $0.950190 (-5.00%)  |  Risk: $1000 (1.00% acct)
       Position: $20000 (20.00% acct, qty 19996.0008)
       TP1: $1.075215 (+7.5%, 1.5R, sell 40%)
       TP2: $1.150230 (+15.0%, 3.0R, sell 35%)
       TP3: $1.250250 (+25.0%, 5.0R, sell 25%)

  [41] XAG         score= 130.2  ST=5/6  price=$69.950000     24h= -1.87%  vol=$ 30.0M
       TF:  1D= 69  12H=108  6H=166  4H=153  2H=163  1H=149
       Bonuses: 1H pre-pump (obv_stealth_accum) | RS vs BTC 7d +1.2%  (+7 pts)
       Entry: $69.950000  |  Stop: $65.643929 (-6.16%)  |  Risk: $1231 (1.23% acct)
       Position: $20000 (20.00% acct, qty 285.9185)
       TP1: $76.409107 (+9.2%, 1.5R, sell 40%)
       TP2: $82.868214 (+18.5%, 3.0R, sell 35%)
       TP3: $91.480357 (+30.8%, 5.0R, sell 25%)

  [42] BLUAI       score= 130.1  ST=5/6  price=$0.014000      24h= +0.05%  vol=$  1.0M
       TF:  1D=132  12H=113  6H=140  4H=167  2H= 79  1H= 80
       Bonuses: 1H pre-pump (obv_stealth_accum) | RS vs BTC 7d +15.2%  (+7 pts)
       Entry: $0.014000  |  Stop: $0.011900 (-15.00%)  |  Risk: $1500 (1.50% acct)
       Position: $10000 (10.00% acct, qty 714285.7143)
       TP1: $0.017150 (+22.5%, 1.5R, sell 40%)
       TP2: $0.020300 (+45.0%, 3.0R, sell 35%)
       TP3: $0.024500 (+75.0%, 5.0R, sell 25%)

  [43] BANANAS31   score= 130.0  ST=5/6  price=$0.009971      24h= +8.92%  vol=$  3.0M
       TF:  1D= 76  12H=125  6H=157  4H=156  2H=146  1H=143
       Bonuses: RSI div 1D (bullish)  (+5 pts)
       Entry: $0.009971  |  Stop: $0.008475 (-15.00%)  |  Risk: $1500 (1.50% acct)
       Position: $10000 (10.00% acct, qty 1002908.4345)
       TP1: $0.012214 (+22.5%, 1.5R, sell 40%)
       TP2: $0.014458 (+45.0%, 3.0R, sell 35%)
       TP3: $0.017449 (+75.0%, 5.0R, sell 25%)

--------------------------------------------------------------------------------
  LONG  —  50 coin(s)  (tradeable trend)
--------------------------------------------------------------------------------

  [ 1] ASTER       score= 129.6  ST=4/6  price=$0.661600      24h=+11.37%  vol=$ 84.6M
       TF:  1D= 86  12H=106  6H=145  4H=147  2H=167  1H=155
       Bonuses: RS vs BTC 7d +0.2%  (+5 pts)
       Entry: $0.661600  |  Stop: $0.613139 (-7.32%)  |  Risk: $1465 (1.47% acct)
       Position: $20000 (20.00% acct, qty 30229.7461)
       TP1: $0.734291 (+11.0%, 1.5R, sell 40%)
       TP2: $0.806982 (+22.0%, 3.0R, sell 35%)
       TP3: $0.903904 (+36.6%, 5.0R, sell 25%)

  [ 2] BIO         score= 129.6  ST=4/6  price=$0.030490      24h=+15.14%  vol=$ 23.0M
       TF:  1D= 77  12H=137  6H=139  4H=144  2H=139  1H=165
       Bonuses: RSI div 1D (bullish)  (+5 pts)
       Entry: $0.030490  |  Stop: $0.025916 (-15.00%)  |  Risk: $1500 (1.50% acct)
       Position: $10000 (10.00% acct, qty 327976.3857)
       TP1: $0.037350 (+22.5%, 1.5R, sell 40%)
       TP2: $0.044210 (+45.0%, 3.0R, sell 35%)
       TP3: $0.053358 (+75.0%, 5.0R, sell 25%)

  [ 3] CRV         score= 129.4  ST=6/6  price=$0.239000      24h= +0.29%  vol=$ 13.4M
       TF:  1D=120  12H=136  6H=111  4H=155  2H=126  1H= 86
       Bonuses: RS vs BTC 7d +12.5%  (+5 pts)
       Entry: $0.239000  |  Stop: $0.210714 (-11.84%)  |  Risk: $1500 (1.50% acct)
       Position: $12674 (12.67% acct, qty 53030.3030)
       TP1: $0.281429 (+17.8%, 1.5R, sell 40%)
       TP2: $0.323857 (+35.5%, 3.0R, sell 35%)
       TP3: $0.380429 (+59.2%, 5.0R, sell 25%)

  [ 4] PENDLE      score= 129.0  ST=5/6  price=$1.398900      24h= +5.91%  vol=$ 11.8M
       TF:  1D= 68  12H=117  6H=158  4H=162  2H=163  1H=140
       Bonuses: RS vs BTC 7d +5.7%  (+5 pts)
       Entry: $1.398900  |  Stop: $1.241454 (-11.26%)  |  Risk: $1500 (1.50% acct)
       Position: $13327 (13.33% acct, qty 9527.0500)
       TP1: $1.635070 (+16.9%, 1.5R, sell 40%)
       TP2: $1.871239 (+33.8%, 3.0R, sell 35%)
       TP3: $2.186132 (+56.3%, 5.0R, sell 25%)

  [ 5] SEI         score= 128.9  ST=5/6  price=$0.054620      24h= +3.03%  vol=$  9.4M
       TF:  1D= 62  12H=123  6H=166  4H=123  2H=154  1H=151
       Bonuses: 1H pre-pump (obv_divergence) | RS vs BTC 7d +7.0% | funding -0.0130%/8h  (+10 pts)
       Entry: $0.054620  |  Stop: $0.048217 (-11.72%)  |  Risk: $1500 (1.50% acct)
       Position: $12796 (12.80% acct, qty 234270.4150)
       TP1: $0.064224 (+17.6%, 1.5R, sell 40%)
       TP2: $0.073829 (+35.2%, 3.0R, sell 35%)
       TP3: $0.086634 (+58.6%, 5.0R, sell 25%)

  [ 6] 1000LUNC    score= 128.5  ST=5/6  price=$0.075340      24h= +3.74%  vol=$  2.5M
       TF:  1D=133  12H=119  6H=136  4H=148  2H=129  1H= 94
       Entry: $0.075340  |  Stop: $0.065932 (-12.49%)  |  Risk: $1500 (1.50% acct)
       Position: $12012 (12.01% acct, qty 159435.1441)
       TP1: $0.089452 (+18.7%, 1.5R, sell 40%)
       TP2: $0.103565 (+37.5%, 3.0R, sell 35%)
       TP3: $0.122381 (+62.4%, 5.0R, sell 25%)

  [ 7] ENJ         score= 128.1  ST=5/6  price=$0.033076      24h= +1.26%  vol=$  2.4M
       TF:  1D= 94  12H= 86  6H=142  4H=151  2H=146  1H=151
       Bonuses: RS vs BTC 7d +6.5% | funding -0.0173%/8h  (+8 pts)
       Entry: $0.033076  |  Stop: $0.028959 (-12.45%)  |  Risk: $1500 (1.50% acct)
       Position: $12051 (12.05% acct, qty 364355.6111)
       TP1: $0.039251 (+18.7%, 1.5R, sell 40%)
       TP2: $0.045427 (+37.3%, 3.0R, sell 35%)
       TP3: $0.053660 (+62.2%, 5.0R, sell 25%)

  [ 8] WLFI        score= 127.6  ST=5/6  price=$0.060060      24h= +2.21%  vol=$  6.5M
       TF:  1D=109  12H=113  6H=135  4H=119  2H=128  1H=140
       Bonuses: 1H pre-pump (obv_stealth_accum) | RS vs BTC 7d +3.5%  (+7 pts)
       Entry: $0.060060  |  Stop: $0.053581 (-10.79%)  |  Risk: $1500 (1.50% acct)
       Position: $13905 (13.91% acct, qty 231519.7619)
       TP1: $0.069778 (+16.2%, 1.5R, sell 40%)
       TP2: $0.079497 (+32.4%, 3.0R, sell 35%)
       TP3: $0.092455 (+53.9%, 5.0R, sell 25%)

  [ 9] TRIA        score= 126.1  ST=5/6  price=$0.030882      24h= +3.21%  vol=$ 12.1M
       TF:  1D= 94  12H=121  6H=136  4H=131  2H=119  1H=112
       Bonuses: RSI div 1D (bullish) | RS vs BTC 7d +10.0%  (+10 pts)
       Entry: $0.030882  |  Stop: $0.026250 (-15.00%)  |  Risk: $1500 (1.50% acct)
       Position: $10000 (10.00% acct, qty 323813.2245)
       TP1: $0.037830 (+22.5%, 1.5R, sell 40%)
       TP2: $0.044779 (+45.0%, 3.0R, sell 35%)
       TP3: $0.054044 (+75.0%, 5.0R, sell 25%)

  [10] CFG         score= 125.9  ST=5/6  price=$0.227300      24h= +2.54%  vol=$  2.5M
       TF:  1D= 75  12H=122  6H=146  4H=143  2H=160  1H=129
       Bonuses: RS vs BTC 7d +10.3%  (+5 pts)
       Entry: $0.227300  |  Stop: $0.194161 (-14.58%)  |  Risk: $1500 (1.50% acct)
       Position: $10288 (10.29% acct, qty 45263.4982)
       TP1: $0.277009 (+21.9%, 1.5R, sell 40%)
       TP2: $0.326718 (+43.7%, 3.0R, sell 35%)
       TP3: $0.392996 (+72.9%, 5.0R, sell 25%)

  [11] LAB         score= 125.7  ST=5/6  price=$13.356000     24h= +0.18%  vol=$ 41.4M
       TF:  1D=121  12H= 90  6H=130  4H=160  2H=124  1H=104
       Bonuses: RS vs BTC 7d +37.6%  (+5 pts)
       Entry: $13.356000  |  Stop: $11.352600 (-15.00%)  |  Risk: $1500 (1.50% acct)
       Position: $10000 (10.00% acct, qty 748.7272)
       TP1: $16.361100 (+22.5%, 1.5R, sell 40%)
       TP2: $19.366200 (+45.0%, 3.0R, sell 35%)
       TP3: $23.373000 (+75.0%, 5.0R, sell 25%)

  [12] WAVES       score= 125.3  ST=4/6  price=$0.294700      24h= -2.89%  vol=$  2.1M
       TF:  1D=100  12H=106  6H=149  4H=123  2H= 92  1H= 93
       Bonuses: RSI div 1D (bullish) | 1H pre-pump (obv_stealth_accum) | RS vs BTC 7d +10.5% | funding -0.1578%/8h  (+15 pts)
       Entry: $0.294700  |  Stop: $0.255593 (-13.27%)  |  Risk: $1500 (1.50% acct)
       Position: $11304 (11.30% acct, qty 38356.1644)
       TP1: $0.353361 (+19.9%, 1.5R, sell 40%)
       TP2: $0.412021 (+39.8%, 3.0R, sell 35%)
       TP3: $0.490236 (+66.3%, 5.0R, sell 25%)

  [13] BASED       score= 124.8  ST=4/6  price=$0.076170      24h= -0.36%  vol=$  2.5M
       TF:  1D= 91  12H=141  6H=145  4H=119  2H=121  1H=100
       Bonuses: 1H pre-pump (obv_divergence) | RS vs BTC 7d +11.4%  (+7 pts)
       Entry: $0.076170  |  Stop: $0.064744 (-15.00%)  |  Risk: $1500 (1.50% acct)
       Position: $10000 (10.00% acct, qty 131285.2829)
       TP1: $0.093308 (+22.5%, 1.5R, sell 40%)
       TP2: $0.110447 (+45.0%, 3.0R, sell 35%)
       TP3: $0.133298 (+75.0%, 5.0R, sell 25%)

  [14] SOL         score= 124.6  ST=5/6  price=$73.480000     24h= -0.58%  vol=$654.8M
       TF:  1D= 77  12H=107  6H=152  4H=147  2H=148  1H=140
       Bonuses: RS vs BTC 7d +6.8%  (+5 pts)
       Entry: $73.480000  |  Stop: $66.738571 (-9.17%)  |  Risk: $1500 (1.50% acct)
       Position: $16350 (16.35% acct, qty 222.5048)
       TP1: $83.592143 (+13.8%, 1.5R, sell 40%)
       TP2: $93.704286 (+27.5%, 3.0R, sell 35%)
       TP3: $107.187143 (+45.9%, 5.0R, sell 25%)

  [15] OPEN        score= 124.6  ST=5/6  price=$0.244040      24h= -5.31%  vol=$  5.8M
       TF:  1D=131  12H=171  6H=126  4H= 99  2H= 78  1H= 36
       Bonuses: 1H pre-pump (obv_divergence) | RS vs BTC 7d +8.6%  (+7 pts)
       Entry: $0.244040  |  Stop: $0.207434 (-15.00%)  |  Risk: $1500 (1.50% acct)
       Position: $10000 (10.00% acct, qty 40976.8890)
       TP1: $0.298949 (+22.5%, 1.5R, sell 40%)
       TP2: $0.353858 (+45.0%, 3.0R, sell 35%)
       TP3: $0.427070 (+75.0%, 5.0R, sell 25%)

  [16] AAVE        score= 124.5  ST=5/6  price=$75.870000     24h= +0.15%  vol=$ 27.0M
       TF:  1D= 79  12H=116  6H=135  4H=131  2H=152  1H=140
       Bonuses: 1H pre-pump (obv_stealth_accum) | RS vs BTC 7d +15.9%  (+7 pts)
       Entry: $75.870000  |  Stop: $68.053929 (-10.30%)  |  Risk: $1500 (1.50% acct)
       Position: $14560 (14.56% acct, qty 191.9123)
       TP1: $87.594107 (+15.4%, 1.5R, sell 40%)
       TP2: $99.318214 (+30.9%, 3.0R, sell 35%)
       TP3: $114.950357 (+51.5%, 5.0R, sell 25%)

  [17] FIL         score= 124.2  ST=4/6  price=$0.807900      24h= +1.45%  vol=$ 11.6M
       TF:  1D= 85  12H= 81  6H=155  4H=150  2H=150  1H=164
       Bonuses: 1H pre-pump (bb_squeeze, obv_divergence)  (+4 pts)
       Entry: $0.807900  |  Stop: $0.704121 (-12.85%)  |  Risk: $1500 (1.50% acct)
       Position: $11677 (11.68% acct, qty 14453.8509)
       TP1: $0.963568 (+19.3%, 1.5R, sell 40%)
       TP2: $1.119236 (+38.5%, 3.0R, sell 35%)
       TP3: $1.326793 (+64.2%, 5.0R, sell 25%)

  [18] ARKM        score= 124.0  ST=4/6  price=$0.136720      24h= -2.55%  vol=$  2.1M
       TF:  1D=116  12H=127  6H=152  4H=120  2H=101  1H= 52
       Bonuses: RS vs BTC 7d +7.3% | funding -0.0377%/8h  (+8 pts)
       Entry: $0.136720  |  Stop: $0.116212 (-15.00%)  |  Risk: $1500 (1.50% acct)
       Position: $10000 (10.00% acct, qty 73142.1884)
       TP1: $0.167482 (+22.5%, 1.5R, sell 40%)
       TP2: $0.198244 (+45.0%, 3.0R, sell 35%)
       TP3: $0.239260 (+75.0%, 5.0R, sell 25%)

  [19] NEAR        score= 123.7  ST=3/6  price=$2.306200      24h= -1.59%  vol=$105.4M
       TF:  1D= 99  12H=121  6H=130  4H=124  2H=103  1H=113
       Bonuses: RSI div 1D (hidden_bullish) | 1H pre-pump (obv_divergence) | RS vs BTC 7d +0.8%  (+10 pts)
       Entry: $2.306200  |  Stop: $1.960270 (-15.00%)  |  Risk: $1500 (1.50% acct)
       Position: $10000 (10.00% acct, qty 4336.1374)
       TP1: $2.825095 (+22.5%, 1.5R, sell 40%)
       TP2: $3.343990 (+45.0%, 3.0R, sell 35%)
       TP3: $4.035850 (+75.0%, 5.0R, sell 25%)

  [20] WIF         score= 123.6  ST=3/6  price=$0.170120      24h= +0.68%  vol=$ 21.0M
       TF:  1D= 87  12H= 73  6H=171  4H=155  2H=140  1H=119
       Bonuses: 1H pre-pump (obv_stealth_accum) | RS vs BTC 7d +3.6%  (+7 pts)
       Entry: $0.170120  |  Stop: $0.149373 (-12.20%)  |  Risk: $1500 (1.50% acct)
       Position: $12300 (12.30% acct, qty 72299.1118)
       TP1: $0.201241 (+18.3%, 1.5R, sell 40%)
       TP2: $0.232361 (+36.6%, 3.0R, sell 35%)
       TP3: $0.273856 (+61.0%, 5.0R, sell 25%)

  [21] AVNT        score= 123.4  ST=4/6  price=$0.114110      24h= +1.91%  vol=$  2.6M
       TF:  1D= 79  12H= 92  6H=153  4H=147  2H=152  1H=146
       Bonuses: RS vs BTC 7d +6.6%  (+5 pts)
       Entry: $0.114110  |  Stop: $0.098308 (-13.85%)  |  Risk: $1500 (1.50% acct)
       Position: $10832 (10.83% acct, qty 94921.6896)
       TP1: $0.137814 (+20.8%, 1.5R, sell 40%)
       TP2: $0.161518 (+41.5%, 3.0R, sell 35%)
       TP3: $0.193123 (+69.2%, 5.0R, sell 25%)

  [22] ALT         score= 122.8  ST=4/6  price=$0.006749      24h= -1.45%  vol=$  1.4M
       TF:  1D= 87  12H=102  6H=142  4H=145  2H=137  1H=116
       Bonuses: 1H pre-pump (obv_stealth_accum) | RS vs BTC 7d +0.8%  (+7 pts)
       Entry: $0.006749  |  Stop: $0.005870 (-13.02%)  |  Risk: $1500 (1.50% acct)
       Position: $11517 (11.52% acct, qty 1706484.6416)
       TP1: $0.008068 (+19.5%, 1.5R, sell 40%)
       TP2: $0.009386 (+39.1%, 3.0R, sell 35%)
       TP3: $0.011144 (+65.1%, 5.0R, sell 25%)

  [23] CAKE        score= 122.7  ST=4/6  price=$1.412000      24h= -1.88%  vol=$  1.3M
       TF:  1D= 95  12H=129  6H=150  4H=145  2H=117  1H= 50
       Bonuses: 1H pre-pump (obv_divergence) | RS vs BTC 7d +1.5%  (+7 pts)
       Entry: $1.412000  |  Stop: $1.304118 (-7.64%)  |  Risk: $1500 (1.50% acct)
       Position: $19633 (19.63% acct, qty 13904.0620)
       TP1: $1.573823 (+11.5%, 1.5R, sell 40%)
       TP2: $1.735646 (+22.9%, 3.0R, sell 35%)
       TP3: $1.951411 (+38.2%, 5.0R, sell 25%)

  [24] ENS         score= 122.6  ST=4/6  price=$5.389000      24h= -0.20%  vol=$  1.8M
       TF:  1D= 84  12H=114  6H=154  4H=127  2H=146  1H=116
       Bonuses: RS vs BTC 7d +10.2%  (+5 pts)
       Entry: $5.389000  |  Stop: $4.846750 (-10.06%)  |  Risk: $1500 (1.50% acct)
       Position: $14907 (14.91% acct, qty 2766.2517)
       TP1: $6.202375 (+15.1%, 1.5R, sell 40%)
       TP2: $7.015750 (+30.2%, 3.0R, sell 35%)
       TP3: $8.100250 (+50.3%, 5.0R, sell 25%)

  [25] 1000FLOKI   score= 122.5  ST=4/6  price=$0.026350      24h= +0.27%  vol=$  2.6M
       TF:  1D= 98  12H= 81  6H=148  4H=139  2H=130  1H=152
       Bonuses: RS vs BTC 7d +2.6%  (+5 pts)
       Entry: $0.026350  |  Stop: $0.023929 (-9.19%)  |  Risk: $1500 (1.50% acct)
       Position: $16323 (16.32% acct, qty 619469.0265)
       TP1: $0.029982 (+13.8%, 1.5R, sell 40%)
       TP2: $0.033614 (+27.6%, 3.0R, sell 35%)
       TP3: $0.038457 (+46.0%, 5.0R, sell 25%)

  [26] PYTH        score= 122.4  ST=5/6  price=$0.039140      24h= +0.35%  vol=$  3.2M
       TF:  1D= 92  12H=148  6H=102  4H=114  2H=136  1H=133
       Bonuses: RS vs BTC 7d +17.4%  (+5 pts)
       Entry: $0.039140  |  Stop: $0.034083 (-12.92%)  |  Risk: $1500 (1.50% acct)
       Position: $11609 (11.61% acct, qty 296610.1695)
       TP1: $0.046726 (+19.4%, 1.5R, sell 40%)
       TP2: $0.054311 (+38.8%, 3.0R, sell 35%)
       TP3: $0.064426 (+64.6%, 5.0R, sell 25%)

  [27] XAU         score= 122.1  ST=5/6  price=$4,333.100000  24h= -1.16%  vol=$ 62.6M
       TF:  1D= 86  12H=109  6H=132  4H=136  2H=159  1H=149
       Bonuses: 1H pre-pump (obv_stealth_accum)  (+2 pts)
       Entry: $4333.100000  |  Stop: $4116.445000 (-5.00%)  |  Risk: $1000 (1.00% acct)
       Position: $20000 (20.00% acct, qty 4.6156)
       TP1: $4658.082500 (+7.5%, 1.5R, sell 40%)
       TP2: $4983.065000 (+15.0%, 3.0R, sell 35%)
       TP3: $5416.375000 (+25.0%, 5.0R, sell 25%)

  [28] ZEC         score= 121.9  ST=3/6  price=$504.760000    24h= -2.00%  vol=$203.6M
       TF:  1D=135  12H=122  6H=134  4H=101  2H= 62  1H= 60
       Bonuses: RSI div 1D (hidden_bullish) | RS vs BTC 7d +11.2% | funding -0.0203%/8h  (+11 pts)
       Entry: $504.760000  |  Stop: $429.046000 (-15.00%)  |  Risk: $1500 (1.50% acct)
       Position: $10000 (10.00% acct, qty 19.8114)
       TP1: $618.331000 (+22.5%, 1.5R, sell 40%)
       TP2: $731.902000 (+45.0%, 3.0R, sell 35%)
       TP3: $883.330000 (+75.0%, 5.0R, sell 25%)

  [29] FARTCOIN    score= 121.9  ST=4/6  price=$0.137350      24h= +1.64%  vol=$ 40.7M
       TF:  1D= 92  12H= 73  6H=131  4H=152  2H=156  1H=134
       Bonuses: 1H pre-pump (obv_stealth_accum) | RS vs BTC 7d +9.8%  (+7 pts)
       Entry: $0.137350  |  Stop: $0.116756 (-14.99%)  |  Risk: $1500 (1.50% acct)
       Position: $10004 (10.00% acct, qty 72837.0012)
       TP1: $0.168241 (+22.5%, 1.5R, sell 40%)
       TP2: $0.199132 (+45.0%, 3.0R, sell 35%)
       TP3: $0.240320 (+75.0%, 5.0R, sell 25%)

  [30] COAI        score= 121.9  ST=3/6  price=$0.346600      24h= -1.74%  vol=$  3.3M
       TF:  1D=126  12H=124  6H=105  4H= 89  2H=104  1H=122
       Bonuses: RSI div 1D (hidden_bullish) | RS vs BTC 7d +41.7%  (+8 pts)
       Entry: $0.346600  |  Stop: $0.294610 (-15.00%)  |  Risk: $1500 (1.50% acct)
       Position: $10000 (10.00% acct, qty 28851.7022)
       TP1: $0.424585 (+22.5%, 1.5R, sell 40%)
       TP2: $0.502570 (+45.0%, 3.0R, sell 35%)
       TP3: $0.606550 (+75.0%, 5.0R, sell 25%)

  [31] 1000TAG     score= 121.5  ST=5/6  price=$1.028100      24h=+19.42%  vol=$  1.5M
       TF:  1D= 72  12H=117  6H=129  4H=149  2H=139  1H=126
       Bonuses: RSI div 1D (bullish) | 1H pre-pump (obv_divergence)  (+7 pts)
       Entry: $1.028100  |  Stop: $0.873885 (-15.00%)  |  Risk: $1500 (1.50% acct)
       Position: $10000 (10.00% acct, qty 9726.6803)
       TP1: $1.259422 (+22.5%, 1.5R, sell 40%)
       TP2: $1.490745 (+45.0%, 3.0R, sell 35%)
       TP3: $1.799175 (+75.0%, 5.0R, sell 25%)

  [32] ENA         score= 120.9  ST=4/6  price=$0.085970      24h= +9.17%  vol=$ 69.2M
       TF:  1D= 82  12H= 83  6H=157  4H=138  2H=154  1H=136
       Bonuses: RS vs BTC 7d +0.7%  (+5 pts)
       Entry: $0.085970  |  Stop: $0.073075 (-15.00%)  |  Risk: $1500 (1.50% acct)
       Position: $10000 (10.00% acct, qty 116319.6464)
       TP1: $0.105313 (+22.5%, 1.5R, sell 40%)
       TP2: $0.124657 (+45.0%, 3.0R, sell 35%)
       TP3: $0.150448 (+75.0%, 5.0R, sell 25%)

  [33] PLUME       score= 120.8  ST=4/6  price=$0.011321      24h= +1.93%  vol=$  2.4M
       TF:  1D= 81  12H=103  6H=126  4H=124  2H=161  1H=157
       Bonuses: RS vs BTC 7d +0.1%  (+5 pts)
       Entry: $0.011321  |  Stop: $0.009729 (-14.06%)  |  Risk: $1500 (1.50% acct)
       Position: $10669 (10.67% acct, qty 942443.6217)
       TP1: $0.013708 (+21.1%, 1.5R, sell 40%)
       TP2: $0.016096 (+42.2%, 3.0R, sell 35%)
       TP3: $0.019279 (+70.3%, 5.0R, sell 25%)

  [34] ID          score= 120.7  ST=5/6  price=$0.027530      24h=+18.76%  vol=$ 22.7M
       TF:  1D= 70  12H=110  6H=129  4H=146  2H=144  1H=126
       Bonuses: RS vs BTC 7d +8.9% | funding -0.3343%/8h  (+8 pts)
       Entry: $0.027530  |  Stop: $0.023401 (-15.00%)  |  Risk: $1500 (1.50% acct)
       Position: $10000 (10.00% acct, qty 363240.1017)
       TP1: $0.033724 (+22.5%, 1.5R, sell 40%)
       TP2: $0.039919 (+45.0%, 3.0R, sell 35%)
       TP3: $0.048177 (+75.0%, 5.0R, sell 25%)

  [35] CC          score= 120.5  ST=6/6  price=$0.161170      24h= +0.74%  vol=$  3.3M
       TF:  1D=128  12H= 98  6H=142  4H=104  2H=123  1H=114
       Bonuses: 1H pre-pump (obv_stealth_accum)  (+2 pts)
       Entry: $0.161170  |  Stop: $0.144730 (-10.20%)  |  Risk: $1500 (1.50% acct)
       Position: $14705 (14.71% acct, qty 91240.8759)
       TP1: $0.185830 (+15.3%, 1.5R, sell 40%)
       TP2: $0.210490 (+30.6%, 3.0R, sell 35%)
       TP3: $0.243370 (+51.0%, 5.0R, sell 25%)

  [36] RED         score= 120.5  ST=4/6  price=$0.101310      24h= +6.82%  vol=$  1.4M
       TF:  1D= 82  12H= 89  6H=131  4H=149  2H=135  1H=165
       Bonuses: RS vs BTC 7d +1.3%  (+5 pts)
       Entry: $0.101310  |  Stop: $0.089871 (-11.29%)  |  Risk: $1500 (1.50% acct)
       Position: $13285 (13.29% acct, qty 131135.2566)
       TP1: $0.118468 (+16.9%, 1.5R, sell 40%)
       TP2: $0.135626 (+33.9%, 3.0R, sell 35%)
       TP3: $0.158503 (+56.5%, 5.0R, sell 25%)

  [37] ARB         score= 120.1  ST=3/6  price=$0.085550      24h= +0.78%  vol=$ 13.6M
       TF:  1D= 57  12H= 89  6H=164  4H=153  2H=135  1H=126
       Bonuses: RSI div 1D (bullish) | RS vs BTC 7d +0.2%  (+10 pts)
       Entry: $0.085550  |  Stop: $0.076098 (-11.05%)  |  Risk: $1500 (1.50% acct)
       Position: $13576 (13.58% acct, qty 158694.1737)
       TP1: $0.099728 (+16.6%, 1.5R, sell 40%)
       TP2: $0.113906 (+33.1%, 3.0R, sell 35%)
       TP3: $0.132811 (+55.2%, 5.0R, sell 25%)

  [38] BOME        score= 120.1  ST=3/6  price=$0.000469      24h= -1.65%  vol=$  1.1M
       TF:  1D= 83  12H= 93  6H=146  4H=128  2H=139  1H=125
       Bonuses: RSI div 1D (hidden_bullish) | RS vs BTC 7d +7.2%  (+8 pts)
       Entry: $0.000469  |  Stop: $0.000416 (-11.40%)  |  Risk: $1500 (1.50% acct)
       Position: $13158 (13.16% acct, qty 28056112.2244)
       TP1: $0.000549 (+17.1%, 1.5R, sell 40%)
       TP2: $0.000629 (+34.2%, 3.0R, sell 35%)
       TP3: $0.000736 (+57.0%, 5.0R, sell 25%)

  [39] JUP         score= 119.9  ST=5/6  price=$0.193530      24h= -0.36%  vol=$  6.4M
       TF:  1D=103  12H=111  6H=157  4H=129  2H=103  1H= 86
       Bonuses: RS vs BTC 7d +18.6%  (+5 pts)
       Entry: $0.193530  |  Stop: $0.167787 (-13.30%)  |  Risk: $1500 (1.50% acct)
       Position: $11277 (11.28% acct, qty 58267.7821)
       TP1: $0.232145 (+19.9%, 1.5R, sell 40%)
       TP2: $0.270760 (+39.9%, 3.0R, sell 35%)
       TP3: $0.322246 (+66.5%, 5.0R, sell 25%)

  [40] APEX        score= 119.9  ST=4/6  price=$0.309400      24h= +2.59%  vol=$  1.0M
       TF:  1D=127  12H=130  6H=123  4H=113  2H= 78  1H= 66
       Bonuses: 1H pre-pump (obv_stealth_accum) | RS vs BTC 7d +16.1%  (+7 pts)
       Entry: $0.309400  |  Stop: $0.275618 (-10.92%)  |  Risk: $1500 (1.50% acct)
       Position: $13738 (13.74% acct, qty 44402.1567)
       TP1: $0.360073 (+16.4%, 1.5R, sell 40%)
       TP2: $0.410746 (+32.8%, 3.0R, sell 35%)
       TP3: $0.478311 (+54.6%, 5.0R, sell 25%)

  [41] ONDO        score= 119.7  ST=3/6  price=$0.369500      24h= +1.66%  vol=$ 44.7M
       TF:  1D=125  12H=125  6H=  0  4H=130  2H=159  1H=141
       Bonuses: RSI div 1D (hidden_bullish) | 1H pre-pump (bb_squeeze, obv_stealth_accum)  (+7 pts)
       Entry: $0.369500  |  Stop: $0.314075 (-15.00%)  |  Risk: $1500 (1.50% acct)
       Position: $10000 (10.00% acct, qty 27063.5995)
       TP1: $0.452638 (+22.5%, 1.5R, sell 40%)
       TP2: $0.535775 (+45.0%, 3.0R, sell 35%)
       TP3: $0.646625 (+75.0%, 5.0R, sell 25%)

  [42] MITO        score= 119.6  ST=4/6  price=$0.021500      24h=+36.73%  vol=$  5.2M
       TF:  1D= 96  12H= 78  6H=129  4H=147  2H=154  1H=152
       Bonuses: 1H pre-pump (obv_divergence)  (+2 pts)
       Entry: $0.021500  |  Stop: $0.018275 (-15.00%)  |  Risk: $1500 (1.50% acct)
       Position: $10000 (10.00% acct, qty 465116.2791)
       TP1: $0.026337 (+22.5%, 1.5R, sell 40%)
       TP2: $0.031175 (+45.0%, 3.0R, sell 35%)
       TP3: $0.037625 (+75.0%, 5.0R, sell 25%)

  [43] MEME        score= 119.6  ST=4/6  price=$0.000630      24h= -8.62%  vol=$  3.1M
       TF:  1D=154  12H=137  6H= 93  4H= 91  2H= 35  1H= 63
       Bonuses: RSI div 1D (hidden_bullish) | RS vs BTC 7d +3.6% | funding -0.0342%/8h  (+11 pts)
       Entry: $0.000630  |  Stop: $0.000535 (-15.00%)  |  Risk: $1500 (1.50% acct)
       Position: $10000 (10.00% acct, qty 15878056.5259)
       TP1: $0.000772 (+22.5%, 1.5R, sell 40%)
       TP2: $0.000913 (+45.0%, 3.0R, sell 35%)
       TP3: $0.001102 (+75.0%, 5.0R, sell 25%)

  [44] SAGA        score= 119.4  ST=4/6  price=$0.014080      24h= -1.91%  vol=$  1.3M
       TF:  1D= 75  12H= 95  6H=130  4H=138  2H=152  1H=160
       Bonuses: RS vs BTC 7d +5.7%  (+5 pts)
       Entry: $0.014080  |  Stop: $0.011968 (-15.00%)  |  Risk: $1500 (1.50% acct)
       Position: $10000 (10.00% acct, qty 710227.2727)
       TP1: $0.017248 (+22.5%, 1.5R, sell 40%)
       TP2: $0.020416 (+45.0%, 3.0R, sell 35%)
       TP3: $0.024640 (+75.0%, 5.0R, sell 25%)

  [45] LDO         score= 119.1  ST=4/6  price=$0.277100      24h= +3.46%  vol=$ 14.9M
       TF:  1D= 67  12H= 86  6H=142  4H=159  2H=160  1H=138
       Bonuses: RS vs BTC 7d +0.2%  (+5 pts)
       Entry: $0.277100  |  Stop: $0.249446 (-9.98%)  |  Risk: $1500 (1.50% acct)
       Position: $15031 (15.03% acct, qty 54242.5417)
       TP1: $0.318580 (+15.0%, 1.5R, sell 40%)
       TP2: $0.360061 (+29.9%, 3.0R, sell 35%)
       TP3: $0.415368 (+49.9%, 5.0R, sell 25%)

  [46] DOT         score= 119.0  ST=4/6  price=$1.012600      24h= +0.70%  vol=$ 18.4M
       TF:  1D= 67  12H= 69  6H=172  4H=159  2H=148  1H=140
       Bonuses: RSI div 1D (bullish)  (+5 pts)
       Entry: $1.012600  |  Stop: $0.915796 (-9.56%)  |  Risk: $1500 (1.50% acct)
       Position: $15691 (15.69% acct, qty 15495.2961)
       TP1: $1.157805 (+14.3%, 1.5R, sell 40%)
       TP2: $1.303011 (+28.7%, 3.0R, sell 35%)
       TP3: $1.496618 (+47.8%, 5.0R, sell 25%)

  [47] JELLYJELLY  score= 118.8  ST=4/6  price=$0.061100      24h= +5.32%  vol=$  2.7M
       TF:  1D=127  12H=146  6H=103  4H= 73  2H=120  1H=132
       Entry: $0.061100  |  Stop: $0.051935 (-15.00%)  |  Risk: $1500 (1.50% acct)
       Position: $10000 (10.00% acct, qty 163666.1211)
       TP1: $0.074847 (+22.5%, 1.5R, sell 40%)
       TP2: $0.088595 (+45.0%, 3.0R, sell 35%)
       TP3: $0.106925 (+75.0%, 5.0R, sell 25%)

  [48] Q           score= 118.3  ST=5/6  price=$0.020014      24h= -9.63%  vol=$  1.0M
       TF:  1D=128  12H=146  6H=141  4H=123  2H= 61  1H= 13
       Bonuses: RS vs BTC 7d +10.0%  (+5 pts)
       Entry: $0.020014  |  Stop: $0.017053 (-14.80%)  |  Risk: $1500 (1.50% acct)
       Position: $10137 (10.14% acct, qty 506512.3010)
       TP1: $0.024456 (+22.2%, 1.5R, sell 40%)
       TP2: $0.028898 (+44.4%, 3.0R, sell 35%)
       TP3: $0.034821 (+74.0%, 5.0R, sell 25%)

  [49] FIDA        score= 118.0  ST=4/6  price=$0.023246      24h= -2.21%  vol=$  2.2M
       TF:  1D= 77  12H=136  6H=128  4H=105  2H=133  1H=113
       Bonuses: 1H pre-pump (obv_divergence, obv_stealth_accum) | funding -0.1669%/8h  (+7 pts)
       Entry: $0.023246  |  Stop: $0.019759 (-15.00%)  |  Risk: $1500 (1.50% acct)
       Position: $10000 (10.00% acct, qty 430181.5366)
       TP1: $0.028476 (+22.5%, 1.5R, sell 40%)
       TP2: $0.033707 (+45.0%, 3.0R, sell 35%)
       TP3: $0.040681 (+75.0%, 5.0R, sell 25%)

  [50] HYPER       score= 117.8  ST=4/6  price=$0.078730      24h= +4.66%  vol=$  1.3M
       TF:  1D= 71  12H= 97  6H=130  4H=134  2H=157  1H=151
       Bonuses: RS vs BTC 7d +11.7%  (+5 pts)
       Entry: $0.078730  |  Stop: $0.068800 (-12.61%)  |  Risk: $1500 (1.50% acct)
       Position: $11893 (11.89% acct, qty 151057.4018)
       TP1: $0.093625 (+18.9%, 1.5R, sell 40%)
       TP2: $0.108520 (+37.8%, 3.0R, sell 35%)
       TP3: $0.128380 (+63.1%, 5.0R, sell 25%)

--------------------------------------------------------------------------------
  WATCH  —  38 coin(s)  (worth tracking)
--------------------------------------------------------------------------------
  #   Symbol      Score  ST         Price    24h%   Vol $M  TF breakdown
  ------------------------------------------------------------------------------
    1 KAITO       106.6  2/6  $   0.487500  -3.33%  $    3.2  1D= 97  12H=134  6H=131  4H=103  2H= 26  1H= 44
    2 XRP         102.7  1/6  $   1.216600  -1.87%  $  267.9  1D= 98  12H=109  6H=117  4H= 78  2H= 98  1H= 74
    3 EGLD        101.8  2/6  $   3.002000  -0.79%  $    4.8  1D= 70  12H= 96  6H=116  4H=133  2H= 94  1H= 94
    4 SOON         99.7  5/6  $   0.176520  -6.19%  $    1.3  1D= 84  12H=158  6H= 87  4H=131  2H= 59  1H= 48
    5 SHIB1000     99.6  2/6  $   0.004975  -0.06%  $    5.0  1D= 73  12H= 75  6H=128  4H= 93  2H=129  1H=105
    6 W            99.6  2/6  $   0.009957  +0.28%  $    1.3  1D= 52  12H= 97  6H=122  4H=117  2H=119  1H=105
    7 EDEN         99.5  4/6  $   0.044740  -6.53%  $    2.2  1D= 66  12H= 73  6H=105  4H=137  2H=114  1H=124
    8 ORDI         98.5  4/6  $   3.432000  -2.84%  $    5.4  1D= 80  12H= 96  6H=122  4H= 93  2H= 55  1H= 80
    9 STRK         98.0  3/6  $   0.035360  -1.87%  $    5.4  1D= 95  12H= 81  6H=110  4H= 83  2H=124  1H= 94
   10 JASMY        97.5  4/6  $   0.004876  +1.16%  $    2.4  1D= 60  12H=115  6H=100  4H=101  2H=125  1H=126
   11 BABY         96.0  4/6  $   0.016686 -10.29%  $    2.9  1D=116  12H=128  6H= 93  4H= 65  2H= 25  1H= 32
   12 SAND         95.8  2/6  $   0.053220  -0.68%  $    2.7  1D= 71  12H= 86  6H=107  4H=123  2H=105  1H= 86
   13 TRX          94.7  3/6  $   0.316660  +0.84%  $    8.2  1D= 31  12H= 71  6H= 91  4H=128  2H=139  1H=123
   14 POL          94.5  2/6  $   0.076170  -0.63%  $    5.7  1D= 38  12H= 96  6H=118  4H=151  2H=111  1H=110
   15 ZRO          93.9  3/6  $   1.075300  -6.49%  $    8.5  1D= 96  12H= 91  6H= 96  4H=102  2H= 49  1H= 82
   16 DYDX         93.0  2/6  $   0.122730  -0.02%  $    3.4  1D= 40  12H= 99  6H=104  4H=115  2H=114  1H=125
   17 BCH          92.9  2/6  $ 213.900000  -1.83%  $   28.8  1D= 70  12H= 80  6H=112  4H=104  2H= 75  1H= 69
   18 MON          92.8  3/6  $   0.023042  -4.29%  $    4.7  1D= 84  12H=112  6H= 99  4H= 76  2H= 46  1H= 81
   19 HIGH         92.7  3/6  $   0.042320  +2.43%  $    9.6  1D= 40  12H=115  6H=141  4H=141  2H=110  1H= 60
   20 HBAR         92.6  3/6  $   0.080640  -0.59%  $   12.2  1D= 71  12H= 85  6H=103  4H=124  2H= 84  1H=116
   21 ICP          92.4  3/6  $   2.354000  +0.93%  $   14.6  1D= 48  12H=108  6H= 94  4H=110  2H=100  1H=108
   22 VIRTUAL      92.1  4/6  $   0.625600  -2.01%  $   17.9  1D= 75  12H=101  6H= 95  4H= 89  2H= 77  1H= 71
   23 KAS          92.0  2/6  $   0.032450  -2.54%  $    2.4  1D= 75  12H=138  6H=100  4H= 88  2H= 27  1H= 70
   24 PORTAL       91.6  4/6  $   0.015967 -13.39%  $   10.4  1D= 73  12H=117  6H=107  4H=103  2H= 68  1H= 51
   25 ROAM         90.9  4/6  $   0.010532 -18.73%  $    3.0  1D=113  12H=111  6H= 86  4H= 88  2H= 35  1H= 18
   26 VELVET       90.5  1/6  $   0.454000 -24.10%  $   13.2  1D=110  12H= 97  6H= 37  4H= 90  2H= 65  1H= 34
   27 GMT          89.3  3/6  $   0.008321  -1.61%  $    1.1  1D= 60  12H= 71  6H=105  4H=109  2H=137  1H= 98
   28 MNT          84.1  3/6  $   0.557700  -1.01%  $    7.2  1D= 82  12H=109  6H=108  4H= 48  2H= 51  1H= 68
   29 PIPPIN       82.5  4/6  $   0.018530  -7.85%  $    3.2  1D=121  12H= 99  6H= 35  4H= 64  2H= 72  1H= 53
   30 PUMPFUN      82.4  2/6  $   0.001508  -1.63%  $   11.8  1D= 92  12H= 53  6H= 98  4H= 43  2H=100  1H=109
   31 XMR          78.7  4/6  $ 345.850000  -3.07%  $   18.9  1D= 96  12H=100  6H= 47  4H= 75  2H= 46  1H= 30
   32 CHIP         77.4  2/6  $   0.035730  -7.23%  $    4.1  1D= 88  12H=100  6H= 70  4H= 50  2H= 31  1H= 60
   33 BNB          74.8  1/6  $ 604.700000  -0.49%  $   43.7  1D= 71  12H=103  6H= 75  4H=  0  2H=113  1H= 95
   34 RENDER       74.8  2/6  $   1.728000  -1.63%  $   10.0  1D= 75  12H= 84  6H= 67  4H= 27  2H= 81  1H= 62
   35 NOT          74.2  1/6  $   0.000421  +1.58%  $    2.8  1D= 84  12H= 79  6H= 29  4H= 27  2H= 74  1H=106
   36 DOGE         72.2  2/6  $   0.087120  -0.79%  $  112.2  1D= 64  12H= 64  6H= 79  4H= 54  2H= 89  1H=108
   37 HMSTR        72.0  3/6  $   0.000175  -8.05%  $    2.4  1D=110  12H= 58  6H= 62  4H= 67  2H= 53  1H= 39
   38 PLAYSOUT     71.6  2/6  $   0.033540 +11.87%  $    3.6  1D= 38  12H= 64  6H= 59  4H= 66  2H=150  1H=114

================================================================================
2026-06-17 19:38:49,327 [INFO]   Saved → trend_v3_LATEST.txt, trend_v3_LATEST.json, trend_v3_20260617_193849.txt
2026-06-17 21:08:15,513 [INFO] ================================================================
2026-06-17 21:08:15,524 [INFO] TREND SCANNER v3.0
2026-06-17 21:08:15,525 [INFO] ================================================================
2026-06-17 21:08:15,526 [INFO] Building universe (Bybit perps)...
2026-06-17 21:08:16,146 [INFO]   Universe (post-filter): 251 coins
2026-06-17 21:08:16,148 [INFO] Fetching BTC 1D for regime detection...
2026-06-17 21:08:16,739 [INFO]   Regime: BULL  |  BTC 7d +6.39%  |  24h -0.99%
2026-06-17 21:08:16,741 [INFO] Scanning 251 coins across 6 timeframes...
2026-06-17 21:08:16,743 [INFO] (this is the slowest scanner — first run ~10min, subsequent ~2-3min)
2026-06-17 21:09:12,326 [INFO]   ...20/251  (surfaced: 14)
2026-06-17 21:10:00,312 [INFO]   ...40/251  (surfaced: 31)
2026-06-17 21:10:49,256 [INFO]   ...60/251  (surfaced: 45)
2026-06-17 21:11:40,399 [INFO]   ...80/251  (surfaced: 61)
2026-06-17 21:12:30,630 [INFO]   ...100/251  (surfaced: 79)
2026-06-17 21:13:24,092 [INFO]   ...120/251  (surfaced: 90)
2026-06-17 21:14:18,679 [INFO]   ...140/251  (surfaced: 103)
2026-06-17 21:15:15,090 [INFO]   ...160/251  (surfaced: 117)
2026-06-17 21:16:11,023 [INFO]   ...180/251  (surfaced: 132)
2026-06-17 21:17:05,086 [INFO]   ...200/251  (surfaced: 147)
2026-06-17 21:17:53,880 [INFO]   ...220/251  (surfaced: 161)
2026-06-17 21:18:41,732 [INFO]   ...240/251  (surfaced: 174)
2026-06-17 21:19:11,958 [INFO] Done in 656s  |  scanned=213  failed=38  strong=32  long=50  watch=50
2026-06-17 21:19:11,965 [INFO] 
================================================================================
  TREND SCANNER v3.0  —  multi-timeframe confirmation + trade plans
  Generated  : 2026-06-17 21:19:11
  Universe   : 251 Bybit perps  |  Scanned: 213
  Scan time  : 656s
================================================================================

  Regime     : 🟢 BULL
               BTC 7d +6.39%  |  24h -0.99%  |  $65,675

  Account    : $100,000  |  Risk/trade: 1.5%

  Tiers (bull):  STRONG ≥ 130 & ST≥4  |  LONG ≥ 100 & ST≥3  |  WATCH ≥ 70

  TF weights : 1D×0.28 · 12H×0.2 · 6H×0.15 · 4H×0.15 · 2H×0.12 · 1H×0.1

--------------------------------------------------------------------------------
  STRONG  —  32 coin(s)  (highest conviction, full position)
--------------------------------------------------------------------------------

  [ 1] LIT         score= 166.4  ST=6/6  price=$1.735000      24h= -0.93%  vol=$ 19.4M
       TF:  1D=153  12H=148  6H=173  4H=164  2H=162  1H=140
       Bonuses: 1H pre-pump (obv_stealth_accum) | RS vs BTC 7d +3.2% | funding -0.0281%/8h  (+10 pts)
       Entry: $1.735000  |  Stop: $1.474750 (-15.00%)  |  Risk: $1500 (1.50% acct)
       Position: $10000 (10.00% acct, qty 5763.6888)
       TP1: $2.125375 (+22.5%, 1.5R, sell 40%)
       TP2: $2.515750 (+45.0%, 3.0R, sell 35%)
       TP3: $3.036250 (+75.0%, 5.0R, sell 25%)

  [ 2] BR          score= 158.6  ST=6/6  price=$0.191090      24h= +2.08%  vol=$ 15.1M
       TF:  1D=152  12H=151  6H=142  4H=149  2H=159  1H= 91
       Bonuses: RSI div 1D (bullish) | 1H pre-pump (obv_divergence, obv_stealth_accum) | RS vs BTC 7d +66.9%  (+14 pts)
       Entry: $0.191090  |  Stop: $0.162427 (-15.00%)  |  Risk: $1500 (1.50% acct)
       Position: $10000 (10.00% acct, qty 52331.3622)
       TP1: $0.234085 (+22.5%, 1.5R, sell 40%)
       TP2: $0.277081 (+45.0%, 3.0R, sell 35%)
       TP3: $0.334408 (+75.0%, 5.0R, sell 25%)

  [ 3] BLESS       score= 153.0  ST=4/6  price=$0.007675      24h=+13.50%  vol=$ 16.0M
       TF:  1D=157  12H=134  6H=137  4H=157  2H=141  1H=112
       Bonuses: RSI div 1D (bullish) | RS vs BTC 7d +6.0%  (+10 pts)
       Entry: $0.007675  |  Stop: $0.006524 (-15.00%)  |  Risk: $1500 (1.50% acct)
       Position: $10000 (10.00% acct, qty 1302931.5961)
       TP1: $0.009402 (+22.5%, 1.5R, sell 40%)
       TP2: $0.011129 (+45.0%, 3.0R, sell 35%)
       TP3: $0.013431 (+75.0%, 5.0R, sell 25%)

  [ 4] BP          score= 151.0  ST=6/6  price=$0.386290      24h=+18.43%  vol=$  1.0M
       TF:  1D=154  12H=154  6H=175  4H=125  2H=158  1H= 81
       Bonuses: RS vs BTC 7d +74.3%  (+5 pts)
       Entry: $0.386290  |  Stop: $0.328346 (-15.00%)  |  Risk: $1500 (1.50% acct)
       Position: $10000 (10.00% acct, qty 25887.2868)
       TP1: $0.473205 (+22.5%, 1.5R, sell 40%)
       TP2: $0.560121 (+45.0%, 3.0R, sell 35%)
       TP3: $0.676007 (+75.0%, 5.0R, sell 25%)

  [ 5] SPX         score= 146.5  ST=6/6  price=$0.390200      24h=+12.97%  vol=$ 50.9M
       TF:  1D=129  12H=150  6H=143  4H=128  2H=172  1H=121
       Bonuses: 1H pre-pump (obv_stealth_accum) | RS vs BTC 7d +22.2%  (+7 pts)
       Entry: $0.390200  |  Stop: $0.339821 (-12.91%)  |  Risk: $1500 (1.50% acct)
       Position: $11618 (11.62% acct, qty 29774.5640)
       TP1: $0.465768 (+19.4%, 1.5R, sell 40%)
       TP2: $0.541336 (+38.7%, 3.0R, sell 35%)
       TP3: $0.642093 (+64.5%, 5.0R, sell 25%)

  [ 6] AERO        score= 146.5  ST=6/6  price=$0.470400      24h= +1.03%  vol=$ 20.8M
       TF:  1D=140  12H=152  6H=162  4H=161  2H=133  1H= 75
       Bonuses: RS vs BTC 7d +35.8%  (+5 pts)
       Entry: $0.470400  |  Stop: $0.420118 (-10.69%)  |  Risk: $1500 (1.50% acct)
       Position: $14033 (14.03% acct, qty 29831.6642)
       TP1: $0.545823 (+16.0%, 1.5R, sell 40%)
       TP2: $0.621246 (+32.1%, 3.0R, sell 35%)
       TP3: $0.721811 (+53.5%, 5.0R, sell 25%)

  [ 7] ZAMA        score= 146.2  ST=5/6  price=$0.032050      24h= +4.90%  vol=$  3.3M
       TF:  1D=102  12H=155  6H=161  4H=148  2H=156  1H=106
       Bonuses: RSI div 1D (hidden_bullish) | RS vs BTC 7d +4.5% | funding -0.0614%/8h  (+11 pts)
       Entry: $0.032050  |  Stop: $0.028138 (-12.21%)  |  Risk: $1500 (1.50% acct)
       Position: $12290 (12.29% acct, qty 383456.5872)
       TP1: $0.037918 (+18.3%, 1.5R, sell 40%)
       TP2: $0.043785 (+36.6%, 3.0R, sell 35%)
       TP3: $0.051609 (+61.0%, 5.0R, sell 25%)

  [ 8] MMT         score= 146.0  ST=6/6  price=$0.140450      24h= +0.16%  vol=$  1.8M
       TF:  1D=124  12H=140  6H=150  4H=154  2H=134  1H=126
       Bonuses: 1H pre-pump (bb_squeeze, obv_stealth_accum) | RS vs BTC 7d +28.0%  (+9 pts)
       Entry: $0.140450  |  Stop: $0.125150 (-10.89%)  |  Risk: $1500 (1.50% acct)
       Position: $13770 (13.77% acct, qty 98039.2157)
       TP1: $0.163400 (+16.3%, 1.5R, sell 40%)
       TP2: $0.186350 (+32.7%, 3.0R, sell 35%)
       TP3: $0.216950 (+54.5%, 5.0R, sell 25%)

  [ 9] XPL         score= 144.2  ST=5/6  price=$0.091340      24h=+26.50%  vol=$118.6M
       TF:  1D=105  12H=126  6H=158  4H=167  2H=154  1H=144
       Bonuses: RS vs BTC 7d +31.9% | funding -0.0231%/8h  (+8 pts)
       Entry: $0.091340  |  Stop: $0.077639 (-15.00%)  |  Risk: $1500 (1.50% acct)
       Position: $10000 (10.00% acct, qty 109481.0598)
       TP1: $0.111892 (+22.5%, 1.5R, sell 40%)
       TP2: $0.132443 (+45.0%, 3.0R, sell 35%)
       TP3: $0.159845 (+75.0%, 5.0R, sell 25%)

  [10] FOLKS       score= 144.1  ST=6/6  price=$1.940000      24h=+19.94%  vol=$  2.5M
       TF:  1D=138  12H=150  6H=146  4H=141  2H=145  1H=150
       Entry: $1.940000  |  Stop: $1.649000 (-15.00%)  |  Risk: $1500 (1.50% acct)
       Position: $10000 (10.00% acct, qty 5154.6392)
       TP1: $2.376500 (+22.5%, 1.5R, sell 40%)
       TP2: $2.813000 (+45.0%, 3.0R, sell 35%)
       TP3: $3.395000 (+75.0%, 5.0R, sell 25%)

  [11] PARTI       score= 143.6  ST=6/6  price=$0.061510      24h= -1.52%  vol=$  1.3M
       TF:  1D=137  12H=153  6H=138  4H=153  2H=112  1H= 75
       Bonuses: RSI div 1D (bullish) | RS vs BTC 7d +3.7%  (+10 pts)
       Entry: $0.061510  |  Stop: $0.052283 (-15.00%)  |  Risk: $1500 (1.50% acct)
       Position: $10000 (10.00% acct, qty 162575.1910)
       TP1: $0.075350 (+22.5%, 1.5R, sell 40%)
       TP2: $0.089190 (+45.0%, 3.0R, sell 35%)
       TP3: $0.107643 (+75.0%, 5.0R, sell 25%)

  [12] TRUTH       score= 142.8  ST=6/6  price=$0.013390      24h= +2.76%  vol=$  1.4M
       TF:  1D=117  12H=154  6H=157  4H=152  2H=124  1H=130
       Bonuses: RS vs BTC 7d +5.8%  (+5 pts)
       Entry: $0.013390  |  Stop: $0.011381 (-15.00%)  |  Risk: $1500 (1.50% acct)
       Position: $10000 (10.00% acct, qty 746825.9895)
       TP1: $0.016403 (+22.5%, 1.5R, sell 40%)
       TP2: $0.019415 (+45.0%, 3.0R, sell 35%)
       TP3: $0.023432 (+75.0%, 5.0R, sell 25%)

  [13] SQD         score= 141.9  ST=5/6  price=$0.050840      24h= +1.69%  vol=$ 12.0M
       TF:  1D=140  12H=155  6H=150  4H=160  2H= 98  1H= 34
       Bonuses: RSI div 1D (bullish) | RS vs BTC 7d +55.9%  (+10 pts)
       Entry: $0.050840  |  Stop: $0.043214 (-15.00%)  |  Risk: $1500 (1.50% acct)
       Position: $10000 (10.00% acct, qty 196695.5153)
       TP1: $0.062279 (+22.5%, 1.5R, sell 40%)
       TP2: $0.073718 (+45.0%, 3.0R, sell 35%)
       TP3: $0.088970 (+75.0%, 5.0R, sell 25%)

  [14] EPIC        score= 139.6  ST=6/6  price=$0.636300      24h= +5.21%  vol=$  3.9M
       TF:  1D=136  12H=132  6H=127  4H=136  2H=152  1H=124
       Bonuses: RS vs BTC 7d +21.2%  (+5 pts)
       Entry: $0.636300  |  Stop: $0.540855 (-15.00%)  |  Risk: $1500 (1.50% acct)
       Position: $10000 (10.00% acct, qty 15715.8573)
       TP1: $0.779467 (+22.5%, 1.5R, sell 40%)
       TP2: $0.922635 (+45.0%, 3.0R, sell 35%)
       TP3: $1.113525 (+75.0%, 5.0R, sell 25%)

  [15] ETHFI       score= 139.4  ST=4/6  price=$0.339300      24h= +8.47%  vol=$ 14.9M
       TF:  1D=102  12H= 98  6H=162  4H=162  2H=154  1H=142
       Bonuses: 1H pre-pump (obv_divergence) | RS vs BTC 7d +5.1% | funding -0.0127%/8h  (+10 pts)
       Entry: $0.339300  |  Stop: $0.295543 (-12.90%)  |  Risk: $1500 (1.50% acct)
       Position: $11631 (11.63% acct, qty 34280.1175)
       TP1: $0.404936 (+19.3%, 1.5R, sell 40%)
       TP2: $0.470571 (+38.7%, 3.0R, sell 35%)
       TP3: $0.558086 (+64.5%, 5.0R, sell 25%)

  [16] AT          score= 139.2  ST=6/6  price=$0.132600      24h=+22.16%  vol=$  2.2M
       TF:  1D=110  12H=118  6H=144  4H=149  2H=147  1H=152
       Bonuses: RSI div 1D (hidden_bullish) | RS vs BTC 7d +2.1%  (+8 pts)
       Entry: $0.132600  |  Stop: $0.112710 (-15.00%)  |  Risk: $1500 (1.50% acct)
       Position: $10000 (10.00% acct, qty 75414.7813)
       TP1: $0.162435 (+22.5%, 1.5R, sell 40%)
       TP2: $0.192270 (+45.0%, 3.0R, sell 35%)
       TP3: $0.232050 (+75.0%, 5.0R, sell 25%)

  [17] US          score= 139.1  ST=5/6  price=$0.012570      24h=+29.28%  vol=$  1.6M
       TF:  1D=133  12H=131  6H=154  4H=134  2H=144  1H=152
       Entry: $0.012570  |  Stop: $0.010684 (-15.00%)  |  Risk: $1500 (1.50% acct)
       Position: $10000 (10.00% acct, qty 795544.9483)
       TP1: $0.015398 (+22.5%, 1.5R, sell 40%)
       TP2: $0.018226 (+45.0%, 3.0R, sell 35%)
       TP3: $0.021997 (+75.0%, 5.0R, sell 25%)

  [18] VELODROME   score= 138.2  ST=6/6  price=$0.018561      24h= +1.20%  vol=$  1.7M
       TF:  1D=134  12H=147  6H=144  4H=139  2H=121  1H= 93
       Bonuses: RS vs BTC 7d +26.8%  (+5 pts)
       Entry: $0.018561  |  Stop: $0.016591 (-10.61%)  |  Risk: $1500 (1.50% acct)
       Position: $14136 (14.14% acct, qty 761614.6230)
       TP1: $0.021515 (+15.9%, 1.5R, sell 40%)
       TP2: $0.024470 (+31.8%, 3.0R, sell 35%)
       TP3: $0.028408 (+53.0%, 5.0R, sell 25%)

  [19] RUNE        score= 138.0  ST=5/6  price=$0.411100      24h= +2.05%  vol=$  1.7M
       TF:  1D=119  12H=132  6H=142  4H=136  2H=181  1H=149
       Entry: $0.411100  |  Stop: $0.359350 (-12.59%)  |  Risk: $1500 (1.50% acct)
       Position: $11916 (11.92% acct, qty 28985.5072)
       TP1: $0.488725 (+18.9%, 1.5R, sell 40%)
       TP2: $0.566350 (+37.8%, 3.0R, sell 35%)
       TP3: $0.669850 (+62.9%, 5.0R, sell 25%)

  [20] WLD         score= 137.2  ST=6/6  price=$0.675000      24h= -2.93%  vol=$229.0M
       TF:  1D=150  12H=141  6H=137  4H=145  2H=107  1H= 39
       Bonuses: RSI div 1D (hidden_bullish) | RS vs BTC 7d +26.5%  (+8 pts)
       Entry: $0.675000  |  Stop: $0.573750 (-15.00%)  |  Risk: $1500 (1.50% acct)
       Position: $10000 (10.00% acct, qty 14814.8148)
       TP1: $0.826875 (+22.5%, 1.5R, sell 40%)
       TP2: $0.978750 (+45.0%, 3.0R, sell 35%)
       TP3: $1.181250 (+75.0%, 5.0R, sell 25%)

  [21] MAGMA       score= 136.3  ST=5/6  price=$0.378160      24h=+33.46%  vol=$  8.6M
       TF:  1D=129  12H=120  6H=144  4H=134  2H=127  1H=162
       Bonuses: RSI div 1D (hidden_bullish)  (+3 pts)
       Entry: $0.378160  |  Stop: $0.321436 (-15.00%)  |  Risk: $1500 (1.50% acct)
       Position: $10000 (10.00% acct, qty 26443.8333)
       TP1: $0.463246 (+22.5%, 1.5R, sell 40%)
       TP2: $0.548332 (+45.0%, 3.0R, sell 35%)
       TP3: $0.661780 (+75.0%, 5.0R, sell 25%)

  [22] BLUAI       score= 135.4  ST=5/6  price=$0.014000      24h= +2.54%  vol=$  1.1M
       TF:  1D=132  12H=113  6H=140  4H=148  2H=122  1H=110
       Bonuses: 1H pre-pump (obv_stealth_accum) | RS vs BTC 7d +15.2%  (+7 pts)
       Entry: $0.014000  |  Stop: $0.011900 (-15.00%)  |  Risk: $1500 (1.50% acct)
       Position: $10000 (10.00% acct, qty 714285.7143)
       TP1: $0.017150 (+22.5%, 1.5R, sell 40%)
       TP2: $0.020300 (+45.0%, 3.0R, sell 35%)
       TP3: $0.024500 (+75.0%, 5.0R, sell 25%)

  [23] HOLO        score= 134.2  ST=5/6  price=$0.065430      24h= +7.73%  vol=$  1.3M
       TF:  1D=101  12H=150  6H=143  4H=151  2H=144  1H=145
       Entry: $0.065430  |  Stop: $0.056482 (-13.67%)  |  Risk: $1500 (1.50% acct)
       Position: $10969 (10.97% acct, qty 167644.5935)
       TP1: $0.078851 (+20.5%, 1.5R, sell 40%)
       TP2: $0.092272 (+41.0%, 3.0R, sell 35%)
       TP3: $0.110168 (+68.4%, 5.0R, sell 25%)

  [24] HYPE        score= 134.1  ST=5/6  price=$73.565000     24h= +0.31%  vol=$676.5M
       TF:  1D=126  12H=142  6H=155  4H=148  2H= 81  1H= 72
       Bonuses: RS vs BTC 7d +20.9% | funding -0.0115%/8h  (+8 pts)
       Entry: $73.565000  |  Stop: $63.406036 (-13.81%)  |  Risk: $1500 (1.50% acct)
       Position: $10862 (10.86% acct, qty 147.6528)
       TP1: $88.803446 (+20.7%, 1.5R, sell 40%)
       TP2: $104.041893 (+41.4%, 3.0R, sell 35%)
       TP3: $124.359821 (+69.0%, 5.0R, sell 25%)

  [25] WLFI        score= 133.8  ST=5/6  price=$0.060060      24h= +1.47%  vol=$  6.8M
       TF:  1D=109  12H=113  6H=135  4H=157  2H=136  1H=126
       Bonuses: RS vs BTC 7d +3.5% | funding -0.0702%/8h  (+8 pts)
       Entry: $0.060060  |  Stop: $0.053581 (-10.79%)  |  Risk: $1500 (1.50% acct)
       Position: $13905 (13.91% acct, qty 231519.7619)
       TP1: $0.069778 (+16.2%, 1.5R, sell 40%)
       TP2: $0.079497 (+32.4%, 3.0R, sell 35%)
       TP3: $0.092455 (+53.9%, 5.0R, sell 25%)

  [26] BRETT       score= 133.0  ST=5/6  price=$0.006411      24h= +5.76%  vol=$  3.1M
       TF:  1D= 91  12H=125  6H=168  4H=120  2H=148  1H=166
       Bonuses: RS vs BTC 7d +11.0%  (+5 pts)
       Entry: $0.006411  |  Stop: $0.005449 (-15.00%)  |  Risk: $1500 (1.50% acct)
       Position: $10000 (10.00% acct, qty 1559819.0610)
       TP1: $0.007853 (+22.5%, 1.5R, sell 40%)
       TP2: $0.009296 (+45.0%, 3.0R, sell 35%)
       TP3: $0.011219 (+75.0%, 5.0R, sell 25%)

  [27] GPS         score= 132.8  ST=5/6  price=$0.009351      24h= +0.82%  vol=$  1.1M
       TF:  1D=155  12H=126  6H=143  4H=146  2H= 86  1H= 25
       Bonuses: RSI div 1D (hidden_bullish) | RS vs BTC 7d +31.4%  (+8 pts)
       Entry: $0.009351  |  Stop: $0.007948 (-15.00%)  |  Risk: $1500 (1.50% acct)
       Position: $10000 (10.00% acct, qty 1069404.3418)
       TP1: $0.011455 (+22.5%, 1.5R, sell 40%)
       TP2: $0.013559 (+45.0%, 3.0R, sell 35%)
       TP3: $0.016364 (+75.0%, 5.0R, sell 25%)

  [28] SPACE       score= 132.6  ST=5/6  price=$0.007861      24h= +3.53%  vol=$  4.2M
       TF:  1D=118  12H=149  6H=129  4H=138  2H= 96  1H= 72
       Bonuses: RSI div 1D (hidden_bullish) | RS vs BTC 7d +12.9% | funding -0.0915%/8h  (+11 pts)
       Entry: $0.007861  |  Stop: $0.006682 (-15.00%)  |  Risk: $1500 (1.50% acct)
       Position: $10000 (10.00% acct, qty 1272102.7859)
       TP1: $0.009630 (+22.5%, 1.5R, sell 40%)
       TP2: $0.011398 (+45.0%, 3.0R, sell 35%)
       TP3: $0.013757 (+75.0%, 5.0R, sell 25%)

  [29] BSB         score= 131.6  ST=6/6  price=$0.536400      24h= +8.74%  vol=$ 78.9M
       TF:  1D=118  12H=130  6H=134  4H=139  2H=143  1H=125
       Bonuses: RS vs BTC 7d +88.6%  (+2 pts)
       Entry: $0.536400  |  Stop: $0.455940 (-15.00%)  |  Risk: $1500 (1.50% acct)
       Position: $10000 (10.00% acct, qty 18642.8039)
       TP1: $0.657090 (+22.5%, 1.5R, sell 40%)
       TP2: $0.777780 (+45.0%, 3.0R, sell 35%)
       TP3: $0.938700 (+75.0%, 5.0R, sell 25%)

  [30] BANANAS31   score= 130.9  ST=5/6  price=$0.009971      24h= +8.46%  vol=$  3.2M
       TF:  1D= 76  12H=125  6H=157  4H=163  2H=137  1H=152
       Bonuses: RSI div 1D (bullish)  (+5 pts)
       Entry: $0.009971  |  Stop: $0.008475 (-15.00%)  |  Risk: $1500 (1.50% acct)
       Position: $10000 (10.00% acct, qty 1002908.4345)
       TP1: $0.012214 (+22.5%, 1.5R, sell 40%)
       TP2: $0.014458 (+45.0%, 3.0R, sell 35%)
       TP3: $0.017449 (+75.0%, 5.0R, sell 25%)

  [31] BIO         score= 130.2  ST=4/6  price=$0.030490      24h=+16.24%  vol=$ 24.0M
       TF:  1D= 77  12H=137  6H=139  4H=144  2H=156  1H=151
       Bonuses: RSI div 1D (bullish)  (+5 pts)
       Entry: $0.030490  |  Stop: $0.025916 (-15.00%)  |  Risk: $1500 (1.50% acct)
       Position: $10000 (10.00% acct, qty 327976.3857)
       TP1: $0.037350 (+22.5%, 1.5R, sell 40%)
       TP2: $0.044210 (+45.0%, 3.0R, sell 35%)
       TP3: $0.053358 (+75.0%, 5.0R, sell 25%)

  [32] UNI         score= 130.1  ST=5/6  price=$3.289000      24h= -0.25%  vol=$132.0M
       TF:  1D=127  12H=134  6H=129  4H=151  2H=104  1H= 33
       Bonuses: RSI div 1D (bullish) | RS vs BTC 7d +26.4%  (+10 pts)
       Entry: $3.289000  |  Stop: $2.987714 (-9.16%)  |  Risk: $1500 (1.50% acct)
       Position: $16375 (16.37% acct, qty 4978.6629)
       TP1: $3.740929 (+13.7%, 1.5R, sell 40%)
       TP2: $4.192857 (+27.5%, 3.0R, sell 35%)
       TP3: $4.795429 (+45.8%, 5.0R, sell 25%)

--------------------------------------------------------------------------------
  LONG  —  50 coin(s)  (tradeable trend)
--------------------------------------------------------------------------------

  [ 1] LAB         score= 129.9  ST=5/6  price=$13.356000     24h= +2.17%  vol=$ 40.5M
       TF:  1D=121  12H= 90  6H=130  4H=175  2H=124  1H=104
       Bonuses: 1H pre-pump (obv_stealth_accum) | RS vs BTC 7d +37.6%  (+7 pts)
       Entry: $13.356000  |  Stop: $11.352600 (-15.00%)  |  Risk: $1500 (1.50% acct)
       Position: $10000 (10.00% acct, qty 748.7272)
       TP1: $16.361100 (+22.5%, 1.5R, sell 40%)
       TP2: $19.366200 (+45.0%, 3.0R, sell 35%)
       TP3: $23.373000 (+75.0%, 5.0R, sell 25%)

  [ 2] ENJ         score= 129.8  ST=5/6  price=$0.033076      24h= +1.28%  vol=$  2.6M
       TF:  1D= 94  12H= 86  6H=142  4H=137  2H=169  1H=161
       Bonuses: RS vs BTC 7d +6.5% | funding -0.0198%/8h  (+8 pts)
       Entry: $0.033076  |  Stop: $0.028959 (-12.45%)  |  Risk: $1500 (1.50% acct)
       Position: $12051 (12.05% acct, qty 364355.6111)
       TP1: $0.039251 (+18.7%, 1.5R, sell 40%)
       TP2: $0.045427 (+37.3%, 3.0R, sell 35%)
       TP3: $0.053660 (+62.2%, 5.0R, sell 25%)

  [ 3] GRASS       score= 129.2  ST=4/6  price=$0.451160      24h= +0.61%  vol=$  7.6M
       TF:  1D=123  12H=130  6H=165  4H=133  2H= 90  1H= 53
       Bonuses: RSI div 1D (hidden_bullish) | RS vs BTC 7d +24.8%  (+8 pts)
       Entry: $0.451160  |  Stop: $0.383486 (-15.00%)  |  Risk: $1500 (1.50% acct)
       Position: $10000 (10.00% acct, qty 22165.0856)
       TP1: $0.552671 (+22.5%, 1.5R, sell 40%)
       TP2: $0.654182 (+45.0%, 3.0R, sell 35%)
       TP3: $0.789530 (+75.0%, 5.0R, sell 25%)

  [ 4] USELESS     score= 129.1  ST=5/6  price=$0.076480      24h= +1.22%  vol=$  4.3M
       TF:  1D= 90  12H=116  6H=178  4H=160  2H=139  1H= 83
       Bonuses: RS vs BTC 7d +9.4%  (+5 pts)
       Entry: $0.076480  |  Stop: $0.065008 (-15.00%)  |  Risk: $1500 (1.50% acct)
       Position: $10000 (10.00% acct, qty 130753.1381)
       TP1: $0.093688 (+22.5%, 1.5R, sell 40%)
       TP2: $0.110896 (+45.0%, 3.0R, sell 35%)
       TP3: $0.133840 (+75.0%, 5.0R, sell 25%)

  [ 5] JTO         score= 129.0  ST=5/6  price=$0.794800      24h= -9.98%  vol=$ 26.6M
       TF:  1D=163  12H=134  6H=162  4H=108  2H= 76  1H= 19
       Bonuses: RS vs BTC 7d +26.2%  (+5 pts)
       Entry: $0.794800  |  Stop: $0.675580 (-15.00%)  |  Risk: $1500 (1.50% acct)
       Position: $10000 (10.00% acct, qty 12581.7816)
       TP1: $0.973630 (+22.5%, 1.5R, sell 40%)
       TP2: $1.152460 (+45.0%, 3.0R, sell 35%)
       TP3: $1.390900 (+75.0%, 5.0R, sell 25%)

  [ 6] TIA         score= 128.7  ST=6/6  price=$0.404500      24h= +2.56%  vol=$ 19.5M
       TF:  1D=118  12H=135  6H=139  4H=157  2H=107  1H= 64
       Bonuses: RS vs BTC 7d +18.0%  (+5 pts)
       Entry: $0.404500  |  Stop: $0.355707 (-12.06%)  |  Risk: $1500 (1.50% acct)
       Position: $12435 (12.44% acct, qty 30742.2047)
       TP1: $0.477689 (+18.1%, 1.5R, sell 40%)
       TP2: $0.550879 (+36.2%, 3.0R, sell 35%)
       TP3: $0.648464 (+60.3%, 5.0R, sell 25%)

  [ 7] ORCA        score= 128.5  ST=6/6  price=$1.146700      24h= +4.17%  vol=$  6.8M
       TF:  1D=126  12H=120  6H=124  4H=143  2H=132  1H= 83
       Bonuses: RS vs BTC 7d +7.3%  (+5 pts)
       Entry: $1.146700  |  Stop: $0.988643 (-13.78%)  |  Risk: $1500 (1.50% acct)
       Position: $10882 (10.88% acct, qty 9490.2386)
       TP1: $1.383786 (+20.7%, 1.5R, sell 40%)
       TP2: $1.620871 (+41.4%, 3.0R, sell 35%)
       TP3: $1.936986 (+68.9%, 5.0R, sell 25%)

  [ 8] ASTER       score= 128.4  ST=4/6  price=$0.661600      24h=+11.85%  vol=$ 88.7M
       TF:  1D= 86  12H=106  6H=145  4H=149  2H=152  1H=158
       Bonuses: RS vs BTC 7d +0.2%  (+5 pts)
       Entry: $0.661600  |  Stop: $0.613139 (-7.32%)  |  Risk: $1465 (1.47% acct)
       Position: $20000 (20.00% acct, qty 30229.7461)
       TP1: $0.734291 (+11.0%, 1.5R, sell 40%)
       TP2: $0.806982 (+22.0%, 3.0R, sell 35%)
       TP3: $0.903904 (+36.6%, 5.0R, sell 25%)

  [ 9] RED         score= 127.7  ST=4/6  price=$0.101310      24h= +9.68%  vol=$  1.7M
       TF:  1D= 82  12H= 89  6H=131  4H=164  2H=157  1H=158
       Bonuses: RS vs BTC 7d +1.3% | funding -0.0126%/8h  (+8 pts)
       Entry: $0.101310  |  Stop: $0.089871 (-11.29%)  |  Risk: $1500 (1.50% acct)
       Position: $13285 (13.29% acct, qty 131135.2566)
       TP1: $0.118468 (+16.9%, 1.5R, sell 40%)
       TP2: $0.135626 (+33.9%, 3.0R, sell 35%)
       TP3: $0.158503 (+56.5%, 5.0R, sell 25%)

  [10] AXL         score= 126.2  ST=4/6  price=$0.045710      24h= +2.47%  vol=$  2.6M
       TF:  1D=107  12H=104  6H=151  4H=127  2H=126  1H= 86
       Bonuses: RSI div 1D (bullish) | RS vs BTC 7d +1.2%  (+10 pts)
       Entry: $0.045710  |  Stop: $0.039629 (-13.30%)  |  Risk: $1500 (1.50% acct)
       Position: $11274 (11.27% acct, qty 246652.5722)
       TP1: $0.054832 (+20.0%, 1.5R, sell 40%)
       TP2: $0.063954 (+39.9%, 3.0R, sell 35%)
       TP3: $0.076117 (+66.5%, 5.0R, sell 25%)

  [11] BASED       score= 126.0  ST=4/6  price=$0.076170      24h= +1.68%  vol=$  2.6M
       TF:  1D= 91  12H=141  6H=145  4H=128  2H=101  1H=102
       Bonuses: 1H pre-pump (bb_squeeze, obv_divergence) | RS vs BTC 7d +11.4%  (+9 pts)
       Entry: $0.076170  |  Stop: $0.064744 (-15.00%)  |  Risk: $1500 (1.50% acct)
       Position: $10000 (10.00% acct, qty 131285.2829)
       TP1: $0.093308 (+22.5%, 1.5R, sell 40%)
       TP2: $0.110447 (+45.0%, 3.0R, sell 35%)
       TP3: $0.133298 (+75.0%, 5.0R, sell 25%)

  [12] TRIA        score= 125.1  ST=5/6  price=$0.030882      24h= +4.81%  vol=$ 11.5M
       TF:  1D= 94  12H=121  6H=136  4H=145  2H=119  1H= 81
       Bonuses: RSI div 1D (bullish) | RS vs BTC 7d +10.0%  (+10 pts)
       Entry: $0.030882  |  Stop: $0.026250 (-15.00%)  |  Risk: $1500 (1.50% acct)
       Position: $10000 (10.00% acct, qty 323813.2245)
       TP1: $0.037830 (+22.5%, 1.5R, sell 40%)
       TP2: $0.044779 (+45.0%, 3.0R, sell 35%)
       TP3: $0.054044 (+75.0%, 5.0R, sell 25%)

  [13] XLM         score= 124.2  ST=5/6  price=$0.216670      24h= +1.69%  vol=$ 88.0M
       TF:  1D=101  12H=130  6H=148  4H=143  2H=116  1H= 73
       Bonuses: RS vs BTC 7d +6.4%  (+5 pts)
       Entry: $0.216670  |  Stop: $0.187461 (-13.48%)  |  Risk: $1500 (1.50% acct)
       Position: $11127 (11.13% acct, qty 51353.5324)
       TP1: $0.260484 (+20.2%, 1.5R, sell 40%)
       TP2: $0.304298 (+40.4%, 3.0R, sell 35%)
       TP3: $0.362716 (+67.4%, 5.0R, sell 25%)

  [14] ENA         score= 122.4  ST=4/6  price=$0.085970      24h= +5.27%  vol=$ 77.9M
       TF:  1D= 82  12H= 83  6H=157  4H=144  2H=147  1H=151
       Bonuses: RS vs BTC 7d +0.7%  (+5 pts)
       Entry: $0.085970  |  Stop: $0.073075 (-15.00%)  |  Risk: $1500 (1.50% acct)
       Position: $10000 (10.00% acct, qty 116319.6464)
       TP1: $0.105313 (+22.5%, 1.5R, sell 40%)
       TP2: $0.124657 (+45.0%, 3.0R, sell 35%)
       TP3: $0.150448 (+75.0%, 5.0R, sell 25%)

  [15] 1000TAG     score= 122.1  ST=5/6  price=$1.028100      24h=+22.48%  vol=$  1.5M
       TF:  1D= 72  12H=117  6H=129  4H=149  2H=139  1H=132
       Bonuses: RSI div 1D (bullish) | 1H pre-pump (obv_divergence)  (+7 pts)
       Entry: $1.028100  |  Stop: $0.873885 (-15.00%)  |  Risk: $1500 (1.50% acct)
       Position: $10000 (10.00% acct, qty 9726.6803)
       TP1: $1.259422 (+22.5%, 1.5R, sell 40%)
       TP2: $1.490745 (+45.0%, 3.0R, sell 35%)
       TP3: $1.799175 (+75.0%, 5.0R, sell 25%)

  [16] CFG         score= 121.4  ST=5/6  price=$0.227300      24h= -0.94%  vol=$  2.2M
       TF:  1D= 75  12H=122  6H=146  4H=163  2H=109  1H= 86
       Bonuses: RS vs BTC 7d +10.3% | funding -0.0108%/8h  (+8 pts)
       Entry: $0.227300  |  Stop: $0.194161 (-14.58%)  |  Risk: $1500 (1.50% acct)
       Position: $10288 (10.29% acct, qty 45263.4982)
       TP1: $0.277009 (+21.9%, 1.5R, sell 40%)
       TP2: $0.326718 (+43.7%, 3.0R, sell 35%)
       TP3: $0.392996 (+72.9%, 5.0R, sell 25%)

  [17] AKT         score= 121.3  ST=4/6  price=$0.819300      24h= -2.88%  vol=$  4.8M
       TF:  1D=147  12H=149  6H=163  4H= 89  2H= 31  1H= 38
       Bonuses: RS vs BTC 7d +29.7%  (+5 pts)
       Entry: $0.819300  |  Stop: $0.705536 (-13.89%)  |  Risk: $1500 (1.50% acct)
       Position: $10803 (10.80% acct, qty 13185.1573)
       TP1: $0.989946 (+20.8%, 1.5R, sell 40%)
       TP2: $1.160593 (+41.7%, 3.0R, sell 35%)
       TP3: $1.388121 (+69.4%, 5.0R, sell 25%)

  [18] WCT         score= 120.5  ST=4/6  price=$0.047710      24h= +0.38%  vol=$  1.0M
       TF:  1D=100  12H=101  6H=130  4H=135  2H=137  1H=111
       Bonuses: RS vs BTC 7d +1.6%  (+5 pts)
       Entry: $0.047710  |  Stop: $0.042218 (-11.51%)  |  Risk: $1500 (1.50% acct)
       Position: $13030 (13.03% acct, qty 273117.4405)
       TP1: $0.055948 (+17.3%, 1.5R, sell 40%)
       TP2: $0.064186 (+34.5%, 3.0R, sell 35%)
       TP3: $0.075171 (+57.6%, 5.0R, sell 25%)

  [19] SENT        score= 120.3  ST=4/6  price=$0.019610      24h=-17.12%  vol=$  9.3M
       TF:  1D=146  12H=149  6H=126  4H=104  2H= 61  1H= 28
       Bonuses: RS vs BTC 7d +15.9%  (+5 pts)
       Entry: $0.019610  |  Stop: $0.016668 (-15.00%)  |  Risk: $1500 (1.50% acct)
       Position: $10000 (10.00% acct, qty 509943.9062)
       TP1: $0.024022 (+22.5%, 1.5R, sell 40%)
       TP2: $0.028435 (+45.0%, 3.0R, sell 35%)
       TP3: $0.034318 (+75.0%, 5.0R, sell 25%)

  [20] MITO        score= 120.1  ST=4/6  price=$0.021500      24h=+35.58%  vol=$  7.5M
       TF:  1D= 96  12H= 78  6H=129  4H=154  2H=154  1H=147
       Bonuses: 1H pre-pump (obv_divergence)  (+2 pts)
       Entry: $0.021500  |  Stop: $0.018275 (-15.00%)  |  Risk: $1500 (1.50% acct)
       Position: $10000 (10.00% acct, qty 465116.2791)
       TP1: $0.026337 (+22.5%, 1.5R, sell 40%)
       TP2: $0.031175 (+45.0%, 3.0R, sell 35%)
       TP3: $0.037625 (+75.0%, 5.0R, sell 25%)

  [21] 1000LUNC    score= 120.0  ST=5/6  price=$0.075340      24h= +3.09%  vol=$  2.6M
       TF:  1D=133  12H=119  6H=136  4H=129  2H= 98  1H= 74
       Entry: $0.075340  |  Stop: $0.065932 (-12.49%)  |  Risk: $1500 (1.50% acct)
       Position: $12012 (12.01% acct, qty 159435.1441)
       TP1: $0.089452 (+18.7%, 1.5R, sell 40%)
       TP2: $0.103565 (+37.5%, 3.0R, sell 35%)
       TP3: $0.122381 (+62.4%, 5.0R, sell 25%)

  [22] SEI         score= 119.8  ST=5/6  price=$0.054620      24h= +0.41%  vol=$ 10.3M
       TF:  1D= 62  12H=123  6H=166  4H=130  2H=144  1H= 62
       Bonuses: 1H pre-pump (obv_divergence) | RS vs BTC 7d +7.0% | funding -0.0205%/8h  (+10 pts)
       Entry: $0.054620  |  Stop: $0.048217 (-11.72%)  |  Risk: $1500 (1.50% acct)
       Position: $12796 (12.80% acct, qty 234270.4150)
       TP1: $0.064224 (+17.6%, 1.5R, sell 40%)
       TP2: $0.073829 (+35.2%, 3.0R, sell 35%)
       TP3: $0.086634 (+58.6%, 5.0R, sell 25%)

  [23] ID          score= 119.1  ST=5/6  price=$0.027530      24h=+19.35%  vol=$ 23.2M
       TF:  1D= 70  12H=110  6H=129  4H=136  2H=134  1H=137
       Bonuses: RS vs BTC 7d +8.9% | funding -0.3571%/8h  (+8 pts)
       Entry: $0.027530  |  Stop: $0.023401 (-15.00%)  |  Risk: $1500 (1.50% acct)
       Position: $10000 (10.00% acct, qty 363240.1017)
       TP1: $0.033724 (+22.5%, 1.5R, sell 40%)
       TP2: $0.039919 (+45.0%, 3.0R, sell 35%)
       TP3: $0.048177 (+75.0%, 5.0R, sell 25%)

  [24] PENDLE      score= 119.1  ST=5/6  price=$1.398900      24h= +3.82%  vol=$ 12.7M
       TF:  1D= 68  12H=117  6H=158  4H=171  2H=122  1H= 77
       Bonuses: RS vs BTC 7d +5.7%  (+5 pts)
       Entry: $1.398900  |  Stop: $1.241454 (-11.26%)  |  Risk: $1500 (1.50% acct)
       Position: $13327 (13.33% acct, qty 9527.0500)
       TP1: $1.635070 (+16.9%, 1.5R, sell 40%)
       TP2: $1.871239 (+33.8%, 3.0R, sell 35%)
       TP3: $2.186132 (+56.3%, 5.0R, sell 25%)

  [25] ONDO        score= 118.7  ST=4/6  price=$0.369500      24h= +0.46%  vol=$ 51.8M
       TF:  1D=125  12H=125  6H=152  4H=103  2H= 82  1H= 46
       Bonuses: RSI div 1D (hidden_bullish) | funding -0.0517%/8h  (+6 pts)
       Entry: $0.369500  |  Stop: $0.314075 (-15.00%)  |  Risk: $1500 (1.50% acct)
       Position: $10000 (10.00% acct, qty 27063.5995)
       TP1: $0.452638 (+22.5%, 1.5R, sell 40%)
       TP2: $0.535775 (+45.0%, 3.0R, sell 35%)
       TP3: $0.646625 (+75.0%, 5.0R, sell 25%)

  [26] AVNT        score= 117.5  ST=4/6  price=$0.114110      24h= -0.05%  vol=$  2.5M
       TF:  1D= 79  12H= 92  6H=153  4H=145  2H=139  1H=106
       Bonuses: RS vs BTC 7d +6.6%  (+5 pts)
       Entry: $0.114110  |  Stop: $0.098308 (-13.85%)  |  Risk: $1500 (1.50% acct)
       Position: $10832 (10.83% acct, qty 94921.6896)
       TP1: $0.137814 (+20.8%, 1.5R, sell 40%)
       TP2: $0.161518 (+41.5%, 3.0R, sell 35%)
       TP3: $0.193123 (+69.2%, 5.0R, sell 25%)

  [27] TAC         score= 117.3  ST=6/6  price=$0.015986      24h=+39.76%  vol=$  8.2M
       TF:  1D= 35  12H=140  6H=149  4H=149  2H=158  1H=158
       Entry: $0.015986  |  Stop: $0.014257 (-10.82%)  |  Risk: $1500 (1.50% acct)
       Position: $13866 (13.87% acct, qty 867356.4215)
       TP1: $0.018580 (+16.2%, 1.5R, sell 40%)
       TP2: $0.021174 (+32.5%, 3.0R, sell 35%)
       TP3: $0.024633 (+54.1%, 5.0R, sell 25%)

  [28] EIGEN       score= 116.9  ST=4/6  price=$0.210070      24h= -2.00%  vol=$  5.4M
       TF:  1D=114  12H=130  6H=148  4H=103  2H= 70  1H= 49
       Bonuses: RS vs BTC 7d +6.4% | funding -0.0150%/8h  (+8 pts)
       Entry: $0.210070  |  Stop: $0.178560 (-15.00%)  |  Risk: $1500 (1.50% acct)
       Position: $10000 (10.00% acct, qty 47603.1799)
       TP1: $0.257336 (+22.5%, 1.5R, sell 40%)
       TP2: $0.304602 (+45.0%, 3.0R, sell 35%)
       TP3: $0.367623 (+75.0%, 5.0R, sell 25%)

  [29] ATOM        score= 116.8  ST=5/6  price=$1.989800      24h= -2.71%  vol=$  9.0M
       TF:  1D=130  12H=146  6H=137  4H= 88  2H= 53  1H= 31
       Bonuses: RS vs BTC 7d +5.5% | funding -0.0190%/8h  (+8 pts)
       Entry: $1.989800  |  Stop: $1.802289 (-9.42%)  |  Risk: $1500 (1.50% acct)
       Position: $15917 (15.92% acct, qty 7999.5429)
       TP1: $2.271066 (+14.1%, 1.5R, sell 40%)
       TP2: $2.552332 (+28.3%, 3.0R, sell 35%)
       TP3: $2.927354 (+47.1%, 5.0R, sell 25%)

  [30] ZEC         score= 116.5  ST=3/6  price=$504.760000    24h= -2.81%  vol=$221.7M
       TF:  1D=135  12H=122  6H=134  4H= 82  2H= 46  1H= 54
       Bonuses: RSI div 1D (hidden_bullish) | RS vs BTC 7d +11.2% | funding -0.0184%/8h  (+11 pts)
       Entry: $504.760000  |  Stop: $429.046000 (-15.00%)  |  Risk: $1500 (1.50% acct)
       Position: $10000 (10.00% acct, qty 19.8114)
       TP1: $618.331000 (+22.5%, 1.5R, sell 40%)
       TP2: $731.902000 (+45.0%, 3.0R, sell 35%)
       TP3: $883.330000 (+75.0%, 5.0R, sell 25%)

  [31] HYPER       score= 115.3  ST=4/6  price=$0.078730      24h= +3.65%  vol=$  1.4M
       TF:  1D= 71  12H= 97  6H=130  4H=148  2H=157  1H=105
       Bonuses: RS vs BTC 7d +11.7%  (+5 pts)
       Entry: $0.078730  |  Stop: $0.068800 (-12.61%)  |  Risk: $1500 (1.50% acct)
       Position: $11893 (11.89% acct, qty 151057.4018)
       TP1: $0.093625 (+18.9%, 1.5R, sell 40%)
       TP2: $0.108520 (+37.8%, 3.0R, sell 35%)
       TP3: $0.128380 (+63.1%, 5.0R, sell 25%)

  [32] AKE         score= 115.2  ST=3/6  price=$0.000372      24h= -5.94%  vol=$  1.2M
       TF:  1D=126  12H=128  6H=129  4H=110  2H= 74  1H= 46
       Bonuses: RS vs BTC 7d +35.6%  (+5 pts)
       Entry: $0.000372  |  Stop: $0.000323 (-13.10%)  |  Risk: $1500 (1.50% acct)
       Position: $11450 (11.45% acct, qty 30796304.4435)
       TP1: $0.000445 (+19.6%, 1.5R, sell 40%)
       TP2: $0.000518 (+39.3%, 3.0R, sell 35%)
       TP3: $0.000615 (+65.5%, 5.0R, sell 25%)

  [33] MEME        score= 115.1  ST=4/6  price=$0.000630      24h= -6.70%  vol=$  3.0M
       TF:  1D=154  12H=137  6H= 93  4H= 73  2H= 42  1H= 36
       Bonuses: RSI div 1D (hidden_bullish) | RS vs BTC 7d +3.6% | funding -0.0434%/8h  (+11 pts)
       Entry: $0.000630  |  Stop: $0.000535 (-15.00%)  |  Risk: $1500 (1.50% acct)
       Position: $10000 (10.00% acct, qty 15878056.5259)
       TP1: $0.000772 (+22.5%, 1.5R, sell 40%)
       TP2: $0.000913 (+45.0%, 3.0R, sell 35%)
       TP3: $0.001102 (+75.0%, 5.0R, sell 25%)

  [34] APE         score= 114.9  ST=4/6  price=$0.127030      24h= +3.18%  vol=$  2.6M
       TF:  1D= 57  12H= 98  6H=149  4H=151  2H=148  1H=166
       Entry: $0.127030  |  Stop: $0.110782 (-12.79%)  |  Risk: $1500 (1.50% acct)
       Position: $11727 (11.73% acct, qty 92317.8371)
       TP1: $0.151402 (+19.2%, 1.5R, sell 40%)
       TP2: $0.175775 (+38.4%, 3.0R, sell 35%)
       TP3: $0.208271 (+64.0%, 5.0R, sell 25%)

  [35] EVAA        score= 114.8  ST=4/6  price=$0.718100      24h= -9.76%  vol=$  7.9M
       TF:  1D=145  12H=140  6H=106  4H= 83  2H= 41  1H= 29
       Bonuses: RSI div 1D (bullish) | RS vs BTC 7d +48.2%  (+10 pts)
       Entry: $0.718100  |  Stop: $0.610385 (-15.00%)  |  Risk: $1500 (1.50% acct)
       Position: $10000 (10.00% acct, qty 13925.6371)
       TP1: $0.879672 (+22.5%, 1.5R, sell 40%)
       TP2: $1.041245 (+45.0%, 3.0R, sell 35%)
       TP3: $1.256675 (+75.0%, 5.0R, sell 25%)

  [36] CC          score= 114.6  ST=6/6  price=$0.161170      24h= -0.52%  vol=$  3.4M
       TF:  1D=128  12H= 98  6H=142  4H= 79  2H=102  1H=118
       Bonuses: 1H pre-pump (obv_stealth_accum)  (+2 pts)
       Entry: $0.161170  |  Stop: $0.144730 (-10.20%)  |  Risk: $1500 (1.50% acct)
       Position: $14705 (14.71% acct, qty 91240.8759)
       TP1: $0.185830 (+15.3%, 1.5R, sell 40%)
       TP2: $0.210490 (+30.6%, 3.0R, sell 35%)
       TP3: $0.243370 (+51.0%, 5.0R, sell 25%)

  [37] WIF         score= 114.3  ST=3/6  price=$0.170120      24h= -0.98%  vol=$ 22.9M
       TF:  1D= 87  12H= 73  6H=171  4H=137  2H=100  1H= 71
       Bonuses: 1H pre-pump (obv_stealth_accum) | RS vs BTC 7d +3.6% | funding -0.0194%/8h  (+10 pts)
       Entry: $0.170120  |  Stop: $0.149373 (-12.20%)  |  Risk: $1500 (1.50% acct)
       Position: $12300 (12.30% acct, qty 72299.1118)
       TP1: $0.201241 (+18.3%, 1.5R, sell 40%)
       TP2: $0.232361 (+36.6%, 3.0R, sell 35%)
       TP3: $0.273856 (+61.0%, 5.0R, sell 25%)

  [38] B3          score= 114.2  ST=4/6  price=$0.000601      24h= +2.68%  vol=$  2.5M
       TF:  1D= 68  12H= 85  6H=123  4H=145  2H=116  1H=120
       Bonuses: RSI div 1D (bullish) | 1H pre-pump (obv_divergence) | RS vs BTC 7d +9.6%  (+12 pts)
       Entry: $0.000601  |  Stop: $0.000511 (-15.00%)  |  Risk: $1500 (1.50% acct)
       Position: $10000 (10.00% acct, qty 16647244.8810)
       TP1: $0.000736 (+22.5%, 1.5R, sell 40%)
       TP2: $0.000871 (+45.0%, 3.0R, sell 35%)
       TP3: $0.001051 (+75.0%, 5.0R, sell 25%)

  [39] OPEN        score= 113.3  ST=4/6  price=$0.244040      24h= -6.89%  vol=$  6.4M
       TF:  1D=131  12H=171  6H=126  4H= 58  2H= 42  1H= 28
       Bonuses: 1H pre-pump (obv_divergence) | RS vs BTC 7d +8.6%  (+7 pts)
       Entry: $0.244040  |  Stop: $0.207434 (-15.00%)  |  Risk: $1500 (1.50% acct)
       Position: $10000 (10.00% acct, qty 40976.8890)
       TP1: $0.298949 (+22.5%, 1.5R, sell 40%)
       TP2: $0.353858 (+45.0%, 3.0R, sell 35%)
       TP3: $0.427070 (+75.0%, 5.0R, sell 25%)

  [40] PIEVERSE    score= 112.9  ST=4/6  price=$0.694100      24h= +4.40%  vol=$  1.8M
       TF:  1D= 66  12H= 78  6H=140  4H=161  2H=126  1H=136
       Bonuses: RS vs BTC 7d +7.1%  (+5 pts)
       Entry: $0.694100  |  Stop: $0.589985 (-15.00%)  |  Risk: $1500 (1.50% acct)
       Position: $10000 (10.00% acct, qty 14407.1459)
       TP1: $0.850272 (+22.5%, 1.5R, sell 40%)
       TP2: $1.006445 (+45.0%, 3.0R, sell 35%)
       TP3: $1.214675 (+75.0%, 5.0R, sell 25%)

  [41] ZK          score= 112.7  ST=4/6  price=$0.011410      24h= +2.25%  vol=$  4.2M
       TF:  1D= 75  12H= 90  6H=124  4H=125  2H=147  1H=137
       Bonuses: RS vs BTC 7d +1.2%  (+5 pts)
       Entry: $0.011410  |  Stop: $0.009886 (-13.36%)  |  Risk: $1500 (1.50% acct)
       Position: $11231 (11.23% acct, qty 984321.1699)
       TP1: $0.013696 (+20.0%, 1.5R, sell 40%)
       TP2: $0.015982 (+40.1%, 3.0R, sell 35%)
       TP3: $0.019029 (+66.8%, 5.0R, sell 25%)

  [42] PYTH        score= 112.2  ST=5/6  price=$0.039140      24h= -0.46%  vol=$  3.8M
       TF:  1D= 92  12H=148  6H=102  4H= 97  2H=100  1H=100
       Bonuses: RS vs BTC 7d +17.4%  (+5 pts)
       Entry: $0.039140  |  Stop: $0.034083 (-12.92%)  |  Risk: $1500 (1.50% acct)
       Position: $11609 (11.61% acct, qty 296610.1695)
       TP1: $0.046726 (+19.4%, 1.5R, sell 40%)
       TP2: $0.054311 (+38.8%, 3.0R, sell 35%)
       TP3: $0.064426 (+64.6%, 5.0R, sell 25%)

  [43] SAGA        score= 110.8  ST=4/6  price=$0.014080      24h= +0.00%  vol=$  1.3M
       TF:  1D= 75  12H= 95  6H=130  4H=157  2H=107  1H= 99
       Bonuses: RS vs BTC 7d +5.7%  (+5 pts)
       Entry: $0.014080  |  Stop: $0.011968 (-15.00%)  |  Risk: $1500 (1.50% acct)
       Position: $10000 (10.00% acct, qty 710227.2727)
       TP1: $0.017248 (+22.5%, 1.5R, sell 40%)
       TP2: $0.020416 (+45.0%, 3.0R, sell 35%)
       TP3: $0.024640 (+75.0%, 5.0R, sell 25%)

  [44] ALGO        score= 110.5  ST=4/6  price=$0.094550      24h= +2.68%  vol=$  8.6M
       TF:  1D= 64  12H= 78  6H=130  4H=158  2H=138  1H=152
       Bonuses: 1H pre-pump (obv_stealth_accum)  (+2 pts)
       Entry: $0.094550  |  Stop: $0.084981 (-10.12%)  |  Risk: $1500 (1.50% acct)
       Position: $14821 (14.82% acct, qty 156757.3620)
       TP1: $0.108903 (+15.2%, 1.5R, sell 40%)
       TP2: $0.123257 (+30.4%, 3.0R, sell 35%)
       TP3: $0.142395 (+50.6%, 5.0R, sell 25%)

  [45] ZBT         score= 110.4  ST=3/6  price=$0.128730      24h= -0.13%  vol=$  3.7M
       TF:  1D= 94  12H= 98  6H=107  4H=153  2H=115  1H= 67
       Bonuses: RSI div 1D (bullish)  (+5 pts)
       Entry: $0.128730  |  Stop: $0.109421 (-15.00%)  |  Risk: $1500 (1.50% acct)
       Position: $10000 (10.00% acct, qty 77681.9700)
       TP1: $0.157694 (+22.5%, 1.5R, sell 40%)
       TP2: $0.186659 (+45.0%, 3.0R, sell 35%)
       TP3: $0.225277 (+75.0%, 5.0R, sell 25%)

  [46] ZEREBRO     score= 110.0  ST=6/6  price=$0.022663      24h=+21.66%  vol=$  5.6M
       TF:  1D= 78  12H= 89  6H=137  4H=124  2H=146  1H=137
       Entry: $0.022663  |  Stop: $0.019264 (-15.00%)  |  Risk: $1500 (1.50% acct)
       Position: $10000 (10.00% acct, qty 441247.8489)
       TP1: $0.027762 (+22.5%, 1.5R, sell 40%)
       TP2: $0.032861 (+45.0%, 3.0R, sell 35%)
       TP3: $0.039660 (+75.0%, 5.0R, sell 25%)

  [47] IP          score= 109.5  ST=4/6  price=$0.315300      24h= +0.00%  vol=$ 10.2M
       TF:  1D= 86  12H= 90  6H=118  4H=105  2H=121  1H=125
       Bonuses: RSI div 1D (bullish) | 1H pre-pump (obv_stealth_accum)  (+7 pts)
       Entry: $0.315300  |  Stop: $0.270986 (-14.05%)  |  Risk: $1500 (1.50% acct)
       Position: $10673 (10.67% acct, qty 33849.1296)
       TP1: $0.381771 (+21.1%, 1.5R, sell 40%)
       TP2: $0.448243 (+42.2%, 3.0R, sell 35%)
       TP3: $0.536871 (+70.3%, 5.0R, sell 25%)

  [48] LINEA       score= 109.3  ST=4/6  price=$0.002599      24h= -0.23%  vol=$  1.0M
       TF:  1D= 91  12H=103  6H=143  4H=110  2H=102  1H= 80
       Bonuses: RS vs BTC 7d +0.3%  (+5 pts)
       Entry: $0.002599  |  Stop: $0.002286 (-12.03%)  |  Risk: $1500 (1.50% acct)
       Position: $12474 (12.47% acct, qty 4799451.4913)
       TP1: $0.003068 (+18.0%, 1.5R, sell 40%)
       TP2: $0.003537 (+36.1%, 3.0R, sell 35%)
       TP3: $0.004162 (+60.1%, 5.0R, sell 25%)

  [49] SKY         score= 109.0  ST=4/6  price=$0.057240      24h= +1.51%  vol=$  2.1M
       TF:  1D= 53  12H= 86  6H=123  4H=171  2H=154  1H=114
       Bonuses: funding -0.0236%/8h  (+3 pts)
       Entry: $0.057240  |  Stop: $0.052677 (-7.97%)  |  Risk: $1500 (1.50% acct)
       Position: $18816 (18.82% acct, qty 328715.6610)
       TP1: $0.064085 (+12.0%, 1.5R, sell 40%)
       TP2: $0.070930 (+23.9%, 3.0R, sell 35%)
       TP3: $0.080056 (+39.9%, 5.0R, sell 25%)

  [50] COAI        score= 108.8  ST=3/6  price=$0.346600      24h= -1.24%  vol=$  3.4M
       TF:  1D=126  12H=124  6H=105  4H= 65  2H= 71  1H= 47
       Bonuses: RSI div 1D (hidden_bullish) | 1H pre-pump (bb_squeeze) | RS vs BTC 7d +41.7%  (+10 pts)
       Entry: $0.346600  |  Stop: $0.294610 (-15.00%)  |  Risk: $1500 (1.50% acct)
       Position: $10000 (10.00% acct, qty 28851.7022)
       TP1: $0.424585 (+22.5%, 1.5R, sell 40%)
       TP2: $0.502570 (+45.0%, 3.0R, sell 35%)
       TP3: $0.606550 (+75.0%, 5.0R, sell 25%)

--------------------------------------------------------------------------------
  WATCH  —  50 coin(s)  (worth tracking)
--------------------------------------------------------------------------------
  #   Symbol      Score  ST         Price    24h%   Vol $M  TF breakdown
  ------------------------------------------------------------------------------
    1 KAITO       100.3  2/6  $   0.487500  -4.15%  $    3.3  1D= 97  12H=134  6H=131  4H= 79  2H= 18  1H= 27
    2 1000FLOKI    98.9  3/6  $   0.026350  -0.73%  $    3.4  1D= 98  12H= 81  6H=148  4H=114  2H= 70  1H= 26
    3 JCT          98.6  5/6  $   0.006182  -2.59%  $    1.4  1D=165  12H=120  6H= 74  4H= 40  2H= 40  1H= 35
    4 BABY         98.5  4/6  $   0.016686  -9.13%  $    3.0  1D=116  12H=128  6H= 93  4H= 68  2H= 28  1H= 49
    5 NEAR         97.4  2/6  $   2.306200  -3.35%  $  109.8  1D= 99  12H=121  6H=130  4H= 66  2H= 30  1H= 25
    6 MEGA         96.8  4/6  $   0.057460  -3.57%  $    4.1  1D=111  12H=114  6H= 85  4H= 48  2H= 46  1H= 75
    7 MOVE         96.6  5/6  $   0.012630  +0.64%  $    2.0  1D= 84  12H=125  6H=108  4H=104  2H= 70  1H= 59
    8 SOL          96.0  3/6  $  73.480000  -2.55%  $  773.4  1D= 77  12H=107  6H=152  4H=101  2H= 38  1H= 55
    9 ESPORTS      95.9  5/6  $   0.069040 +39.15%  $   60.3  1D= 97  12H= 61  6H=111  4H=101  2H=116  1H=138
   10 FIDA         95.9  4/6  $   0.023246  -1.50%  $    2.5  1D= 77  12H=136  6H=128  4H= 62  2H= 90  1H= 58
   11 TAO          95.4  4/6  $ 257.340000  -2.40%  $   67.8  1D=117  12H=139  6H= 79  4H= 54  2H= 36  1H= 26
   12 OP           95.2  5/6  $   0.108900  -1.70%  $   13.1  1D= 72  12H=113  6H=133  4H= 85  2H= 64  1H= 71
   13 BOME         93.9  2/6  $   0.000469  -3.01%  $    1.4  1D= 83  12H= 93  6H=146  4H= 97  2H= 40  1H= 28
   14 PENGU        93.6  3/6  $   0.007132  -3.10%  $   13.3  1D= 85  12H= 78  6H=159  4H= 84  2H= 66  1H= 18
   15 DOT          93.3  4/6  $   1.012600  -0.97%  $   22.3  1D= 67  12H= 69  6H=172  4H=110  2H= 67  1H= 54
   16 ARB          92.9  2/6  $   0.085550  -0.23%  $   14.6  1D= 57  12H= 89  6H=164  4H= 93  2H= 55  1H= 40
   17 ZKC          91.2  1/6  $   0.052090  -0.19%  $    1.1  1D=107  12H=125  6H= 49  4H= 45  2H= 70  1H= 67
   18 STX          90.7  3/6  $   0.192700  -0.73%  $    1.9  1D= 78  12H= 96  6H=128  4H= 93  2H= 76  1H= 74
   19 S            90.5  3/6  $   0.032120  +0.09%  $    1.1  1D= 84  12H= 83  6H=138  4H= 87  2H= 60  1H= 64
   20 MOODENG      90.4  3/6  $   0.041680  -1.64%  $    1.2  1D= 81  12H= 90  6H=160  4H= 76  2H= 57  1H= 25
   21 POPCAT       89.8  3/6  $   0.043750  +0.11%  $    3.5  1D= 68  12H= 79  6H=145  4H=117  2H=100  1H= 37
   22 ROAM         89.8  4/6  $   0.010532 -18.02%  $    3.1  1D=113  12H=111  6H= 86  4H= 75  2H= 30  1H= 32
   23 INJ          89.4  3/6  $   5.544000  -4.91%  $   28.5  1D= 96  12H=106  6H=135  4H= 76  2H= 32  1H= 58
   24 PORTAL       89.4  4/6  $   0.015967 -11.89%  $    8.9  1D= 73  12H=117  6H=107  4H=103  2H= 67  1H= 60
   25 MON          88.9  3/6  $   0.023042  -5.37%  $    5.2  1D= 84  12H=112  6H= 99  4H= 70  2H= 34  1H= 55
   26 FIL          88.2  3/6  $   0.807900  -1.38%  $   12.4  1D= 85  12H= 81  6H=155  4H= 81  2H= 65  1H= 30
   27 ETH          87.7  2/6  $1,792.230000  -2.71%  $ 2573.6  1D= 69  12H= 81  6H=151  4H=109  2H= 36  1H= 19
   28 ENSO         87.7  4/6  $   0.661300  -5.16%  $    1.5  1D=100  12H=113  6H= 96  4H= 67  2H= 56  1H=  9
   29 HIGH         87.4  2/6  $   0.042320  +1.06%  $    9.8  1D= 40  12H=115  6H=141  4H=120  2H= 77  1H= 48
   30 KAS          87.3  2/6  $   0.032450  -3.76%  $    2.8  1D= 75  12H=138  6H=100  4H= 56  2H= 42  1H= 23
   31 APT          87.1  3/6  $   0.668400  -0.78%  $   19.7  1D= 72  12H= 93  6H=119  4H= 75  2H= 57  1H= 74
   32 XAG          86.2  2/6  $  69.950000  -3.60%  $   47.9  1D= 69  12H=108  6H=166  4H= 51  2H= 42  1H= 27
   33 ZRO          86.1  3/6  $   1.075300  -5.12%  $    8.7  1D= 96  12H= 91  6H= 96  4H= 97  2H= 32  1H= 32
   34 BERA         86.0  2/6  $   0.258400  -3.47%  $    3.1  1D= 85  12H= 67  6H=115  4H= 80  2H= 60  1H= 23
   35 1000BONK     85.5  4/6  $   0.004786  -2.63%  $    9.2  1D= 61  12H= 72  6H=134  4H= 97  2H= 50  1H= 54
   36 XRP          85.4  1/6  $   1.216600  -3.04%  $  313.3  1D= 98  12H=109  6H=117  4H= 49  2H= 36  1H= 19
   37 ME           85.4  2/6  $   0.064640  -0.56%  $    1.2  1D= 79  12H= 86  6H=139  4H= 85  2H= 46  1H= 20
   38 ETC          85.0  3/6  $   7.374000  -1.38%  $    3.8  1D= 63  12H=103  6H=134  4H= 99  2H= 58  1H= 19
   39 VELVET       84.6  1/6  $   0.454000 -25.39%  $   12.8  1D=110  12H= 97  6H= 37  4H= 51  2H= 65  1H= 34
   40 SOON         84.4  3/6  $   0.176520  -8.21%  $    1.3  1D= 84  12H=158  6H= 87  4H= 66  2H= 31  1H= 26
   41 1000PEPE     84.1  2/6  $   0.002949  -1.73%  $   60.8  1D= 61  12H= 84  6H=168  4H=118  2H= 40  1H= 25
   42 AXS          83.0  3/6  $   1.008900  -2.44%  $    2.5  1D= 62  12H= 84  6H=153  4H= 87  2H= 48  1H= 21
   43 XAU          82.9  2/6  $4,333.100000  -1.90%  $   87.2  1D= 86  12H=109  6H=132  4H= 72  2H= 36  1H= 21
   44 GALA         82.5  2/6  $   0.002698  -1.22%  $    9.0  1D= 59  12H=103  6H=155  4H= 66  2H= 45  1H= 38
   45 DASH         81.7  3/6  $  37.470000  -1.70%  $    4.0  1D= 80  12H=115  6H= 91  4H= 65  2H= 48  1H= 21
   46 LTC          81.3  3/6  $  45.670000  -1.23%  $   20.7  1D= 63  12H= 95  6H=138  4H=103  2H= 50  1H= 25
   47 ORDI         80.8  1/6  $   3.432000  -6.33%  $    4.8  1D= 80  12H= 96  6H=122  4H= 28  2H= 38  1H= 21
   48 LYN          80.8  1/6  $   0.037350  -4.28%  $    1.0  1D= 70  12H=105  6H=152  4H= 64  2H= 28  1H= 44
   49 AVAX         80.5  3/6  $   6.875000  -1.49%  $   39.2  1D= 78  12H= 83  6H=128  4H= 84  2H= 68  1H= 21
   50 RIVER        79.6  2/6  $   5.068000  -3.20%  $    2.2  1D= 71  12H= 83  6H= 86  4H=132  2H= 65  1H= 26

================================================================================
2026-06-17 21:19:12,113 [INFO]   Saved → trend_v3_LATEST.txt, trend_v3_LATEST.json, trend_v3_20260617_211912.txt
