2026-06-16 10:23:02,844 [INFO] ================================================================
2026-06-16 10:23:02,844 [INFO] TREND SCANNER v3.0
2026-06-16 10:23:02,845 [INFO] ================================================================
2026-06-16 10:23:02,845 [INFO] Building universe (Bybit perps)...
2026-06-16 10:23:03,584 [INFO]   Universe (post-filter): 252 coins
2026-06-16 10:23:03,584 [INFO] Fetching BTC 1D for regime detection...
2026-06-16 10:23:04,106 [INFO]   Regime: BULL  |  BTC 7d +5.14%  |  24h +0.89%
2026-06-16 10:23:04,106 [INFO] Scanning 252 coins across 6 timeframes...
2026-06-16 10:23:04,107 [INFO] (this is the slowest scanner — first run ~10min, subsequent ~2-3min)
2026-06-16 10:23:42,155 [INFO]   ...20/252  (surfaced: 20)
2026-06-16 10:24:20,761 [INFO]   ...40/252  (surfaced: 38)
2026-06-16 10:25:04,408 [INFO]   ...60/252  (surfaced: 52)
2026-06-16 10:25:53,375 [INFO]   ...80/252  (surfaced: 70)
2026-06-16 10:26:45,217 [INFO]   ...100/252  (surfaced: 88)
2026-06-16 10:27:31,108 [INFO]   ...120/252  (surfaced: 102)
2026-06-16 10:28:23,926 [INFO]   ...140/252  (surfaced: 119)
2026-06-16 10:30:02,337 [INFO]   ...180/252  (surfaced: 147)
2026-06-16 10:30:50,871 [INFO]   ...200/252  (surfaced: 163)
2026-06-16 10:31:30,416 [INFO]   ...220/252  (surfaced: 180)
2026-06-16 10:32:09,479 [INFO]   ...240/252  (surfaced: 197)
2026-06-16 10:32:29,520 [INFO] Done in 567s  |  scanned=227  failed=25  strong=44  long=50  watch=46
2026-06-16 10:32:29,527 [INFO] 
================================================================================
  TREND SCANNER v3.0  —  multi-timeframe confirmation + trade plans
  Generated  : 2026-06-16 10:32:29
  Universe   : 252 Bybit perps  |  Scanned: 227
  Scan time  : 567s
================================================================================

  Regime     : 🟢 BULL
               BTC 7d +5.14%  |  24h +0.89%  |  $66,329

  Account    : $100,000  |  Risk/trade: 1.5%

  Tiers (bull):  STRONG ≥ 130 & ST≥4  |  LONG ≥ 100 & ST≥3  |  WATCH ≥ 70

  TF weights : 1D×0.28 · 12H×0.2 · 6H×0.15 · 4H×0.15 · 2H×0.12 · 1H×0.1

--------------------------------------------------------------------------------
  STRONG  —  44 coin(s)  (highest conviction, full position)
--------------------------------------------------------------------------------

  [ 1] LIT         score= 164.5  ST=6/6  price=$1.687900      24h= +7.47%  vol=$ 14.6M
       TF:  1D=154  12H=152  6H=150  4H=173  2H=186  1H=152
       Bonuses: RS vs BTC 7d +9.9%  (+5 pts)
       Entry: $1.687900  |  Stop: $1.434715 (-15.00%)  |  Risk: $1500 (1.50% acct)
       Position: $10000 (10.00% acct, qty 5924.5216)
       TP1: $2.067677 (+22.5%, 1.5R, sell 40%)
       TP2: $2.447455 (+45.0%, 3.0R, sell 35%)
       TP3: $2.953825 (+75.0%, 5.0R, sell 25%)

  [ 2] JTO         score= 161.1  ST=6/6  price=$0.729200      24h=+23.98%  vol=$ 92.8M
       TF:  1D=163  12H=160  6H=147  4H=150  2H=142  1H=149
       Bonuses: 1H pre-pump (obv_stealth_accum) | RS vs BTC 7d +16.7%  (+7 pts)
       Entry: $0.729200  |  Stop: $0.619820 (-15.00%)  |  Risk: $1500 (1.50% acct)
       Position: $10000 (10.00% acct, qty 13713.6588)
       TP1: $0.893270 (+22.5%, 1.5R, sell 40%)
       TP2: $1.057340 (+45.0%, 3.0R, sell 35%)
       TP3: $1.276100 (+75.0%, 5.0R, sell 25%)

  [ 3] MEME        score= 157.3  ST=6/6  price=$0.000610      24h= +5.85%  vol=$  3.3M
       TF:  1D=136  12H=145  6H=171  4H=167  2H=141  1H=146
       Bonuses: RSI div 1D (hidden_bullish) | RS vs BTC 7d +12.7%  (+8 pts)
       Entry: $0.000610  |  Stop: $0.000518 (-15.00%)  |  Risk: $1500 (1.50% acct)
       Position: $10000 (10.00% acct, qty 16401508.9388)
       TP1: $0.000747 (+22.5%, 1.5R, sell 40%)
       TP2: $0.000884 (+45.0%, 3.0R, sell 35%)
       TP3: $0.001067 (+75.0%, 5.0R, sell 25%)

  [ 4] ROAM        score= 155.3  ST=6/6  price=$0.011151      24h=+96.10%  vol=$  9.8M
       TF:  1D=119  12H=164  6H=149  4H=150  2H=176  1H=152
       Bonuses: RS vs BTC 7d +89.5% | funding -0.0564%/8h  (+8 pts)
       Entry: $0.011151  |  Stop: $0.009478 (-15.00%)  |  Risk: $1500 (1.50% acct)
       Position: $10000 (10.00% acct, qty 896780.5578)
       TP1: $0.013660 (+22.5%, 1.5R, sell 40%)
       TP2: $0.016169 (+45.0%, 3.0R, sell 35%)
       TP3: $0.019514 (+75.0%, 5.0R, sell 25%)

  [ 5] WLD         score= 152.8  ST=6/6  price=$0.586900      24h=+10.35%  vol=$285.0M
       TF:  1D=136  12H=125  6H=134  4H=173  2H=173  1H=149
       Bonuses: RSI div 1D (hidden_bullish) | RS vs BTC 7d +13.1%  (+8 pts)
       Entry: $0.586900  |  Stop: $0.498865 (-15.00%)  |  Risk: $1500 (1.50% acct)
       Position: $10000 (10.00% acct, qty 17038.6778)
       TP1: $0.718952 (+22.5%, 1.5R, sell 40%)
       TP2: $0.851005 (+45.0%, 3.0R, sell 35%)
       TP3: $1.027075 (+75.0%, 5.0R, sell 25%)

  [ 6] VELODROME   score= 150.9  ST=6/6  price=$0.016303      24h=+13.07%  vol=$  1.1M
       TF:  1D=134  12H=139  6H=147  4H=144  2H=171  1H=144
       Bonuses: 1H pre-pump (obv_stealth_accum) | RS vs BTC 7d +12.6%  (+7 pts)
       Entry: $0.016303  |  Stop: $0.014523 (-10.92%)  |  Risk: $1500 (1.50% acct)
       Position: $13735 (13.73% acct, qty 842459.9832)
       TP1: $0.018974 (+16.4%, 1.5R, sell 40%)
       TP2: $0.021645 (+32.8%, 3.0R, sell 35%)
       TP3: $0.025205 (+54.6%, 5.0R, sell 25%)

  [ 7] AERO        score= 147.9  ST=6/6  price=$0.426800      24h=+13.91%  vol=$ 12.9M
       TF:  1D=123  12H=139  6H=154  4H=154  2H=150  1H=165
       Bonuses: RS vs BTC 7d +19.9%  (+5 pts)
       Entry: $0.426800  |  Stop: $0.382379 (-10.41%)  |  Risk: $1500 (1.50% acct)
       Position: $14412 (14.41% acct, qty 33767.4867)
       TP1: $0.493432 (+15.6%, 1.5R, sell 40%)
       TP2: $0.560064 (+31.2%, 3.0R, sell 35%)
       TP3: $0.648907 (+52.0%, 5.0R, sell 25%)

  [ 8] JCT         score= 147.6  ST=6/6  price=$0.006498      24h= +0.20%  vol=$  3.5M
       TF:  1D=160  12H=137  6H=133  4H=142  2H= 78  1H=128
       Bonuses: RSI div 1D (hidden_bullish) | 1H pre-pump (bb_squeeze, obv_divergence) | RS vs BTC 7d +27.9%  (+12 pts)
       Entry: $0.006498  |  Stop: $0.005523 (-15.00%)  |  Risk: $1500 (1.50% acct)
       Position: $10000 (10.00% acct, qty 1538935.0569)
       TP1: $0.007960 (+22.5%, 1.5R, sell 40%)
       TP2: $0.009422 (+45.0%, 3.0R, sell 35%)
       TP3: $0.011371 (+75.0%, 5.0R, sell 25%)

  [ 9] AKT         score= 147.3  ST=6/6  price=$0.822100      24h= -1.63%  vol=$  4.1M
       TF:  1D=147  12H=139  6H=157  4H=138  2H=123  1H=143
       Bonuses: RS vs BTC 7d +25.2%  (+5 pts)
       Entry: $0.822100  |  Stop: $0.703493 (-14.43%)  |  Risk: $1500 (1.50% acct)
       Position: $10397 (10.40% acct, qty 12646.7931)
       TP1: $1.000011 (+21.6%, 1.5R, sell 40%)
       TP2: $1.177921 (+43.3%, 3.0R, sell 35%)
       TP3: $1.415136 (+72.1%, 5.0R, sell 25%)

  [10] SQD         score= 146.2  ST=6/6  price=$0.041560      24h= -2.21%  vol=$  1.3M
       TF:  1D=121  12H=168  6H=126  4H=151  2H=116  1H= 93
       Bonuses: RSI div 1D (bullish) | 1H pre-pump (bb_squeeze, obv_stealth_accum) | RS vs BTC 7d +24.6%  (+14 pts)
       Entry: $0.041560  |  Stop: $0.035326 (-15.00%)  |  Risk: $1500 (1.50% acct)
       Position: $10000 (10.00% acct, qty 240615.9769)
       TP1: $0.050911 (+22.5%, 1.5R, sell 40%)
       TP2: $0.060262 (+45.0%, 3.0R, sell 35%)
       TP3: $0.072730 (+75.0%, 5.0R, sell 25%)

  [11] UAI         score= 146.0  ST=6/6  price=$0.327980      24h=-11.49%  vol=$ 12.4M
       TF:  1D=165  12H=163  6H=145  4H=136  2H= 93  1H= 89
       Bonuses: RS vs BTC 7d +12.1%  (+5 pts)
       Entry: $0.327980  |  Stop: $0.278783 (-15.00%)  |  Risk: $1500 (1.50% acct)
       Position: $10000 (10.00% acct, qty 30489.6640)
       TP1: $0.401776 (+22.5%, 1.5R, sell 40%)
       TP2: $0.475571 (+45.0%, 3.0R, sell 35%)
       TP3: $0.573965 (+75.0%, 5.0R, sell 25%)

  [12] BASED       score= 143.8  ST=5/6  price=$0.078590      24h= +9.91%  vol=$  6.4M
       TF:  1D= 97  12H=156  6H=155  4H=153  2H=157  1H=154
       Bonuses: RS vs BTC 7d +16.1%  (+5 pts)
       Entry: $0.078590  |  Stop: $0.066801 (-15.00%)  |  Risk: $1500 (1.50% acct)
       Position: $10000 (10.00% acct, qty 127242.6517)
       TP1: $0.096273 (+22.5%, 1.5R, sell 40%)
       TP2: $0.113956 (+45.0%, 3.0R, sell 35%)
       TP3: $0.137533 (+75.0%, 5.0R, sell 25%)

  [13] GPS         score= 143.6  ST=6/6  price=$0.009181      24h= +1.77%  vol=$  4.0M
       TF:  1D=143  12H=135  6H=152  4H=144  2H=134  1H= 81
       Bonuses: RSI div 1D (hidden_bullish) | RS vs BTC 7d +21.4%  (+8 pts)
       Entry: $0.009181  |  Stop: $0.007804 (-15.00%)  |  Risk: $1500 (1.50% acct)
       Position: $10000 (10.00% acct, qty 1089205.9688)
       TP1: $0.011247 (+22.5%, 1.5R, sell 40%)
       TP2: $0.013312 (+45.0%, 3.0R, sell 35%)
       TP3: $0.016067 (+75.0%, 5.0R, sell 25%)

  [14] HANA        score= 142.9  ST=6/6  price=$0.039695      24h=+34.34%  vol=$  4.9M
       TF:  1D=119  12H=129  6H=154  4H=132  2H=152  1H=176
       Bonuses: RS vs BTC 7d +22.8%  (+5 pts)
       Entry: $0.039695  |  Stop: $0.035866 (-9.65%)  |  Risk: $1500 (1.50% acct)
       Position: $15550 (15.55% acct, qty 391728.9236)
       TP1: $0.045439 (+14.5%, 1.5R, sell 40%)
       TP2: $0.051183 (+28.9%, 3.0R, sell 35%)
       TP3: $0.058841 (+48.2%, 5.0R, sell 25%)

  [15] HYPE        score= 141.9  ST=5/6  price=$66.859000     24h=+11.60%  vol=$467.9M
       TF:  1D=120  12H=126  6H=148  4H=159  2H=163  1H=155
       Bonuses: 1H pre-pump (obv_divergence)  (+2 pts)
       Entry: $66.859000  |  Stop: $56.994357 (-14.75%)  |  Risk: $1500 (1.50% acct)
       Position: $10166 (10.17% acct, qty 152.0582)
       TP1: $81.655964 (+22.1%, 1.5R, sell 40%)
       TP2: $96.452929 (+44.3%, 3.0R, sell 35%)
       TP3: $116.182214 (+73.8%, 5.0R, sell 25%)

  [16] XPL         score= 141.4  ST=5/6  price=$0.090110      24h= +5.41%  vol=$ 29.8M
       TF:  1D=105  12H=115  6H=160  4H=166  2H=163  1H=155
       Bonuses: RS vs BTC 7d +23.5%  (+5 pts)
       Entry: $0.090110  |  Stop: $0.076593 (-15.00%)  |  Risk: $1500 (1.50% acct)
       Position: $10000 (10.00% acct, qty 110975.4744)
       TP1: $0.110385 (+22.5%, 1.5R, sell 40%)
       TP2: $0.130660 (+45.0%, 3.0R, sell 35%)
       TP3: $0.157693 (+75.0%, 5.0R, sell 25%)

  [17] ORCA        score= 141.4  ST=6/6  price=$1.139000      24h= +5.71%  vol=$  5.7M
       TF:  1D=118  12H=122  6H=116  4H=154  2H=155  1H=169
       Bonuses: RS vs BTC 7d +4.2% | funding -0.0252%/8h  (+8 pts)
       Entry: $1.139000  |  Stop: $0.984457 (-13.57%)  |  Risk: $1500 (1.50% acct)
       Position: $11055 (11.06% acct, qty 9706.0455)
       TP1: $1.370814 (+20.4%, 1.5R, sell 40%)
       TP2: $1.602629 (+40.7%, 3.0R, sell 35%)
       TP3: $1.911714 (+67.8%, 5.0R, sell 25%)

  [18] GRASS       score= 140.8  ST=5/6  price=$0.461810      24h= +2.86%  vol=$  9.0M
       TF:  1D=136  12H=120  6H=144  4H=154  2H=104  1H=135
       Bonuses: RSI div 1D (hidden_bullish) | RS vs BTC 7d +26.8%  (+8 pts)
       Entry: $0.461810  |  Stop: $0.392539 (-15.00%)  |  Risk: $1500 (1.50% acct)
       Position: $10000 (10.00% acct, qty 21653.9269)
       TP1: $0.565717 (+22.5%, 1.5R, sell 40%)
       TP2: $0.669624 (+45.0%, 3.0R, sell 35%)
       TP3: $0.808168 (+75.0%, 5.0R, sell 25%)

  [19] NEAR        score= 140.1  ST=4/6  price=$2.391800      24h= +5.04%  vol=$174.0M
       TF:  1D=122  12H=112  6H=135  4H=153  2H=129  1H=119
       Bonuses: RSI div 1D (hidden_bullish) | 1H pre-pump (obv_stealth_accum) | RS vs BTC 7d +7.2% | funding -0.0165%/8h  (+13 pts)
       Entry: $2.391800  |  Stop: $2.033030 (-15.00%)  |  Risk: $1500 (1.50% acct)
       Position: $10000 (10.00% acct, qty 4180.9516)
       TP1: $2.929955 (+22.5%, 1.5R, sell 40%)
       TP2: $3.468110 (+45.0%, 3.0R, sell 35%)
       TP3: $4.185650 (+75.0%, 5.0R, sell 25%)

  [20] ATOM        score= 139.9  ST=5/6  price=$1.962200      24h= +1.65%  vol=$ 11.7M
       TF:  1D=121  12H=133  6H=140  4H=125  2H=148  1H=119
       Bonuses: 1H pre-pump (obv_stealth_accum) | RS vs BTC 7d +6.1% | funding -0.0305%/8h  (+10 pts)
       Entry: $1.962200  |  Stop: $1.769300 (-9.83%)  |  Risk: $1500 (1.50% acct)
       Position: $15258 (15.26% acct, qty 7776.0498)
       TP1: $2.251550 (+14.8%, 1.5R, sell 40%)
       TP2: $2.540900 (+29.5%, 3.0R, sell 35%)
       TP3: $2.926700 (+49.1%, 5.0R, sell 25%)

  [21] EVAA        score= 139.4  ST=5/6  price=$1.272000      24h=-15.73%  vol=$ 71.9M
       TF:  1D=149  12H=154  6H=148  4H=153  2H= 83  1H= 18
       Bonuses: RSI div 1D (bullish) | RS vs BTC 7d +258.1%  (+10 pts)
       Entry: $1.272000  |  Stop: $1.081200 (-15.00%)  |  Risk: $1500 (1.50% acct)
       Position: $10000 (10.00% acct, qty 7861.6352)
       TP1: $1.558200 (+22.5%, 1.5R, sell 40%)
       TP2: $1.844400 (+45.0%, 3.0R, sell 35%)
       TP3: $2.226000 (+75.0%, 5.0R, sell 25%)

  [22] ZEC         score= 138.9  ST=5/6  price=$518.460000    24h= +5.96%  vol=$301.1M
       TF:  1D=117  12H=131  6H=141  4H=136  2H=134  1H=123
       Bonuses: RSI div 1D (hidden_bullish) | 1H pre-pump (obv_stealth_accum) | RS vs BTC 7d +8.0%  (+10 pts)
       Entry: $518.460000  |  Stop: $440.691000 (-15.00%)  |  Risk: $1500 (1.50% acct)
       Position: $10000 (10.00% acct, qty 19.2879)
       TP1: $635.113500 (+22.5%, 1.5R, sell 40%)
       TP2: $751.767000 (+45.0%, 3.0R, sell 35%)
       TP3: $907.305000 (+75.0%, 5.0R, sell 25%)

  [23] FOLKS       score= 137.6  ST=6/6  price=$2.012500      24h=+11.13%  vol=$  2.5M
       TF:  1D=129  12H=140  6H=126  4H=121  2H=133  1H=135
       Bonuses: 1H pre-pump (obv_stealth_accum) | RS vs BTC 7d +8.1%  (+7 pts)
       Entry: $2.012500  |  Stop: $1.710625 (-15.00%)  |  Risk: $1500 (1.50% acct)
       Position: $10000 (10.00% acct, qty 4968.9441)
       TP1: $2.465313 (+22.5%, 1.5R, sell 40%)
       TP2: $2.918125 (+45.0%, 3.0R, sell 35%)
       TP3: $3.521875 (+75.0%, 5.0R, sell 25%)

  [24] JUP         score= 137.4  ST=5/6  price=$0.191200      24h= +7.14%  vol=$ 10.6M
       TF:  1D=107  12H=129  6H=129  4H=149  2H=161  1H=156
       Bonuses: RS vs BTC 7d +15.1%  (+5 pts)
       Entry: $0.191200  |  Stop: $0.165154 (-13.62%)  |  Risk: $1500 (1.50% acct)
       Position: $11011 (11.01% acct, qty 57589.4694)
       TP1: $0.230270 (+20.4%, 1.5R, sell 40%)
       TP2: $0.269339 (+40.9%, 3.0R, sell 35%)
       TP3: $0.321432 (+68.1%, 5.0R, sell 25%)

  [25] KAS         score= 137.4  ST=5/6  price=$0.032990      24h= +4.13%  vol=$  4.0M
       TF:  1D=103  12H=132  6H=145  4H=154  2H=167  1H=173
       Entry: $0.032990  |  Stop: $0.029524 (-10.51%)  |  Risk: $1500 (1.50% acct)
       Position: $14277 (14.28% acct, qty 432766.6151)
       TP1: $0.038189 (+15.8%, 1.5R, sell 40%)
       TP2: $0.043388 (+31.5%, 3.0R, sell 35%)
       TP3: $0.050320 (+52.5%, 5.0R, sell 25%)

  [26] SPX         score= 136.7  ST=4/6  price=$0.339800      24h=+16.18%  vol=$ 38.1M
       TF:  1D= 76  12H=120  6H=162  4H=162  2H=159  1H=157
       Bonuses: RS vs BTC 7d +5.8% | funding -0.0594%/8h  (+8 pts)
       Entry: $0.339800  |  Stop: $0.294521 (-13.33%)  |  Risk: $1500 (1.50% acct)
       Position: $11257 (11.26% acct, qty 33128.2537)
       TP1: $0.407718 (+20.0%, 1.5R, sell 40%)
       TP2: $0.475636 (+40.0%, 3.0R, sell 35%)
       TP3: $0.566193 (+66.6%, 5.0R, sell 25%)

  [27] CRV         score= 134.6  ST=6/6  price=$0.238300      24h= +3.59%  vol=$  9.8M
       TF:  1D=121  12H=123  6H=131  4H=133  2H=138  1H=150
       Bonuses: RS vs BTC 7d +14.8%  (+5 pts)
       Entry: $0.238300  |  Stop: $0.209607 (-12.04%)  |  Risk: $1500 (1.50% acct)
       Position: $12458 (12.46% acct, qty 52277.8193)
       TP1: $0.281339 (+18.1%, 1.5R, sell 40%)
       TP2: $0.324379 (+36.1%, 3.0R, sell 35%)
       TP3: $0.381764 (+60.2%, 5.0R, sell 25%)

  [28] UNI         score= 134.2  ST=5/6  price=$2.843000      24h=+12.62%  vol=$ 43.9M
       TF:  1D= 71  12H=122  6H=149  4H=149  2H=147  1H=176
       Bonuses: RSI div 1D (bullish) | RS vs BTC 7d +8.0%  (+10 pts)
       Entry: $2.843000  |  Stop: $2.574179 (-9.46%)  |  Risk: $1500 (1.50% acct)
       Position: $15864 (15.86% acct, qty 5579.9123)
       TP1: $3.246232 (+14.2%, 1.5R, sell 40%)
       TP2: $3.649464 (+28.4%, 3.0R, sell 35%)
       TP3: $4.187107 (+47.3%, 5.0R, sell 25%)

  [29] SENT        score= 134.2  ST=6/6  price=$0.015003      24h=+10.41%  vol=$  1.5M
       TF:  1D=115  12H=100  6H=135  4H=160  2H=145  1H=154
       Bonuses: RS vs BTC 7d +4.2%  (+5 pts)
       Entry: $0.015003  |  Stop: $0.012753 (-15.00%)  |  Risk: $1500 (1.50% acct)
       Position: $10000 (10.00% acct, qty 666533.3600)
       TP1: $0.018379 (+22.5%, 1.5R, sell 40%)
       TP2: $0.021754 (+45.0%, 3.0R, sell 35%)
       TP3: $0.026255 (+75.0%, 5.0R, sell 25%)

  [30] ALCH        score= 133.4  ST=5/6  price=$0.074470      24h=+16.34%  vol=$  1.8M
       TF:  1D=119  12H=139  6H=154  4H=147  2H=  0  1H=151
       Bonuses: RSI div 1D (bullish) | 1H pre-pump (obv_divergence) | RS vs BTC 7d +21.9%  (+12 pts)
       Entry: $0.074470  |  Stop: $0.065844 (-11.58%)  |  Risk: $1500 (1.50% acct)
       Position: $12950 (12.95% acct, qty 173891.4421)
       TP1: $0.087409 (+17.4%, 1.5R, sell 40%)
       TP2: $0.100348 (+34.8%, 3.0R, sell 35%)
       TP3: $0.117600 (+57.9%, 5.0R, sell 25%)

  [31] TAO         score= 133.1  ST=6/6  price=$266.270000    24h= -0.53%  vol=$ 91.4M
       TF:  1D=125  12H=128  6H=156  4H=125  2H= 94  1H=121
       Bonuses: 1H pre-pump (obv_stealth_accum) | RS vs BTC 7d +18.6%  (+7 pts)
       Entry: $266.270000  |  Stop: $230.012857 (-13.62%)  |  Risk: $1500 (1.50% acct)
       Position: $11016 (11.02% acct, qty 41.3712)
       TP1: $320.655714 (+20.4%, 1.5R, sell 40%)
       TP2: $375.041429 (+40.9%, 3.0R, sell 35%)
       TP3: $447.555714 (+68.1%, 5.0R, sell 25%)

  [32] TRUTH       score= 132.9  ST=5/6  price=$0.014124      24h= +4.22%  vol=$  1.2M
       TF:  1D=123  12H=152  6H=143  4H=126  2H= 86  1H=124
       Bonuses: RS vs BTC 7d +12.9%  (+5 pts)
       Entry: $0.014124  |  Stop: $0.012005 (-15.00%)  |  Risk: $1500 (1.50% acct)
       Position: $10000 (10.00% acct, qty 708014.7267)
       TP1: $0.017302 (+22.5%, 1.5R, sell 40%)
       TP2: $0.020480 (+45.0%, 3.0R, sell 35%)
       TP3: $0.024717 (+75.0%, 5.0R, sell 25%)

  [33] CAKE        score= 132.9  ST=5/6  price=$1.402800      24h= +2.01%  vol=$  1.1M
       TF:  1D= 93  12H=124  6H=133  4H=153  2H=145  1H=148
       Bonuses: 1H pre-pump (obv_stealth_accum) | RS vs BTC 7d +1.7%  (+7 pts)
       Entry: $1.402800  |  Stop: $1.285832 (-8.34%)  |  Risk: $1500 (1.50% acct)
       Position: $17990 (17.99% acct, qty 12824.0359)
       TP1: $1.578252 (+12.5%, 1.5R, sell 40%)
       TP2: $1.753704 (+25.0%, 3.0R, sell 35%)
       TP3: $1.987639 (+41.7%, 5.0R, sell 25%)

  [34] ENSO        score= 132.8  ST=5/6  price=$0.680100      24h=+10.26%  vol=$  3.4M
       TF:  1D= 78  12H=128  6H=152  4H=130  2H=152  1H=178
       Bonuses: 1H pre-pump (obv_stealth_accum) | RS vs BTC 7d +8.0%  (+7 pts)
       Entry: $0.680100  |  Stop: $0.591482 (-13.03%)  |  Risk: $1500 (1.50% acct)
       Position: $11512 (11.51% acct, qty 16926.6111)
       TP1: $0.813027 (+19.6%, 1.5R, sell 40%)
       TP2: $0.945954 (+39.1%, 3.0R, sell 35%)
       TP3: $1.123189 (+65.2%, 5.0R, sell 25%)

  [35] XLM         score= 132.6  ST=4/6  price=$0.213590      24h=+17.24%  vol=$148.3M
       TF:  1D= 83  12H=124  6H=143  4H=141  2H=150  1H=140
       Bonuses: 1H pre-pump (obv_stealth_accum) | RS vs BTC 7d +0.4% | funding -0.0107%/8h  (+10 pts)
       Entry: $0.213590  |  Stop: $0.184080 (-13.82%)  |  Risk: $1500 (1.50% acct)
       Position: $10857 (10.86% acct, qty 50829.6119)
       TP1: $0.257856 (+20.7%, 1.5R, sell 40%)
       TP2: $0.302121 (+41.5%, 3.0R, sell 35%)
       TP3: $0.361142 (+69.1%, 5.0R, sell 25%)

  [36] EIGEN       score= 132.4  ST=4/6  price=$0.214520      24h= +4.38%  vol=$ 11.1M
       TF:  1D=115  12H=115  6H=139  4H=136  2H=136  1H=146
       Bonuses: RS vs BTC 7d +11.3%  (+5 pts)
       Entry: $0.214520  |  Stop: $0.182342 (-15.00%)  |  Risk: $1500 (1.50% acct)
       Position: $10000 (10.00% acct, qty 46615.7002)
       TP1: $0.262787 (+22.5%, 1.5R, sell 40%)
       TP2: $0.311054 (+45.0%, 3.0R, sell 35%)
       TP3: $0.375410 (+75.0%, 5.0R, sell 25%)

  [37] USELESS     score= 132.0  ST=4/6  price=$0.074720      24h= +3.58%  vol=$  7.2M
       TF:  1D=102  12H=116  6H=125  4H=155  2H=138  1H=147
       Bonuses: 1H pre-pump (obv_divergence) | RS vs BTC 7d +3.5%  (+7 pts)
       Entry: $0.074720  |  Stop: $0.063512 (-15.00%)  |  Risk: $1500 (1.50% acct)
       Position: $10000 (10.00% acct, qty 133832.9764)
       TP1: $0.091532 (+22.5%, 1.5R, sell 40%)
       TP2: $0.108344 (+45.0%, 3.0R, sell 35%)
       TP3: $0.130760 (+75.0%, 5.0R, sell 25%)

  [38] KMNO        score= 132.0  ST=5/6  price=$0.018060      24h= +4.24%  vol=$  1.2M
       TF:  1D= 94  12H=117  6H=164  4H=139  2H=142  1H=148
       Bonuses: RS vs BTC 7d +12.7%  (+5 pts)
       Entry: $0.018060  |  Stop: $0.015470 (-14.34%)  |  Risk: $1500 (1.50% acct)
       Position: $10461 (10.46% acct, qty 579230.4510)
       TP1: $0.021944 (+21.5%, 1.5R, sell 40%)
       TP2: $0.025829 (+43.0%, 3.0R, sell 35%)
       TP3: $0.031008 (+71.7%, 5.0R, sell 25%)

  [39] BSB         score= 131.7  ST=5/6  price=$0.361700      24h=+71.03%  vol=$ 84.9M
       TF:  1D= 98  12H=131  6H=137  4H=142  2H=159  1H=151
       Bonuses: RS vs BTC 7d +14.6%  (+2 pts)
       Entry: $0.361700  |  Stop: $0.307445 (-15.00%)  |  Risk: $1500 (1.50% acct)
       Position: $10000 (10.00% acct, qty 27647.2215)
       TP1: $0.443082 (+22.5%, 1.5R, sell 40%)
       TP2: $0.524465 (+45.0%, 3.0R, sell 35%)
       TP3: $0.632975 (+75.0%, 5.0R, sell 25%)

  [40] ARKM        score= 131.6  ST=4/6  price=$0.133060      24h= +0.49%  vol=$  4.1M
       TF:  1D=109  12H= 87  6H=135  4H=173  2H=147  1H=148
       Bonuses: RS vs BTC 7d +4.3%  (+5 pts)
       Entry: $0.133060  |  Stop: $0.113101 (-15.00%)  |  Risk: $1500 (1.50% acct)
       Position: $10000 (10.00% acct, qty 75154.0658)
       TP1: $0.162998 (+22.5%, 1.5R, sell 40%)
       TP2: $0.192937 (+45.0%, 3.0R, sell 35%)
       TP3: $0.232855 (+75.0%, 5.0R, sell 25%)

  [41] FIDA        score= 131.5  ST=5/6  price=$0.024962      24h= +5.73%  vol=$  6.3M
       TF:  1D=100  12H=118  6H=143  4H=132  2H=134  1H=126
       Bonuses: 1H pre-pump (obv_stealth_accum) | RS vs BTC 7d +4.1% | funding -0.1235%/8h  (+10 pts)
       Entry: $0.024962  |  Stop: $0.021218 (-15.00%)  |  Risk: $1500 (1.50% acct)
       Position: $10000 (10.00% acct, qty 400608.9256)
       TP1: $0.030578 (+22.5%, 1.5R, sell 40%)
       TP2: $0.036195 (+45.0%, 3.0R, sell 35%)
       TP3: $0.043684 (+75.0%, 5.0R, sell 25%)

  [42] MMT         score= 131.4  ST=6/6  price=$0.127910      24h= +3.90%  vol=$  1.2M
       TF:  1D=108  12H=112  6H=123  4H=152  2H=157  1H=137
       Bonuses: RS vs BTC 7d +14.3%  (+5 pts)
       Entry: $0.127910  |  Stop: $0.113039 (-11.63%)  |  Risk: $1500 (1.50% acct)
       Position: $12902 (12.90% acct, qty 100864.5533)
       TP1: $0.150217 (+17.4%, 1.5R, sell 40%)
       TP2: $0.172524 (+34.9%, 3.0R, sell 35%)
       TP3: $0.202267 (+58.1%, 5.0R, sell 25%)

  [43] CC          score= 130.5  ST=6/6  price=$0.165470      24h= -0.66%  vol=$  4.1M
       TF:  1D=120  12H=153  6H=150  4H=133  2H=116  1H= 79
       Bonuses: 1H pre-pump (obv_stealth_accum)  (+2 pts)
       Entry: $0.165470  |  Stop: $0.148670 (-10.15%)  |  Risk: $1500 (1.50% acct)
       Position: $14774 (14.77% acct, qty 89285.7143)
       TP1: $0.190670 (+15.2%, 1.5R, sell 40%)
       TP2: $0.215870 (+30.5%, 3.0R, sell 35%)
       TP3: $0.249470 (+50.8%, 5.0R, sell 25%)

  [44] IO          score= 130.3  ST=5/6  price=$0.178020      24h= -5.33%  vol=$  4.1M
       TF:  1D=141  12H=131  6H=125  4H=103  2H=102  1H=112
       Bonuses: 1H pre-pump (obv_stealth_accum) | RS vs BTC 7d +15.4%  (+7 pts)
       Entry: $0.178020  |  Stop: $0.151317 (-15.00%)  |  Risk: $1500 (1.50% acct)
       Position: $10000 (10.00% acct, qty 56173.4637)
       TP1: $0.218075 (+22.5%, 1.5R, sell 40%)
       TP2: $0.258129 (+45.0%, 3.0R, sell 35%)
       TP3: $0.311535 (+75.0%, 5.0R, sell 25%)

--------------------------------------------------------------------------------
  LONG  —  50 coin(s)  (tradeable trend)
--------------------------------------------------------------------------------

  [ 1] US          score= 129.8  ST=5/6  price=$0.014476      24h= -0.18%  vol=$  1.3M
       TF:  1D=137  12H=131  6H=151  4H=134  2H=104  1H= 20
       Bonuses: RSI div 1D (hidden_bullish) | RS vs BTC 7d +7.4%  (+8 pts)
       Entry: $0.014476  |  Stop: $0.012305 (-15.00%)  |  Risk: $1500 (1.50% acct)
       Position: $10000 (10.00% acct, qty 690798.5631)
       TP1: $0.017733 (+22.5%, 1.5R, sell 40%)
       TP2: $0.020990 (+45.0%, 3.0R, sell 35%)
       TP3: $0.025333 (+75.0%, 5.0R, sell 25%)

  [ 2] UMA         score= 128.8  ST=4/6  price=$0.425000      24h= +6.67%  vol=$  1.1M
       TF:  1D= 95  12H=101  6H=146  4H=141  2H=163  1H=144
       Bonuses: RS vs BTC 7d +4.8%  (+5 pts)
       Entry: $0.425000  |  Stop: $0.386300 (-9.11%)  |  Risk: $1500 (1.50% acct)
       Position: $16473 (16.47% acct, qty 38759.6899)
       TP1: $0.483050 (+13.7%, 1.5R, sell 40%)
       TP2: $0.541100 (+27.3%, 3.0R, sell 35%)
       TP3: $0.618500 (+45.5%, 5.0R, sell 25%)

  [ 3] COMP        score= 127.9  ST=4/6  price=$18.044000     24h= +1.09%  vol=$  1.5M
       TF:  1D= 98  12H=123  6H=123  4H=151  2H=171  1H=122
       Bonuses: 1H pre-pump (obv_stealth_accum)  (+2 pts)
       Entry: $18.044000  |  Stop: $16.245500 (-9.97%)  |  Risk: $1500 (1.50% acct)
       Position: $15049 (15.05% acct, qty 834.0284)
       TP1: $20.741750 (+14.9%, 1.5R, sell 40%)
       TP2: $23.439500 (+29.9%, 3.0R, sell 35%)
       TP3: $27.036500 (+49.8%, 5.0R, sell 25%)

  [ 4] APEX        score= 127.8  ST=6/6  price=$0.314600      24h= +5.89%  vol=$  1.3M
       TF:  1D=112  12H=127  6H=131  4H=149  2H=120  1H= 96
       Bonuses: RS vs BTC 7d +18.9%  (+5 pts)
       Entry: $0.314600  |  Stop: $0.281546 (-10.51%)  |  Risk: $1500 (1.50% acct)
       Position: $14277 (14.28% acct, qty 45380.8752)
       TP1: $0.364180 (+15.8%, 1.5R, sell 40%)
       TP2: $0.413761 (+31.5%, 3.0R, sell 35%)
       TP3: $0.479868 (+52.5%, 5.0R, sell 25%)

  [ 5] RUNE        score= 127.2  ST=5/6  price=$0.391800      24h= +3.29%  vol=$  1.7M
       TF:  1D= 79  12H=107  6H=141  4H=154  2H=167  1H=144
       Bonuses: RS vs BTC 7d +7.8%  (+5 pts)
       Entry: $0.391800  |  Stop: $0.340543 (-13.08%)  |  Risk: $1500 (1.50% acct)
       Position: $11466 (11.47% acct, qty 29264.2140)
       TP1: $0.468686 (+19.6%, 1.5R, sell 40%)
       TP2: $0.545571 (+39.2%, 3.0R, sell 35%)
       TP3: $0.648086 (+65.4%, 5.0R, sell 25%)

  [ 6] RSR         score= 127.2  ST=4/6  price=$0.001478      24h= +2.64%  vol=$  1.1M
       TF:  1D= 95  12H= 91  6H=137  4H=155  2H=134  1H=135
       Bonuses: 1H pre-pump (obv_divergence, obv_stealth_accum) | RS vs BTC 7d +1.1%  (+9 pts)
       Entry: $0.001478  |  Stop: $0.001327 (-10.23%)  |  Risk: $1500 (1.50% acct)
       Position: $14669 (14.67% acct, qty 9927669.8341)
       TP1: $0.001704 (+15.3%, 1.5R, sell 40%)
       TP2: $0.001931 (+30.7%, 3.0R, sell 35%)
       TP3: $0.002233 (+51.1%, 5.0R, sell 25%)

  [ 7] FHE         score= 126.6  ST=4/6  price=$0.024100      24h= -4.60%  vol=$  2.2M
       TF:  1D= 71  12H=135  6H=152  4H=142  2H=138  1H= 91
       Bonuses: RSI div 1D (bullish) | RS vs BTC 7d +12.2%  (+10 pts)
       Entry: $0.024100  |  Stop: $0.020485 (-15.00%)  |  Risk: $1500 (1.50% acct)
       Position: $10000 (10.00% acct, qty 414937.7593)
       TP1: $0.029523 (+22.5%, 1.5R, sell 40%)
       TP2: $0.034945 (+45.0%, 3.0R, sell 35%)
       TP3: $0.042175 (+75.0%, 5.0R, sell 25%)

  [ 8] QNT         score= 126.3  ST=4/6  price=$70.520000     24h= +5.18%  vol=$  1.1M
       TF:  1D= 87  12H= 94  6H=137  4H=139  2H=156  1H=160
       Bonuses: 1H pre-pump (obv_stealth_accum) | RS vs BTC 7d +0.4%  (+7 pts)
       Entry: $70.520000  |  Stop: $63.193571 (-10.39%)  |  Risk: $1500 (1.50% acct)
       Position: $14438 (14.44% acct, qty 204.7382)
       TP1: $81.509643 (+15.6%, 1.5R, sell 40%)
       TP2: $92.499286 (+31.2%, 3.0R, sell 35%)
       TP3: $107.152143 (+52.0%, 5.0R, sell 25%)

  [ 9] PUFFER      score= 126.0  ST=6/6  price=$0.018510      24h=-14.27%  vol=$  6.4M
       TF:  1D=114  12H=110  6H=135  4H=132  2H=112  1H=106
       Bonuses: RS vs BTC 7d +23.9% | funding -0.0883%/8h  (+8 pts)
       Entry: $0.018510  |  Stop: $0.015734 (-15.00%)  |  Risk: $1500 (1.50% acct)
       Position: $10000 (10.00% acct, qty 540248.5143)
       TP1: $0.022675 (+22.5%, 1.5R, sell 40%)
       TP2: $0.026839 (+45.0%, 3.0R, sell 35%)
       TP3: $0.032392 (+75.0%, 5.0R, sell 25%)

  [10] TIA         score= 125.8  ST=4/6  price=$0.369200      24h= +4.78%  vol=$ 14.3M
       TF:  1D= 90  12H= 92  6H=139  4H=139  2H=153  1H=151
       Bonuses: 1H pre-pump (obv_stealth_accum) | RS vs BTC 7d +11.0%  (+7 pts)
       Entry: $0.369200  |  Stop: $0.319057 (-13.58%)  |  Risk: $1500 (1.50% acct)
       Position: $11044 (11.04% acct, qty 29914.5299)
       TP1: $0.444414 (+20.4%, 1.5R, sell 40%)
       TP2: $0.519629 (+40.7%, 3.0R, sell 35%)
       TP3: $0.619914 (+67.9%, 5.0R, sell 25%)

  [11] PYTH        score= 125.8  ST=4/6  price=$0.038800      24h= +1.29%  vol=$  5.6M
       TF:  1D= 70  12H=144  6H=152  4H=138  2H=134  1H=128
       Bonuses: RS vs BTC 7d +18.0%  (+5 pts)
       Entry: $0.038800  |  Stop: $0.033460 (-13.76%)  |  Risk: $1500 (1.50% acct)
       Position: $10899 (10.90% acct, qty 280898.8764)
       TP1: $0.046810 (+20.6%, 1.5R, sell 40%)
       TP2: $0.054820 (+41.3%, 3.0R, sell 35%)
       TP3: $0.065500 (+68.8%, 5.0R, sell 25%)

  [12] AAVE        score= 125.5  ST=5/6  price=$73.700000     24h= +2.46%  vol=$ 37.7M
       TF:  1D= 75  12H=126  6H=134  4H=145  2H=136  1H=141
       Bonuses: 1H pre-pump (obv_stealth_accum) | RS vs BTC 7d +11.1%  (+7 pts)
       Entry: $73.700000  |  Stop: $65.506786 (-11.12%)  |  Risk: $1500 (1.50% acct)
       Position: $13493 (13.49% acct, qty 183.0783)
       TP1: $85.989821 (+16.7%, 1.5R, sell 40%)
       TP2: $98.279643 (+33.4%, 3.0R, sell 35%)
       TP3: $114.666071 (+55.6%, 5.0R, sell 25%)

  [13] WAVES       score= 125.5  ST=5/6  price=$0.271200      24h= +9.00%  vol=$  4.0M
       TF:  1D= 84  12H=118  6H=117  4H=134  2H=133  1H=168
       Bonuses: RSI div 1D (bullish) | funding -0.1320%/8h  (+8 pts)
       Entry: $0.271200  |  Stop: $0.231975 (-14.46%)  |  Risk: $1500 (1.50% acct)
       Position: $10371 (10.37% acct, qty 38240.9178)
       TP1: $0.330037 (+21.7%, 1.5R, sell 40%)
       TP2: $0.388875 (+43.4%, 3.0R, sell 35%)
       TP3: $0.467325 (+72.3%, 5.0R, sell 25%)

  [14] MON         score= 124.3  ST=3/6  price=$0.022581      24h= +3.28%  vol=$  3.0M
       TF:  1D= 79  12H= 83  6H=123  4H=158  2H=143  1H=143
       Bonuses: 1H pre-pump (obv_divergence, obv_stealth_accum) | RS vs BTC 7d +3.3% | funding -0.0274%/8h  (+12 pts)
       Entry: $0.022581  |  Stop: $0.019815 (-12.25%)  |  Risk: $1500 (1.50% acct)
       Position: $12245 (12.24% acct, qty 542257.3398)
       TP1: $0.026730 (+18.4%, 1.5R, sell 40%)
       TP2: $0.030880 (+36.8%, 3.0R, sell 35%)
       TP3: $0.036412 (+61.2%, 5.0R, sell 25%)

  [15] ZRO         score= 123.5  ST=5/6  price=$1.116600      24h= +7.59%  vol=$ 26.3M
       TF:  1D=100  12H=101  6H=125  4H=137  2H=151  1H=129
       Bonuses: RS vs BTC 7d +27.4%  (+5 pts)
       Entry: $1.116600  |  Stop: $0.949110 (-15.00%)  |  Risk: $1500 (1.50% acct)
       Position: $10000 (10.00% acct, qty 8955.7586)
       TP1: $1.367835 (+22.5%, 1.5R, sell 40%)
       TP2: $1.619070 (+45.0%, 3.0R, sell 35%)
       TP3: $1.954050 (+75.0%, 5.0R, sell 25%)

  [16] MET         score= 123.1  ST=4/6  price=$0.118520      24h= +5.58%  vol=$  1.5M
       TF:  1D= 93  12H=103  6H=126  4H=150  2H=135  1H=119
       Bonuses: 1H pre-pump (obv_stealth_accum) | RS vs BTC 7d +11.2%  (+7 pts)
       Entry: $0.118520  |  Stop: $0.102734 (-13.32%)  |  Risk: $1500 (1.50% acct)
       Position: $11262 (11.26% acct, qty 95018.3250)
       TP1: $0.142200 (+20.0%, 1.5R, sell 40%)
       TP2: $0.165879 (+40.0%, 3.0R, sell 35%)
       TP3: $0.197452 (+66.6%, 5.0R, sell 25%)

  [17] OPEN        score= 122.6  ST=5/6  price=$0.236410      24h= +4.64%  vol=$  2.5M
       TF:  1D=139  12H=147  6H=101  4H= 98  2H= 63  1H=119
       Bonuses: RS vs BTC 7d +13.6%  (+5 pts)
       Entry: $0.236410  |  Stop: $0.200949 (-15.00%)  |  Risk: $1500 (1.50% acct)
       Position: $10000 (10.00% acct, qty 42299.3951)
       TP1: $0.289602 (+22.5%, 1.5R, sell 40%)
       TP2: $0.342795 (+45.0%, 3.0R, sell 35%)
       TP3: $0.413718 (+75.0%, 5.0R, sell 25%)

  [18] INJ         score= 122.5  ST=5/6  price=$5.575000      24h=+13.26%  vol=$ 31.5M
       TF:  1D=102  12H= 96  6H=123  4H=132  2H=163  1H=169
       Entry: $5.575000  |  Stop: $4.738750 (-15.00%)  |  Risk: $1500 (1.50% acct)
       Position: $10000 (10.00% acct, qty 1793.7220)
       TP1: $6.829375 (+22.5%, 1.5R, sell 40%)
       TP2: $8.083750 (+45.0%, 3.0R, sell 35%)
       TP3: $9.756250 (+75.0%, 5.0R, sell 25%)

  [19] BABY        score= 122.1  ST=5/6  price=$0.019554      24h= +6.94%  vol=$ 11.9M
       TF:  1D=117  12H=118  6H=125  4H=141  2H=102  1H= 56
       Bonuses: RSI div 1D (hidden_bullish) | RS vs BTC 7d +20.8%  (+8 pts)
       Entry: $0.019554  |  Stop: $0.016621 (-15.00%)  |  Risk: $1500 (1.50% acct)
       Position: $10000 (10.00% acct, qty 511404.3163)
       TP1: $0.023954 (+22.5%, 1.5R, sell 40%)
       TP2: $0.028353 (+45.0%, 3.0R, sell 35%)
       TP3: $0.034219 (+75.0%, 5.0R, sell 25%)

  [20] ALLO        score= 121.6  ST=6/6  price=$0.364600      24h=+16.97%  vol=$ 19.2M
       TF:  1D=139  12H=105  6H=117  4H=119  2H= 97  1H=146
       Entry: $0.364600  |  Stop: $0.309910 (-15.00%)  |  Risk: $1500 (1.50% acct)
       Position: $10000 (10.00% acct, qty 27427.3176)
       TP1: $0.446635 (+22.5%, 1.5R, sell 40%)
       TP2: $0.528670 (+45.0%, 3.0R, sell 35%)
       TP3: $0.638050 (+75.0%, 5.0R, sell 25%)

  [21] SPACE       score= 121.4  ST=5/6  price=$0.006639      24h=+25.55%  vol=$ 17.4M
       TF:  1D= 89  12H= 67  6H=152  4H=134  2H=137  1H=157
       Bonuses: RSI div 1D (hidden_bullish) | 1H pre-pump (obv_divergence) | funding -0.6300%/8h  (+8 pts)
       Entry: $0.006639  |  Stop: $0.005643 (-15.00%)  |  Risk: $1500 (1.50% acct)
       Position: $10000 (10.00% acct, qty 1506250.9414)
       TP1: $0.008133 (+22.5%, 1.5R, sell 40%)
       TP2: $0.009627 (+45.0%, 3.0R, sell 35%)
       TP3: $0.011618 (+75.0%, 5.0R, sell 25%)

  [22] BR          score= 121.1  ST=6/6  price=$0.111890      24h=+46.11%  vol=$  1.8M
       TF:  1D=110  12H= 84  6H= 95  4H=152  2H=142  1H=144
       Bonuses: RSI div 1D (bullish)  (+5 pts)
       Entry: $0.111890  |  Stop: $0.095106 (-15.00%)  |  Risk: $1500 (1.50% acct)
       Position: $10000 (10.00% acct, qty 89373.4918)
       TP1: $0.137065 (+22.5%, 1.5R, sell 40%)
       TP2: $0.162241 (+45.0%, 3.0R, sell 35%)
       TP3: $0.195807 (+75.0%, 5.0R, sell 25%)

  [23] ENJ         score= 120.9  ST=4/6  price=$0.031531      24h= +5.85%  vol=$  2.2M
       TF:  1D= 92  12H= 94  6H=132  4H=149  2H=139  1H=175
       Entry: $0.031531  |  Stop: $0.027437 (-12.98%)  |  Risk: $1500 (1.50% acct)
       Position: $11552 (11.55% acct, qty 366377.0543)
       TP1: $0.037672 (+19.5%, 1.5R, sell 40%)
       TP2: $0.043813 (+39.0%, 3.0R, sell 35%)
       TP3: $0.052002 (+64.9%, 5.0R, sell 25%)

  [24] FARTCOIN    score= 120.7  ST=3/6  price=$0.128670      24h= +4.40%  vol=$ 91.0M
       TF:  1D= 91  12H= 83  6H=142  4H=151  2H=129  1H=122
       Bonuses: 1H pre-pump (obv_divergence) | RS vs BTC 7d +4.5%  (+7 pts)
       Entry: $0.128670  |  Stop: $0.109369 (-15.00%)  |  Risk: $1500 (1.50% acct)
       Position: $10000 (10.00% acct, qty 77718.1938)
       TP1: $0.157621 (+22.5%, 1.5R, sell 40%)
       TP2: $0.186572 (+45.0%, 3.0R, sell 35%)
       TP3: $0.225172 (+75.0%, 5.0R, sell 25%)

  [25] ONDO        score= 120.4  ST=3/6  price=$0.369900      24h= +1.32%  vol=$ 51.1M
       TF:  1D=106  12H= 85  6H=124  4H=141  2H=108  1H=150
       Bonuses: RSI div 1D (hidden_bullish) | funding -0.0121%/8h  (+6 pts)
       Entry: $0.369900  |  Stop: $0.314415 (-15.00%)  |  Risk: $1500 (1.50% acct)
       Position: $10000 (10.00% acct, qty 27034.3336)
       TP1: $0.453128 (+22.5%, 1.5R, sell 40%)
       TP2: $0.536355 (+45.0%, 3.0R, sell 35%)
       TP3: $0.647325 (+75.0%, 5.0R, sell 25%)

  [26] WIF         score= 120.3  ST=3/6  price=$0.167570      24h= +2.15%  vol=$ 18.9M
       TF:  1D= 94  12H= 95  6H=128  4H=155  2H=122  1H=109
       Bonuses: 1H pre-pump (obv_stealth_accum) | RS vs BTC 7d +0.6%  (+7 pts)
       Entry: $0.167570  |  Stop: $0.145319 (-13.28%)  |  Risk: $1500 (1.50% acct)
       Position: $11296 (11.30% acct, qty 67411.4022)
       TP1: $0.200947 (+19.9%, 1.5R, sell 40%)
       TP2: $0.234324 (+39.8%, 3.0R, sell 35%)
       TP3: $0.278827 (+66.4%, 5.0R, sell 25%)

  [27] STABLE      score= 120.1  ST=3/6  price=$0.035875      24h= +3.82%  vol=$  1.6M
       TF:  1D= 91  12H= 98  6H=122  4H=121  2H=113  1H=150
       Bonuses: RSI div 1D (bullish) | RS vs BTC 7d +3.6%  (+10 pts)
       Entry: $0.035875  |  Stop: $0.030631 (-14.62%)  |  Risk: $1500 (1.50% acct)
       Position: $10263 (10.26% acct, qty 286064.5689)
       TP1: $0.043740 (+21.9%, 1.5R, sell 40%)
       TP2: $0.051606 (+43.9%, 3.0R, sell 35%)
       TP3: $0.062093 (+73.1%, 5.0R, sell 25%)

  [28] BOME        score= 120.0  ST=3/6  price=$0.000465      24h= +2.97%  vol=$  2.0M
       TF:  1D= 83  12H= 89  6H=144  4H=150  2H=112  1H=104
       Bonuses: RSI div 1D (hidden_bullish) | RS vs BTC 7d +6.4% | funding -0.0137%/8h  (+11 pts)
       Entry: $0.000465  |  Stop: $0.000406 (-12.62%)  |  Risk: $1500 (1.50% acct)
       Position: $11884 (11.88% acct, qty 25584795.3216)
       TP1: $0.000552 (+18.9%, 1.5R, sell 40%)
       TP2: $0.000640 (+37.9%, 3.0R, sell 35%)
       TP3: $0.000758 (+63.1%, 5.0R, sell 25%)

  [29] SOL         score= 119.9  ST=5/6  price=$73.940000     24h= +5.04%  vol=$929.0M
       TF:  1D= 67  12H=128  6H=140  4H=137  2H=106  1H=143
       Bonuses: 1H pre-pump (obv_stealth_accum) | RS vs BTC 7d +5.6%  (+7 pts)
       Entry: $73.940000  |  Stop: $66.635000 (-9.88%)  |  Risk: $1500 (1.50% acct)
       Position: $15183 (15.18% acct, qty 205.3388)
       TP1: $84.897500 (+14.8%, 1.5R, sell 40%)
       TP2: $95.855000 (+29.6%, 3.0R, sell 35%)
       TP3: $110.465000 (+49.4%, 5.0R, sell 25%)

  [30] ENA         score= 119.7  ST=4/6  price=$0.085410      24h= +2.17%  vol=$ 72.1M
       TF:  1D= 93  12H= 77  6H=125  4H=168  2H=124  1H=144
       Bonuses: 1H pre-pump (obv_stealth_accum) | funding -0.0192%/8h  (+5 pts)
       Entry: $0.085410  |  Stop: $0.072598 (-15.00%)  |  Risk: $1500 (1.50% acct)
       Position: $10000 (10.00% acct, qty 117082.3089)
       TP1: $0.104627 (+22.5%, 1.5R, sell 40%)
       TP2: $0.123844 (+45.0%, 3.0R, sell 35%)
       TP3: $0.149468 (+75.0%, 5.0R, sell 25%)

  [31] XRP         score= 119.6  ST=3/6  price=$1.237600      24h= +4.68%  vol=$555.4M
       TF:  1D= 94  12H=113  6H=138  4H=142  2H=121  1H= 92
       Bonuses: RS vs BTC 7d +0.9%  (+5 pts)
       Entry: $1.237600  |  Stop: $1.135300 (-8.27%)  |  Risk: $1500 (1.50% acct)
       Position: $18147 (18.15% acct, qty 14662.7566)
       TP1: $1.391050 (+12.4%, 1.5R, sell 40%)
       TP2: $1.544500 (+24.8%, 3.0R, sell 35%)
       TP3: $1.749100 (+41.3%, 5.0R, sell 25%)

  [32] XAU         score= 119.5  ST=5/6  price=$4,319.030000  24h= -0.02%  vol=$ 54.0M
       TF:  1D= 82  12H=102  6H=120  4H=157  2H=157  1H=138
       Bonuses: 1H pre-pump (obv_stealth_accum)  (+2 pts)
       Entry: $4319.030000  |  Stop: $4103.078500 (-5.00%)  |  Risk: $1000 (1.00% acct)
       Position: $20000 (20.00% acct, qty 4.6307)
       TP1: $4642.957250 (+7.5%, 1.5R, sell 40%)
       TP2: $4966.884500 (+15.0%, 3.0R, sell 35%)
       TP3: $5398.787500 (+25.0%, 5.0R, sell 25%)

  [33] BCH         score= 119.1  ST=4/6  price=$224.400000    24h= +5.33%  vol=$ 43.7M
       TF:  1D= 80  12H= 85  6H=110  4H=116  2H=128  1H=154
       Bonuses: RSI div 1D (bullish) | 1H pre-pump (obv_stealth_accum) | RS vs BTC 7d +2.1% | funding -0.0116%/8h  (+15 pts)
       Entry: $224.400000  |  Stop: $193.060714 (-13.97%)  |  Risk: $1500 (1.50% acct)
       Position: $10741 (10.74% acct, qty 47.8632)
       TP1: $271.408929 (+20.9%, 1.5R, sell 40%)
       TP2: $318.417857 (+41.9%, 3.0R, sell 35%)
       TP3: $381.096429 (+69.8%, 5.0R, sell 25%)

  [34] S           score= 119.1  ST=4/6  price=$0.032700      24h= +1.95%  vol=$  1.1M
       TF:  1D= 79  12H=102  6H=117  4H=149  2H=114  1H=140
       Bonuses: 1H pre-pump (obv_divergence, obv_stealth_accum) | RS vs BTC 7d +4.4%  (+9 pts)
       Entry: $0.032700  |  Stop: $0.028497 (-12.85%)  |  Risk: $1500 (1.50% acct)
       Position: $11670 (11.67% acct, qty 356869.7425)
       TP1: $0.039005 (+19.3%, 1.5R, sell 40%)
       TP2: $0.045310 (+38.6%, 3.0R, sell 35%)
       TP3: $0.053716 (+64.3%, 5.0R, sell 25%)

  [35] CLO         score= 118.8  ST=3/6  price=$0.204850      24h=-38.41%  vol=$ 23.1M
       TF:  1D=165  12H=189  6H=104  4H= 51  2H= 30  1H= 30
       Bonuses: RS vs BTC 7d +28.1%  (+5 pts)
       Entry: $0.204850  |  Stop: $0.174123 (-15.00%)  |  Risk: $1500 (1.50% acct)
       Position: $10000 (10.00% acct, qty 48816.2070)
       TP1: $0.250941 (+22.5%, 1.5R, sell 40%)
       TP2: $0.297032 (+45.0%, 3.0R, sell 35%)
       TP3: $0.358488 (+75.0%, 5.0R, sell 25%)

  [36] ROSE        score= 118.7  ST=4/6  price=$0.006925      24h= +5.47%  vol=$  2.8M
       TF:  1D= 90  12H= 87  6H=125  4H=143  2H=151  1H=128
       Bonuses: RS vs BTC 7d +1.7%  (+5 pts)
       Entry: $0.006925  |  Stop: $0.006042 (-12.75%)  |  Risk: $1500 (1.50% acct)
       Position: $11764 (11.76% acct, qty 1698822.9584)
       TP1: $0.008249 (+19.1%, 1.5R, sell 40%)
       TP2: $0.009574 (+38.2%, 3.0R, sell 35%)
       TP3: $0.011340 (+63.8%, 5.0R, sell 25%)

  [37] PNUT        score= 118.2  ST=3/6  price=$0.045090      24h= +2.05%  vol=$  1.5M
       TF:  1D= 81  12H= 82  6H=134  4H=152  2H=113  1H=137
       Bonuses: 1H pre-pump (obv_divergence, obv_stealth_accum) | RS vs BTC 7d +2.0%  (+9 pts)
       Entry: $0.045090  |  Stop: $0.039475 (-12.45%)  |  Risk: $1500 (1.50% acct)
       Position: $12045 (12.04% acct, qty 267124.5945)
       TP1: $0.053513 (+18.7%, 1.5R, sell 40%)
       TP2: $0.061936 (+37.4%, 3.0R, sell 35%)
       TP3: $0.073167 (+62.3%, 5.0R, sell 25%)

  [38] PENDLE      score= 118.0  ST=4/6  price=$1.352400      24h= +1.54%  vol=$  5.6M
       TF:  1D= 83  12H= 65  6H=139  4H=167  2H=149  1H=130
       Bonuses: RS vs BTC 7d +1.1%  (+5 pts)
       Entry: $1.352400  |  Stop: $1.187186 (-12.22%)  |  Risk: $1500 (1.50% acct)
       Position: $12279 (12.28% acct, qty 9079.1180)
       TP1: $1.600221 (+18.3%, 1.5R, sell 40%)
       TP2: $1.848043 (+36.6%, 3.0R, sell 35%)
       TP3: $2.178471 (+61.1%, 5.0R, sell 25%)

  [39] COAI        score= 117.7  ST=3/6  price=$0.320700      24h= +4.34%  vol=$  4.9M
       TF:  1D=133  12H=116  6H= 76  4H= 62  2H= 96  1H=130
       Bonuses: RSI div 1D (hidden_bullish) | 1H pre-pump (bb_squeeze, obv_divergence) | RS vs BTC 7d +28.0%  (+12 pts)
       Entry: $0.320700  |  Stop: $0.272595 (-15.00%)  |  Risk: $1500 (1.50% acct)
       Position: $10000 (10.00% acct, qty 31181.7898)
       TP1: $0.392858 (+22.5%, 1.5R, sell 40%)
       TP2: $0.465015 (+45.0%, 3.0R, sell 35%)
       TP3: $0.561225 (+75.0%, 5.0R, sell 25%)

  [40] 1000FLOKI   score= 117.7  ST=3/6  price=$0.026280      24h= +3.97%  vol=$  2.2M
       TF:  1D= 89  12H= 97  6H=142  4H=155  2H=111  1H= 85
       Bonuses: 1H pre-pump (obv_divergence) | RS vs BTC 7d +3.2%  (+7 pts)
       Entry: $0.026280  |  Stop: $0.023690 (-9.85%)  |  Risk: $1500 (1.50% acct)
       Position: $15222 (15.22% acct, qty 579230.4510)
       TP1: $0.030164 (+14.8%, 1.5R, sell 40%)
       TP2: $0.034049 (+29.6%, 3.0R, sell 35%)
       TP3: $0.039228 (+49.3%, 5.0R, sell 25%)

  [41] SHIB1000    score= 117.5  ST=3/6  price=$0.005058      24h= +1.00%  vol=$  8.1M
       TF:  1D= 69  12H= 99  6H=151  4H=151  2H=111  1H=128
       Bonuses: 1H pre-pump (obv_stealth_accum) | RS vs BTC 7d +2.1%  (+7 pts)
       Entry: $0.005058  |  Stop: $0.004646 (-8.15%)  |  Risk: $1500 (1.50% acct)
       Position: $18407 (18.41% acct, qty 3639199.3761)
       TP1: $0.005676 (+12.2%, 1.5R, sell 40%)
       TP2: $0.006295 (+24.4%, 3.0R, sell 35%)
       TP3: $0.007119 (+40.8%, 5.0R, sell 25%)

  [42] AVNT        score= 117.4  ST=4/6  price=$0.111720      24h= +1.88%  vol=$  2.1M
       TF:  1D= 64  12H= 86  6H= 98  4H=143  2H=181  1H=174
       Bonuses: 1H pre-pump (obv_divergence) | RS vs BTC 7d +4.7%  (+7 pts)
       Entry: $0.111720  |  Stop: $0.095610 (-14.42%)  |  Risk: $1500 (1.50% acct)
       Position: $10402 (10.40% acct, qty 93109.8696)
       TP1: $0.135885 (+21.6%, 1.5R, sell 40%)
       TP2: $0.160050 (+43.3%, 3.0R, sell 35%)
       TP3: $0.192270 (+72.1%, 5.0R, sell 25%)

  [43] MOODENG     score= 117.3  ST=3/6  price=$0.042270      24h= +1.43%  vol=$  2.6M
       TF:  1D= 85  12H= 90  6H=133  4H=151  2H=121  1H=114
       Bonuses: 1H pre-pump (obv_divergence) | RS vs BTC 7d +5.0%  (+7 pts)
       Entry: $0.042270  |  Stop: $0.037044 (-12.36%)  |  Risk: $1500 (1.50% acct)
       Position: $12132 (12.13% acct, qty 287002.8700)
       TP1: $0.050110 (+18.6%, 1.5R, sell 40%)
       TP2: $0.057949 (+37.1%, 3.0R, sell 35%)
       TP3: $0.068402 (+61.8%, 5.0R, sell 25%)

  [44] FIGHT       score= 117.1  ST=4/6  price=$0.004178      24h= +3.56%  vol=$  1.5M
       TF:  1D= 83  12H= 82  6H=116  4H=154  2H=142  1H=149
       Bonuses: RS vs BTC 7d +22.0%  (+5 pts)
       Entry: $0.004178  |  Stop: $0.003551 (-15.00%)  |  Risk: $1500 (1.50% acct)
       Position: $10000 (10.00% acct, qty 2393489.7080)
       TP1: $0.005118 (+22.5%, 1.5R, sell 40%)
       TP2: $0.006058 (+45.0%, 3.0R, sell 35%)
       TP3: $0.007312 (+75.0%, 5.0R, sell 25%)

  [45] POPCAT      score= 116.7  ST=4/6  price=$0.043970      24h= +5.88%  vol=$  4.7M
       TF:  1D= 79  12H= 93  6H=118  4H=130  2H=140  1H=130
       Bonuses: 1H pre-pump (bb_squeeze, obv_stealth_accum) | RS vs BTC 7d +0.3%  (+9 pts)
       Entry: $0.043970  |  Stop: $0.038243 (-13.02%)  |  Risk: $1500 (1.50% acct)
       Position: $11517 (11.52% acct, qty 261927.0346)
       TP1: $0.052560 (+19.5%, 1.5R, sell 40%)
       TP2: $0.061150 (+39.1%, 3.0R, sell 35%)
       TP3: $0.072604 (+65.1%, 5.0R, sell 25%)

  [46] ENS         score= 116.4  ST=4/6  price=$5.400000      24h= +5.27%  vol=$  4.0M
       TF:  1D= 71  12H=122  6H=148  4H=134  2H=118  1H= 77
       Bonuses: RS vs BTC 7d +8.9% | funding -0.0171%/8h  (+8 pts)
       Entry: $5.400000  |  Stop: $4.827000 (-10.61%)  |  Risk: $1500 (1.50% acct)
       Position: $14136 (14.14% acct, qty 2617.8010)
       TP1: $6.259500 (+15.9%, 1.5R, sell 40%)
       TP2: $7.119000 (+31.8%, 3.0R, sell 35%)
       TP3: $8.265000 (+53.1%, 5.0R, sell 25%)

  [47] KITE        score= 116.3  ST=4/6  price=$0.193140      24h= -2.21%  vol=$  1.2M
       TF:  1D=109  12H=109  6H=153  4H=130  2H=104  1H= 50
       Bonuses: 1H pre-pump (obv_divergence, obv_stealth_accum)  (+4 pts)
       Entry: $0.193140  |  Stop: $0.171732 (-11.08%)  |  Risk: $1500 (1.50% acct)
       Position: $13533 (13.53% acct, qty 70066.5632)
       TP1: $0.225252 (+16.6%, 1.5R, sell 40%)
       TP2: $0.257365 (+33.2%, 3.0R, sell 35%)
       TP3: $0.300181 (+55.4%, 5.0R, sell 25%)

  [48] XMR         score= 115.4  ST=5/6  price=$348.550000    24h= +2.62%  vol=$ 40.6M
       TF:  1D=111  12H=105  6H=128  4H=113  2H=102  1H= 99
       Bonuses: RS vs BTC 7d +5.4%  (+5 pts)
       Entry: $348.550000  |  Stop: $296.267500 (-15.00%)  |  Risk: $1500 (1.50% acct)
       Position: $10000 (10.00% acct, qty 28.6903)
       TP1: $426.973750 (+22.5%, 1.5R, sell 40%)
       TP2: $505.397500 (+45.0%, 3.0R, sell 35%)
       TP3: $609.962500 (+75.0%, 5.0R, sell 25%)

  [49] ATH         score= 115.4  ST=4/6  price=$0.004954      24h= -2.34%  vol=$  1.0M
       TF:  1D= 75  12H=109  6H=132  4H=148  2H=122  1H= 90
       Bonuses: 1H pre-pump (obv_divergence) | RS vs BTC 7d +3.5%  (+7 pts)
       Entry: $0.004954  |  Stop: $0.004319 (-12.81%)  |  Risk: $1500 (1.50% acct)
       Position: $11710 (11.71% acct, qty 2363667.0606)
       TP1: $0.005906 (+19.2%, 1.5R, sell 40%)
       TP2: $0.006858 (+38.4%, 3.0R, sell 35%)
       TP3: $0.008127 (+64.0%, 5.0R, sell 25%)

  [50] DASH        score= 115.2  ST=4/6  price=$38.260000     24h= -1.76%  vol=$  6.3M
       TF:  1D= 80  12H=112  6H=135  4H=155  2H=118  1H=127
       Entry: $38.260000  |  Stop: $33.325000 (-12.90%)  |  Risk: $1500 (1.50% acct)
       Position: $11629 (11.63% acct, qty 303.9514)
       TP1: $45.662500 (+19.4%, 1.5R, sell 40%)
       TP2: $53.065000 (+38.7%, 3.0R, sell 35%)
       TP3: $62.935000 (+64.5%, 5.0R, sell 25%)

--------------------------------------------------------------------------------
  WATCH  —  46 coin(s)  (worth tracking)
--------------------------------------------------------------------------------
  #   Symbol      Score  ST         Price    24h%   Vol $M  TF breakdown
  ------------------------------------------------------------------------------
    1 SOLAYER     109.9  2/6  $   0.068140  +6.43%  $    1.3  1D= 85  12H= 75  6H=108  4H=122  2H=173  1H=158
    2 CHIP        107.5  2/6  $   0.036690 -13.68%  $   11.6  1D=108  12H= 96  6H=136  4H=130  2H= 70  1H= 48
    3 VELVET      105.5  2/6  $   0.370800 +30.30%  $   19.1  1D=113  12H= 96  6H= 53  4H= 84  2H=117  1H=131
    4 AR           99.7  3/6  $   2.049300  -1.00%  $    1.2  1D= 48  12H= 87  6H=126  4H=144  2H= 91  1H=124
    5 BRETT        99.6  3/6  $   0.006442  -3.28%  $    1.0  1D= 93  12H=103  6H=137  4H=106  2H= 46  1H= 60
    6 OP           99.2  4/6  $   0.108500  -1.97%  $   10.8  1D= 70  12H=101  6H=132  4H=110  2H= 77  1H= 89
    7 ADA          99.1  3/6  $   0.178300  -1.10%  $   92.0  1D= 74  12H= 94  6H=116  4H=144  2H= 96  1H= 91
    8 GMT          99.0  3/6  $   0.008391  +0.44%  $    1.4  1D= 63  12H= 80  6H= 92  4H=144  2H= 99  1H=131
    9 B3           98.7  3/6  $   0.000610  -2.95%  $    1.6  1D= 64  12H= 65  6H=113  4H=115  2H=114  1H= 49
   10 MORPHO       98.5  4/6  $   1.959400  -1.95%  $    1.8  1D=118  12H=117  6H= 72  4H= 62  2H= 52  1H= 87
   11 ZORA         96.0  2/6  $   0.008495  -0.80%  $    1.2  1D= 65  12H=105  6H= 93  4H=104  2H=101  1H=111
   12 JELLYJELLY   95.8  2/6  $   0.062680  -3.41%  $    6.1  1D=153  12H=131  6H= 60  4H= 53  2H= 22  1H= 22
   13 POWER        95.6  5/6  $   0.079480  +6.54%  $    1.0  1D=114  12H= 86  6H= 78  4H= 46  2H=106  1H=132
   14 ZKC          95.4  1/6  $   0.054000  -3.53%  $    4.2  1D=115  12H= 96  6H= 89  4H= 66  2H= 53  1H= 64
   15 WAL          95.0  3/6  $   0.035390  -6.82%  $    1.9  1D=100  12H=100  6H=114  4H=102  2H= 63  1H= 70
   16 POL          93.0  4/6  $   0.077900  +2.19%  $    3.6  1D= 38  12H= 83  6H=104  4H=143  2H=114  1H=130
   17 RECALL       92.9  3/6  $   0.037710  -1.14%  $    1.4  1D= 83  12H= 97  6H=118  4H=115  2H= 88  1H= 27
   18 GRT          92.8  4/6  $   0.020330  -1.83%  $    1.4  1D= 58  12H=110  6H=109  4H=109  2H= 82  1H=120
   19 HOME         92.7  3/6  $   0.029583  +4.35%  $   22.9  1D= 69  12H= 64  6H= 87  4H=107  2H=105  1H=129
   20 W            92.6  3/6  $   0.010040  -1.58%  $    1.5  1D= 60  12H= 81  6H=112  4H=121  2H= 76  1H=105
   21 ICP          91.8  4/6  $   2.419000  -2.93%  $   19.1  1D= 53  12H=124  6H=114  4H=107  2H= 45  1H= 96
   22 BERA         91.6  2/6  $   0.260900  -1.02%  $    2.5  1D= 92  12H= 52  6H=110  4H= 86  2H= 92  1H= 80
   23 PIPPIN       91.1  4/6  $   0.018230  -5.52%  $    4.1  1D=114  12H= 85  6H= 59  4H= 85  2H= 90  1H= 98
   24 SPK          91.1  2/6  $   0.020120  -2.35%  $    1.5  1D= 84  12H=103  6H=108  4H=108  2H= 55  1H= 60
   25 JASMY        89.0  3/6  $   0.005088  -5.65%  $    3.8  1D= 73  12H=113  6H=126  4H= 83  2H= 45  1H= 42
   26 DEXE         88.8  3/6  $  18.978000  +0.04%  $    1.3  1D= 98  12H= 74  6H= 75  4H= 75  2H=137  1H= 76
   27 DOGE         88.2  3/6  $   0.088070  -0.06%  $  187.7  1D= 64  12H= 77  6H=104  4H=120  2H= 69  1H=100
   28 APE          88.1  3/6  $   0.128060  -1.64%  $    2.4  1D= 62  12H= 81  6H=100  4H= 95  2H= 72  1H=116
   29 WCT          85.7  2/6  $   0.047330  -0.75%  $    2.3  1D= 84  12H= 84  6H= 89  4H= 54  2H= 77  1H= 77
   30 HMSTR        85.4  2/6  $   0.000170 +10.83%  $    5.0  1D= 95  12H= 69  6H= 58  4H= 76  2H= 66  1H=140
   31 AZTEC        82.2  3/6  $   0.016748  -2.34%  $    1.5  1D= 58  12H= 91  6H=112  4H= 97  2H= 71  1H= 59
   32 MERL         81.7  3/6  $   0.021840  +2.61%  $    1.7  1D= 69  12H=  0  6H=109  4H=135  2H=104  1H= 83
   33 B            81.4  2/6  $   0.251510  +4.24%  $    1.8  1D= 88  12H= 88  6H=  0  4H=105  2H=111  1H= 51
   34 ZBT          80.6  2/6  $   0.114470  +3.58%  $    2.3  1D= 73  12H= 56  6H= 16  4H=103  2H= 69  1H=138
   35 IRYS         79.4  2/6  $   0.018487  -1.33%  $    1.2  1D= 77  12H= 80  6H=118  4H= 80  2H= 35  1H= 29
   36 ZEREBRO      77.8  4/6  $   0.024338  -2.27%  $    1.2  1D=138  12H= 73  6H= 30  4H= 44  2H= 31  1H= 97
   37 BIO          77.5  3/6  $   0.031390  -4.36%  $    3.9  1D=102  12H= 72  6H= 64  4H= 48  2H= 44  1H= 75
   38 DYDX         76.8  2/6  $   0.120770  -0.47%  $    2.4  1D= 29  12H= 67  6H= 65  4H=114  2H=111  1H=131
   39 BEAT         74.4  0/6  $   3.991200 -22.07%  $   72.1  1D=127  12H= 86  6H= 24  4H= 38  2H= 28  1H= 40
   40 MIRA         74.4  1/6  $   0.055370  -2.58%  $    2.6  1D= 68  12H= 73  6H= 84  4H= 80  2H= 53  1H= 68
   41 VVV          74.1  3/6  $  15.083000  -3.80%  $   21.4  1D= 65  12H= 69  6H=102  4H= 67  2H= 41  1H= 88
   42 HNT          72.7  1/6  $   0.301800  -0.03%  $    1.2  1D= 29  12H= 89  6H= 79  4H= 79  2H= 75  1H=121
   43 ESPORTS      72.5  1/6  $   0.062860  -4.41%  $   11.0  1D= 97  12H= 68  6H= 11  4H= 58  2H= 67  1H= 94
   44 H            72.2  2/6  $   0.294360 -57.28%  $  236.3  1D= 76  12H=111  6H= 88  4H= 45  2H= 25  1H= 38
   45 M            71.7  3/6  $   2.922500  +4.95%  $    2.3  1D= 35  12H= 38  6H= 76  4H=101  2H=107  1H=149
   46 SKR          71.2  1/6  $   0.009274  -4.67%  $    1.5  1D= 71  12H= 84  6H=100  4H= 45  2H= 28  1H= 44

================================================================================
2026-06-16 10:32:29,615 [INFO]   Saved → trend_v3_LATEST.txt, trend_v3_LATEST.json, trend_v3_20260616_103229.txt
2026-06-16 13:28:35,093 [INFO] ================================================================
2026-06-16 13:28:35,095 [INFO] TREND SCANNER v3.0
2026-06-16 13:28:35,095 [INFO] ================================================================
2026-06-16 13:28:35,095 [INFO] Building universe (Bybit perps)...
2026-06-16 13:28:36,411 [INFO]   Universe (post-filter): 244 coins
2026-06-16 13:28:36,411 [INFO] Fetching BTC 1D for regime detection...
2026-06-16 13:28:37,040 [INFO]   Regime: BULL  |  BTC 7d +5.14%  |  24h +0.89%
2026-06-16 13:28:37,041 [INFO] Scanning 244 coins across 6 timeframes...
2026-06-16 13:28:37,041 [INFO] (this is the slowest scanner — first run ~10min, subsequent ~2-3min)
2026-06-16 13:29:23,061 [INFO]   ...20/244  (surfaced: 19)
2026-06-16 13:30:09,397 [INFO]   ...40/244  (surfaced: 37)
2026-06-16 13:30:50,823 [INFO]   ...60/244  (surfaced: 50)
2026-06-16 13:31:32,519 [INFO]   ...80/244  (surfaced: 68)
2026-06-16 13:32:18,615 [INFO]   ...100/244  (surfaced: 85)
2026-06-16 13:33:42,986 [INFO]   ...140/244  (surfaced: 117)
2026-06-16 13:34:28,023 [INFO]   ...160/244  (surfaced: 130)
2026-06-16 13:35:54,710 [INFO]   ...200/244  (surfaced: 161)
2026-06-16 13:36:37,549 [INFO]   ...220/244  (surfaced: 177)
2026-06-16 13:37:22,009 [INFO]   ...240/244  (surfaced: 194)
2026-06-16 13:37:30,542 [INFO] Done in 535s  |  scanned=214  failed=30  strong=50  long=50  watch=44
2026-06-16 13:37:30,549 [INFO] 
================================================================================
  TREND SCANNER v3.0  —  multi-timeframe confirmation + trade plans
  Generated  : 2026-06-16 13:37:30
  Universe   : 244 Bybit perps  |  Scanned: 214
  Scan time  : 535s
================================================================================

  Regime     : 🟢 BULL
               BTC 7d +5.14%  |  24h +0.89%  |  $66,329

  Account    : $100,000  |  Risk/trade: 1.5%

  Tiers (bull):  STRONG ≥ 130 & ST≥4  |  LONG ≥ 100 & ST≥3  |  WATCH ≥ 70

  TF weights : 1D×0.28 · 12H×0.2 · 6H×0.15 · 4H×0.15 · 2H×0.12 · 1H×0.1

--------------------------------------------------------------------------------
  STRONG  —  50 coin(s)  (highest conviction, full position)
--------------------------------------------------------------------------------

  [ 1] JTO         score= 165.0  ST=6/6  price=$0.729200      24h=+34.65%  vol=$110.4M
       TF:  1D=163  12H=154  6H=147  4H=152  2H=157  1H=169
       Bonuses: RS vs BTC 7d +16.7% | funding -0.0479%/8h  (+8 pts)
       Entry: $0.729200  |  Stop: $0.619820 (-15.00%)  |  Risk: $1500 (1.50% acct)
       Position: $10000 (10.00% acct, qty 13713.6588)
       TP1: $0.893270 (+22.5%, 1.5R, sell 40%)
       TP2: $1.057340 (+45.0%, 3.0R, sell 35%)
       TP3: $1.276100 (+75.0%, 5.0R, sell 25%)

  [ 2] LIT         score= 160.8  ST=6/6  price=$1.687900      24h= +4.76%  vol=$ 15.7M
       TF:  1D=154  12H=132  6H=173  4H=163  2H=186  1H=136
       Bonuses: RS vs BTC 7d +9.9%  (+5 pts)
       Entry: $1.687900  |  Stop: $1.434715 (-15.00%)  |  Risk: $1500 (1.50% acct)
       Position: $10000 (10.00% acct, qty 5924.5216)
       TP1: $2.067677 (+22.5%, 1.5R, sell 40%)
       TP2: $2.447455 (+45.0%, 3.0R, sell 35%)
       TP3: $2.953825 (+75.0%, 5.0R, sell 25%)

  [ 3] MEME        score= 157.6  ST=6/6  price=$0.000610      24h= +7.28%  vol=$  3.8M
       TF:  1D=136  12H=146  6H=175  4H=154  2H=161  1H=137
       Bonuses: RSI div 1D (hidden_bullish) | RS vs BTC 7d +12.7%  (+8 pts)
       Entry: $0.000610  |  Stop: $0.000518 (-15.00%)  |  Risk: $1500 (1.50% acct)
       Position: $10000 (10.00% acct, qty 16401508.9388)
       TP1: $0.000747 (+22.5%, 1.5R, sell 40%)
       TP2: $0.000884 (+45.0%, 3.0R, sell 35%)
       TP3: $0.001067 (+75.0%, 5.0R, sell 25%)

  [ 4] WLD         score= 156.3  ST=6/6  price=$0.586900      24h= +5.85%  vol=$265.2M
       TF:  1D=136  12H=140  6H=155  4H=161  2H=165  1H=150
       Bonuses: RSI div 1D (hidden_bullish) | RS vs BTC 7d +13.1%  (+8 pts)
       Entry: $0.586900  |  Stop: $0.498865 (-15.00%)  |  Risk: $1500 (1.50% acct)
       Position: $10000 (10.00% acct, qty 17038.6778)
       TP1: $0.718952 (+22.5%, 1.5R, sell 40%)
       TP2: $0.851005 (+45.0%, 3.0R, sell 35%)
       TP3: $1.027075 (+75.0%, 5.0R, sell 25%)

  [ 5] UAI         score= 155.3  ST=6/6  price=$0.327980      24h= -5.67%  vol=$  7.6M
       TF:  1D=165  12H=162  6H=147  4H=147  2H=130  1H=120
       Bonuses: RS vs BTC 7d +12.1%  (+5 pts)
       Entry: $0.327980  |  Stop: $0.278783 (-15.00%)  |  Risk: $1500 (1.50% acct)
       Position: $10000 (10.00% acct, qty 30489.6640)
       TP1: $0.401776 (+22.5%, 1.5R, sell 40%)
       TP2: $0.475571 (+45.0%, 3.0R, sell 35%)
       TP3: $0.573965 (+75.0%, 5.0R, sell 25%)

  [ 6] ALCH        score= 153.9  ST=6/6  price=$0.074470      24h=+17.17%  vol=$  1.9M
       TF:  1D=119  12H=149  6H=154  4H=154  2H=140  1H=158
       Bonuses: RSI div 1D (bullish) | 1H pre-pump (obv_divergence) | RS vs BTC 7d +21.9%  (+12 pts)
       Entry: $0.074470  |  Stop: $0.065844 (-11.58%)  |  Risk: $1500 (1.50% acct)
       Position: $12950 (12.95% acct, qty 173891.4421)
       TP1: $0.087409 (+17.4%, 1.5R, sell 40%)
       TP2: $0.100348 (+34.8%, 3.0R, sell 35%)
       TP3: $0.117600 (+57.9%, 5.0R, sell 25%)

  [ 7] AERO        score= 152.8  ST=6/6  price=$0.426800      24h=+11.84%  vol=$ 13.4M
       TF:  1D=123  12H=149  6H=154  4H=154  2H=167  1H=173
       Bonuses: RS vs BTC 7d +19.9%  (+5 pts)
       Entry: $0.426800  |  Stop: $0.382379 (-10.41%)  |  Risk: $1500 (1.50% acct)
       Position: $14412 (14.41% acct, qty 33767.4867)
       TP1: $0.493432 (+15.6%, 1.5R, sell 40%)
       TP2: $0.560064 (+31.2%, 3.0R, sell 35%)
       TP3: $0.648907 (+52.0%, 5.0R, sell 25%)

  [ 8] BR          score= 152.0  ST=6/6  price=$0.111890      24h=+50.73%  vol=$  3.2M
       TF:  1D=110  12H=173  6H=162  4H=149  2H=144  1H=147
       Bonuses: RSI div 1D (bullish) | funding -0.1157%/8h  (+8 pts)
       Entry: $0.111890  |  Stop: $0.095106 (-15.00%)  |  Risk: $1500 (1.50% acct)
       Position: $10000 (10.00% acct, qty 89373.4918)
       TP1: $0.137065 (+22.5%, 1.5R, sell 40%)
       TP2: $0.162241 (+45.0%, 3.0R, sell 35%)
       TP3: $0.195807 (+75.0%, 5.0R, sell 25%)

  [ 9] AKT         score= 148.5  ST=6/6  price=$0.822100      24h= +3.08%  vol=$  3.5M
       TF:  1D=147  12H=149  6H=153  4H=153  2H=125  1H= 96
       Bonuses: 1H pre-pump (obv_stealth_accum) | RS vs BTC 7d +25.2%  (+7 pts)
       Entry: $0.822100  |  Stop: $0.703493 (-14.43%)  |  Risk: $1500 (1.50% acct)
       Position: $10397 (10.40% acct, qty 12646.7931)
       TP1: $1.000011 (+21.6%, 1.5R, sell 40%)
       TP2: $1.177921 (+43.3%, 3.0R, sell 35%)
       TP3: $1.415136 (+72.1%, 5.0R, sell 25%)

  [10] GRASS       score= 148.2  ST=5/6  price=$0.461810      24h= +1.06%  vol=$  7.5M
       TF:  1D=136  12H=127  6H=136  4H=169  2H=127  1H=137
       Bonuses: RSI div 1D (hidden_bullish) | 1H pre-pump (obv_stealth_accum) | RS vs BTC 7d +26.8%  (+10 pts)
       Entry: $0.461810  |  Stop: $0.392539 (-15.00%)  |  Risk: $1500 (1.50% acct)
       Position: $10000 (10.00% acct, qty 21653.9269)
       TP1: $0.565717 (+22.5%, 1.5R, sell 40%)
       TP2: $0.669624 (+45.0%, 3.0R, sell 35%)
       TP3: $0.808168 (+75.0%, 5.0R, sell 25%)

  [11] HYPE        score= 146.8  ST=5/6  price=$66.859000     24h=+10.50%  vol=$495.9M
       TF:  1D=120  12H=149  6H=152  4H=159  2H=167  1H=147
       Bonuses: 1H pre-pump (obv_divergence)  (+2 pts)
       Entry: $66.859000  |  Stop: $56.994357 (-14.75%)  |  Risk: $1500 (1.50% acct)
       Position: $10166 (10.17% acct, qty 152.0582)
       TP1: $81.655964 (+22.1%, 1.5R, sell 40%)
       TP2: $96.452929 (+44.3%, 3.0R, sell 35%)
       TP3: $116.182214 (+73.8%, 5.0R, sell 25%)

  [12] ATOM        score= 145.3  ST=6/6  price=$1.962200      24h= -0.37%  vol=$ 10.7M
       TF:  1D=121  12H=128  6H=164  4H=129  2H=164  1H=122
       Bonuses: 1H pre-pump (obv_stealth_accum) | RS vs BTC 7d +6.1% | funding -0.0163%/8h  (+10 pts)
       Entry: $1.962200  |  Stop: $1.769300 (-9.83%)  |  Risk: $1500 (1.50% acct)
       Position: $15258 (15.26% acct, qty 7776.0498)
       TP1: $2.251550 (+14.8%, 1.5R, sell 40%)
       TP2: $2.540900 (+29.5%, 3.0R, sell 35%)
       TP3: $2.926700 (+49.1%, 5.0R, sell 25%)

  [13] IO          score= 144.8  ST=6/6  price=$0.178020      24h= -0.20%  vol=$  4.0M
       TF:  1D=141  12H=140  6H=138  4H=129  2H=163  1H=127
       Bonuses: RS vs BTC 7d +15.4%  (+5 pts)
       Entry: $0.178020  |  Stop: $0.151317 (-15.00%)  |  Risk: $1500 (1.50% acct)
       Position: $10000 (10.00% acct, qty 56173.4637)
       TP1: $0.218075 (+22.5%, 1.5R, sell 40%)
       TP2: $0.258129 (+45.0%, 3.0R, sell 35%)
       TP3: $0.311535 (+75.0%, 5.0R, sell 25%)

  [14] GPS         score= 144.6  ST=5/6  price=$0.009181      24h= +4.03%  vol=$  3.8M
       TF:  1D=143  12H=154  6H=140  4H=148  2H=123  1H= 78
       Bonuses: RSI div 1D (hidden_bullish) | RS vs BTC 7d +21.4%  (+8 pts)
       Entry: $0.009181  |  Stop: $0.007804 (-15.00%)  |  Risk: $1500 (1.50% acct)
       Position: $10000 (10.00% acct, qty 1089205.9688)
       TP1: $0.011247 (+22.5%, 1.5R, sell 40%)
       TP2: $0.013312 (+45.0%, 3.0R, sell 35%)
       TP3: $0.016067 (+75.0%, 5.0R, sell 25%)

  [15] FOLKS       score= 144.2  ST=6/6  price=$2.012500      24h=+16.00%  vol=$  2.9M
       TF:  1D=129  12H=140  6H=137  4H=120  2H=158  1H=156
       Bonuses: 1H pre-pump (obv_stealth_accum) | RS vs BTC 7d +8.1%  (+7 pts)
       Entry: $2.012500  |  Stop: $1.710625 (-15.00%)  |  Risk: $1500 (1.50% acct)
       Position: $10000 (10.00% acct, qty 4968.9441)
       TP1: $2.465313 (+22.5%, 1.5R, sell 40%)
       TP2: $2.918125 (+45.0%, 3.0R, sell 35%)
       TP3: $3.521875 (+75.0%, 5.0R, sell 25%)

  [16] USELESS     score= 141.9  ST=5/6  price=$0.074720      24h= +6.41%  vol=$  7.9M
       TF:  1D=102  12H=128  6H=139  4H=179  2H=162  1H=136
       Bonuses: 1H pre-pump (obv_divergence) | RS vs BTC 7d +3.5%  (+7 pts)
       Entry: $0.074720  |  Stop: $0.063512 (-15.00%)  |  Risk: $1500 (1.50% acct)
       Position: $10000 (10.00% acct, qty 133832.9764)
       TP1: $0.091532 (+22.5%, 1.5R, sell 40%)
       TP2: $0.108344 (+45.0%, 3.0R, sell 35%)
       TP3: $0.130760 (+75.0%, 5.0R, sell 25%)

  [17] NEAR        score= 140.8  ST=4/6  price=$2.391800      24h= -1.42%  vol=$166.5M
       TF:  1D=122  12H=100  6H=125  4H=183  2H=154  1H=140
       Bonuses: RSI div 1D (hidden_bullish) | RS vs BTC 7d +7.2%  (+8 pts)
       Entry: $2.391800  |  Stop: $2.033030 (-15.00%)  |  Risk: $1500 (1.50% acct)
       Position: $10000 (10.00% acct, qty 4180.9516)
       TP1: $2.929955 (+22.5%, 1.5R, sell 40%)
       TP2: $3.468110 (+45.0%, 3.0R, sell 35%)
       TP3: $4.185650 (+75.0%, 5.0R, sell 25%)

  [18] EIGEN       score= 140.8  ST=5/6  price=$0.214520      24h= +2.78%  vol=$ 10.8M
       TF:  1D=115  12H=133  6H=131  4H=147  2H=145  1H=129
       Bonuses: 1H pre-pump (obv_stealth_accum) | RS vs BTC 7d +11.3% | funding -0.0260%/8h  (+10 pts)
       Entry: $0.214520  |  Stop: $0.182342 (-15.00%)  |  Risk: $1500 (1.50% acct)
       Position: $10000 (10.00% acct, qty 46615.7002)
       TP1: $0.262787 (+22.5%, 1.5R, sell 40%)
       TP2: $0.311054 (+45.0%, 3.0R, sell 35%)
       TP3: $0.375410 (+75.0%, 5.0R, sell 25%)

  [19] UMA         score= 140.3  ST=5/6  price=$0.425000      24h= +8.23%  vol=$  1.1M
       TF:  1D= 95  12H=139  6H=150  4H=145  2H=171  1H=161
       Bonuses: RS vs BTC 7d +4.8%  (+5 pts)
       Entry: $0.425000  |  Stop: $0.386300 (-9.11%)  |  Risk: $1500 (1.50% acct)
       Position: $16473 (16.47% acct, qty 38759.6899)
       TP1: $0.483050 (+13.7%, 1.5R, sell 40%)
       TP2: $0.541100 (+27.3%, 3.0R, sell 35%)
       TP3: $0.618500 (+45.5%, 5.0R, sell 25%)

  [20] HANA        score= 139.9  ST=6/6  price=$0.039695      24h=+27.82%  vol=$  6.2M
       TF:  1D=119  12H=129  6H=154  4H=132  2H=154  1H=144
       Bonuses: RS vs BTC 7d +22.8%  (+5 pts)
       Entry: $0.039695  |  Stop: $0.035866 (-9.65%)  |  Risk: $1500 (1.50% acct)
       Position: $15550 (15.55% acct, qty 391728.9236)
       TP1: $0.045439 (+14.5%, 1.5R, sell 40%)
       TP2: $0.051183 (+28.9%, 3.0R, sell 35%)
       TP3: $0.058841 (+48.2%, 5.0R, sell 25%)

  [21] XPL         score= 139.4  ST=5/6  price=$0.090110      24h= +4.26%  vol=$ 29.1M
       TF:  1D=105  12H=127  6H=146  4H=166  2H=149  1H=149
       Bonuses: RS vs BTC 7d +23.5%  (+5 pts)
       Entry: $0.090110  |  Stop: $0.076593 (-15.00%)  |  Risk: $1500 (1.50% acct)
       Position: $10000 (10.00% acct, qty 110975.4744)
       TP1: $0.110385 (+22.5%, 1.5R, sell 40%)
       TP2: $0.130660 (+45.0%, 3.0R, sell 35%)
       TP3: $0.157693 (+75.0%, 5.0R, sell 25%)

  [22] SENT        score= 139.2  ST=6/6  price=$0.015003      24h=+11.13%  vol=$  2.3M
       TF:  1D=115  12H=131  6H=154  4H=144  2H=137  1H=147
       Bonuses: RS vs BTC 7d +4.2%  (+5 pts)
       Entry: $0.015003  |  Stop: $0.012753 (-15.00%)  |  Risk: $1500 (1.50% acct)
       Position: $10000 (10.00% acct, qty 666533.3600)
       TP1: $0.018379 (+22.5%, 1.5R, sell 40%)
       TP2: $0.021754 (+45.0%, 3.0R, sell 35%)
       TP3: $0.026255 (+75.0%, 5.0R, sell 25%)

  [23] OPEN        score= 138.9  ST=5/6  price=$0.236410      24h= +2.51%  vol=$  2.3M
       TF:  1D=139  12H=140  6H=130  4H=129  2H=126  1H=130
       Bonuses: RS vs BTC 7d +13.6%  (+5 pts)
       Entry: $0.236410  |  Stop: $0.200949 (-15.00%)  |  Risk: $1500 (1.50% acct)
       Position: $10000 (10.00% acct, qty 42299.3951)
       TP1: $0.289602 (+22.5%, 1.5R, sell 40%)
       TP2: $0.342795 (+45.0%, 3.0R, sell 35%)
       TP3: $0.413718 (+75.0%, 5.0R, sell 25%)

  [24] KAS         score= 138.3  ST=5/6  price=$0.032990      24h= +1.56%  vol=$  3.8M
       TF:  1D=103  12H=137  6H=153  4H=154  2H=157  1H=152
       Bonuses: 1H pre-pump (obv_stealth_accum)  (+2 pts)
       Entry: $0.032990  |  Stop: $0.029524 (-10.51%)  |  Risk: $1500 (1.50% acct)
       Position: $14277 (14.28% acct, qty 432766.6151)
       TP1: $0.038189 (+15.8%, 1.5R, sell 40%)
       TP2: $0.043388 (+31.5%, 3.0R, sell 35%)
       TP3: $0.050320 (+52.5%, 5.0R, sell 25%)

  [25] PUFFER      score= 137.7  ST=6/6  price=$0.018510      24h= +0.39%  vol=$  5.3M
       TF:  1D=114  12H=127  6H=144  4H=144  2H=139  1H=125
       Bonuses: RS vs BTC 7d +23.9% | funding -0.0117%/8h  (+8 pts)
       Entry: $0.018510  |  Stop: $0.015734 (-15.00%)  |  Risk: $1500 (1.50% acct)
       Position: $10000 (10.00% acct, qty 540248.5143)
       TP1: $0.022675 (+22.5%, 1.5R, sell 40%)
       TP2: $0.026839 (+45.0%, 3.0R, sell 35%)
       TP3: $0.032392 (+75.0%, 5.0R, sell 25%)

  [26] ARKM        score= 137.5  ST=5/6  price=$0.133060      24h= +1.62%  vol=$  3.3M
       TF:  1D=109  12H=116  6H=125  4H=173  2H=130  1H=135
       Bonuses: 1H pre-pump (obv_stealth_accum) | RS vs BTC 7d +4.3% | funding -0.0168%/8h  (+10 pts)
       Entry: $0.133060  |  Stop: $0.113101 (-15.00%)  |  Risk: $1500 (1.50% acct)
       Position: $10000 (10.00% acct, qty 75154.0658)
       TP1: $0.162998 (+22.5%, 1.5R, sell 40%)
       TP2: $0.192937 (+45.0%, 3.0R, sell 35%)
       TP3: $0.232855 (+75.0%, 5.0R, sell 25%)

  [27] BASED       score= 137.2  ST=5/6  price=$0.078590      24h= +3.18%  vol=$  6.2M
       TF:  1D= 97  12H=141  6H=134  4H=161  2H=160  1H=134
       Bonuses: RS vs BTC 7d +16.1%  (+5 pts)
       Entry: $0.078590  |  Stop: $0.066801 (-15.00%)  |  Risk: $1500 (1.50% acct)
       Position: $10000 (10.00% acct, qty 127242.6517)
       TP1: $0.096273 (+22.5%, 1.5R, sell 40%)
       TP2: $0.113956 (+45.0%, 3.0R, sell 35%)
       TP3: $0.137533 (+75.0%, 5.0R, sell 25%)

  [28] SPX         score= 137.1  ST=5/6  price=$0.339800      24h=+11.22%  vol=$ 41.4M
       TF:  1D= 76  12H=149  6H=162  4H=144  2H=140  1H=153
       Bonuses: RS vs BTC 7d +5.8% | funding -0.0505%/8h  (+8 pts)
       Entry: $0.339800  |  Stop: $0.294521 (-13.33%)  |  Risk: $1500 (1.50% acct)
       Position: $11257 (11.26% acct, qty 33128.2537)
       TP1: $0.407718 (+20.0%, 1.5R, sell 40%)
       TP2: $0.475636 (+40.0%, 3.0R, sell 35%)
       TP3: $0.566193 (+66.6%, 5.0R, sell 25%)

  [29] SQD         score= 137.1  ST=5/6  price=$0.041560      24h= -2.62%  vol=$  1.3M
       TF:  1D=121  12H=175  6H=134  4H=138  2H= 82  1H= 56
       Bonuses: RSI div 1D (bullish) | 1H pre-pump (bb_squeeze) | RS vs BTC 7d +24.6%  (+12 pts)
       Entry: $0.041560  |  Stop: $0.035326 (-15.00%)  |  Risk: $1500 (1.50% acct)
       Position: $10000 (10.00% acct, qty 240615.9769)
       TP1: $0.050911 (+22.5%, 1.5R, sell 40%)
       TP2: $0.060262 (+45.0%, 3.0R, sell 35%)
       TP3: $0.072730 (+75.0%, 5.0R, sell 25%)

  [30] ORCA        score= 136.6  ST=6/6  price=$1.139000      24h= +4.63%  vol=$  5.8M
       TF:  1D=118  12H=123  6H=126  4H=128  2H=146  1H=153
       Bonuses: RS vs BTC 7d +4.2% | funding -0.0471%/8h  (+8 pts)
       Entry: $1.139000  |  Stop: $0.984457 (-13.57%)  |  Risk: $1500 (1.50% acct)
       Position: $11055 (11.06% acct, qty 9706.0455)
       TP1: $1.370814 (+20.4%, 1.5R, sell 40%)
       TP2: $1.602629 (+40.7%, 3.0R, sell 35%)
       TP3: $1.911714 (+67.8%, 5.0R, sell 25%)

  [31] ENSO        score= 136.3  ST=5/6  price=$0.680100      24h= +7.09%  vol=$  3.9M
       TF:  1D= 78  12H=130  6H=150  4H=150  2H=177  1H=152
       Bonuses: 1H pre-pump (obv_stealth_accum) | RS vs BTC 7d +8.0%  (+7 pts)
       Entry: $0.680100  |  Stop: $0.591482 (-13.03%)  |  Risk: $1500 (1.50% acct)
       Position: $11512 (11.51% acct, qty 16926.6111)
       TP1: $0.813027 (+19.6%, 1.5R, sell 40%)
       TP2: $0.945954 (+39.1%, 3.0R, sell 35%)
       TP3: $1.123189 (+65.2%, 5.0R, sell 25%)

  [32] KMNO        score= 135.6  ST=5/6  price=$0.018060      24h= +3.49%  vol=$  1.2M
       TF:  1D= 94  12H=116  6H=156  4H=146  2H=165  1H=160
       Bonuses: RS vs BTC 7d +12.7%  (+5 pts)
       Entry: $0.018060  |  Stop: $0.015470 (-14.34%)  |  Risk: $1500 (1.50% acct)
       Position: $10461 (10.46% acct, qty 579230.4510)
       TP1: $0.021944 (+21.5%, 1.5R, sell 40%)
       TP2: $0.025829 (+43.0%, 3.0R, sell 35%)
       TP3: $0.031008 (+71.7%, 5.0R, sell 25%)

  [33] ROAM        score= 135.5  ST=5/6  price=$0.011151      24h=+36.79%  vol=$ 13.4M
       TF:  1D=119  12H=154  6H=135  4H=142  2H=139  1H= 82
       Bonuses: RS vs BTC 7d +89.5%  (+5 pts)
       Entry: $0.011151  |  Stop: $0.009478 (-15.00%)  |  Risk: $1500 (1.50% acct)
       Position: $10000 (10.00% acct, qty 896780.5578)
       TP1: $0.013660 (+22.5%, 1.5R, sell 40%)
       TP2: $0.016169 (+45.0%, 3.0R, sell 35%)
       TP3: $0.019514 (+75.0%, 5.0R, sell 25%)

  [34] JCT         score= 135.5  ST=6/6  price=$0.006498      24h= +3.67%  vol=$  3.2M
       TF:  1D=160  12H=133  6H=123  4H=107  2H= 86  1H= 93
       Bonuses: RSI div 1D (hidden_bullish) | 1H pre-pump (bb_squeeze) | RS vs BTC 7d +27.9%  (+10 pts)
       Entry: $0.006498  |  Stop: $0.005523 (-15.00%)  |  Risk: $1500 (1.50% acct)
       Position: $10000 (10.00% acct, qty 1538935.0569)
       TP1: $0.007960 (+22.5%, 1.5R, sell 40%)
       TP2: $0.009422 (+45.0%, 3.0R, sell 35%)
       TP3: $0.011371 (+75.0%, 5.0R, sell 25%)

  [35] BSB         score= 134.7  ST=5/6  price=$0.361700      24h=+55.66%  vol=$100.8M
       TF:  1D= 98  12H=134  6H=142  4H=149  2H=152  1H=136
       Bonuses: RS vs BTC 7d +14.6%  (+5 pts)
       Entry: $0.361700  |  Stop: $0.307445 (-15.00%)  |  Risk: $1500 (1.50% acct)
       Position: $10000 (10.00% acct, qty 27647.2215)
       TP1: $0.443082 (+22.5%, 1.5R, sell 40%)
       TP2: $0.524465 (+45.0%, 3.0R, sell 35%)
       TP3: $0.632975 (+75.0%, 5.0R, sell 25%)

  [36] UNI         score= 134.5  ST=5/6  price=$2.843000      24h=+13.17%  vol=$ 48.0M
       TF:  1D= 71  12H=131  6H=147  4H=149  2H=147  1H=144
       Bonuses: RSI div 1D (bullish) | 1H pre-pump (obv_stealth_accum) | RS vs BTC 7d +8.0%  (+12 pts)
       Entry: $2.843000  |  Stop: $2.574179 (-9.46%)  |  Risk: $1500 (1.50% acct)
       Position: $15864 (15.86% acct, qty 5579.9123)
       TP1: $3.246232 (+14.2%, 1.5R, sell 40%)
       TP2: $3.649464 (+28.4%, 3.0R, sell 35%)
       TP3: $4.187107 (+47.3%, 5.0R, sell 25%)

  [37] ZEC         score= 134.0  ST=5/6  price=$518.460000    24h= -2.82%  vol=$249.7M
       TF:  1D=117  12H=123  6H=140  4H=149  2H=134  1H= 52
       Bonuses: RSI div 1D (hidden_bullish) | 1H pre-pump (bb_squeeze, obv_stealth_accum) | RS vs BTC 7d +8.0%  (+12 pts)
       Entry: $518.460000  |  Stop: $440.691000 (-15.00%)  |  Risk: $1500 (1.50% acct)
       Position: $10000 (10.00% acct, qty 19.2879)
       TP1: $635.113500 (+22.5%, 1.5R, sell 40%)
       TP2: $751.767000 (+45.0%, 3.0R, sell 35%)
       TP3: $907.305000 (+75.0%, 5.0R, sell 25%)

  [38] ROSE        score= 133.5  ST=5/6  price=$0.006925      24h= +7.90%  vol=$  3.3M
       TF:  1D= 90  12H=111  6H=127  4H=149  2H=162  1H=173
       Bonuses: RS vs BTC 7d +1.7% | funding -0.0206%/8h  (+8 pts)
       Entry: $0.006925  |  Stop: $0.006042 (-12.75%)  |  Risk: $1500 (1.50% acct)
       Position: $11764 (11.76% acct, qty 1698822.9584)
       TP1: $0.008249 (+19.1%, 1.5R, sell 40%)
       TP2: $0.009574 (+38.2%, 3.0R, sell 35%)
       TP3: $0.011340 (+63.8%, 5.0R, sell 25%)

  [39] JUP         score= 133.4  ST=5/6  price=$0.191200      24h= +4.74%  vol=$ 10.4M
       TF:  1D=107  12H=121  6H=129  4H=152  2H=154  1H=136
       Bonuses: RS vs BTC 7d +15.1%  (+5 pts)
       Entry: $0.191200  |  Stop: $0.165154 (-13.62%)  |  Risk: $1500 (1.50% acct)
       Position: $11011 (11.01% acct, qty 57589.4694)
       TP1: $0.230270 (+20.4%, 1.5R, sell 40%)
       TP2: $0.269339 (+40.9%, 3.0R, sell 35%)
       TP3: $0.321432 (+68.1%, 5.0R, sell 25%)

  [40] MMT         score= 132.8  ST=6/6  price=$0.127910      24h= +3.69%  vol=$  1.2M
       TF:  1D=108  12H=131  6H=135  4H=145  2H=152  1H=111
       Bonuses: RS vs BTC 7d +14.3%  (+5 pts)
       Entry: $0.127910  |  Stop: $0.113039 (-11.63%)  |  Risk: $1500 (1.50% acct)
       Position: $12902 (12.90% acct, qty 100864.5533)
       TP1: $0.150217 (+17.4%, 1.5R, sell 40%)
       TP2: $0.172524 (+34.9%, 3.0R, sell 35%)
       TP3: $0.202267 (+58.1%, 5.0R, sell 25%)

  [41] EPIC        score= 132.3  ST=6/6  price=$0.495100      24h=+24.72%  vol=$  5.1M
       TF:  1D=105  12H=117  6H=158  4H=133  2H=134  1H=148
       Bonuses: RS vs BTC 7d +0.3%  (+5 pts)
       Entry: $0.495100  |  Stop: $0.420835 (-15.00%)  |  Risk: $1500 (1.50% acct)
       Position: $10000 (10.00% acct, qty 20197.9398)
       TP1: $0.606498 (+22.5%, 1.5R, sell 40%)
       TP2: $0.717895 (+45.0%, 3.0R, sell 35%)
       TP3: $0.866425 (+75.0%, 5.0R, sell 25%)

  [42] XLM         score= 132.2  ST=5/6  price=$0.213590      24h=+12.71%  vol=$157.6M
       TF:  1D= 83  12H=142  6H=143  4H=150  2H=142  1H=146
       Bonuses: RS vs BTC 7d +0.4%  (+5 pts)
       Entry: $0.213590  |  Stop: $0.184080 (-13.82%)  |  Risk: $1500 (1.50% acct)
       Position: $10857 (10.86% acct, qty 50829.6119)
       TP1: $0.257856 (+20.7%, 1.5R, sell 40%)
       TP2: $0.302121 (+41.5%, 3.0R, sell 35%)
       TP3: $0.361142 (+69.1%, 5.0R, sell 25%)

  [43] US          score= 131.9  ST=5/6  price=$0.014476      24h=-11.64%  vol=$  1.1M
       TF:  1D=137  12H=133  6H=153  4H=133  2H=101  1H= 39
       Bonuses: RSI div 1D (hidden_bullish) | RS vs BTC 7d +7.4%  (+8 pts)
       Entry: $0.014476  |  Stop: $0.012305 (-15.00%)  |  Risk: $1500 (1.50% acct)
       Position: $10000 (10.00% acct, qty 690798.5631)
       TP1: $0.017733 (+22.5%, 1.5R, sell 40%)
       TP2: $0.020990 (+45.0%, 3.0R, sell 35%)
       TP3: $0.025333 (+75.0%, 5.0R, sell 25%)

  [44] CRV         score= 131.6  ST=6/6  price=$0.238300      24h= +1.13%  vol=$ 10.0M
       TF:  1D=121  12H=144  6H=131  4H=124  2H=149  1H= 78
       Bonuses: RS vs BTC 7d +14.8%  (+5 pts)
       Entry: $0.238300  |  Stop: $0.209607 (-12.04%)  |  Risk: $1500 (1.50% acct)
       Position: $12458 (12.46% acct, qty 52277.8193)
       TP1: $0.281339 (+18.1%, 1.5R, sell 40%)
       TP2: $0.324379 (+36.1%, 3.0R, sell 35%)
       TP3: $0.381764 (+60.2%, 5.0R, sell 25%)

  [45] QNT         score= 131.1  ST=4/6  price=$70.520000     24h= +3.29%  vol=$  1.2M
       TF:  1D= 87  12H=102  6H=154  4H=147  2H=163  1H=136
       Bonuses: RS vs BTC 7d +0.4% | funding -0.0314%/8h  (+8 pts)
       Entry: $70.520000  |  Stop: $63.193571 (-10.39%)  |  Risk: $1500 (1.50% acct)
       Position: $14438 (14.44% acct, qty 204.7382)
       TP1: $81.509643 (+15.6%, 1.5R, sell 40%)
       TP2: $92.499286 (+31.2%, 3.0R, sell 35%)
       TP3: $107.152143 (+52.0%, 5.0R, sell 25%)

  [46] MON         score= 130.9  ST=5/6  price=$0.022581      24h= +5.16%  vol=$  3.2M
       TF:  1D= 79  12H=109  6H=142  4H=164  2H=159  1H=150
       Bonuses: 1H pre-pump (obv_divergence) | RS vs BTC 7d +3.3%  (+7 pts)
       Entry: $0.022581  |  Stop: $0.019815 (-12.25%)  |  Risk: $1500 (1.50% acct)
       Position: $12245 (12.24% acct, qty 542257.3398)
       TP1: $0.026730 (+18.4%, 1.5R, sell 40%)
       TP2: $0.030880 (+36.8%, 3.0R, sell 35%)
       TP3: $0.036412 (+61.2%, 5.0R, sell 25%)

  [47] FHE         score= 130.7  ST=4/6  price=$0.024100      24h= -1.15%  vol=$  1.6M
       TF:  1D= 71  12H=139  6H=145  4H=161  2H=124  1H=122
       Bonuses: RSI div 1D (bullish) | RS vs BTC 7d +12.2%  (+10 pts)
       Entry: $0.024100  |  Stop: $0.020485 (-15.00%)  |  Risk: $1500 (1.50% acct)
       Position: $10000 (10.00% acct, qty 414937.7593)
       TP1: $0.029523 (+22.5%, 1.5R, sell 40%)
       TP2: $0.034945 (+45.0%, 3.0R, sell 35%)
       TP3: $0.042175 (+75.0%, 5.0R, sell 25%)

  [48] INJ         score= 130.6  ST=5/6  price=$5.575000      24h= +8.88%  vol=$ 30.6M
       TF:  1D=102  12H=111  6H=136  4H=144  2H=154  1H=164
       Bonuses: funding -0.0144%/8h  (+3 pts)
       Entry: $5.575000  |  Stop: $4.738750 (-15.00%)  |  Risk: $1500 (1.50% acct)
       Position: $10000 (10.00% acct, qty 1793.7220)
       TP1: $6.829375 (+22.5%, 1.5R, sell 40%)
       TP2: $8.083750 (+45.0%, 3.0R, sell 35%)
       TP3: $9.756250 (+75.0%, 5.0R, sell 25%)

  [49] ORDI        score= 130.4  ST=4/6  price=$3.380000      24h= -0.34%  vol=$  7.6M
       TF:  1D= 80  12H=101  6H=160  4H=155  2H=141  1H=136
       Bonuses: RSI div 1D (bullish) | RS vs BTC 7d +5.2%  (+10 pts)
       Entry: $3.380000  |  Stop: $2.873000 (-15.00%)  |  Risk: $1500 (1.50% acct)
       Position: $10000 (10.00% acct, qty 2958.5799)
       TP1: $4.140500 (+22.5%, 1.5R, sell 40%)
       TP2: $4.901000 (+45.0%, 3.0R, sell 35%)
       TP3: $5.915000 (+75.0%, 5.0R, sell 25%)

  [50] EVAA        score= 130.2  ST=5/6  price=$1.272000      24h=-33.48%  vol=$ 66.6M
       TF:  1D=149  12H=142  6H=153  4H=120  2H= 53  1H= 28
       Bonuses: RSI div 1D (bullish) | RS vs BTC 7d +258.1%  (+10 pts)
       Entry: $1.272000  |  Stop: $1.081200 (-15.00%)  |  Risk: $1500 (1.50% acct)
       Position: $10000 (10.00% acct, qty 7861.6352)
       TP1: $1.558200 (+22.5%, 1.5R, sell 40%)
       TP2: $1.844400 (+45.0%, 3.0R, sell 35%)
       TP3: $2.226000 (+75.0%, 5.0R, sell 25%)

--------------------------------------------------------------------------------
  LONG  —  50 coin(s)  (tradeable trend)
--------------------------------------------------------------------------------

  [ 1] ZRO         score= 129.9  ST=5/6  price=$1.116600      24h= +6.75%  vol=$ 22.9M
       TF:  1D=100  12H=121  6H=132  4H=154  2H=138  1H=132
       Bonuses: RS vs BTC 7d +27.4%  (+5 pts)
       Entry: $1.116600  |  Stop: $0.949110 (-15.00%)  |  Risk: $1500 (1.50% acct)
       Position: $10000 (10.00% acct, qty 8955.7586)
       TP1: $1.367835 (+22.5%, 1.5R, sell 40%)
       TP2: $1.619070 (+45.0%, 3.0R, sell 35%)
       TP3: $1.954050 (+75.0%, 5.0R, sell 25%)

  [ 2] FIDA        score= 129.5  ST=5/6  price=$0.024962      24h= +3.91%  vol=$  6.3M
       TF:  1D=100  12H=126  6H=111  4H=132  2H=142  1H=128
       Bonuses: 1H pre-pump (obv_stealth_accum) | RS vs BTC 7d +4.1% | funding -0.0217%/8h  (+10 pts)
       Entry: $0.024962  |  Stop: $0.021218 (-15.00%)  |  Risk: $1500 (1.50% acct)
       Position: $10000 (10.00% acct, qty 400608.9256)
       TP1: $0.030578 (+22.5%, 1.5R, sell 40%)
       TP2: $0.036195 (+45.0%, 3.0R, sell 35%)
       TP3: $0.043684 (+75.0%, 5.0R, sell 25%)

  [ 3] CC          score= 129.5  ST=6/6  price=$0.165470      24h= -0.80%  vol=$  3.6M
       TF:  1D=120  12H=158  6H=144  4H=133  2H= 93  1H= 96
       Bonuses: 1H pre-pump (obv_stealth_accum)  (+2 pts)
       Entry: $0.165470  |  Stop: $0.148670 (-10.15%)  |  Risk: $1500 (1.50% acct)
       Position: $14774 (14.77% acct, qty 89285.7143)
       TP1: $0.190670 (+15.2%, 1.5R, sell 40%)
       TP2: $0.215870 (+30.5%, 3.0R, sell 35%)
       TP3: $0.249470 (+50.8%, 5.0R, sell 25%)

  [ 4] SPACE       score= 128.8  ST=5/6  price=$0.006639      24h=+28.09%  vol=$ 19.9M
       TF:  1D= 89  12H=135  6H=134  4H=134  2H=133  1H=147
       Bonuses: RSI div 1D (hidden_bullish) | funding -0.4088%/8h  (+6 pts)
       Entry: $0.006639  |  Stop: $0.005643 (-15.00%)  |  Risk: $1500 (1.50% acct)
       Position: $10000 (10.00% acct, qty 1506250.9414)
       TP1: $0.008133 (+22.5%, 1.5R, sell 40%)
       TP2: $0.009627 (+45.0%, 3.0R, sell 35%)
       TP3: $0.011618 (+75.0%, 5.0R, sell 25%)

  [ 5] RUNE        score= 128.4  ST=5/6  price=$0.391800      24h= +2.83%  vol=$  2.0M
       TF:  1D= 79  12H=138  6H=135  4H=146  2H=158  1H=126
       Bonuses: RS vs BTC 7d +7.8%  (+5 pts)
       Entry: $0.391800  |  Stop: $0.340543 (-13.08%)  |  Risk: $1500 (1.50% acct)
       Position: $11466 (11.47% acct, qty 29264.2140)
       TP1: $0.468686 (+19.6%, 1.5R, sell 40%)
       TP2: $0.545571 (+39.2%, 3.0R, sell 35%)
       TP3: $0.648086 (+65.4%, 5.0R, sell 25%)

  [ 6] KAITO       score= 127.9  ST=5/6  price=$0.482700      24h= +1.73%  vol=$  1.6M
       TF:  1D= 93  12H=132  6H=127  4H=127  2H=119  1H=131
       Bonuses: RSI div 1D (bullish) | RS vs BTC 7d +4.3%  (+10 pts)
       Entry: $0.482700  |  Stop: $0.430114 (-10.89%)  |  Risk: $1500 (1.50% acct)
       Position: $13769 (13.77% acct, qty 28524.8574)
       TP1: $0.561579 (+16.3%, 1.5R, sell 40%)
       TP2: $0.640457 (+32.7%, 3.0R, sell 35%)
       TP3: $0.745629 (+54.5%, 5.0R, sell 25%)

  [ 7] ALLO        score= 127.1  ST=6/6  price=$0.364600      24h= +6.16%  vol=$ 18.4M
       TF:  1D=139  12H=132  6H=127  4H=104  2H=110  1H=139
       Entry: $0.364600  |  Stop: $0.309910 (-15.00%)  |  Risk: $1500 (1.50% acct)
       Position: $10000 (10.00% acct, qty 27427.3176)
       TP1: $0.446635 (+22.5%, 1.5R, sell 40%)
       TP2: $0.528670 (+45.0%, 3.0R, sell 35%)
       TP3: $0.638050 (+75.0%, 5.0R, sell 25%)

  [ 8] TAO         score= 127.0  ST=6/6  price=$266.270000    24h= -6.45%  vol=$ 75.5M
       TF:  1D=125  12H=133  6H=156  4H=118  2H= 74  1H=104
       Bonuses: RS vs BTC 7d +18.6%  (+5 pts)
       Entry: $266.270000  |  Stop: $230.012857 (-13.62%)  |  Risk: $1500 (1.50% acct)
       Position: $11016 (11.02% acct, qty 41.3712)
       TP1: $320.655714 (+20.4%, 1.5R, sell 40%)
       TP2: $375.041429 (+40.9%, 3.0R, sell 35%)
       TP3: $447.555714 (+68.1%, 5.0R, sell 25%)

  [ 9] WLFI        score= 126.0  ST=5/6  price=$0.059920      24h= -0.53%  vol=$ 14.6M
       TF:  1D=130  12H=120  6H=151  4H=156  2H=103  1H= 72
       Entry: $0.059920  |  Stop: $0.053484 (-10.74%)  |  Risk: $1500 (1.50% acct)
       Position: $13965 (13.97% acct, qty 233061.4283)
       TP1: $0.069574 (+16.1%, 1.5R, sell 40%)
       TP2: $0.079228 (+32.2%, 3.0R, sell 35%)
       TP3: $0.092100 (+53.7%, 5.0R, sell 25%)

  [10] ENJ         score= 125.8  ST=5/6  price=$0.031531      24h= +4.60%  vol=$  2.6M
       TF:  1D= 92  12H=114  6H=129  4H=136  2H=144  1H=172
       Bonuses: funding -0.0530%/8h  (+3 pts)
       Entry: $0.031531  |  Stop: $0.027437 (-12.98%)  |  Risk: $1500 (1.50% acct)
       Position: $11552 (11.55% acct, qty 366377.0543)
       TP1: $0.037672 (+19.5%, 1.5R, sell 40%)
       TP2: $0.043813 (+39.0%, 3.0R, sell 35%)
       TP3: $0.052002 (+64.9%, 5.0R, sell 25%)

  [11] ONDO        score= 125.5  ST=4/6  price=$0.369900      24h= +0.60%  vol=$ 49.2M
       TF:  1D=106  12H= 82  6H=131  4H=163  2H=159  1H=132
       Bonuses: RSI div 1D (hidden_bullish)  (+3 pts)
       Entry: $0.369900  |  Stop: $0.314415 (-15.00%)  |  Risk: $1500 (1.50% acct)
       Position: $10000 (10.00% acct, qty 27034.3336)
       TP1: $0.453128 (+22.5%, 1.5R, sell 40%)
       TP2: $0.536355 (+45.0%, 3.0R, sell 35%)
       TP3: $0.647325 (+75.0%, 5.0R, sell 25%)

  [12] CAKE        score= 125.2  ST=5/6  price=$1.402800      24h= +1.62%  vol=$  1.1M
       TF:  1D= 93  12H=124  6H=135  4H=135  2H=132  1H=130
       Bonuses: RS vs BTC 7d +1.7%  (+5 pts)
       Entry: $1.402800  |  Stop: $1.285832 (-8.34%)  |  Risk: $1500 (1.50% acct)
       Position: $17990 (17.99% acct, qty 12824.0359)
       TP1: $1.578252 (+12.5%, 1.5R, sell 40%)
       TP2: $1.753704 (+25.0%, 3.0R, sell 35%)
       TP3: $1.987639 (+41.7%, 5.0R, sell 25%)

  [13] TRUTH       score= 124.8  ST=5/6  price=$0.014124      24h= -3.63%  vol=$  1.0M
       TF:  1D=123  12H=155  6H=143  4H=131  2H= 72  1H= 46
       Bonuses: RS vs BTC 7d +12.9%  (+5 pts)
       Entry: $0.014124  |  Stop: $0.012005 (-15.00%)  |  Risk: $1500 (1.50% acct)
       Position: $10000 (10.00% acct, qty 708014.7267)
       TP1: $0.017302 (+22.5%, 1.5R, sell 40%)
       TP2: $0.020480 (+45.0%, 3.0R, sell 35%)
       TP3: $0.024717 (+75.0%, 5.0R, sell 25%)

  [14] AAVE        score= 124.2  ST=5/6  price=$73.700000     24h= +2.50%  vol=$ 29.8M
       TF:  1D= 75  12H=123  6H=139  4H=158  2H=123  1H=123
       Bonuses: 1H pre-pump (obv_stealth_accum) | RS vs BTC 7d +11.1%  (+7 pts)
       Entry: $73.700000  |  Stop: $65.506786 (-11.12%)  |  Risk: $1500 (1.50% acct)
       Position: $13493 (13.49% acct, qty 183.0783)
       TP1: $85.989821 (+16.7%, 1.5R, sell 40%)
       TP2: $98.279643 (+33.4%, 3.0R, sell 35%)
       TP3: $114.666071 (+55.6%, 5.0R, sell 25%)

  [15] BABY        score= 124.0  ST=5/6  price=$0.019554      24h= -6.20%  vol=$ 10.7M
       TF:  1D=117  12H=112  6H=139  4H=147  2H= 98  1H= 42
       Bonuses: RSI div 1D (hidden_bullish) | 1H pre-pump (obv_divergence) | RS vs BTC 7d +20.8%  (+10 pts)
       Entry: $0.019554  |  Stop: $0.016621 (-15.00%)  |  Risk: $1500 (1.50% acct)
       Position: $10000 (10.00% acct, qty 511404.3163)
       TP1: $0.023954 (+22.5%, 1.5R, sell 40%)
       TP2: $0.028353 (+45.0%, 3.0R, sell 35%)
       TP3: $0.034219 (+75.0%, 5.0R, sell 25%)

  [16] MET         score= 123.5  ST=4/6  price=$0.118520      24h= +1.13%  vol=$  1.5M
       TF:  1D= 93  12H=114  6H=124  4H=165  2H=129  1H= 88
       Bonuses: 1H pre-pump (obv_stealth_accum) | RS vs BTC 7d +11.2%  (+7 pts)
       Entry: $0.118520  |  Stop: $0.102734 (-13.32%)  |  Risk: $1500 (1.50% acct)
       Position: $11262 (11.26% acct, qty 95018.3250)
       TP1: $0.142200 (+20.0%, 1.5R, sell 40%)
       TP2: $0.165879 (+40.0%, 3.0R, sell 35%)
       TP3: $0.197452 (+66.6%, 5.0R, sell 25%)

  [17] STRK        score= 122.0  ST=4/6  price=$0.036320      24h= -2.26%  vol=$  6.9M
       TF:  1D= 80  12H= 97  6H=133  4H=166  2H=126  1H=132
       Bonuses: 1H pre-pump (obv_stealth_accum) | RS vs BTC 7d +1.1%  (+7 pts)
       Entry: $0.036320  |  Stop: $0.031420 (-13.49%)  |  Risk: $1500 (1.50% acct)
       Position: $11119 (11.12% acct, qty 306144.7627)
       TP1: $0.043669 (+20.2%, 1.5R, sell 40%)
       TP2: $0.051019 (+40.5%, 3.0R, sell 35%)
       TP3: $0.060818 (+67.5%, 5.0R, sell 25%)

  [18] WIF         score= 121.9  ST=3/6  price=$0.167570      24h= +0.79%  vol=$ 17.5M
       TF:  1D= 94  12H= 85  6H=130  4H=165  2H=136  1H=110
       Bonuses: 1H pre-pump (obv_stealth_accum) | RS vs BTC 7d +0.6%  (+7 pts)
       Entry: $0.167570  |  Stop: $0.145319 (-13.28%)  |  Risk: $1500 (1.50% acct)
       Position: $11296 (11.30% acct, qty 67411.4022)
       TP1: $0.200947 (+19.9%, 1.5R, sell 40%)
       TP2: $0.234324 (+39.8%, 3.0R, sell 35%)
       TP3: $0.278827 (+66.4%, 5.0R, sell 25%)

  [19] S           score= 121.5  ST=4/6  price=$0.032700      24h= -0.45%  vol=$  1.0M
       TF:  1D= 79  12H= 91  6H=117  4H=164  2H=150  1H=140
       Bonuses: 1H pre-pump (obv_divergence) | RS vs BTC 7d +4.4%  (+7 pts)
       Entry: $0.032700  |  Stop: $0.028497 (-12.85%)  |  Risk: $1500 (1.50% acct)
       Position: $11670 (11.67% acct, qty 356869.7425)
       TP1: $0.039005 (+19.3%, 1.5R, sell 40%)
       TP2: $0.045310 (+38.6%, 3.0R, sell 35%)
       TP3: $0.053716 (+64.3%, 5.0R, sell 25%)

  [20] PENDLE      score= 120.9  ST=5/6  price=$1.352400      24h= +1.44%  vol=$  5.5M
       TF:  1D= 83  12H= 88  6H=132  4H=166  2H=143  1H=132
       Bonuses: RS vs BTC 7d +1.1%  (+5 pts)
       Entry: $1.352400  |  Stop: $1.187186 (-12.22%)  |  Risk: $1500 (1.50% acct)
       Position: $12279 (12.28% acct, qty 9079.1180)
       TP1: $1.600221 (+18.3%, 1.5R, sell 40%)
       TP2: $1.848043 (+36.6%, 3.0R, sell 35%)
       TP3: $2.178471 (+61.1%, 5.0R, sell 25%)

  [21] XAU         score= 120.6  ST=5/6  price=$4,319.030000  24h= +0.14%  vol=$ 55.5M
       TF:  1D= 82  12H=100  6H=132  4H=172  2H=136  1H=137
       Bonuses: 1H pre-pump (obv_stealth_accum)  (+2 pts)
       Entry: $4319.030000  |  Stop: $4103.078500 (-5.00%)  |  Risk: $1000 (1.00% acct)
       Position: $20000 (20.00% acct, qty 4.6307)
       TP1: $4642.957250 (+7.5%, 1.5R, sell 40%)
       TP2: $4966.884500 (+15.0%, 3.0R, sell 35%)
       TP3: $5398.787500 (+25.0%, 5.0R, sell 25%)

  [22] RSR         score= 120.3  ST=4/6  price=$0.001478      24h= +1.88%  vol=$  1.1M
       TF:  1D= 95  12H= 97  6H=116  4H=144  2H=135  1H=121
       Bonuses: 1H pre-pump (obv_divergence) | RS vs BTC 7d +1.1%  (+7 pts)
       Entry: $0.001478  |  Stop: $0.001327 (-10.23%)  |  Risk: $1500 (1.50% acct)
       Position: $14669 (14.67% acct, qty 9927669.8341)
       TP1: $0.001704 (+15.3%, 1.5R, sell 40%)
       TP2: $0.001931 (+30.7%, 3.0R, sell 35%)
       TP3: $0.002233 (+51.1%, 5.0R, sell 25%)

  [23] ETHFI       score= 120.1  ST=3/6  price=$0.338100      24h= +0.79%  vol=$  4.0M
       TF:  1D= 77  12H= 99  6H=135  4H=166  2H=108  1H=106
       Bonuses: 1H pre-pump (obv_stealth_accum) | RS vs BTC 7d +5.1% | funding -0.0189%/8h  (+10 pts)
       Entry: $0.338100  |  Stop: $0.289575 (-14.35%)  |  Risk: $1500 (1.50% acct)
       Position: $10451 (10.45% acct, qty 30911.9011)
       TP1: $0.410888 (+21.5%, 1.5R, sell 40%)
       TP2: $0.483675 (+43.1%, 3.0R, sell 35%)
       TP3: $0.580725 (+71.8%, 5.0R, sell 25%)

  [24] WAVES       score= 120.0  ST=5/6  price=$0.271200      24h= +6.64%  vol=$  4.2M
       TF:  1D= 84  12H=112  6H=141  4H=127  2H=125  1H=109
       Bonuses: RSI div 1D (bullish) | funding -0.1824%/8h  (+8 pts)
       Entry: $0.271200  |  Stop: $0.231975 (-14.46%)  |  Risk: $1500 (1.50% acct)
       Position: $10371 (10.37% acct, qty 38240.9178)
       TP1: $0.330037 (+21.7%, 1.5R, sell 40%)
       TP2: $0.388875 (+43.4%, 3.0R, sell 35%)
       TP3: $0.467325 (+72.3%, 5.0R, sell 25%)

  [25] FIGHT       score= 119.9  ST=4/6  price=$0.004178      24h= +1.28%  vol=$  1.4M
       TF:  1D= 83  12H=101  6H=115  4H=142  2H=159  1H=138
       Bonuses: RS vs BTC 7d +22.0%  (+5 pts)
       Entry: $0.004178  |  Stop: $0.003551 (-15.00%)  |  Risk: $1500 (1.50% acct)
       Position: $10000 (10.00% acct, qty 2393489.7080)
       TP1: $0.005118 (+22.5%, 1.5R, sell 40%)
       TP2: $0.006058 (+45.0%, 3.0R, sell 35%)
       TP3: $0.007312 (+75.0%, 5.0R, sell 25%)

  [26] MAGMA       score= 119.7  ST=5/6  price=$0.395110      24h= +3.62%  vol=$  3.7M
       TF:  1D=129  12H= 88  6H=110  4H=113  2H=135  1H=113
       Bonuses: RSI div 1D (hidden_bullish) | 1H pre-pump (bb_squeeze)  (+5 pts)
       Entry: $0.395110  |  Stop: $0.335844 (-15.00%)  |  Risk: $1500 (1.50% acct)
       Position: $10000 (10.00% acct, qty 25309.4075)
       TP1: $0.484010 (+22.5%, 1.5R, sell 40%)
       TP2: $0.572909 (+45.0%, 3.0R, sell 35%)
       TP3: $0.691442 (+75.0%, 5.0R, sell 25%)

  [27] BOME        score= 119.7  ST=3/6  price=$0.000465      24h= +1.06%  vol=$  1.9M
       TF:  1D= 83  12H= 85  6H=137  4H=165  2H=144  1H= 89
       Bonuses: RSI div 1D (hidden_bullish) | RS vs BTC 7d +6.4%  (+8 pts)
       Entry: $0.000465  |  Stop: $0.000406 (-12.62%)  |  Risk: $1500 (1.50% acct)
       Position: $11884 (11.88% acct, qty 25584795.3216)
       TP1: $0.000552 (+18.9%, 1.5R, sell 40%)
       TP2: $0.000640 (+37.9%, 3.0R, sell 35%)
       TP3: $0.000758 (+63.1%, 5.0R, sell 25%)

  [28] ALT         score= 119.6  ST=3/6  price=$0.006482      24h= -0.45%  vol=$  1.3M
       TF:  1D= 91  12H= 92  6H=144  4H=153  2H=125  1H=112
       Bonuses: RS vs BTC 7d +5.2%  (+5 pts)
       Entry: $0.006482  |  Stop: $0.005592 (-13.73%)  |  Risk: $1500 (1.50% acct)
       Position: $10924 (10.92% acct, qty 1685325.6290)
       TP1: $0.007817 (+20.6%, 1.5R, sell 40%)
       TP2: $0.009152 (+41.2%, 3.0R, sell 35%)
       TP3: $0.010932 (+68.7%, 5.0R, sell 25%)

  [29] XMR         score= 119.4  ST=5/6  price=$348.550000    24h= +0.07%  vol=$ 38.9M
       TF:  1D=111  12H=105  6H=118  4H=110  2H=131  1H=104
       Bonuses: 1H pre-pump (obv_divergence) | RS vs BTC 7d +5.4%  (+7 pts)
       Entry: $348.550000  |  Stop: $296.267500 (-15.00%)  |  Risk: $1500 (1.50% acct)
       Position: $10000 (10.00% acct, qty 28.6903)
       TP1: $426.973750 (+22.5%, 1.5R, sell 40%)
       TP2: $505.397500 (+45.0%, 3.0R, sell 35%)
       TP3: $609.962500 (+75.0%, 5.0R, sell 25%)

  [30] DOT         score= 119.4  ST=3/6  price=$1.009400      24h= +0.70%  vol=$ 16.8M
       TF:  1D= 82  12H= 85  6H=130  4H=165  2H=143  1H=110
       Bonuses: RSI div 1D (bullish) | 1H pre-pump (obv_stealth_accum)  (+7 pts)
       Entry: $1.009400  |  Stop: $0.906200 (-10.22%)  |  Risk: $1500 (1.50% acct)
       Position: $14672 (14.67% acct, qty 14534.8837)
       TP1: $1.164200 (+15.3%, 1.5R, sell 40%)
       TP2: $1.319000 (+30.7%, 3.0R, sell 35%)
       TP3: $1.525400 (+51.1%, 5.0R, sell 25%)

  [31] AVNT        score= 119.0  ST=4/6  price=$0.111720      24h= -0.40%  vol=$  2.0M
       TF:  1D= 64  12H= 85  6H=108  4H=154  2H=169  1H=155
       Bonuses: 1H pre-pump (obv_divergence, obv_stealth_accum) | RS vs BTC 7d +4.7%  (+9 pts)
       Entry: $0.111720  |  Stop: $0.095610 (-14.42%)  |  Risk: $1500 (1.50% acct)
       Position: $10402 (10.40% acct, qty 93109.8696)
       TP1: $0.135885 (+21.6%, 1.5R, sell 40%)
       TP2: $0.160050 (+43.3%, 3.0R, sell 35%)
       TP3: $0.192270 (+72.1%, 5.0R, sell 25%)

  [32] SOL         score= 118.6  ST=5/6  price=$73.940000     24h= +3.41%  vol=$858.7M
       TF:  1D= 67  12H=123  6H=139  4H=137  2H=131  1H=131
       Bonuses: RS vs BTC 7d +5.6%  (+5 pts)
       Entry: $73.940000  |  Stop: $66.635000 (-9.88%)  |  Risk: $1500 (1.50% acct)
       Position: $15183 (15.18% acct, qty 205.3388)
       TP1: $84.897500 (+14.8%, 1.5R, sell 40%)
       TP2: $95.855000 (+29.6%, 3.0R, sell 35%)
       TP3: $110.465000 (+49.4%, 5.0R, sell 25%)

  [33] XRP         score= 118.6  ST=3/6  price=$1.237600      24h= +1.25%  vol=$491.5M
       TF:  1D= 94  12H=113  6H=131  4H=142  2H=118  1H= 96
       Bonuses: RS vs BTC 7d +0.9%  (+5 pts)
       Entry: $1.237600  |  Stop: $1.135300 (-8.27%)  |  Risk: $1500 (1.50% acct)
       Position: $18147 (18.15% acct, qty 14662.7566)
       TP1: $1.391050 (+12.4%, 1.5R, sell 40%)
       TP2: $1.544500 (+24.8%, 3.0R, sell 35%)
       TP3: $1.749100 (+41.3%, 5.0R, sell 25%)

  [34] PNUT        score= 118.4  ST=3/6  price=$0.045090      24h= +0.09%  vol=$  1.4M
       TF:  1D= 81  12H= 82  6H=119  4H=161  2H=143  1H=112
       Bonuses: 1H pre-pump (obv_divergence, obv_stealth_accum) | RS vs BTC 7d +2.0%  (+9 pts)
       Entry: $0.045090  |  Stop: $0.039475 (-12.45%)  |  Risk: $1500 (1.50% acct)
       Position: $12045 (12.04% acct, qty 267124.5945)
       TP1: $0.053513 (+18.7%, 1.5R, sell 40%)
       TP2: $0.061936 (+37.4%, 3.0R, sell 35%)
       TP3: $0.073167 (+62.3%, 5.0R, sell 25%)

  [35] FARTCOIN    score= 118.3  ST=3/6  price=$0.128670      24h= +4.39%  vol=$ 90.9M
       TF:  1D= 91  12H= 79  6H=142  4H=151  2H=130  1H=105
       Bonuses: 1H pre-pump (obv_divergence) | RS vs BTC 7d +4.5%  (+7 pts)
       Entry: $0.128670  |  Stop: $0.109369 (-15.00%)  |  Risk: $1500 (1.50% acct)
       Position: $10000 (10.00% acct, qty 77718.1938)
       TP1: $0.157621 (+22.5%, 1.5R, sell 40%)
       TP2: $0.186572 (+45.0%, 3.0R, sell 35%)
       TP3: $0.225172 (+75.0%, 5.0R, sell 25%)

  [36] SUSHI       score= 118.3  ST=4/6  price=$0.181400      24h= +1.30%  vol=$  1.4M
       TF:  1D= 63  12H= 81  6H=124  4H=157  2H=145  1H=149
       Bonuses: RSI div 1D (bullish) | RS vs BTC 7d +2.3%  (+10 pts)
       Entry: $0.181400  |  Stop: $0.154190 (-15.00%)  |  Risk: $1500 (1.50% acct)
       Position: $10000 (10.00% acct, qty 55126.7916)
       TP1: $0.222215 (+22.5%, 1.5R, sell 40%)
       TP2: $0.263030 (+45.0%, 3.0R, sell 35%)
       TP3: $0.317450 (+75.0%, 5.0R, sell 25%)

  [37] 1000FLOKI   score= 117.9  ST=3/6  price=$0.026280      24h= +0.30%  vol=$  2.2M
       TF:  1D= 89  12H= 89  6H=127  4H=155  2H=134  1H= 68
       Bonuses: 1H pre-pump (obv_divergence) | RS vs BTC 7d +3.2% | funding -0.0152%/8h  (+10 pts)
       Entry: $0.026280  |  Stop: $0.023690 (-9.85%)  |  Risk: $1500 (1.50% acct)
       Position: $15222 (15.22% acct, qty 579230.4510)
       TP1: $0.030164 (+14.8%, 1.5R, sell 40%)
       TP2: $0.034049 (+29.6%, 3.0R, sell 35%)
       TP3: $0.039228 (+49.3%, 5.0R, sell 25%)

  [38] PYTH        score= 117.0  ST=4/6  price=$0.038800      24h= -1.68%  vol=$  5.0M
       TF:  1D= 70  12H=118  6H=133  4H=138  2H=139  1H= 95
       Bonuses: 1H pre-pump (obv_stealth_accum) | RS vs BTC 7d +18.0%  (+7 pts)
       Entry: $0.038800  |  Stop: $0.033460 (-13.76%)  |  Risk: $1500 (1.50% acct)
       Position: $10899 (10.90% acct, qty 280898.8764)
       TP1: $0.046810 (+20.6%, 1.5R, sell 40%)
       TP2: $0.054820 (+41.3%, 3.0R, sell 35%)
       TP3: $0.065500 (+68.8%, 5.0R, sell 25%)

  [39] ZK          score= 115.8  ST=3/6  price=$0.011668      24h= -1.61%  vol=$  3.8M
       TF:  1D= 68  12H= 91  6H=152  4H=151  2H=132  1H=103
       Bonuses: 1H pre-pump (obv_stealth_accum) | RS vs BTC 7d +6.8%  (+7 pts)
       Entry: $0.011668  |  Stop: $0.010008 (-14.22%)  |  Risk: $1500 (1.50% acct)
       Position: $10546 (10.55% acct, qty 903867.2606)
       TP1: $0.014157 (+21.3%, 1.5R, sell 40%)
       TP2: $0.016647 (+42.7%, 3.0R, sell 35%)
       TP3: $0.019966 (+71.1%, 5.0R, sell 25%)

  [40] XAG         score= 115.5  ST=5/6  price=$69.970000     24h= -0.41%  vol=$ 26.1M
       TF:  1D= 82  12H=103  6H=136  4H=153  2H=139  1H=119
       Entry: $69.970000  |  Stop: $65.601786 (-6.24%)  |  Risk: $1249 (1.25% acct)
       Position: $20000 (20.00% acct, qty 285.8368)
       TP1: $76.522321 (+9.4%, 1.5R, sell 40%)
       TP2: $83.074643 (+18.7%, 3.0R, sell 35%)
       TP3: $91.811071 (+31.2%, 5.0R, sell 25%)

  [41] COMP        score= 115.1  ST=4/6  price=$18.044000     24h= -2.69%  vol=$  1.5M
       TF:  1D= 98  12H=110  6H=124  4H=154  2H=122  1H= 73
       Bonuses: 1H pre-pump (obv_stealth_accum)  (+2 pts)
       Entry: $18.044000  |  Stop: $16.245500 (-9.97%)  |  Risk: $1500 (1.50% acct)
       Position: $15049 (15.05% acct, qty 834.0284)
       TP1: $20.741750 (+14.9%, 1.5R, sell 40%)
       TP2: $23.439500 (+29.9%, 3.0R, sell 35%)
       TP3: $27.036500 (+49.8%, 5.0R, sell 25%)

  [42] EDEN        score= 115.0  ST=4/6  price=$0.044560      24h= +1.39%  vol=$  1.8M
       TF:  1D= 76  12H=104  6H=132  4H=124  2H=136  1H=132
       Bonuses: RS vs BTC 7d +2.2%  (+5 pts)
       Entry: $0.044560  |  Stop: $0.037876 (-15.00%)  |  Risk: $1500 (1.50% acct)
       Position: $10000 (10.00% acct, qty 224416.5171)
       TP1: $0.054586 (+22.5%, 1.5R, sell 40%)
       TP2: $0.064612 (+45.0%, 3.0R, sell 35%)
       TP3: $0.077980 (+75.0%, 5.0R, sell 25%)

  [43] MANA        score= 114.9  ST=4/6  price=$0.068910      24h= +0.93%  vol=$  1.0M
       TF:  1D= 82  12H= 81  6H=120  4H=148  2H=156  1H=148
       Bonuses: 1H pre-pump (obv_stealth_accum)  (+2 pts)
       Entry: $0.068910  |  Stop: $0.062150 (-9.81%)  |  Risk: $1500 (1.50% acct)
       Position: $15291 (15.29% acct, qty 221905.2148)
       TP1: $0.079049 (+14.7%, 1.5R, sell 40%)
       TP2: $0.089189 (+29.4%, 3.0R, sell 35%)
       TP3: $0.102708 (+49.0%, 5.0R, sell 25%)

  [44] ARB         score= 114.8  ST=3/6  price=$0.086150      24h= -1.05%  vol=$ 14.0M
       TF:  1D= 73  12H= 90  6H=128  4H=176  2H=112  1H= 73
       Bonuses: RSI div 1D (bullish) | 1H pre-pump (obv_stealth_accum) | funding -0.0238%/8h  (+10 pts)
       Entry: $0.086150  |  Stop: $0.075896 (-11.90%)  |  Risk: $1500 (1.50% acct)
       Position: $12603 (12.60% acct, qty 146290.4911)
       TP1: $0.101530 (+17.9%, 1.5R, sell 40%)
       TP2: $0.116911 (+35.7%, 3.0R, sell 35%)
       TP3: $0.137418 (+59.5%, 5.0R, sell 25%)

  [45] AXS         score= 114.8  ST=3/6  price=$1.001200      24h= +0.44%  vol=$  2.0M
       TF:  1D= 74  12H= 89  6H=118  4H=159  2H=153  1H= 94
       Bonuses: 1H pre-pump (obv_divergence) | RS vs BTC 7d +0.6%  (+7 pts)
       Entry: $1.001200  |  Stop: $0.890896 (-11.02%)  |  Risk: $1500 (1.50% acct)
       Position: $13615 (13.62% acct, qty 13598.8344)
       TP1: $1.166655 (+16.5%, 1.5R, sell 40%)
       TP2: $1.332111 (+33.0%, 3.0R, sell 35%)
       TP3: $1.552718 (+55.1%, 5.0R, sell 25%)

  [46] IOTA        score= 114.7  ST=4/6  price=$0.049540      24h= +1.38%  vol=$  1.4M
       TF:  1D= 75  12H= 85  6H=140  4H=148  2H=124  1H=136
       Bonuses: RS vs BTC 7d +0.0%  (+5 pts)
       Entry: $0.049540  |  Stop: $0.044539 (-10.10%)  |  Risk: $1500 (1.50% acct)
       Position: $14858 (14.86% acct, qty 299914.3102)
       TP1: $0.057042 (+15.1%, 1.5R, sell 40%)
       TP2: $0.064544 (+30.3%, 3.0R, sell 35%)
       TP3: $0.074547 (+50.5%, 5.0R, sell 25%)

  [47] PENGU       score= 114.6  ST=4/6  price=$0.007111      24h= +1.40%  vol=$ 15.6M
       TF:  1D= 80  12H= 85  6H=131  4H=139  2H=145  1H=153
       Bonuses: 1H pre-pump (obv_divergence)  (+2 pts)
       Entry: $0.007111  |  Stop: $0.006240 (-12.24%)  |  Risk: $1500 (1.50% acct)
       Position: $12251 (12.25% acct, qty 1722864.8782)
       TP1: $0.008417 (+18.4%, 1.5R, sell 40%)
       TP2: $0.009723 (+36.7%, 3.0R, sell 35%)
       TP3: $0.011464 (+61.2%, 5.0R, sell 25%)

  [48] POPCAT      score= 114.3  ST=4/6  price=$0.043970      24h= +4.54%  vol=$  4.6M
       TF:  1D= 79  12H= 81  6H=128  4H=122  2H=144  1H=142
       Bonuses: 1H pre-pump (bb_squeeze) | RS vs BTC 7d +0.3%  (+7 pts)
       Entry: $0.043970  |  Stop: $0.038243 (-13.02%)  |  Risk: $1500 (1.50% acct)
       Position: $11517 (11.52% acct, qty 261927.0346)
       TP1: $0.052560 (+19.5%, 1.5R, sell 40%)
       TP2: $0.061150 (+39.1%, 3.0R, sell 35%)
       TP3: $0.072604 (+65.1%, 5.0R, sell 25%)

  [49] PIEVERSE    score= 114.2  ST=4/6  price=$0.704400      24h= -2.82%  vol=$  3.5M
       TF:  1D= 62  12H=103  6H=125  4H=152  2H=134  1H= 96
       Bonuses: 1H pre-pump (obv_divergence, obv_stealth_accum) | RS vs BTC 7d +11.6%  (+9 pts)
       Entry: $0.704400  |  Stop: $0.598740 (-15.00%)  |  Risk: $1500 (1.50% acct)
       Position: $10000 (10.00% acct, qty 14196.4793)
       TP1: $0.862890 (+22.5%, 1.5R, sell 40%)
       TP2: $1.021380 (+45.0%, 3.0R, sell 35%)
       TP3: $1.232700 (+75.0%, 5.0R, sell 25%)

  [50] SEI         score= 114.1  ST=4/6  price=$0.053990      24h= -2.71%  vol=$  6.8M
       TF:  1D= 68  12H=119  6H=127  4H=133  2H= 98  1H=125
       Bonuses: RS vs BTC 7d +4.5% | funding -0.0141%/8h  (+8 pts)
       Entry: $0.053990  |  Stop: $0.046874 (-13.18%)  |  Risk: $1500 (1.50% acct)
       Position: $11380 (11.38% acct, qty 210779.8856)
       TP1: $0.064665 (+19.8%, 1.5R, sell 40%)
       TP2: $0.075339 (+39.5%, 3.0R, sell 35%)
       TP3: $0.089572 (+65.9%, 5.0R, sell 25%)

--------------------------------------------------------------------------------
  WATCH  —  44 coin(s)  (worth tracking)
--------------------------------------------------------------------------------
  #   Symbol      Score  ST         Price    24h%   Vol $M  TF breakdown
  ------------------------------------------------------------------------------
    1 BERA        111.4  2/6  $   0.260900  -0.83%  $    2.3  1D= 92  12H= 77  6H= 95  4H=132  2H=128  1H=118
    2 CHIP        111.0  2/6  $   0.036690  -5.82%  $   10.5  1D=108  12H= 89  6H=134  4H=129  2H= 62  1H=111
    3 VELVET      106.4  2/6  $   0.370800 +20.32%  $   22.2  1D=113  12H= 73  6H= 73  4H= 81  2H=128  1H=117
    4 SPK         102.0  2/6  $   0.020120  -1.54%  $    1.9  1D= 84  12H= 88  6H=113  4H=126  2H=122  1H= 84
    5 ZORA        101.0  2/6  $   0.008495  +0.19%  $    1.2  1D= 65  12H= 90  6H= 85  4H=130  2H=130  1H=120
    6 NIGHT        98.8  3/6  $   0.033980  +1.97%  $    1.1  1D= 44  12H= 82  6H=118  4H=111  2H=151  1H=136
    7 MOVE         98.7  4/6  $   0.012050  +5.41%  $    4.2  1D= 67  12H= 89  6H= 74  4H=136  2H=132  1H=118
    8 ALGO         98.1  4/6  $   0.094960  +0.72%  $    7.6  1D= 64  12H= 85  6H=107  4H=133  2H=126  1H=121
    9 B            97.7  3/6  $   0.251510  +0.97%  $    1.8  1D= 88  12H=115  6H=118  4H=102  2H= 67  1H= 40
   10 BNB          96.9  3/6  $ 617.400000  -0.98%  $   36.8  1D= 64  12H= 80  6H=150  4H=127  2H= 89  1H= 67
   11 ZBT          96.6  2/6  $   0.114470  +6.85%  $    2.2  1D= 73  12H= 88  6H= 64  4H=110  2H= 98  1H=137
   12 ETC          96.1  4/6  $   7.412000  +0.32%  $    6.3  1D= 71  12H= 85  6H=113  4H=141  2H=104  1H= 86
   13 JELLYJELLY   96.0  2/6  $   0.062680  -4.08%  $    4.7  1D=153  12H= 92  6H= 65  4H= 58  2H= 45  1H= 59
   14 WCT          95.2  2/6  $   0.047330  -0.35%  $    2.3  1D= 84  12H= 77  6H=108  4H=114  2H=109  1H= 79
   15 VIRTUAL      94.2  3/6  $   0.634200  -2.70%  $   23.1  1D= 85  12H=112  6H=  0  4H=137  2H= 99  1H= 76
   16 M            94.1  3/6  $   2.922500  +6.52%  $    2.3  1D= 35  12H=108  6H=111  4H=131  2H=108  1H=134
   17 HMSTR        92.8  2/6  $   0.000170 +11.01%  $    5.2  1D= 95  12H= 60  6H= 68  4H= 96  2H= 73  1H=158
   18 B3           92.7  3/6  $   0.000610  -3.25%  $    1.5  1D= 64  12H= 78  6H=100  4H= 91  2H=109  1H= 44
   19 AR           92.5  3/6  $   2.049300  -1.37%  $    1.2  1D= 48  12H= 79  6H=111  4H=144  2H= 98  1H= 83
   20 ZKC          91.9  1/6  $   0.054000  -3.79%  $    3.9  1D=115  12H=112  6H= 58  4H= 53  2H= 42  1H= 76
   21 ADA          90.9  3/6  $   0.178300  -3.44%  $   84.7  1D= 74  12H= 73  6H=114  4H=117  2H=122  1H= 63
   22 AZTEC        90.6  3/6  $   0.016748  -2.41%  $    1.4  1D= 58  12H= 88  6H=115  4H=125  2H= 92  1H= 77
   23 APE          90.4  3/6  $   0.128060  -3.26%  $    2.3  1D= 62  12H= 71  6H=122  4H=116  2H=103  1H= 88
   24 DOGE         90.0  3/6  $   0.088070  -1.53%  $  172.3  1D= 64  12H= 67  6H=120  4H=136  2H=107  1H= 74
   25 W            90.0  3/6  $   0.010040  -2.96%  $    1.5  1D= 60  12H= 82  6H=115  4H=131  2H= 74  1H= 60
   26 PLUME        89.8  3/6  $   0.011343  -3.84%  $    1.8  1D= 71  12H= 97  6H=112  4H=153  2H=  0  1H=108
   27 JASMY        88.9  3/6  $   0.005088  -5.65%  $    3.6  1D= 73  12H=127  6H= 90  4H= 91  2H= 36  1H= 66
   28 ID           87.3  4/6  $   0.027240  +0.36%  $    2.7  1D= 50  12H= 92  6H= 83  4H= 80  2H=119  1H=132
   29 BIO          85.5  3/6  $   0.031390  -4.95%  $    3.7  1D=102  12H= 72  6H=102  4H= 62  2H= 49  1H= 71
   30 RIVER        85.4  2/6  $   4.812000  +0.70%  $    2.3  1D= 35  12H= 78  6H= 67  4H=114  2H=152  1H=126
   31 IRYS         81.9  2/6  $   0.018487  -2.25%  $    1.2  1D= 77  12H= 85  6H=104  4H= 71  2H= 44  1H= 68
   32 CLO          79.2  2/6  $   0.204850 -41.18%  $   19.9  1D=165  12H=  0  6H= 75  4H= 46  2H= 50  1H= 38
   33 NOT          79.2  3/6  $   0.000451  -8.25%  $    3.2  1D=100  12H=109  6H= 80  4H= 43  2H= 27  1H= 27
   34 DEXE         79.1  3/6  $  18.978000  -1.83%  $    1.2  1D= 98  12H= 77  6H= 75  4H= 65  2H= 90  1H= 45
   35 ICP          78.7  4/6  $   2.419000  -4.91%  $   18.6  1D= 53  12H=116  6H=110  4H= 79  2H= 37  1H= 59
   36 DYDX         78.6  2/6  $   0.120770  -1.40%  $    2.3  1D= 29  12H= 74  6H= 72  4H=120  2H=123  1H=121
   37 VVV          77.8  3/6  $  15.083000  -5.06%  $   20.1  1D= 65  12H= 69  6H= 85  4H= 70  2H= 76  1H= 84
   38 ESPORTS      76.4  1/6  $   0.062860  +1.35%  $   11.2  1D= 97  12H= 68  6H= 44  4H= 68  2H= 68  1H= 87
   39 SKR          74.0  1/6  $   0.009274  -4.80%  $    1.6  1D= 71  12H= 76  6H= 95  4H= 45  2H= 57  1H= 61
   40 ZEREBRO      73.4  4/6  $   0.024338  -3.91%  $    1.1  1D=138  12H= 61  6H= 30  4H= 54  2H= 34  1H= 59
   41 HNT          72.6  1/6  $   0.301800  +0.16%  $    1.2  1D= 29  12H= 63  6H= 72  4H= 90  2H= 98  1H=138
   42 GRT          71.1  3/6  $   0.020330  -4.11%  $    1.2  1D= 58  12H=100  6H= 95  4H= 84  2H= 47  1H= 24
   43 TRX          70.6  2/6  $   0.317970  -1.12%  $   12.3  1D= 31  12H= 67  6H=100  4H= 98  2H= 53  1H= 45
   44 BEAT         70.1  0/6  $   3.991200 -29.67%  $   68.7  1D=127  12H= 65  6H= 34  4H= 24  2H= 39  1H= 32

================================================================================
2026-06-16 13:37:30,674 [INFO]   Saved → trend_v3_LATEST.txt, trend_v3_LATEST.json, trend_v3_20260616_133730.txt
2026-06-16 14:27:33,969 [INFO] ================================================================
2026-06-16 14:27:33,972 [INFO] TREND SCANNER v3.0
2026-06-16 14:27:33,972 [INFO] ================================================================
2026-06-16 14:27:33,972 [INFO] Building universe (Bybit perps)...
2026-06-16 14:27:34,788 [INFO]   Universe (post-filter): 244 coins
2026-06-16 14:27:34,790 [INFO] Fetching BTC 1D for regime detection...
2026-06-16 14:27:34,833 [INFO]   Regime: BULL  |  BTC 7d +5.14%  |  24h +0.89%
2026-06-16 14:27:34,838 [INFO] Scanning 244 coins across 6 timeframes...
2026-06-16 14:27:34,839 [INFO] (this is the slowest scanner — first run ~10min, subsequent ~2-3min)
2026-06-16 14:27:45,822 [INFO]   ...20/244  (surfaced: 18)
2026-06-16 14:27:54,969 [INFO]   ...40/244  (surfaced: 37)
2026-06-16 14:28:05,205 [INFO]   ...60/244  (surfaced: 51)
2026-06-16 14:28:14,202 [INFO]   ...80/244  (surfaced: 70)
2026-06-16 14:28:23,136 [INFO]   ...100/244  (surfaced: 86)
2026-06-16 14:28:31,262 [INFO]   ...120/244  (surfaced: 103)
2026-06-16 14:28:39,602 [INFO]   ...140/244  (surfaced: 117)
2026-06-16 14:28:48,492 [INFO]   ...160/244  (surfaced: 133)
2026-06-16 14:28:56,686 [INFO]   ...180/244  (surfaced: 147)
2026-06-16 14:29:07,104 [INFO]   ...200/244  (surfaced: 164)
2026-06-16 14:29:17,732 [INFO]   ...220/244  (surfaced: 181)
2026-06-16 14:29:32,878 [INFO]   ...240/244  (surfaced: 197)
2026-06-16 14:29:39,958 [INFO] Done in 126s  |  scanned=217  failed=27  strong=49  long=50  watch=42
2026-06-16 14:29:39,965 [INFO] 
================================================================================
  TREND SCANNER v3.0  —  multi-timeframe confirmation + trade plans
  Generated  : 2026-06-16 14:29:39
  Universe   : 244 Bybit perps  |  Scanned: 217
  Scan time  : 126s
================================================================================

  Regime     : 🟢 BULL
               BTC 7d +5.14%  |  24h +0.89%  |  $66,329

  Account    : $100,000  |  Risk/trade: 1.5%

  Tiers (bull):  STRONG ≥ 130 & ST≥4  |  LONG ≥ 100 & ST≥3  |  WATCH ≥ 70

  TF weights : 1D×0.28 · 12H×0.2 · 6H×0.15 · 4H×0.15 · 2H×0.12 · 1H×0.1

--------------------------------------------------------------------------------
  STRONG  —  49 coin(s)  (highest conviction, full position)
--------------------------------------------------------------------------------

  [ 1] JTO         score= 165.0  ST=6/6  price=$0.729200      24h=+29.64%  vol=$113.6M
       TF:  1D=163  12H=154  6H=147  4H=152  2H=157  1H=169
       Bonuses: RS vs BTC 7d +16.7% | funding -0.0479%/8h  (+8 pts)
       Entry: $0.729200  |  Stop: $0.619820 (-15.00%)  |  Risk: $1500 (1.50% acct)
       Position: $10000 (10.00% acct, qty 13713.6588)
       TP1: $0.893270 (+22.5%, 1.5R, sell 40%)
       TP2: $1.057340 (+45.0%, 3.0R, sell 35%)
       TP3: $1.276100 (+75.0%, 5.0R, sell 25%)

  [ 2] LIT         score= 160.8  ST=6/6  price=$1.687900      24h= +2.61%  vol=$ 15.9M
       TF:  1D=154  12H=132  6H=173  4H=163  2H=186  1H=136
       Bonuses: RS vs BTC 7d +9.9%  (+5 pts)
       Entry: $1.687900  |  Stop: $1.434715 (-15.00%)  |  Risk: $1500 (1.50% acct)
       Position: $10000 (10.00% acct, qty 5924.5216)
       TP1: $2.067677 (+22.5%, 1.5R, sell 40%)
       TP2: $2.447455 (+45.0%, 3.0R, sell 35%)
       TP3: $2.953825 (+75.0%, 5.0R, sell 25%)

  [ 3] MEME        score= 157.6  ST=6/6  price=$0.000610      24h= +3.01%  vol=$  3.9M
       TF:  1D=136  12H=146  6H=175  4H=154  2H=161  1H=137
       Bonuses: RSI div 1D (hidden_bullish) | RS vs BTC 7d +12.7%  (+8 pts)
       Entry: $0.000610  |  Stop: $0.000518 (-15.00%)  |  Risk: $1500 (1.50% acct)
       Position: $10000 (10.00% acct, qty 16401508.9388)
       TP1: $0.000747 (+22.5%, 1.5R, sell 40%)
       TP2: $0.000884 (+45.0%, 3.0R, sell 35%)
       TP3: $0.001067 (+75.0%, 5.0R, sell 25%)

  [ 4] WLD         score= 156.3  ST=6/6  price=$0.586900      24h= +3.67%  vol=$265.2M
       TF:  1D=136  12H=140  6H=155  4H=161  2H=165  1H=150
       Bonuses: RSI div 1D (hidden_bullish) | RS vs BTC 7d +13.1%  (+8 pts)
       Entry: $0.586900  |  Stop: $0.498865 (-15.00%)  |  Risk: $1500 (1.50% acct)
       Position: $10000 (10.00% acct, qty 17038.6778)
       TP1: $0.718952 (+22.5%, 1.5R, sell 40%)
       TP2: $0.851005 (+45.0%, 3.0R, sell 35%)
       TP3: $1.027075 (+75.0%, 5.0R, sell 25%)

  [ 5] UAI         score= 155.3  ST=6/6  price=$0.327980      24h=-19.76%  vol=$  7.4M
       TF:  1D=165  12H=162  6H=147  4H=147  2H=130  1H=120
       Bonuses: RS vs BTC 7d +12.1%  (+5 pts)
       Entry: $0.327980  |  Stop: $0.278783 (-15.00%)  |  Risk: $1500 (1.50% acct)
       Position: $10000 (10.00% acct, qty 30489.6640)
       TP1: $0.401776 (+22.5%, 1.5R, sell 40%)
       TP2: $0.475571 (+45.0%, 3.0R, sell 35%)
       TP3: $0.573965 (+75.0%, 5.0R, sell 25%)

  [ 6] ALCH        score= 153.9  ST=6/6  price=$0.074470      24h=+11.50%  vol=$  1.9M
       TF:  1D=119  12H=149  6H=154  4H=154  2H=140  1H=158
       Bonuses: RSI div 1D (bullish) | 1H pre-pump (obv_divergence) | RS vs BTC 7d +21.9%  (+12 pts)
       Entry: $0.074470  |  Stop: $0.065844 (-11.58%)  |  Risk: $1500 (1.50% acct)
       Position: $12950 (12.95% acct, qty 173891.4421)
       TP1: $0.087409 (+17.4%, 1.5R, sell 40%)
       TP2: $0.100348 (+34.8%, 3.0R, sell 35%)
       TP3: $0.117600 (+57.9%, 5.0R, sell 25%)

  [ 7] AERO        score= 152.8  ST=6/6  price=$0.426800      24h= +7.98%  vol=$ 13.9M
       TF:  1D=123  12H=149  6H=154  4H=154  2H=167  1H=173
       Bonuses: RS vs BTC 7d +19.9%  (+5 pts)
       Entry: $0.426800  |  Stop: $0.382379 (-10.41%)  |  Risk: $1500 (1.50% acct)
       Position: $14412 (14.41% acct, qty 33767.4867)
       TP1: $0.493432 (+15.6%, 1.5R, sell 40%)
       TP2: $0.560064 (+31.2%, 3.0R, sell 35%)
       TP3: $0.648907 (+52.0%, 5.0R, sell 25%)

  [ 8] BR          score= 152.0  ST=6/6  price=$0.111890      24h=+45.60%  vol=$  3.6M
       TF:  1D=110  12H=173  6H=162  4H=149  2H=144  1H=147
       Bonuses: RSI div 1D (bullish) | funding -0.0625%/8h  (+8 pts)
       Entry: $0.111890  |  Stop: $0.095106 (-15.00%)  |  Risk: $1500 (1.50% acct)
       Position: $10000 (10.00% acct, qty 89373.4918)
       TP1: $0.137065 (+22.5%, 1.5R, sell 40%)
       TP2: $0.162241 (+45.0%, 3.0R, sell 35%)
       TP3: $0.195807 (+75.0%, 5.0R, sell 25%)

  [ 9] AKT         score= 148.5  ST=6/6  price=$0.822100      24h= -0.86%  vol=$  3.5M
       TF:  1D=147  12H=149  6H=153  4H=153  2H=125  1H= 96
       Bonuses: 1H pre-pump (obv_stealth_accum) | RS vs BTC 7d +25.2%  (+7 pts)
       Entry: $0.822100  |  Stop: $0.703493 (-14.43%)  |  Risk: $1500 (1.50% acct)
       Position: $10397 (10.40% acct, qty 12646.7931)
       TP1: $1.000011 (+21.6%, 1.5R, sell 40%)
       TP2: $1.177921 (+43.3%, 3.0R, sell 35%)
       TP3: $1.415136 (+72.1%, 5.0R, sell 25%)

  [10] GRASS       score= 148.2  ST=5/6  price=$0.461810      24h= -2.96%  vol=$  6.6M
       TF:  1D=136  12H=127  6H=136  4H=169  2H=127  1H=137
       Bonuses: RSI div 1D (hidden_bullish) | 1H pre-pump (obv_stealth_accum) | RS vs BTC 7d +26.8%  (+10 pts)
       Entry: $0.461810  |  Stop: $0.392539 (-15.00%)  |  Risk: $1500 (1.50% acct)
       Position: $10000 (10.00% acct, qty 21653.9269)
       TP1: $0.565717 (+22.5%, 1.5R, sell 40%)
       TP2: $0.669624 (+45.0%, 3.0R, sell 35%)
       TP3: $0.808168 (+75.0%, 5.0R, sell 25%)

  [11] HYPE        score= 146.8  ST=5/6  price=$66.859000     24h=+11.02%  vol=$527.8M
       TF:  1D=120  12H=149  6H=152  4H=159  2H=167  1H=147
       Bonuses: 1H pre-pump (obv_divergence)  (+2 pts)
       Entry: $66.859000  |  Stop: $56.994357 (-14.75%)  |  Risk: $1500 (1.50% acct)
       Position: $10166 (10.17% acct, qty 152.0582)
       TP1: $81.655964 (+22.1%, 1.5R, sell 40%)
       TP2: $96.452929 (+44.3%, 3.0R, sell 35%)
       TP3: $116.182214 (+73.8%, 5.0R, sell 25%)

  [12] ATOM        score= 145.3  ST=6/6  price=$1.962200      24h= -1.28%  vol=$ 10.7M
       TF:  1D=121  12H=128  6H=164  4H=129  2H=164  1H=122
       Bonuses: 1H pre-pump (obv_stealth_accum) | RS vs BTC 7d +6.1% | funding -0.0140%/8h  (+10 pts)
       Entry: $1.962200  |  Stop: $1.769300 (-9.83%)  |  Risk: $1500 (1.50% acct)
       Position: $15258 (15.26% acct, qty 7776.0498)
       TP1: $2.251550 (+14.8%, 1.5R, sell 40%)
       TP2: $2.540900 (+29.5%, 3.0R, sell 35%)
       TP3: $2.926700 (+49.1%, 5.0R, sell 25%)

  [13] IO          score= 144.8  ST=6/6  price=$0.178020      24h= -2.72%  vol=$  4.0M
       TF:  1D=141  12H=140  6H=138  4H=129  2H=163  1H=127
       Bonuses: RS vs BTC 7d +15.4%  (+5 pts)
       Entry: $0.178020  |  Stop: $0.151317 (-15.00%)  |  Risk: $1500 (1.50% acct)
       Position: $10000 (10.00% acct, qty 56173.4637)
       TP1: $0.218075 (+22.5%, 1.5R, sell 40%)
       TP2: $0.258129 (+45.0%, 3.0R, sell 35%)
       TP3: $0.311535 (+75.0%, 5.0R, sell 25%)

  [14] GPS         score= 144.6  ST=5/6  price=$0.009181      24h= +4.37%  vol=$  3.8M
       TF:  1D=143  12H=154  6H=140  4H=148  2H=123  1H= 78
       Bonuses: RSI div 1D (hidden_bullish) | RS vs BTC 7d +21.4%  (+8 pts)
       Entry: $0.009181  |  Stop: $0.007804 (-15.00%)  |  Risk: $1500 (1.50% acct)
       Position: $10000 (10.00% acct, qty 1089205.9688)
       TP1: $0.011247 (+22.5%, 1.5R, sell 40%)
       TP2: $0.013312 (+45.0%, 3.0R, sell 35%)
       TP3: $0.016067 (+75.0%, 5.0R, sell 25%)

  [15] USELESS     score= 141.9  ST=5/6  price=$0.074720      24h= +0.52%  vol=$  8.4M
       TF:  1D=102  12H=128  6H=139  4H=179  2H=162  1H=136
       Bonuses: 1H pre-pump (obv_divergence) | RS vs BTC 7d +3.5%  (+7 pts)
       Entry: $0.074720  |  Stop: $0.063512 (-15.00%)  |  Risk: $1500 (1.50% acct)
       Position: $10000 (10.00% acct, qty 133832.9764)
       TP1: $0.091532 (+22.5%, 1.5R, sell 40%)
       TP2: $0.108344 (+45.0%, 3.0R, sell 35%)
       TP3: $0.130760 (+75.0%, 5.0R, sell 25%)

  [16] FOLKS       score= 141.2  ST=6/6  price=$2.012500      24h=+13.97%  vol=$  3.0M
       TF:  1D=129  12H=140  6H=137  4H=120  2H=158  1H=156
       Bonuses: 1H pre-pump (obv_stealth_accum) | RS vs BTC 7d +8.1%  (+4 pts)
       Entry: $2.012500  |  Stop: $1.710625 (-15.00%)  |  Risk: $1500 (1.50% acct)
       Position: $10000 (10.00% acct, qty 4968.9441)
       TP1: $2.465313 (+22.5%, 1.5R, sell 40%)
       TP2: $2.918125 (+45.0%, 3.0R, sell 35%)
       TP3: $3.521875 (+75.0%, 5.0R, sell 25%)

  [17] NEAR        score= 140.8  ST=4/6  price=$2.391800      24h= -3.37%  vol=$168.6M
       TF:  1D=122  12H=100  6H=125  4H=183  2H=154  1H=140
       Bonuses: RSI div 1D (hidden_bullish) | RS vs BTC 7d +7.2%  (+8 pts)
       Entry: $2.391800  |  Stop: $2.033030 (-15.00%)  |  Risk: $1500 (1.50% acct)
       Position: $10000 (10.00% acct, qty 4180.9516)
       TP1: $2.929955 (+22.5%, 1.5R, sell 40%)
       TP2: $3.468110 (+45.0%, 3.0R, sell 35%)
       TP3: $4.185650 (+75.0%, 5.0R, sell 25%)

  [18] EIGEN       score= 140.8  ST=5/6  price=$0.214520      24h= -1.06%  vol=$ 10.1M
       TF:  1D=115  12H=133  6H=131  4H=147  2H=145  1H=129
       Bonuses: 1H pre-pump (obv_stealth_accum) | RS vs BTC 7d +11.3% | funding -0.0170%/8h  (+10 pts)
       Entry: $0.214520  |  Stop: $0.182342 (-15.00%)  |  Risk: $1500 (1.50% acct)
       Position: $10000 (10.00% acct, qty 46615.7002)
       TP1: $0.262787 (+22.5%, 1.5R, sell 40%)
       TP2: $0.311054 (+45.0%, 3.0R, sell 35%)
       TP3: $0.375410 (+75.0%, 5.0R, sell 25%)

  [19] UMA         score= 140.3  ST=5/6  price=$0.425000      24h= +5.48%  vol=$  1.1M
       TF:  1D= 95  12H=139  6H=150  4H=145  2H=171  1H=161
       Bonuses: RS vs BTC 7d +4.8%  (+5 pts)
       Entry: $0.425000  |  Stop: $0.386300 (-9.11%)  |  Risk: $1500 (1.50% acct)
       Position: $16473 (16.47% acct, qty 38759.6899)
       TP1: $0.483050 (+13.7%, 1.5R, sell 40%)
       TP2: $0.541100 (+27.3%, 3.0R, sell 35%)
       TP3: $0.618500 (+45.5%, 5.0R, sell 25%)

  [20] HANA        score= 139.9  ST=6/6  price=$0.039695      24h=+13.14%  vol=$  5.8M
       TF:  1D=119  12H=129  6H=154  4H=132  2H=154  1H=144
       Bonuses: RS vs BTC 7d +22.8%  (+5 pts)
       Entry: $0.039695  |  Stop: $0.035866 (-9.65%)  |  Risk: $1500 (1.50% acct)
       Position: $15550 (15.55% acct, qty 391728.9236)
       TP1: $0.045439 (+14.5%, 1.5R, sell 40%)
       TP2: $0.051183 (+28.9%, 3.0R, sell 35%)
       TP3: $0.058841 (+48.2%, 5.0R, sell 25%)

  [21] XPL         score= 139.4  ST=5/6  price=$0.090110      24h= +2.31%  vol=$ 29.4M
       TF:  1D=105  12H=127  6H=146  4H=166  2H=149  1H=149
       Bonuses: RS vs BTC 7d +23.5%  (+5 pts)
       Entry: $0.090110  |  Stop: $0.076593 (-15.00%)  |  Risk: $1500 (1.50% acct)
       Position: $10000 (10.00% acct, qty 110975.4744)
       TP1: $0.110385 (+22.5%, 1.5R, sell 40%)
       TP2: $0.130660 (+45.0%, 3.0R, sell 35%)
       TP3: $0.157693 (+75.0%, 5.0R, sell 25%)

  [22] SENT        score= 139.2  ST=6/6  price=$0.015003      24h=+11.39%  vol=$  2.4M
       TF:  1D=115  12H=131  6H=154  4H=144  2H=137  1H=147
       Bonuses: RS vs BTC 7d +4.2%  (+5 pts)
       Entry: $0.015003  |  Stop: $0.012753 (-15.00%)  |  Risk: $1500 (1.50% acct)
       Position: $10000 (10.00% acct, qty 666533.3600)
       TP1: $0.018379 (+22.5%, 1.5R, sell 40%)
       TP2: $0.021754 (+45.0%, 3.0R, sell 35%)
       TP3: $0.026255 (+75.0%, 5.0R, sell 25%)

  [23] OPEN        score= 138.9  ST=5/6  price=$0.236410      24h= -0.10%  vol=$  2.4M
       TF:  1D=139  12H=140  6H=130  4H=129  2H=126  1H=130
       Bonuses: RS vs BTC 7d +13.6%  (+5 pts)
       Entry: $0.236410  |  Stop: $0.200949 (-15.00%)  |  Risk: $1500 (1.50% acct)
       Position: $10000 (10.00% acct, qty 42299.3951)
       TP1: $0.289602 (+22.5%, 1.5R, sell 40%)
       TP2: $0.342795 (+45.0%, 3.0R, sell 35%)
       TP3: $0.413718 (+75.0%, 5.0R, sell 25%)

  [24] KAS         score= 138.3  ST=5/6  price=$0.032990      24h= -1.37%  vol=$  3.9M
       TF:  1D=103  12H=137  6H=153  4H=154  2H=157  1H=152
       Bonuses: 1H pre-pump (obv_stealth_accum)  (+2 pts)
       Entry: $0.032990  |  Stop: $0.029524 (-10.51%)  |  Risk: $1500 (1.50% acct)
       Position: $14277 (14.28% acct, qty 432766.6151)
       TP1: $0.038189 (+15.8%, 1.5R, sell 40%)
       TP2: $0.043388 (+31.5%, 3.0R, sell 35%)
       TP3: $0.050320 (+52.5%, 5.0R, sell 25%)

  [25] PUFFER      score= 137.7  ST=6/6  price=$0.018510      24h= +0.39%  vol=$  5.3M
       TF:  1D=114  12H=127  6H=144  4H=144  2H=139  1H=125
       Bonuses: RS vs BTC 7d +23.9% | funding -0.0553%/8h  (+8 pts)
       Entry: $0.018510  |  Stop: $0.015734 (-15.00%)  |  Risk: $1500 (1.50% acct)
       Position: $10000 (10.00% acct, qty 540248.5143)
       TP1: $0.022675 (+22.5%, 1.5R, sell 40%)
       TP2: $0.026839 (+45.0%, 3.0R, sell 35%)
       TP3: $0.032392 (+75.0%, 5.0R, sell 25%)

  [26] ARKM        score= 137.5  ST=5/6  price=$0.133060      24h= -2.17%  vol=$  3.1M
       TF:  1D=109  12H=116  6H=125  4H=173  2H=130  1H=135
       Bonuses: 1H pre-pump (obv_stealth_accum) | RS vs BTC 7d +4.3% | funding -0.0145%/8h  (+10 pts)
       Entry: $0.133060  |  Stop: $0.113101 (-15.00%)  |  Risk: $1500 (1.50% acct)
       Position: $10000 (10.00% acct, qty 75154.0658)
       TP1: $0.162998 (+22.5%, 1.5R, sell 40%)
       TP2: $0.192937 (+45.0%, 3.0R, sell 35%)
       TP3: $0.232855 (+75.0%, 5.0R, sell 25%)

  [27] BASED       score= 137.2  ST=5/6  price=$0.078590      24h= -2.93%  vol=$  5.0M
       TF:  1D= 97  12H=141  6H=134  4H=161  2H=160  1H=134
       Bonuses: RS vs BTC 7d +16.1%  (+5 pts)
       Entry: $0.078590  |  Stop: $0.066801 (-15.00%)  |  Risk: $1500 (1.50% acct)
       Position: $10000 (10.00% acct, qty 127242.6517)
       TP1: $0.096273 (+22.5%, 1.5R, sell 40%)
       TP2: $0.113956 (+45.0%, 3.0R, sell 35%)
       TP3: $0.137533 (+75.0%, 5.0R, sell 25%)

  [28] SPX         score= 137.1  ST=5/6  price=$0.339800      24h= +9.96%  vol=$ 42.0M
       TF:  1D= 76  12H=149  6H=162  4H=144  2H=140  1H=153
       Bonuses: RS vs BTC 7d +5.8% | funding -0.0457%/8h  (+8 pts)
       Entry: $0.339800  |  Stop: $0.294521 (-13.33%)  |  Risk: $1500 (1.50% acct)
       Position: $11257 (11.26% acct, qty 33128.2537)
       TP1: $0.407718 (+20.0%, 1.5R, sell 40%)
       TP2: $0.475636 (+40.0%, 3.0R, sell 35%)
       TP3: $0.566193 (+66.6%, 5.0R, sell 25%)

  [29] SQD         score= 137.1  ST=5/6  price=$0.041560      24h= -2.34%  vol=$  1.3M
       TF:  1D=121  12H=175  6H=134  4H=138  2H= 82  1H= 56
       Bonuses: RSI div 1D (bullish) | 1H pre-pump (bb_squeeze) | RS vs BTC 7d +24.6%  (+12 pts)
       Entry: $0.041560  |  Stop: $0.035326 (-15.00%)  |  Risk: $1500 (1.50% acct)
       Position: $10000 (10.00% acct, qty 240615.9769)
       TP1: $0.050911 (+22.5%, 1.5R, sell 40%)
       TP2: $0.060262 (+45.0%, 3.0R, sell 35%)
       TP3: $0.072730 (+75.0%, 5.0R, sell 25%)

  [30] ORCA        score= 136.6  ST=6/6  price=$1.139000      24h= +1.72%  vol=$  5.8M
       TF:  1D=118  12H=123  6H=126  4H=128  2H=146  1H=153
       Bonuses: RS vs BTC 7d +4.2% | funding -0.0334%/8h  (+8 pts)
       Entry: $1.139000  |  Stop: $0.984457 (-13.57%)  |  Risk: $1500 (1.50% acct)
       Position: $11055 (11.06% acct, qty 9706.0455)
       TP1: $1.370814 (+20.4%, 1.5R, sell 40%)
       TP2: $1.602629 (+40.7%, 3.0R, sell 35%)
       TP3: $1.911714 (+67.8%, 5.0R, sell 25%)

  [31] ENSO        score= 136.3  ST=5/6  price=$0.680100      24h= +3.41%  vol=$  4.0M
       TF:  1D= 78  12H=130  6H=150  4H=150  2H=177  1H=152
       Bonuses: 1H pre-pump (obv_stealth_accum) | RS vs BTC 7d +8.0%  (+7 pts)
       Entry: $0.680100  |  Stop: $0.591482 (-13.03%)  |  Risk: $1500 (1.50% acct)
       Position: $11512 (11.51% acct, qty 16926.6111)
       TP1: $0.813027 (+19.6%, 1.5R, sell 40%)
       TP2: $0.945954 (+39.1%, 3.0R, sell 35%)
       TP3: $1.123189 (+65.2%, 5.0R, sell 25%)

  [32] KMNO        score= 135.6  ST=5/6  price=$0.018060      24h= +1.82%  vol=$  1.1M
       TF:  1D= 94  12H=116  6H=156  4H=146  2H=165  1H=160
       Bonuses: RS vs BTC 7d +12.7%  (+5 pts)
       Entry: $0.018060  |  Stop: $0.015470 (-14.34%)  |  Risk: $1500 (1.50% acct)
       Position: $10461 (10.46% acct, qty 579230.4510)
       TP1: $0.021944 (+21.5%, 1.5R, sell 40%)
       TP2: $0.025829 (+43.0%, 3.0R, sell 35%)
       TP3: $0.031008 (+71.7%, 5.0R, sell 25%)

  [33] ROAM        score= 135.5  ST=5/6  price=$0.011151      24h=+35.35%  vol=$ 13.6M
       TF:  1D=119  12H=154  6H=135  4H=142  2H=139  1H= 82
       Bonuses: RS vs BTC 7d +89.5%  (+5 pts)
       Entry: $0.011151  |  Stop: $0.009478 (-15.00%)  |  Risk: $1500 (1.50% acct)
       Position: $10000 (10.00% acct, qty 896780.5578)
       TP1: $0.013660 (+22.5%, 1.5R, sell 40%)
       TP2: $0.016169 (+45.0%, 3.0R, sell 35%)
       TP3: $0.019514 (+75.0%, 5.0R, sell 25%)

  [34] JCT         score= 135.5  ST=6/6  price=$0.006498      24h= +6.55%  vol=$  3.0M
       TF:  1D=160  12H=133  6H=123  4H=107  2H= 86  1H= 93
       Bonuses: RSI div 1D (hidden_bullish) | 1H pre-pump (bb_squeeze) | RS vs BTC 7d +27.9%  (+10 pts)
       Entry: $0.006498  |  Stop: $0.005523 (-15.00%)  |  Risk: $1500 (1.50% acct)
       Position: $10000 (10.00% acct, qty 1538935.0569)
       TP1: $0.007960 (+22.5%, 1.5R, sell 40%)
       TP2: $0.009422 (+45.0%, 3.0R, sell 35%)
       TP3: $0.011371 (+75.0%, 5.0R, sell 25%)

  [35] BSB         score= 134.7  ST=5/6  price=$0.361700      24h=+55.07%  vol=$102.9M
       TF:  1D= 98  12H=134  6H=142  4H=149  2H=152  1H=136
       Bonuses: RS vs BTC 7d +14.6%  (+5 pts)
       Entry: $0.361700  |  Stop: $0.307445 (-15.00%)  |  Risk: $1500 (1.50% acct)
       Position: $10000 (10.00% acct, qty 27647.2215)
       TP1: $0.443082 (+22.5%, 1.5R, sell 40%)
       TP2: $0.524465 (+45.0%, 3.0R, sell 35%)
       TP3: $0.632975 (+75.0%, 5.0R, sell 25%)

  [36] CRV         score= 134.6  ST=6/6  price=$0.238300      24h= -1.69%  vol=$ 10.2M
       TF:  1D=121  12H=144  6H=131  4H=124  2H=149  1H= 78
       Bonuses: RS vs BTC 7d +14.8% | funding -0.0137%/8h  (+8 pts)
       Entry: $0.238300  |  Stop: $0.209607 (-12.04%)  |  Risk: $1500 (1.50% acct)
       Position: $12458 (12.46% acct, qty 52277.8193)
       TP1: $0.281339 (+18.1%, 1.5R, sell 40%)
       TP2: $0.324379 (+36.1%, 3.0R, sell 35%)
       TP3: $0.381764 (+60.2%, 5.0R, sell 25%)

  [37] UNI         score= 134.5  ST=5/6  price=$2.843000      24h=+11.69%  vol=$ 50.8M
       TF:  1D= 71  12H=131  6H=147  4H=149  2H=147  1H=144
       Bonuses: RSI div 1D (bullish) | 1H pre-pump (obv_stealth_accum) | RS vs BTC 7d +8.0%  (+12 pts)
       Entry: $2.843000  |  Stop: $2.574179 (-9.46%)  |  Risk: $1500 (1.50% acct)
       Position: $15864 (15.86% acct, qty 5579.9123)
       TP1: $3.246232 (+14.2%, 1.5R, sell 40%)
       TP2: $3.649464 (+28.4%, 3.0R, sell 35%)
       TP3: $4.187107 (+47.3%, 5.0R, sell 25%)

  [38] ZEC         score= 134.0  ST=5/6  price=$518.460000    24h= -4.94%  vol=$243.5M
       TF:  1D=117  12H=123  6H=140  4H=149  2H=134  1H= 52
       Bonuses: RSI div 1D (hidden_bullish) | 1H pre-pump (bb_squeeze, obv_stealth_accum) | RS vs BTC 7d +8.0%  (+12 pts)
       Entry: $518.460000  |  Stop: $440.691000 (-15.00%)  |  Risk: $1500 (1.50% acct)
       Position: $10000 (10.00% acct, qty 19.2879)
       TP1: $635.113500 (+22.5%, 1.5R, sell 40%)
       TP2: $751.767000 (+45.0%, 3.0R, sell 35%)
       TP3: $907.305000 (+75.0%, 5.0R, sell 25%)

  [39] JUP         score= 133.4  ST=5/6  price=$0.191200      24h= +0.98%  vol=$ 10.0M
       TF:  1D=107  12H=121  6H=129  4H=152  2H=154  1H=136
       Bonuses: RS vs BTC 7d +15.1%  (+5 pts)
       Entry: $0.191200  |  Stop: $0.165154 (-13.62%)  |  Risk: $1500 (1.50% acct)
       Position: $11011 (11.01% acct, qty 57589.4694)
       TP1: $0.230270 (+20.4%, 1.5R, sell 40%)
       TP2: $0.269339 (+40.9%, 3.0R, sell 35%)
       TP3: $0.321432 (+68.1%, 5.0R, sell 25%)

  [40] MMT         score= 132.8  ST=6/6  price=$0.127910      24h= +6.65%  vol=$  2.0M
       TF:  1D=108  12H=131  6H=135  4H=145  2H=152  1H=111
       Bonuses: RS vs BTC 7d +14.3%  (+5 pts)
       Entry: $0.127910  |  Stop: $0.113039 (-11.63%)  |  Risk: $1500 (1.50% acct)
       Position: $12902 (12.90% acct, qty 100864.5533)
       TP1: $0.150217 (+17.4%, 1.5R, sell 40%)
       TP2: $0.172524 (+34.9%, 3.0R, sell 35%)
       TP3: $0.202267 (+58.1%, 5.0R, sell 25%)

  [41] EPIC        score= 132.3  ST=6/6  price=$0.495100      24h=+23.43%  vol=$  5.3M
       TF:  1D=105  12H=117  6H=158  4H=133  2H=134  1H=148
       Bonuses: RS vs BTC 7d +0.3%  (+5 pts)
       Entry: $0.495100  |  Stop: $0.420835 (-15.00%)  |  Risk: $1500 (1.50% acct)
       Position: $10000 (10.00% acct, qty 20197.9398)
       TP1: $0.606498 (+22.5%, 1.5R, sell 40%)
       TP2: $0.717895 (+45.0%, 3.0R, sell 35%)
       TP3: $0.866425 (+75.0%, 5.0R, sell 25%)

  [42] XLM         score= 132.2  ST=5/6  price=$0.213590      24h= +8.65%  vol=$157.6M
       TF:  1D= 83  12H=142  6H=143  4H=150  2H=142  1H=146
       Bonuses: RS vs BTC 7d +0.4%  (+5 pts)
       Entry: $0.213590  |  Stop: $0.184080 (-13.82%)  |  Risk: $1500 (1.50% acct)
       Position: $10857 (10.86% acct, qty 50829.6119)
       TP1: $0.257856 (+20.7%, 1.5R, sell 40%)
       TP2: $0.302121 (+41.5%, 3.0R, sell 35%)
       TP3: $0.361142 (+69.1%, 5.0R, sell 25%)

  [43] QNT         score= 131.1  ST=4/6  price=$70.520000     24h= +0.67%  vol=$  1.2M
       TF:  1D= 87  12H=102  6H=154  4H=147  2H=163  1H=136
       Bonuses: RS vs BTC 7d +0.4% | funding -0.0319%/8h  (+8 pts)
       Entry: $70.520000  |  Stop: $63.193571 (-10.39%)  |  Risk: $1500 (1.50% acct)
       Position: $14438 (14.44% acct, qty 204.7382)
       TP1: $81.509643 (+15.6%, 1.5R, sell 40%)
       TP2: $92.499286 (+31.2%, 3.0R, sell 35%)
       TP3: $107.152143 (+52.0%, 5.0R, sell 25%)

  [44] MON         score= 130.9  ST=5/6  price=$0.022581      24h= +1.06%  vol=$  3.3M
       TF:  1D= 79  12H=109  6H=142  4H=164  2H=159  1H=150
       Bonuses: 1H pre-pump (obv_divergence) | RS vs BTC 7d +3.3%  (+7 pts)
       Entry: $0.022581  |  Stop: $0.019815 (-12.25%)  |  Risk: $1500 (1.50% acct)
       Position: $12245 (12.24% acct, qty 542257.3398)
       TP1: $0.026730 (+18.4%, 1.5R, sell 40%)
       TP2: $0.030880 (+36.8%, 3.0R, sell 35%)
       TP3: $0.036412 (+61.2%, 5.0R, sell 25%)

  [45] FHE         score= 130.7  ST=4/6  price=$0.024100      24h= -3.08%  vol=$  1.7M
       TF:  1D= 71  12H=139  6H=145  4H=161  2H=124  1H=122
       Bonuses: RSI div 1D (bullish) | RS vs BTC 7d +12.2%  (+10 pts)
       Entry: $0.024100  |  Stop: $0.020485 (-15.00%)  |  Risk: $1500 (1.50% acct)
       Position: $10000 (10.00% acct, qty 414937.7593)
       TP1: $0.029523 (+22.5%, 1.5R, sell 40%)
       TP2: $0.034945 (+45.0%, 3.0R, sell 35%)
       TP3: $0.042175 (+75.0%, 5.0R, sell 25%)

  [46] ROSE        score= 130.5  ST=5/6  price=$0.006925      24h= -0.46%  vol=$  2.8M
       TF:  1D= 90  12H=111  6H=127  4H=149  2H=162  1H=173
       Bonuses: RS vs BTC 7d +1.7%  (+5 pts)
       Entry: $0.006925  |  Stop: $0.006042 (-12.75%)  |  Risk: $1500 (1.50% acct)
       Position: $11764 (11.76% acct, qty 1698822.9584)
       TP1: $0.008249 (+19.1%, 1.5R, sell 40%)
       TP2: $0.009574 (+38.2%, 3.0R, sell 35%)
       TP3: $0.011340 (+63.8%, 5.0R, sell 25%)

  [47] ORDI        score= 130.4  ST=4/6  price=$3.380000      24h= -3.73%  vol=$  7.7M
       TF:  1D= 80  12H=101  6H=160  4H=155  2H=141  1H=136
       Bonuses: RSI div 1D (bullish) | RS vs BTC 7d +5.2%  (+10 pts)
       Entry: $3.380000  |  Stop: $2.873000 (-15.00%)  |  Risk: $1500 (1.50% acct)
       Position: $10000 (10.00% acct, qty 2958.5799)
       TP1: $4.140500 (+22.5%, 1.5R, sell 40%)
       TP2: $4.901000 (+45.0%, 3.0R, sell 35%)
       TP3: $5.915000 (+75.0%, 5.0R, sell 25%)

  [48] EVAA        score= 130.2  ST=5/6  price=$1.272000      24h=-27.22%  vol=$ 58.0M
       TF:  1D=149  12H=142  6H=153  4H=120  2H= 53  1H= 28
       Bonuses: RSI div 1D (bullish) | RS vs BTC 7d +258.1%  (+10 pts)
       Entry: $1.272000  |  Stop: $1.081200 (-15.00%)  |  Risk: $1500 (1.50% acct)
       Position: $10000 (10.00% acct, qty 7861.6352)
       TP1: $1.558200 (+22.5%, 1.5R, sell 40%)
       TP2: $1.844400 (+45.0%, 3.0R, sell 35%)
       TP3: $2.226000 (+75.0%, 5.0R, sell 25%)

  [49] TIA         score= 130.0  ST=5/6  price=$0.369200      24h= +0.43%  vol=$ 12.7M
       TF:  1D= 90  12H=116  6H=147  4H=154  2H=145  1H=141
       Bonuses: RS vs BTC 7d +11.0%  (+5 pts)
       Entry: $0.369200  |  Stop: $0.319057 (-13.58%)  |  Risk: $1500 (1.50% acct)
       Position: $11044 (11.04% acct, qty 29914.5299)
       TP1: $0.444414 (+20.4%, 1.5R, sell 40%)
       TP2: $0.519629 (+40.7%, 3.0R, sell 35%)
       TP3: $0.619914 (+67.9%, 5.0R, sell 25%)

--------------------------------------------------------------------------------
  LONG  —  50 coin(s)  (tradeable trend)
--------------------------------------------------------------------------------

  [ 1] ZRO         score= 129.9  ST=5/6  price=$1.116600      24h= +1.42%  vol=$ 20.4M
       TF:  1D=100  12H=121  6H=132  4H=154  2H=138  1H=132
       Bonuses: RS vs BTC 7d +27.4%  (+5 pts)
       Entry: $1.116600  |  Stop: $0.949110 (-15.00%)  |  Risk: $1500 (1.50% acct)
       Position: $10000 (10.00% acct, qty 8955.7586)
       TP1: $1.367835 (+22.5%, 1.5R, sell 40%)
       TP2: $1.619070 (+45.0%, 3.0R, sell 35%)
       TP3: $1.954050 (+75.0%, 5.0R, sell 25%)

  [ 2] FIDA        score= 129.5  ST=5/6  price=$0.024962      24h= +1.27%  vol=$  6.3M
       TF:  1D=100  12H=126  6H=111  4H=132  2H=142  1H=128
       Bonuses: 1H pre-pump (obv_stealth_accum) | RS vs BTC 7d +4.1% | funding -0.1355%/8h  (+10 pts)
       Entry: $0.024962  |  Stop: $0.021218 (-15.00%)  |  Risk: $1500 (1.50% acct)
       Position: $10000 (10.00% acct, qty 400608.9256)
       TP1: $0.030578 (+22.5%, 1.5R, sell 40%)
       TP2: $0.036195 (+45.0%, 3.0R, sell 35%)
       TP3: $0.043684 (+75.0%, 5.0R, sell 25%)

  [ 3] CC          score= 129.5  ST=6/6  price=$0.165470      24h= -0.66%  vol=$  3.5M
       TF:  1D=120  12H=158  6H=144  4H=133  2H= 93  1H= 96
       Bonuses: 1H pre-pump (obv_stealth_accum)  (+2 pts)
       Entry: $0.165470  |  Stop: $0.148670 (-10.15%)  |  Risk: $1500 (1.50% acct)
       Position: $14774 (14.77% acct, qty 89285.7143)
       TP1: $0.190670 (+15.2%, 1.5R, sell 40%)
       TP2: $0.215870 (+30.5%, 3.0R, sell 35%)
       TP3: $0.249470 (+50.8%, 5.0R, sell 25%)

  [ 4] SPACE       score= 128.8  ST=5/6  price=$0.006639      24h=+16.58%  vol=$ 21.0M
       TF:  1D= 89  12H=135  6H=134  4H=134  2H=133  1H=147
       Bonuses: RSI div 1D (hidden_bullish) | funding -0.6098%/8h  (+6 pts)
       Entry: $0.006639  |  Stop: $0.005643 (-15.00%)  |  Risk: $1500 (1.50% acct)
       Position: $10000 (10.00% acct, qty 1506250.9414)
       TP1: $0.008133 (+22.5%, 1.5R, sell 40%)
       TP2: $0.009627 (+45.0%, 3.0R, sell 35%)
       TP3: $0.011618 (+75.0%, 5.0R, sell 25%)

  [ 5] RUNE        score= 128.4  ST=5/6  price=$0.391800      24h= -0.93%  vol=$  2.1M
       TF:  1D= 79  12H=138  6H=135  4H=146  2H=158  1H=126
       Bonuses: RS vs BTC 7d +7.8%  (+5 pts)
       Entry: $0.391800  |  Stop: $0.340543 (-13.08%)  |  Risk: $1500 (1.50% acct)
       Position: $11466 (11.47% acct, qty 29264.2140)
       TP1: $0.468686 (+19.6%, 1.5R, sell 40%)
       TP2: $0.545571 (+39.2%, 3.0R, sell 35%)
       TP3: $0.648086 (+65.4%, 5.0R, sell 25%)

  [ 6] KAITO       score= 127.9  ST=5/6  price=$0.482700      24h= +2.34%  vol=$  1.6M
       TF:  1D= 93  12H=132  6H=127  4H=127  2H=119  1H=131
       Bonuses: RSI div 1D (bullish) | RS vs BTC 7d +4.3%  (+10 pts)
       Entry: $0.482700  |  Stop: $0.430114 (-10.89%)  |  Risk: $1500 (1.50% acct)
       Position: $13769 (13.77% acct, qty 28524.8574)
       TP1: $0.561579 (+16.3%, 1.5R, sell 40%)
       TP2: $0.640457 (+32.7%, 3.0R, sell 35%)
       TP3: $0.745629 (+54.5%, 5.0R, sell 25%)

  [ 7] INJ         score= 127.6  ST=5/6  price=$5.575000      24h= +6.08%  vol=$ 32.9M
       TF:  1D=102  12H=111  6H=136  4H=144  2H=154  1H=164
       Entry: $5.575000  |  Stop: $4.738750 (-15.00%)  |  Risk: $1500 (1.50% acct)
       Position: $10000 (10.00% acct, qty 1793.7220)
       TP1: $6.829375 (+22.5%, 1.5R, sell 40%)
       TP2: $8.083750 (+45.0%, 3.0R, sell 35%)
       TP3: $9.756250 (+75.0%, 5.0R, sell 25%)

  [ 8] ZAMA        score= 127.5  ST=4/6  price=$0.031070      24h= +2.10%  vol=$  1.1M
       TF:  1D= 94  12H=122  6H=160  4H=137  2H=112  1H=158
       Bonuses: RSI div 1D (hidden_bullish)  (+3 pts)
       Entry: $0.031070  |  Stop: $0.027036 (-12.98%)  |  Risk: $1500 (1.50% acct)
       Position: $11553 (11.55% acct, qty 371845.9495)
       TP1: $0.037121 (+19.5%, 1.5R, sell 40%)
       TP2: $0.043172 (+39.0%, 3.0R, sell 35%)
       TP3: $0.051240 (+64.9%, 5.0R, sell 25%)

  [ 9] ALLO        score= 127.1  ST=6/6  price=$0.364600      24h= +7.01%  vol=$ 16.6M
       TF:  1D=139  12H=132  6H=127  4H=104  2H=110  1H=139
       Entry: $0.364600  |  Stop: $0.309910 (-15.00%)  |  Risk: $1500 (1.50% acct)
       Position: $10000 (10.00% acct, qty 27427.3176)
       TP1: $0.446635 (+22.5%, 1.5R, sell 40%)
       TP2: $0.528670 (+45.0%, 3.0R, sell 35%)
       TP3: $0.638050 (+75.0%, 5.0R, sell 25%)

  [10] TAO         score= 127.0  ST=6/6  price=$266.270000    24h= -4.77%  vol=$ 73.7M
       TF:  1D=125  12H=133  6H=156  4H=118  2H= 74  1H=104
       Bonuses: RS vs BTC 7d +18.6%  (+5 pts)
       Entry: $266.270000  |  Stop: $230.012857 (-13.62%)  |  Risk: $1500 (1.50% acct)
       Position: $11016 (11.02% acct, qty 41.3712)
       TP1: $320.655714 (+20.4%, 1.5R, sell 40%)
       TP2: $375.041429 (+40.9%, 3.0R, sell 35%)
       TP3: $447.555714 (+68.1%, 5.0R, sell 25%)

  [11] WLFI        score= 126.0  ST=5/6  price=$0.059920      24h= -2.32%  vol=$ 14.0M
       TF:  1D=130  12H=120  6H=151  4H=156  2H=103  1H= 72
       Entry: $0.059920  |  Stop: $0.053484 (-10.74%)  |  Risk: $1500 (1.50% acct)
       Position: $13965 (13.97% acct, qty 233061.4283)
       TP1: $0.069574 (+16.1%, 1.5R, sell 40%)
       TP2: $0.079228 (+32.2%, 3.0R, sell 35%)
       TP3: $0.092100 (+53.7%, 5.0R, sell 25%)

  [12] ENJ         score= 125.8  ST=5/6  price=$0.031531      24h= +2.77%  vol=$  2.6M
       TF:  1D= 92  12H=114  6H=129  4H=136  2H=144  1H=172
       Bonuses: funding -0.0319%/8h  (+3 pts)
       Entry: $0.031531  |  Stop: $0.027437 (-12.98%)  |  Risk: $1500 (1.50% acct)
       Position: $11552 (11.55% acct, qty 366377.0543)
       TP1: $0.037672 (+19.5%, 1.5R, sell 40%)
       TP2: $0.043813 (+39.0%, 3.0R, sell 35%)
       TP3: $0.052002 (+64.9%, 5.0R, sell 25%)

  [13] ONDO        score= 125.5  ST=4/6  price=$0.369900      24h= -2.57%  vol=$ 49.0M
       TF:  1D=106  12H= 82  6H=131  4H=163  2H=159  1H=132
       Bonuses: RSI div 1D (hidden_bullish)  (+3 pts)
       Entry: $0.369900  |  Stop: $0.314415 (-15.00%)  |  Risk: $1500 (1.50% acct)
       Position: $10000 (10.00% acct, qty 27034.3336)
       TP1: $0.453128 (+22.5%, 1.5R, sell 40%)
       TP2: $0.536355 (+45.0%, 3.0R, sell 35%)
       TP3: $0.647325 (+75.0%, 5.0R, sell 25%)

  [14] CAKE        score= 125.2  ST=5/6  price=$1.402800      24h= -1.30%  vol=$  1.3M
       TF:  1D= 93  12H=124  6H=135  4H=135  2H=132  1H=130
       Bonuses: RS vs BTC 7d +1.7%  (+5 pts)
       Entry: $1.402800  |  Stop: $1.285832 (-8.34%)  |  Risk: $1500 (1.50% acct)
       Position: $17990 (17.99% acct, qty 12824.0359)
       TP1: $1.578252 (+12.5%, 1.5R, sell 40%)
       TP2: $1.753704 (+25.0%, 3.0R, sell 35%)
       TP3: $1.987639 (+41.7%, 5.0R, sell 25%)

  [15] LAB         score= 124.6  ST=5/6  price=$9.553000      24h=+29.73%  vol=$ 30.0M
       TF:  1D= 92  12H=109  6H=129  4H=154  2H=153  1H=142
       Bonuses: 1H pre-pump (obv_divergence)  (+2 pts)
       Entry: $9.553000  |  Stop: $8.120050 (-15.00%)  |  Risk: $1500 (1.50% acct)
       Position: $10000 (10.00% acct, qty 1046.7916)
       TP1: $11.702425 (+22.5%, 1.5R, sell 40%)
       TP2: $13.851850 (+45.0%, 3.0R, sell 35%)
       TP3: $16.717750 (+75.0%, 5.0R, sell 25%)

  [16] AAVE        score= 124.2  ST=5/6  price=$73.700000     24h= -0.52%  vol=$ 28.6M
       TF:  1D= 75  12H=123  6H=139  4H=158  2H=123  1H=123
       Bonuses: 1H pre-pump (obv_stealth_accum) | RS vs BTC 7d +11.1%  (+7 pts)
       Entry: $73.700000  |  Stop: $65.506786 (-11.12%)  |  Risk: $1500 (1.50% acct)
       Position: $13493 (13.49% acct, qty 183.0783)
       TP1: $85.989821 (+16.7%, 1.5R, sell 40%)
       TP2: $98.279643 (+33.4%, 3.0R, sell 35%)
       TP3: $114.666071 (+55.6%, 5.0R, sell 25%)

  [17] BABY        score= 124.0  ST=5/6  price=$0.019554      24h= -7.94%  vol=$ 10.1M
       TF:  1D=117  12H=112  6H=139  4H=147  2H= 98  1H= 42
       Bonuses: RSI div 1D (hidden_bullish) | 1H pre-pump (obv_divergence) | RS vs BTC 7d +20.8%  (+10 pts)
       Entry: $0.019554  |  Stop: $0.016621 (-15.00%)  |  Risk: $1500 (1.50% acct)
       Position: $10000 (10.00% acct, qty 511404.3163)
       TP1: $0.023954 (+22.5%, 1.5R, sell 40%)
       TP2: $0.028353 (+45.0%, 3.0R, sell 35%)
       TP3: $0.034219 (+75.0%, 5.0R, sell 25%)

  [18] MET         score= 123.5  ST=4/6  price=$0.118520      24h= +1.43%  vol=$  1.5M
       TF:  1D= 93  12H=114  6H=124  4H=165  2H=129  1H= 88
       Bonuses: 1H pre-pump (obv_stealth_accum) | RS vs BTC 7d +11.2%  (+7 pts)
       Entry: $0.118520  |  Stop: $0.102734 (-13.32%)  |  Risk: $1500 (1.50% acct)
       Position: $11262 (11.26% acct, qty 95018.3250)
       TP1: $0.142200 (+20.0%, 1.5R, sell 40%)
       TP2: $0.165879 (+40.0%, 3.0R, sell 35%)
       TP3: $0.197452 (+66.6%, 5.0R, sell 25%)

  [19] BOME        score= 122.7  ST=3/6  price=$0.000465      24h= -3.37%  vol=$  1.8M
       TF:  1D= 83  12H= 85  6H=137  4H=165  2H=144  1H= 89
       Bonuses: RSI div 1D (hidden_bullish) | RS vs BTC 7d +6.4% | funding -0.0107%/8h  (+11 pts)
       Entry: $0.000465  |  Stop: $0.000406 (-12.62%)  |  Risk: $1500 (1.50% acct)
       Position: $11884 (11.88% acct, qty 25584795.3216)
       TP1: $0.000552 (+18.9%, 1.5R, sell 40%)
       TP2: $0.000640 (+37.9%, 3.0R, sell 35%)
       TP3: $0.000758 (+63.1%, 5.0R, sell 25%)

  [20] STRK        score= 122.0  ST=4/6  price=$0.036320      24h= -3.83%  vol=$  7.0M
       TF:  1D= 80  12H= 97  6H=133  4H=166  2H=126  1H=132
       Bonuses: 1H pre-pump (obv_stealth_accum) | RS vs BTC 7d +1.1%  (+7 pts)
       Entry: $0.036320  |  Stop: $0.031420 (-13.49%)  |  Risk: $1500 (1.50% acct)
       Position: $11119 (11.12% acct, qty 306144.7627)
       TP1: $0.043669 (+20.2%, 1.5R, sell 40%)
       TP2: $0.051019 (+40.5%, 3.0R, sell 35%)
       TP3: $0.060818 (+67.5%, 5.0R, sell 25%)

  [21] PARTI       score= 122.0  ST=5/6  price=$0.055840      24h=+10.26%  vol=$  1.1M
       TF:  1D=139  12H=106  6H= 93  4H= 93  2H= 84  1H=119
       Bonuses: RSI div 1D (bullish) | 1H pre-pump (bb_squeeze) | RS vs BTC 7d +0.8%  (+12 pts)
       Entry: $0.055840  |  Stop: $0.047464 (-15.00%)  |  Risk: $1500 (1.50% acct)
       Position: $10000 (10.00% acct, qty 179083.0946)
       TP1: $0.068404 (+22.5%, 1.5R, sell 40%)
       TP2: $0.080968 (+45.0%, 3.0R, sell 35%)
       TP3: $0.097720 (+75.0%, 5.0R, sell 25%)

  [22] WIF         score= 121.9  ST=3/6  price=$0.167570      24h= -2.76%  vol=$ 17.2M
       TF:  1D= 94  12H= 85  6H=130  4H=165  2H=136  1H=110
       Bonuses: 1H pre-pump (obv_stealth_accum) | RS vs BTC 7d +0.6%  (+7 pts)
       Entry: $0.167570  |  Stop: $0.145319 (-13.28%)  |  Risk: $1500 (1.50% acct)
       Position: $11296 (11.30% acct, qty 67411.4022)
       TP1: $0.200947 (+19.9%, 1.5R, sell 40%)
       TP2: $0.234324 (+39.8%, 3.0R, sell 35%)
       TP3: $0.278827 (+66.4%, 5.0R, sell 25%)

  [23] PENDLE      score= 120.9  ST=5/6  price=$1.352400      24h= -1.91%  vol=$  5.4M
       TF:  1D= 83  12H= 88  6H=132  4H=166  2H=143  1H=132
       Bonuses: RS vs BTC 7d +1.1%  (+5 pts)
       Entry: $1.352400  |  Stop: $1.187186 (-12.22%)  |  Risk: $1500 (1.50% acct)
       Position: $12279 (12.28% acct, qty 9079.1180)
       TP1: $1.600221 (+18.3%, 1.5R, sell 40%)
       TP2: $1.848043 (+36.6%, 3.0R, sell 35%)
       TP3: $2.178471 (+61.1%, 5.0R, sell 25%)

  [24] XAU         score= 120.6  ST=5/6  price=$4,319.030000  24h= -0.44%  vol=$ 58.2M
       TF:  1D= 82  12H=100  6H=132  4H=172  2H=136  1H=137
       Bonuses: 1H pre-pump (obv_stealth_accum)  (+2 pts)
       Entry: $4319.030000  |  Stop: $4103.078500 (-5.00%)  |  Risk: $1000 (1.00% acct)
       Position: $20000 (20.00% acct, qty 4.6307)
       TP1: $4642.957250 (+7.5%, 1.5R, sell 40%)
       TP2: $4966.884500 (+15.0%, 3.0R, sell 35%)
       TP3: $5398.787500 (+25.0%, 5.0R, sell 25%)

  [25] RSR         score= 120.3  ST=4/6  price=$0.001478      24h= -1.06%  vol=$  1.1M
       TF:  1D= 95  12H= 97  6H=116  4H=144  2H=135  1H=121
       Bonuses: 1H pre-pump (obv_divergence) | RS vs BTC 7d +1.1%  (+7 pts)
       Entry: $0.001478  |  Stop: $0.001327 (-10.23%)  |  Risk: $1500 (1.50% acct)
       Position: $14669 (14.67% acct, qty 9927669.8341)
       TP1: $0.001704 (+15.3%, 1.5R, sell 40%)
       TP2: $0.001931 (+30.7%, 3.0R, sell 35%)
       TP3: $0.002233 (+51.1%, 5.0R, sell 25%)

  [26] ETHFI       score= 120.1  ST=3/6  price=$0.338100      24h= -2.34%  vol=$  3.9M
       TF:  1D= 77  12H= 99  6H=135  4H=166  2H=108  1H=106
       Bonuses: 1H pre-pump (obv_stealth_accum) | RS vs BTC 7d +5.1% | funding -0.0159%/8h  (+10 pts)
       Entry: $0.338100  |  Stop: $0.289575 (-14.35%)  |  Risk: $1500 (1.50% acct)
       Position: $10451 (10.45% acct, qty 30911.9011)
       TP1: $0.410888 (+21.5%, 1.5R, sell 40%)
       TP2: $0.483675 (+43.1%, 3.0R, sell 35%)
       TP3: $0.580725 (+71.8%, 5.0R, sell 25%)

  [27] WAVES       score= 120.0  ST=5/6  price=$0.271200      24h= +3.74%  vol=$  4.3M
       TF:  1D= 84  12H=112  6H=141  4H=127  2H=125  1H=109
       Bonuses: RSI div 1D (bullish) | funding -0.2325%/8h  (+8 pts)
       Entry: $0.271200  |  Stop: $0.231975 (-14.46%)  |  Risk: $1500 (1.50% acct)
       Position: $10371 (10.37% acct, qty 38240.9178)
       TP1: $0.330037 (+21.7%, 1.5R, sell 40%)
       TP2: $0.388875 (+43.4%, 3.0R, sell 35%)
       TP3: $0.467325 (+72.3%, 5.0R, sell 25%)

  [28] FIGHT       score= 119.9  ST=4/6  price=$0.004178      24h= +0.00%  vol=$  1.3M
       TF:  1D= 83  12H=101  6H=115  4H=142  2H=159  1H=138
       Bonuses: RS vs BTC 7d +22.0%  (+5 pts)
       Entry: $0.004178  |  Stop: $0.003551 (-15.00%)  |  Risk: $1500 (1.50% acct)
       Position: $10000 (10.00% acct, qty 2393489.7080)
       TP1: $0.005118 (+22.5%, 1.5R, sell 40%)
       TP2: $0.006058 (+45.0%, 3.0R, sell 35%)
       TP3: $0.007312 (+75.0%, 5.0R, sell 25%)

  [29] ALT         score= 119.6  ST=3/6  price=$0.006482      24h= -2.59%  vol=$  1.3M
       TF:  1D= 91  12H= 92  6H=144  4H=153  2H=125  1H=112
       Bonuses: RS vs BTC 7d +5.2%  (+5 pts)
       Entry: $0.006482  |  Stop: $0.005592 (-13.73%)  |  Risk: $1500 (1.50% acct)
       Position: $10924 (10.92% acct, qty 1685325.6290)
       TP1: $0.007817 (+20.6%, 1.5R, sell 40%)
       TP2: $0.009152 (+41.2%, 3.0R, sell 35%)
       TP3: $0.010932 (+68.7%, 5.0R, sell 25%)

  [30] XMR         score= 119.4  ST=5/6  price=$348.550000    24h= -2.19%  vol=$ 40.3M
       TF:  1D=111  12H=105  6H=118  4H=110  2H=131  1H=104
       Bonuses: 1H pre-pump (obv_divergence) | RS vs BTC 7d +5.4%  (+7 pts)
       Entry: $348.550000  |  Stop: $296.267500 (-15.00%)  |  Risk: $1500 (1.50% acct)
       Position: $10000 (10.00% acct, qty 28.6903)
       TP1: $426.973750 (+22.5%, 1.5R, sell 40%)
       TP2: $505.397500 (+45.0%, 3.0R, sell 35%)
       TP3: $609.962500 (+75.0%, 5.0R, sell 25%)

  [31] DOT         score= 119.4  ST=3/6  price=$1.009400      24h= -2.49%  vol=$ 16.0M
       TF:  1D= 82  12H= 85  6H=130  4H=165  2H=143  1H=110
       Bonuses: RSI div 1D (bullish) | 1H pre-pump (obv_stealth_accum)  (+7 pts)
       Entry: $1.009400  |  Stop: $0.906200 (-10.22%)  |  Risk: $1500 (1.50% acct)
       Position: $14672 (14.67% acct, qty 14534.8837)
       TP1: $1.164200 (+15.3%, 1.5R, sell 40%)
       TP2: $1.319000 (+30.7%, 3.0R, sell 35%)
       TP3: $1.525400 (+51.1%, 5.0R, sell 25%)

  [32] AVNT        score= 119.0  ST=4/6  price=$0.111720      24h= -3.14%  vol=$  1.9M
       TF:  1D= 64  12H= 85  6H=108  4H=154  2H=169  1H=155
       Bonuses: 1H pre-pump (obv_divergence, obv_stealth_accum) | RS vs BTC 7d +4.7%  (+9 pts)
       Entry: $0.111720  |  Stop: $0.095610 (-14.42%)  |  Risk: $1500 (1.50% acct)
       Position: $10402 (10.40% acct, qty 93109.8696)
       TP1: $0.135885 (+21.6%, 1.5R, sell 40%)
       TP2: $0.160050 (+43.3%, 3.0R, sell 35%)
       TP3: $0.192270 (+72.1%, 5.0R, sell 25%)

  [33] SOL         score= 118.6  ST=5/6  price=$73.940000     24h= +0.57%  vol=$806.2M
       TF:  1D= 67  12H=123  6H=139  4H=137  2H=131  1H=131
       Bonuses: RS vs BTC 7d +5.6%  (+5 pts)
       Entry: $73.940000  |  Stop: $66.635000 (-9.88%)  |  Risk: $1500 (1.50% acct)
       Position: $15183 (15.18% acct, qty 205.3388)
       TP1: $84.897500 (+14.8%, 1.5R, sell 40%)
       TP2: $95.855000 (+29.6%, 3.0R, sell 35%)
       TP3: $110.465000 (+49.4%, 5.0R, sell 25%)

  [34] XRP         score= 118.6  ST=3/6  price=$1.237600      24h= -0.71%  vol=$457.1M
       TF:  1D= 94  12H=113  6H=131  4H=142  2H=118  1H= 96
       Bonuses: RS vs BTC 7d +0.9%  (+5 pts)
       Entry: $1.237600  |  Stop: $1.135300 (-8.27%)  |  Risk: $1500 (1.50% acct)
       Position: $18147 (18.15% acct, qty 14662.7566)
       TP1: $1.391050 (+12.4%, 1.5R, sell 40%)
       TP2: $1.544500 (+24.8%, 3.0R, sell 35%)
       TP3: $1.749100 (+41.3%, 5.0R, sell 25%)

  [35] PNUT        score= 118.4  ST=3/6  price=$0.045090      24h= -3.45%  vol=$  1.3M
       TF:  1D= 81  12H= 82  6H=119  4H=161  2H=143  1H=112
       Bonuses: 1H pre-pump (obv_divergence, obv_stealth_accum) | RS vs BTC 7d +2.0%  (+9 pts)
       Entry: $0.045090  |  Stop: $0.039475 (-12.45%)  |  Risk: $1500 (1.50% acct)
       Position: $12045 (12.04% acct, qty 267124.5945)
       TP1: $0.053513 (+18.7%, 1.5R, sell 40%)
       TP2: $0.061936 (+37.4%, 3.0R, sell 35%)
       TP3: $0.073167 (+62.3%, 5.0R, sell 25%)

  [36] FARTCOIN    score= 118.3  ST=3/6  price=$0.128670      24h= -2.75%  vol=$ 87.4M
       TF:  1D= 91  12H= 79  6H=142  4H=151  2H=130  1H=105
       Bonuses: 1H pre-pump (obv_divergence) | RS vs BTC 7d +4.5%  (+7 pts)
       Entry: $0.128670  |  Stop: $0.109369 (-15.00%)  |  Risk: $1500 (1.50% acct)
       Position: $10000 (10.00% acct, qty 77718.1938)
       TP1: $0.157621 (+22.5%, 1.5R, sell 40%)
       TP2: $0.186572 (+45.0%, 3.0R, sell 35%)
       TP3: $0.225172 (+75.0%, 5.0R, sell 25%)

  [37] SUSHI       score= 118.3  ST=4/6  price=$0.181400      24h= -1.29%  vol=$  1.4M
       TF:  1D= 63  12H= 81  6H=124  4H=157  2H=145  1H=149
       Bonuses: RSI div 1D (bullish) | RS vs BTC 7d +2.3%  (+10 pts)
       Entry: $0.181400  |  Stop: $0.154190 (-15.00%)  |  Risk: $1500 (1.50% acct)
       Position: $10000 (10.00% acct, qty 55126.7916)
       TP1: $0.222215 (+22.5%, 1.5R, sell 40%)
       TP2: $0.263030 (+45.0%, 3.0R, sell 35%)
       TP3: $0.317450 (+75.0%, 5.0R, sell 25%)

  [38] 1000FLOKI   score= 117.9  ST=3/6  price=$0.026280      24h= -4.67%  vol=$  1.8M
       TF:  1D= 89  12H= 89  6H=127  4H=155  2H=134  1H= 68
       Bonuses: 1H pre-pump (obv_divergence) | RS vs BTC 7d +3.2% | funding -0.0209%/8h  (+10 pts)
       Entry: $0.026280  |  Stop: $0.023690 (-9.85%)  |  Risk: $1500 (1.50% acct)
       Position: $15222 (15.22% acct, qty 579230.4510)
       TP1: $0.030164 (+14.8%, 1.5R, sell 40%)
       TP2: $0.034049 (+29.6%, 3.0R, sell 35%)
       TP3: $0.039228 (+49.3%, 5.0R, sell 25%)

  [39] PYTH        score= 117.0  ST=4/6  price=$0.038800      24h= -3.49%  vol=$  5.0M
       TF:  1D= 70  12H=118  6H=133  4H=138  2H=139  1H= 95
       Bonuses: 1H pre-pump (obv_stealth_accum) | RS vs BTC 7d +18.0%  (+7 pts)
       Entry: $0.038800  |  Stop: $0.033460 (-13.76%)  |  Risk: $1500 (1.50% acct)
       Position: $10899 (10.90% acct, qty 280898.8764)
       TP1: $0.046810 (+20.6%, 1.5R, sell 40%)
       TP2: $0.054820 (+41.3%, 3.0R, sell 35%)
       TP3: $0.065500 (+68.8%, 5.0R, sell 25%)

  [40] MAGMA       score= 116.7  ST=5/6  price=$0.395110      24h= +1.37%  vol=$  3.2M
       TF:  1D=129  12H= 88  6H=110  4H=113  2H=135  1H=113
       Bonuses: RSI div 1D (hidden_bullish) | 1H pre-pump (bb_squeeze)  (+2 pts)
       Entry: $0.395110  |  Stop: $0.335844 (-15.00%)  |  Risk: $1500 (1.50% acct)
       Position: $10000 (10.00% acct, qty 25309.4075)
       TP1: $0.484010 (+22.5%, 1.5R, sell 40%)
       TP2: $0.572909 (+45.0%, 3.0R, sell 35%)
       TP3: $0.691442 (+75.0%, 5.0R, sell 25%)

  [41] ZK          score= 115.8  ST=3/6  price=$0.011668      24h= -7.01%  vol=$  3.6M
       TF:  1D= 68  12H= 91  6H=152  4H=151  2H=132  1H=103
       Bonuses: 1H pre-pump (obv_stealth_accum) | RS vs BTC 7d +6.8%  (+7 pts)
       Entry: $0.011668  |  Stop: $0.010008 (-14.22%)  |  Risk: $1500 (1.50% acct)
       Position: $10546 (10.55% acct, qty 903867.2606)
       TP1: $0.014157 (+21.3%, 1.5R, sell 40%)
       TP2: $0.016647 (+42.7%, 3.0R, sell 35%)
       TP3: $0.019966 (+71.1%, 5.0R, sell 25%)

  [42] XAG         score= 115.5  ST=5/6  price=$69.970000     24h= -0.98%  vol=$ 26.4M
       TF:  1D= 82  12H=103  6H=136  4H=153  2H=139  1H=119
       Entry: $69.970000  |  Stop: $65.601786 (-6.24%)  |  Risk: $1249 (1.25% acct)
       Position: $20000 (20.00% acct, qty 285.8368)
       TP1: $76.522321 (+9.4%, 1.5R, sell 40%)
       TP2: $83.074643 (+18.7%, 3.0R, sell 35%)
       TP3: $91.811071 (+31.2%, 5.0R, sell 25%)

  [43] COMP        score= 115.1  ST=4/6  price=$18.044000     24h= -3.96%  vol=$  1.5M
       TF:  1D= 98  12H=110  6H=124  4H=154  2H=122  1H= 73
       Bonuses: 1H pre-pump (obv_stealth_accum)  (+2 pts)
       Entry: $18.044000  |  Stop: $16.245500 (-9.97%)  |  Risk: $1500 (1.50% acct)
       Position: $15049 (15.05% acct, qty 834.0284)
       TP1: $20.741750 (+14.9%, 1.5R, sell 40%)
       TP2: $23.439500 (+29.9%, 3.0R, sell 35%)
       TP3: $27.036500 (+49.8%, 5.0R, sell 25%)

  [44] EDEN        score= 115.0  ST=4/6  price=$0.044560      24h= -0.17%  vol=$  1.7M
       TF:  1D= 76  12H=104  6H=132  4H=124  2H=136  1H=132
       Bonuses: RS vs BTC 7d +2.2%  (+5 pts)
       Entry: $0.044560  |  Stop: $0.037876 (-15.00%)  |  Risk: $1500 (1.50% acct)
       Position: $10000 (10.00% acct, qty 224416.5171)
       TP1: $0.054586 (+22.5%, 1.5R, sell 40%)
       TP2: $0.064612 (+45.0%, 3.0R, sell 35%)
       TP3: $0.077980 (+75.0%, 5.0R, sell 25%)

  [45] ARB         score= 114.8  ST=3/6  price=$0.086150      24h= -3.86%  vol=$ 14.0M
       TF:  1D= 73  12H= 90  6H=128  4H=176  2H=112  1H= 73
       Bonuses: RSI div 1D (bullish) | 1H pre-pump (obv_stealth_accum) | funding -0.0203%/8h  (+10 pts)
       Entry: $0.086150  |  Stop: $0.075896 (-11.90%)  |  Risk: $1500 (1.50% acct)
       Position: $12603 (12.60% acct, qty 146290.4911)
       TP1: $0.101530 (+17.9%, 1.5R, sell 40%)
       TP2: $0.116911 (+35.7%, 3.0R, sell 35%)
       TP3: $0.137418 (+59.5%, 5.0R, sell 25%)

  [46] AXS         score= 114.8  ST=3/6  price=$1.001200      24h= -1.93%  vol=$  2.0M
       TF:  1D= 74  12H= 89  6H=118  4H=159  2H=153  1H= 94
       Bonuses: 1H pre-pump (obv_divergence) | RS vs BTC 7d +0.6%  (+7 pts)
       Entry: $1.001200  |  Stop: $0.890896 (-11.02%)  |  Risk: $1500 (1.50% acct)
       Position: $13615 (13.62% acct, qty 13598.8344)
       TP1: $1.166655 (+16.5%, 1.5R, sell 40%)
       TP2: $1.332111 (+33.0%, 3.0R, sell 35%)
       TP3: $1.552718 (+55.1%, 5.0R, sell 25%)

  [47] IOTA        score= 114.7  ST=4/6  price=$0.049540      24h= -2.03%  vol=$  1.4M
       TF:  1D= 75  12H= 85  6H=140  4H=148  2H=124  1H=136
       Bonuses: RS vs BTC 7d +0.0%  (+5 pts)
       Entry: $0.049540  |  Stop: $0.044539 (-10.10%)  |  Risk: $1500 (1.50% acct)
       Position: $14858 (14.86% acct, qty 299914.3102)
       TP1: $0.057042 (+15.1%, 1.5R, sell 40%)
       TP2: $0.064544 (+30.3%, 3.0R, sell 35%)
       TP3: $0.074547 (+50.5%, 5.0R, sell 25%)

  [48] PENGU       score= 114.6  ST=4/6  price=$0.007111      24h= -1.65%  vol=$ 15.4M
       TF:  1D= 80  12H= 85  6H=131  4H=139  2H=145  1H=153
       Bonuses: 1H pre-pump (obv_divergence)  (+2 pts)
       Entry: $0.007111  |  Stop: $0.006240 (-12.24%)  |  Risk: $1500 (1.50% acct)
       Position: $12251 (12.25% acct, qty 1722864.8782)
       TP1: $0.008417 (+18.4%, 1.5R, sell 40%)
       TP2: $0.009723 (+36.7%, 3.0R, sell 35%)
       TP3: $0.011464 (+61.2%, 5.0R, sell 25%)

  [49] Q           score= 114.6  ST=6/6  price=$0.017313      24h=+23.27%  vol=$  1.4M
       TF:  1D= 67  12H=120  6H=136  4H=137  2H=154  1H=154
       Entry: $0.017313  |  Stop: $0.014716 (-15.00%)  |  Risk: $1500 (1.50% acct)
       Position: $10000 (10.00% acct, qty 577600.6469)
       TP1: $0.021208 (+22.5%, 1.5R, sell 40%)
       TP2: $0.025104 (+45.0%, 3.0R, sell 35%)
       TP3: $0.030298 (+75.0%, 5.0R, sell 25%)

  [50] STABLE      score= 114.4  ST=3/6  price=$0.035875      24h= +1.10%  vol=$  1.4M
       TF:  1D= 91  12H= 92  6H=125  4H= 91  2H=116  1H=112
       Bonuses: RSI div 1D (bullish) | RS vs BTC 7d +3.6% | funding -0.0546%/8h  (+13 pts)
       Entry: $0.035875  |  Stop: $0.030631 (-14.62%)  |  Risk: $1500 (1.50% acct)
       Position: $10263 (10.26% acct, qty 286064.5689)
       TP1: $0.043740 (+21.9%, 1.5R, sell 40%)
       TP2: $0.051606 (+43.9%, 3.0R, sell 35%)
       TP3: $0.062093 (+73.1%, 5.0R, sell 25%)

--------------------------------------------------------------------------------
  WATCH  —  42 coin(s)  (worth tracking)
--------------------------------------------------------------------------------
  #   Symbol      Score  ST         Price    24h%   Vol $M  TF breakdown
  ------------------------------------------------------------------------------
    1 BERA        111.4  2/6  $   0.260900  -4.56%  $    2.2  1D= 92  12H= 77  6H= 95  4H=132  2H=128  1H=118
    2 CHIP        111.0  2/6  $   0.036690  -9.49%  $   10.1  1D=108  12H= 89  6H=134  4H=129  2H= 62  1H=111
    3 VELVET      106.4  2/6  $   0.370800 +16.59%  $   21.9  1D=113  12H= 73  6H= 73  4H= 81  2H=128  1H=117
    4 SPK         102.0  2/6  $   0.020120  -2.89%  $    2.0  1D= 84  12H= 88  6H=113  4H=126  2H=122  1H= 84
    5 ZORA        101.0  2/6  $   0.008495  -2.43%  $    1.2  1D= 65  12H= 90  6H= 85  4H=130  2H=130  1H=120
    6 MOVE         98.7  4/6  $   0.012050  +3.13%  $    4.3  1D= 67  12H= 89  6H= 74  4H=136  2H=132  1H=118
    7 WCT          98.2  2/6  $   0.047330  -3.27%  $    2.3  1D= 84  12H= 77  6H=108  4H=114  2H=109  1H= 79
    8 ALGO         98.1  4/6  $   0.094960  -2.17%  $    7.2  1D= 64  12H= 85  6H=107  4H=133  2H=126  1H=121
    9 B            97.7  3/6  $   0.251510  +1.16%  $    1.8  1D= 88  12H=115  6H=118  4H=102  2H= 67  1H= 40
   10 BNB          96.9  3/6  $ 617.400000  -3.57%  $   38.4  1D= 64  12H= 80  6H=150  4H=127  2H= 89  1H= 67
   11 ZBT          96.6  2/6  $   0.114470  +4.78%  $    2.3  1D= 73  12H= 88  6H= 64  4H=110  2H= 98  1H=137
   12 ETC          96.1  4/6  $   7.412000  -1.97%  $    5.9  1D= 71  12H= 85  6H=113  4H=141  2H=104  1H= 86
   13 JELLYJELLY   96.0  2/6  $   0.062680  -8.06%  $    4.5  1D=153  12H= 92  6H= 65  4H= 58  2H= 45  1H= 59
   14 M            94.1  3/6  $   2.922500  +4.95%  $    2.4  1D= 35  12H=108  6H=111  4H=131  2H=108  1H=134
   15 APE          93.4  3/6  $   0.128060  -5.25%  $    2.3  1D= 62  12H= 71  6H=122  4H=116  2H=103  1H= 88
   16 HMSTR        92.8  2/6  $   0.000170  +5.64%  $    5.2  1D= 95  12H= 60  6H= 68  4H= 96  2H= 73  1H=158
   17 B3           92.7  3/6  $   0.000610  -2.69%  $    1.5  1D= 64  12H= 78  6H=100  4H= 91  2H=109  1H= 44
   18 AR           92.5  3/6  $   2.049300  -3.95%  $    1.2  1D= 48  12H= 79  6H=111  4H=144  2H= 98  1H= 83
   19 ZKC          91.9  1/6  $   0.054000  -5.71%  $    3.8  1D=115  12H=112  6H= 58  4H= 53  2H= 42  1H= 76
   20 ADA          90.9  3/6  $   0.178300  -5.79%  $   80.0  1D= 74  12H= 73  6H=114  4H=117  2H=122  1H= 63
   21 AZTEC        90.6  3/6  $   0.016748  -5.70%  $    1.4  1D= 58  12H= 88  6H=115  4H=125  2H= 92  1H= 77
   22 DOGE         90.0  3/6  $   0.088070  -3.42%  $  170.1  1D= 64  12H= 67  6H=120  4H=136  2H=107  1H= 74
   23 W            90.0  3/6  $   0.010040  -5.46%  $    1.5  1D= 60  12H= 82  6H=115  4H=131  2H= 74  1H= 60
   24 JASMY        88.9  3/6  $   0.005088  -6.82%  $    3.5  1D= 73  12H=127  6H= 90  4H= 91  2H= 36  1H= 66
   25 ID           87.3  4/6  $   0.027240  -3.68%  $    2.8  1D= 50  12H= 92  6H= 83  4H= 80  2H=119  1H=132
   26 BIO          85.5  3/6  $   0.031390  -7.75%  $    4.1  1D=102  12H= 72  6H=102  4H= 62  2H= 49  1H= 71
   27 RIVER        85.4  2/6  $   4.812000  -2.91%  $    2.1  1D= 35  12H= 78  6H= 67  4H=114  2H=152  1H=126
   28 TRIA         85.2  3/6  $   0.022582  +6.80%  $    1.0  1D= 38  12H= 72  6H=103  4H=102  2H=129  1H=119
   29 HOME         82.0  3/6  $   0.029583  +3.19%  $   22.5  1D= 69  12H= 41  6H= 83  4H= 90  2H=109  1H= 95
   30 IRYS         81.9  2/6  $   0.018487  -4.89%  $    1.2  1D= 77  12H= 85  6H=104  4H= 71  2H= 44  1H= 68
   31 ICP          81.7  4/6  $   2.419000  -6.90%  $   18.4  1D= 53  12H=116  6H=110  4H= 79  2H= 37  1H= 59
   32 NOT          79.2  3/6  $   0.000451 -10.42%  $    3.2  1D=100  12H=109  6H= 80  4H= 43  2H= 27  1H= 27
   33 DEXE         79.1  3/6  $  18.978000  -1.60%  $    1.2  1D= 98  12H= 77  6H= 75  4H= 65  2H= 90  1H= 45
   34 DYDX         78.6  2/6  $   0.120770  -3.86%  $    2.3  1D= 29  12H= 74  6H= 72  4H=120  2H=123  1H=121
   35 VVV          77.8  3/6  $  15.083000  -9.08%  $   19.6  1D= 65  12H= 69  6H= 85  4H= 70  2H= 76  1H= 84
   36 ESPORTS      76.4  1/6  $   0.062860  -1.05%  $   10.6  1D= 97  12H= 68  6H= 44  4H= 68  2H= 68  1H= 87
   37 SKR          74.0  1/6  $   0.009274  -6.50%  $    1.6  1D= 71  12H= 76  6H= 95  4H= 45  2H= 57  1H= 61
   38 ZEREBRO      73.4  4/6  $   0.024338  -7.51%  $    1.3  1D=138  12H= 61  6H= 30  4H= 54  2H= 34  1H= 59
   39 HNT          72.6  1/6  $   0.301800  -2.71%  $    1.2  1D= 29  12H= 63  6H= 72  4H= 90  2H= 98  1H=138
   40 GRT          71.1  3/6  $   0.020330  -6.00%  $    1.2  1D= 58  12H=100  6H= 95  4H= 84  2H= 47  1H= 24
   41 TRX          70.6  2/6  $   0.317970  -1.34%  $   12.5  1D= 31  12H= 67  6H=100  4H= 98  2H= 53  1H= 45
   42 BEAT         70.1  0/6  $   3.991200 -36.62%  $   74.6  1D=127  12H= 65  6H= 34  4H= 24  2H= 39  1H= 32

================================================================================
2026-06-16 14:29:40,089 [INFO]   Saved → trend_v3_LATEST.txt, trend_v3_LATEST.json, trend_v3_20260616_142939.txt
2026-06-16 15:46:51,450 [INFO] ================================================================
2026-06-16 15:46:51,452 [INFO] TREND SCANNER v3.0
2026-06-16 15:46:51,453 [INFO] ================================================================
2026-06-16 15:46:51,453 [INFO] Building universe (Bybit perps)...
2026-06-16 15:46:52,768 [INFO]   Universe (post-filter): 249 coins
2026-06-16 15:46:52,768 [INFO] Fetching BTC 1D for regime detection...
2026-06-16 15:46:53,304 [INFO]   Regime: BULL  |  BTC 7d +5.14%  |  24h +0.89%
2026-06-16 15:46:53,305 [INFO] Scanning 249 coins across 6 timeframes...
2026-06-16 15:46:53,305 [INFO] (this is the slowest scanner — first run ~10min, subsequent ~2-3min)
2026-06-16 15:47:36,344 [INFO]   ...20/249  (surfaced: 17)
2026-06-16 15:48:16,570 [INFO]   ...40/249  (surfaced: 36)
2026-06-16 15:48:53,957 [INFO]   ...60/249  (surfaced: 50)
2026-06-16 15:49:34,995 [INFO]   ...80/249  (surfaced: 69)
2026-06-16 15:50:13,803 [INFO]   ...100/249  (surfaced: 86)
2026-06-16 15:50:47,988 [INFO]   ...120/249  (surfaced: 102)
2026-06-16 15:51:27,694 [INFO]   ...140/249  (surfaced: 118)
2026-06-16 15:52:46,314 [INFO]   ...180/249  (surfaced: 148)
2026-06-16 15:53:19,273 [INFO]   ...200/249  (surfaced: 164)
2026-06-16 15:53:57,351 [INFO]   ...220/249  (surfaced: 180)
2026-06-16 15:54:33,094 [INFO]   ...240/249  (surfaced: 196)
2026-06-16 15:54:51,838 [INFO] Done in 480s  |  scanned=220  failed=29  strong=45  long=50  watch=50
2026-06-16 15:54:51,843 [INFO] 
================================================================================
  TREND SCANNER v3.0  —  multi-timeframe confirmation + trade plans
  Generated  : 2026-06-16 15:54:51
  Universe   : 249 Bybit perps  |  Scanned: 220
  Scan time  : 480s
================================================================================

  Regime     : 🟢 BULL
               BTC 7d +5.14%  |  24h +0.89%  |  $66,329

  Account    : $100,000  |  Risk/trade: 1.5%

  Tiers (bull):  STRONG ≥ 130 & ST≥4  |  LONG ≥ 100 & ST≥3  |  WATCH ≥ 70

  TF weights : 1D×0.28 · 12H×0.2 · 6H×0.15 · 4H×0.15 · 2H×0.12 · 1H×0.1

--------------------------------------------------------------------------------
  STRONG  —  45 coin(s)  (highest conviction, full position)
--------------------------------------------------------------------------------

  [ 1] JTO         score= 164.8  ST=6/6  price=$0.729200      24h= +8.28%  vol=$113.0M
       TF:  1D=163  12H=154  6H=147  4H=152  2H=167  1H=155
       Bonuses: RS vs BTC 7d +16.7% | funding -0.0538%/8h  (+8 pts)
       Entry: $0.729200  |  Stop: $0.619820 (-15.00%)  |  Risk: $1500 (1.50% acct)
       Position: $10000 (10.00% acct, qty 13713.6588)
       TP1: $0.893270 (+22.5%, 1.5R, sell 40%)
       TP2: $1.057340 (+45.0%, 3.0R, sell 35%)
       TP3: $1.276100 (+75.0%, 5.0R, sell 25%)

  [ 2] LIT         score= 158.7  ST=6/6  price=$1.687900      24h= +2.28%  vol=$ 16.3M
       TF:  1D=154  12H=132  6H=173  4H=163  2H=155  1H=152
       Bonuses: RS vs BTC 7d +9.9%  (+5 pts)
       Entry: $1.687900  |  Stop: $1.434715 (-15.00%)  |  Risk: $1500 (1.50% acct)
       Position: $10000 (10.00% acct, qty 5924.5216)
       TP1: $2.067677 (+22.5%, 1.5R, sell 40%)
       TP2: $2.447455 (+45.0%, 3.0R, sell 35%)
       TP3: $2.953825 (+75.0%, 5.0R, sell 25%)

  [ 3] WLD         score= 158.5  ST=6/6  price=$0.586900      24h= +5.34%  vol=$274.3M
       TF:  1D=136  12H=140  6H=155  4H=161  2H=165  1H=172
       Bonuses: RSI div 1D (hidden_bullish) | RS vs BTC 7d +13.1%  (+8 pts)
       Entry: $0.586900  |  Stop: $0.498865 (-15.00%)  |  Risk: $1500 (1.50% acct)
       Position: $10000 (10.00% acct, qty 17038.6778)
       TP1: $0.718952 (+22.5%, 1.5R, sell 40%)
       TP2: $0.851005 (+45.0%, 3.0R, sell 35%)
       TP3: $1.027075 (+75.0%, 5.0R, sell 25%)

  [ 4] MEME        score= 155.6  ST=6/6  price=$0.000610      24h= +3.49%  vol=$  4.2M
       TF:  1D=136  12H=146  6H=175  4H=154  2H=157  1H=121
       Bonuses: RSI div 1D (hidden_bullish) | RS vs BTC 7d +12.7%  (+8 pts)
       Entry: $0.000610  |  Stop: $0.000518 (-15.00%)  |  Risk: $1500 (1.50% acct)
       Position: $10000 (10.00% acct, qty 16401508.9388)
       TP1: $0.000747 (+22.5%, 1.5R, sell 40%)
       TP2: $0.000884 (+45.0%, 3.0R, sell 35%)
       TP3: $0.001067 (+75.0%, 5.0R, sell 25%)

  [ 5] BR          score= 150.4  ST=6/6  price=$0.111890      24h=+49.27%  vol=$  4.0M
       TF:  1D=110  12H=173  6H=162  4H=149  2H=137  1H=139
       Bonuses: RSI div 1D (bullish) | funding -0.0547%/8h  (+8 pts)
       Entry: $0.111890  |  Stop: $0.095106 (-15.00%)  |  Risk: $1500 (1.50% acct)
       Position: $10000 (10.00% acct, qty 89373.4918)
       TP1: $0.137065 (+22.5%, 1.5R, sell 40%)
       TP2: $0.162241 (+45.0%, 3.0R, sell 35%)
       TP3: $0.195807 (+75.0%, 5.0R, sell 25%)

  [ 6] ATOM        score= 149.8  ST=6/6  price=$1.962200      24h= -1.21%  vol=$ 10.2M
       TF:  1D=121  12H=128  6H=164  4H=129  2H=181  1H=147
       Bonuses: 1H pre-pump (obv_stealth_accum) | RS vs BTC 7d +6.1% | funding -0.0159%/8h  (+10 pts)
       Entry: $1.962200  |  Stop: $1.769300 (-9.83%)  |  Risk: $1500 (1.50% acct)
       Position: $15258 (15.26% acct, qty 7776.0498)
       TP1: $2.251550 (+14.8%, 1.5R, sell 40%)
       TP2: $2.540900 (+29.5%, 3.0R, sell 35%)
       TP3: $2.926700 (+49.1%, 5.0R, sell 25%)

  [ 7] ALCH        score= 149.6  ST=6/6  price=$0.074470      24h=+12.77%  vol=$  1.9M
       TF:  1D=119  12H=149  6H=154  4H=154  2H=141  1H=134
       Bonuses: RSI div 1D (bullish) | RS vs BTC 7d +21.9%  (+10 pts)
       Entry: $0.074470  |  Stop: $0.065844 (-11.58%)  |  Risk: $1500 (1.50% acct)
       Position: $12950 (12.95% acct, qty 173891.4421)
       TP1: $0.087409 (+17.4%, 1.5R, sell 40%)
       TP2: $0.100348 (+34.8%, 3.0R, sell 35%)
       TP3: $0.117600 (+57.9%, 5.0R, sell 25%)

  [ 8] SQD         score= 149.0  ST=5/6  price=$0.041560      24h= +1.08%  vol=$  1.3M
       TF:  1D=121  12H=175  6H=134  4H=138  2H=122  1H=107
       Bonuses: RSI div 1D (bullish) | 1H pre-pump (bb_squeeze, obv_stealth_accum) | RS vs BTC 7d +24.6%  (+14 pts)
       Entry: $0.041560  |  Stop: $0.035326 (-15.00%)  |  Risk: $1500 (1.50% acct)
       Position: $10000 (10.00% acct, qty 240615.9769)
       TP1: $0.050911 (+22.5%, 1.5R, sell 40%)
       TP2: $0.060262 (+45.0%, 3.0R, sell 35%)
       TP3: $0.072730 (+75.0%, 5.0R, sell 25%)

  [ 9] AERO        score= 148.8  ST=6/6  price=$0.426800      24h= +3.17%  vol=$ 14.5M
       TF:  1D=123  12H=149  6H=154  4H=154  2H=152  1H=151
       Bonuses: RS vs BTC 7d +19.9%  (+5 pts)
       Entry: $0.426800  |  Stop: $0.382379 (-10.41%)  |  Risk: $1500 (1.50% acct)
       Position: $14412 (14.41% acct, qty 33767.4867)
       TP1: $0.493432 (+15.6%, 1.5R, sell 40%)
       TP2: $0.560064 (+31.2%, 3.0R, sell 35%)
       TP3: $0.648907 (+52.0%, 5.0R, sell 25%)

  [10] GPS         score= 147.7  ST=5/6  price=$0.009181      24h= +4.38%  vol=$  3.8M
       TF:  1D=143  12H=154  6H=140  4H=148  2H=125  1H=107
       Bonuses: RSI div 1D (hidden_bullish) | RS vs BTC 7d +21.4%  (+8 pts)
       Entry: $0.009181  |  Stop: $0.007804 (-15.00%)  |  Risk: $1500 (1.50% acct)
       Position: $10000 (10.00% acct, qty 1089205.9688)
       TP1: $0.011247 (+22.5%, 1.5R, sell 40%)
       TP2: $0.013312 (+45.0%, 3.0R, sell 35%)
       TP3: $0.016067 (+75.0%, 5.0R, sell 25%)

  [11] HYPE        score= 145.0  ST=5/6  price=$66.859000     24h=+10.05%  vol=$572.1M
       TF:  1D=120  12H=149  6H=152  4H=159  2H=159  1H=139
       Bonuses: 1H pre-pump (obv_divergence)  (+2 pts)
       Entry: $66.859000  |  Stop: $56.994357 (-14.75%)  |  Risk: $1500 (1.50% acct)
       Position: $10166 (10.17% acct, qty 152.0582)
       TP1: $81.655964 (+22.1%, 1.5R, sell 40%)
       TP2: $96.452929 (+44.3%, 3.0R, sell 35%)
       TP3: $116.182214 (+73.8%, 5.0R, sell 25%)

  [12] GRASS       score= 143.6  ST=5/6  price=$0.461810      24h= -1.88%  vol=$  6.5M
       TF:  1D=136  12H=127  6H=136  4H=169  2H=154  1H= 79
       Bonuses: RSI div 1D (hidden_bullish) | RS vs BTC 7d +26.8%  (+8 pts)
       Entry: $0.461810  |  Stop: $0.392539 (-15.00%)  |  Risk: $1500 (1.50% acct)
       Position: $10000 (10.00% acct, qty 21653.9269)
       TP1: $0.565717 (+22.5%, 1.5R, sell 40%)
       TP2: $0.669624 (+45.0%, 3.0R, sell 35%)
       TP3: $0.808168 (+75.0%, 5.0R, sell 25%)

  [13] IO          score= 143.2  ST=6/6  price=$0.178020      24h= -0.26%  vol=$  4.2M
       TF:  1D=141  12H=140  6H=138  4H=129  2H=140  1H=139
       Bonuses: RS vs BTC 7d +15.4%  (+5 pts)
       Entry: $0.178020  |  Stop: $0.151317 (-15.00%)  |  Risk: $1500 (1.50% acct)
       Position: $10000 (10.00% acct, qty 56173.4637)
       TP1: $0.218075 (+22.5%, 1.5R, sell 40%)
       TP2: $0.258129 (+45.0%, 3.0R, sell 35%)
       TP3: $0.311535 (+75.0%, 5.0R, sell 25%)

  [14] FOLKS       score= 143.2  ST=6/6  price=$2.012500      24h=+10.19%  vol=$  3.1M
       TF:  1D=129  12H=140  6H=137  4H=120  2H=150  1H=155
       Bonuses: 1H pre-pump (obv_divergence) | RS vs BTC 7d +8.1%  (+7 pts)
       Entry: $2.012500  |  Stop: $1.710625 (-15.00%)  |  Risk: $1500 (1.50% acct)
       Position: $10000 (10.00% acct, qty 4968.9441)
       TP1: $2.465313 (+22.5%, 1.5R, sell 40%)
       TP2: $2.918125 (+45.0%, 3.0R, sell 35%)
       TP3: $3.521875 (+75.0%, 5.0R, sell 25%)

  [15] JCT         score= 143.0  ST=6/6  price=$0.006498      24h= -0.22%  vol=$  2.9M
       TF:  1D=160  12H=133  6H=123  4H=107  2H=117  1H=131
       Bonuses: RSI div 1D (hidden_bullish) | 1H pre-pump (bb_squeeze) | RS vs BTC 7d +27.9%  (+10 pts)
       Entry: $0.006498  |  Stop: $0.005523 (-15.00%)  |  Risk: $1500 (1.50% acct)
       Position: $10000 (10.00% acct, qty 1538935.0569)
       TP1: $0.007960 (+22.5%, 1.5R, sell 40%)
       TP2: $0.009422 (+45.0%, 3.0R, sell 35%)
       TP3: $0.011371 (+75.0%, 5.0R, sell 25%)

  [16] XPL         score= 141.7  ST=5/6  price=$0.090110      24h= -0.86%  vol=$ 30.4M
       TF:  1D=105  12H=127  6H=146  4H=166  2H=156  1H=164
       Bonuses: RS vs BTC 7d +23.5%  (+5 pts)
       Entry: $0.090110  |  Stop: $0.076593 (-15.00%)  |  Risk: $1500 (1.50% acct)
       Position: $10000 (10.00% acct, qty 110975.4744)
       TP1: $0.110385 (+22.5%, 1.5R, sell 40%)
       TP2: $0.130660 (+45.0%, 3.0R, sell 35%)
       TP3: $0.157693 (+75.0%, 5.0R, sell 25%)

  [17] BASED       score= 140.9  ST=5/6  price=$0.078590      24h= -5.12%  vol=$  4.9M
       TF:  1D= 97  12H=141  6H=134  4H=161  2H=171  1H=158
       Bonuses: RS vs BTC 7d +16.1%  (+5 pts)
       Entry: $0.078590  |  Stop: $0.066801 (-15.00%)  |  Risk: $1500 (1.50% acct)
       Position: $10000 (10.00% acct, qty 127242.6517)
       TP1: $0.096273 (+22.5%, 1.5R, sell 40%)
       TP2: $0.113956 (+45.0%, 3.0R, sell 35%)
       TP3: $0.137533 (+75.0%, 5.0R, sell 25%)

  [18] USELESS     score= 139.8  ST=5/6  price=$0.074720      24h= -9.95%  vol=$  7.0M
       TF:  1D=102  12H=128  6H=139  4H=179  2H=145  1H=115
       Bonuses: 1H pre-pump (obv_divergence, obv_stealth_accum) | RS vs BTC 7d +3.5%  (+9 pts)
       Entry: $0.074720  |  Stop: $0.063512 (-15.00%)  |  Risk: $1500 (1.50% acct)
       Position: $10000 (10.00% acct, qty 133832.9764)
       TP1: $0.091532 (+22.5%, 1.5R, sell 40%)
       TP2: $0.108344 (+45.0%, 3.0R, sell 35%)
       TP3: $0.130760 (+75.0%, 5.0R, sell 25%)

  [19] SPX         score= 138.8  ST=5/6  price=$0.339800      24h=+10.91%  vol=$ 43.2M
       TF:  1D= 76  12H=149  6H=162  4H=144  2H=144  1H=145
       Bonuses: 1H pre-pump (obv_stealth_accum) | RS vs BTC 7d +5.8% | funding -0.0211%/8h  (+10 pts)
       Entry: $0.339800  |  Stop: $0.294521 (-13.33%)  |  Risk: $1500 (1.50% acct)
       Position: $11257 (11.26% acct, qty 33128.2537)
       TP1: $0.407718 (+20.0%, 1.5R, sell 40%)
       TP2: $0.475636 (+40.0%, 3.0R, sell 35%)
       TP3: $0.566193 (+66.6%, 5.0R, sell 25%)

  [20] SENT        score= 138.7  ST=6/6  price=$0.015003      24h=+19.07%  vol=$  3.3M
       TF:  1D=115  12H=131  6H=154  4H=144  2H=133  1H=116
       Bonuses: RS vs BTC 7d +4.2% | funding -0.0454%/8h  (+8 pts)
       Entry: $0.015003  |  Stop: $0.012753 (-15.00%)  |  Risk: $1500 (1.50% acct)
       Position: $10000 (10.00% acct, qty 666533.3600)
       TP1: $0.018379 (+22.5%, 1.5R, sell 40%)
       TP2: $0.021754 (+45.0%, 3.0R, sell 35%)
       TP3: $0.026255 (+75.0%, 5.0R, sell 25%)

  [21] AKT         score= 138.5  ST=6/6  price=$0.822100      24h= +1.38%  vol=$  3.6M
       TF:  1D=147  12H=149  6H=153  4H=153  2H= 75  1H= 76
       Bonuses: RS vs BTC 7d +25.2%  (+5 pts)
       Entry: $0.822100  |  Stop: $0.703493 (-14.43%)  |  Risk: $1500 (1.50% acct)
       Position: $10397 (10.40% acct, qty 12646.7931)
       TP1: $1.000011 (+21.6%, 1.5R, sell 40%)
       TP2: $1.177921 (+43.3%, 3.0R, sell 35%)
       TP3: $1.415136 (+72.1%, 5.0R, sell 25%)

  [22] CRV         score= 138.0  ST=6/6  price=$0.238300      24h= -2.20%  vol=$ 10.8M
       TF:  1D=121  12H=144  6H=131  4H=124  2H=150  1H=111
       Bonuses: RS vs BTC 7d +14.8% | funding -0.0116%/8h  (+8 pts)
       Entry: $0.238300  |  Stop: $0.209607 (-12.04%)  |  Risk: $1500 (1.50% acct)
       Position: $12458 (12.46% acct, qty 52277.8193)
       TP1: $0.281339 (+18.1%, 1.5R, sell 40%)
       TP2: $0.324379 (+36.1%, 3.0R, sell 35%)
       TP3: $0.381764 (+60.2%, 5.0R, sell 25%)

  [23] HANA        score= 137.7  ST=6/6  price=$0.039695      24h=+13.54%  vol=$  5.9M
       TF:  1D=119  12H=129  6H=154  4H=132  2H=150  1H=127
       Bonuses: RS vs BTC 7d +22.8%  (+5 pts)
       Entry: $0.039695  |  Stop: $0.035866 (-9.65%)  |  Risk: $1500 (1.50% acct)
       Position: $15550 (15.55% acct, qty 391728.9236)
       TP1: $0.045439 (+14.5%, 1.5R, sell 40%)
       TP2: $0.051183 (+28.9%, 3.0R, sell 35%)
       TP3: $0.058841 (+48.2%, 5.0R, sell 25%)

  [24] OPEN        score= 137.6  ST=5/6  price=$0.236410      24h= +4.88%  vol=$  1.9M
       TF:  1D=139  12H=140  6H=130  4H=129  2H=103  1H=145
       Bonuses: RS vs BTC 7d +13.6%  (+5 pts)
       Entry: $0.236410  |  Stop: $0.200949 (-15.00%)  |  Risk: $1500 (1.50% acct)
       Position: $10000 (10.00% acct, qty 42299.3951)
       TP1: $0.289602 (+22.5%, 1.5R, sell 40%)
       TP2: $0.342795 (+45.0%, 3.0R, sell 35%)
       TP3: $0.413718 (+75.0%, 5.0R, sell 25%)

  [25] MMT         score= 137.3  ST=6/6  price=$0.127910      24h= +4.48%  vol=$  2.4M
       TF:  1D=108  12H=131  6H=135  4H=145  2H=154  1H=154
       Bonuses: RS vs BTC 7d +14.3%  (+5 pts)
       Entry: $0.127910  |  Stop: $0.113039 (-11.63%)  |  Risk: $1500 (1.50% acct)
       Position: $12902 (12.90% acct, qty 100864.5533)
       TP1: $0.150217 (+17.4%, 1.5R, sell 40%)
       TP2: $0.172524 (+34.9%, 3.0R, sell 35%)
       TP3: $0.202267 (+58.1%, 5.0R, sell 25%)

  [26] UMA         score= 137.2  ST=5/6  price=$0.425000      24h= +5.92%  vol=$  1.2M
       TF:  1D= 95  12H=139  6H=150  4H=145  2H=155  1H=149
       Bonuses: RS vs BTC 7d +4.8%  (+5 pts)
       Entry: $0.425000  |  Stop: $0.386300 (-9.11%)  |  Risk: $1500 (1.50% acct)
       Position: $16473 (16.47% acct, qty 38759.6899)
       TP1: $0.483050 (+13.7%, 1.5R, sell 40%)
       TP2: $0.541100 (+27.3%, 3.0R, sell 35%)
       TP3: $0.618500 (+45.5%, 5.0R, sell 25%)

  [27] BSB         score= 137.0  ST=5/6  price=$0.361700      24h=+42.24%  vol=$104.3M
       TF:  1D= 98  12H=134  6H=142  4H=149  2H=152  1H=159
       Bonuses: RS vs BTC 7d +14.6%  (+5 pts)
       Entry: $0.361700  |  Stop: $0.307445 (-15.00%)  |  Risk: $1500 (1.50% acct)
       Position: $10000 (10.00% acct, qty 27647.2215)
       TP1: $0.443082 (+22.5%, 1.5R, sell 40%)
       TP2: $0.524465 (+45.0%, 3.0R, sell 35%)
       TP3: $0.632975 (+75.0%, 5.0R, sell 25%)

  [28] NEAR        score= 135.5  ST=4/6  price=$2.391800      24h= -6.49%  vol=$175.2M
       TF:  1D=122  12H=100  6H=125  4H=183  2H=130  1H= 95
       Bonuses: RSI div 1D (hidden_bullish) | 1H pre-pump (obv_stealth_accum) | RS vs BTC 7d +7.2%  (+10 pts)
       Entry: $2.391800  |  Stop: $2.033030 (-15.00%)  |  Risk: $1500 (1.50% acct)
       Position: $10000 (10.00% acct, qty 4180.9516)
       TP1: $2.929955 (+22.5%, 1.5R, sell 40%)
       TP2: $3.468110 (+45.0%, 3.0R, sell 35%)
       TP3: $4.185650 (+75.0%, 5.0R, sell 25%)

  [29] MON         score= 135.5  ST=5/6  price=$0.022581      24h= -1.26%  vol=$  3.2M
       TF:  1D= 79  12H=109  6H=142  4H=164  2H=175  1H=147
       Bonuses: 1H pre-pump (obv_divergence) | RS vs BTC 7d +3.3% | funding -0.0128%/8h  (+10 pts)
       Entry: $0.022581  |  Stop: $0.019815 (-12.25%)  |  Risk: $1500 (1.50% acct)
       Position: $12245 (12.24% acct, qty 542257.3398)
       TP1: $0.026730 (+18.4%, 1.5R, sell 40%)
       TP2: $0.030880 (+36.8%, 3.0R, sell 35%)
       TP3: $0.036412 (+61.2%, 5.0R, sell 25%)

  [30] ARKM        score= 135.1  ST=5/6  price=$0.133060      24h= -0.70%  vol=$  2.9M
       TF:  1D=109  12H=116  6H=125  4H=173  2H=145  1H=143
       Bonuses: RS vs BTC 7d +4.3%  (+5 pts)
       Entry: $0.133060  |  Stop: $0.113101 (-15.00%)  |  Risk: $1500 (1.50% acct)
       Position: $10000 (10.00% acct, qty 75154.0658)
       TP1: $0.162998 (+22.5%, 1.5R, sell 40%)
       TP2: $0.192937 (+45.0%, 3.0R, sell 35%)
       TP3: $0.232855 (+75.0%, 5.0R, sell 25%)

  [31] ORCA        score= 134.4  ST=6/6  price=$1.139000      24h= -0.16%  vol=$  5.8M
       TF:  1D=118  12H=123  6H=126  4H=128  2H=146  1H=161
       Bonuses: RS vs BTC 7d +4.2%  (+5 pts)
       Entry: $1.139000  |  Stop: $0.984457 (-13.57%)  |  Risk: $1500 (1.50% acct)
       Position: $11055 (11.06% acct, qty 9706.0455)
       TP1: $1.370814 (+20.4%, 1.5R, sell 40%)
       TP2: $1.602629 (+40.7%, 3.0R, sell 35%)
       TP3: $1.911714 (+67.8%, 5.0R, sell 25%)

  [32] UNI         score= 134.0  ST=5/6  price=$2.843000      24h= +9.66%  vol=$ 53.9M
       TF:  1D= 71  12H=131  6H=147  4H=149  2H=152  1H=153
       Bonuses: RSI div 1D (bullish) | RS vs BTC 7d +8.0%  (+10 pts)
       Entry: $2.843000  |  Stop: $2.574179 (-9.46%)  |  Risk: $1500 (1.50% acct)
       Position: $15864 (15.86% acct, qty 5579.9123)
       TP1: $3.246232 (+14.2%, 1.5R, sell 40%)
       TP2: $3.649464 (+28.4%, 3.0R, sell 35%)
       TP3: $4.187107 (+47.3%, 5.0R, sell 25%)

  [33] UAI         score= 133.4  ST=4/6  price=$0.327980      24h=-22.62%  vol=$  7.2M
       TF:  1D=165  12H=162  6H=147  4H=147  2H= 43  1H=  5
       Bonuses: RS vs BTC 7d +12.1%  (+5 pts)
       Entry: $0.327980  |  Stop: $0.278783 (-15.00%)  |  Risk: $1500 (1.50% acct)
       Position: $10000 (10.00% acct, qty 30489.6640)
       TP1: $0.401776 (+22.5%, 1.5R, sell 40%)
       TP2: $0.475571 (+45.0%, 3.0R, sell 35%)
       TP3: $0.573965 (+75.0%, 5.0R, sell 25%)

  [34] JUP         score= 132.4  ST=5/6  price=$0.191200      24h= -0.61%  vol=$ 10.1M
       TF:  1D=107  12H=121  6H=129  4H=152  2H=143  1H=139
       Bonuses: RS vs BTC 7d +15.1%  (+5 pts)
       Entry: $0.191200  |  Stop: $0.165154 (-13.62%)  |  Risk: $1500 (1.50% acct)
       Position: $11011 (11.01% acct, qty 57589.4694)
       TP1: $0.230270 (+20.4%, 1.5R, sell 40%)
       TP2: $0.269339 (+40.9%, 3.0R, sell 35%)
       TP3: $0.321432 (+68.1%, 5.0R, sell 25%)

  [35] TIA         score= 132.1  ST=5/6  price=$0.369200      24h= -1.39%  vol=$ 13.8M
       TF:  1D= 90  12H=116  6H=147  4H=154  2H=152  1H=153
       Bonuses: RS vs BTC 7d +11.0%  (+5 pts)
       Entry: $0.369200  |  Stop: $0.319057 (-13.58%)  |  Risk: $1500 (1.50% acct)
       Position: $11044 (11.04% acct, qty 29914.5299)
       TP1: $0.444414 (+20.4%, 1.5R, sell 40%)
       TP2: $0.519629 (+40.7%, 3.0R, sell 35%)
       TP3: $0.619914 (+67.9%, 5.0R, sell 25%)

  [36] KAS         score= 131.8  ST=4/6  price=$0.032990      24h= -1.17%  vol=$  4.4M
       TF:  1D=103  12H=137  6H=153  4H=154  2H=152  1H= 93
       Bonuses: 1H pre-pump (obv_stealth_accum)  (+2 pts)
       Entry: $0.032990  |  Stop: $0.029524 (-10.51%)  |  Risk: $1500 (1.50% acct)
       Position: $14277 (14.28% acct, qty 432766.6151)
       TP1: $0.038189 (+15.8%, 1.5R, sell 40%)
       TP2: $0.043388 (+31.5%, 3.0R, sell 35%)
       TP3: $0.050320 (+52.5%, 5.0R, sell 25%)

  [37] ZRO         score= 131.7  ST=5/6  price=$1.116600      24h= -4.96%  vol=$ 18.9M
       TF:  1D=100  12H=121  6H=132  4H=154  2H=150  1H=136
       Bonuses: RS vs BTC 7d +27.4%  (+5 pts)
       Entry: $1.116600  |  Stop: $0.949110 (-15.00%)  |  Risk: $1500 (1.50% acct)
       Position: $10000 (10.00% acct, qty 8955.7586)
       TP1: $1.367835 (+22.5%, 1.5R, sell 40%)
       TP2: $1.619070 (+45.0%, 3.0R, sell 35%)
       TP3: $1.954050 (+75.0%, 5.0R, sell 25%)

  [38] EIGEN       score= 131.6  ST=5/6  price=$0.214520      24h= -4.35%  vol=$  9.3M
       TF:  1D=115  12H=133  6H=131  4H=147  2H=147  1H= 85
       Bonuses: RS vs BTC 7d +11.3%  (+5 pts)
       Entry: $0.214520  |  Stop: $0.182342 (-15.00%)  |  Risk: $1500 (1.50% acct)
       Position: $10000 (10.00% acct, qty 46615.7002)
       TP1: $0.262787 (+22.5%, 1.5R, sell 40%)
       TP2: $0.311054 (+45.0%, 3.0R, sell 35%)
       TP3: $0.375410 (+75.0%, 5.0R, sell 25%)

  [39] EPIC        score= 131.1  ST=6/6  price=$0.495100      24h=+24.80%  vol=$  5.7M
       TF:  1D=105  12H=117  6H=158  4H=133  2H=137  1H=132
       Bonuses: RS vs BTC 7d +0.3%  (+5 pts)
       Entry: $0.495100  |  Stop: $0.420835 (-15.00%)  |  Risk: $1500 (1.50% acct)
       Position: $10000 (10.00% acct, qty 20197.9398)
       TP1: $0.606498 (+22.5%, 1.5R, sell 40%)
       TP2: $0.717895 (+45.0%, 3.0R, sell 35%)
       TP3: $0.866425 (+75.0%, 5.0R, sell 25%)

  [40] ORDI        score= 130.9  ST=4/6  price=$3.380000      24h= -3.91%  vol=$  7.8M
       TF:  1D= 80  12H=101  6H=160  4H=155  2H=144  1H=138
       Bonuses: RSI div 1D (bullish) | RS vs BTC 7d +5.2%  (+10 pts)
       Entry: $3.380000  |  Stop: $2.873000 (-15.00%)  |  Risk: $1500 (1.50% acct)
       Position: $10000 (10.00% acct, qty 2958.5799)
       TP1: $4.140500 (+22.5%, 1.5R, sell 40%)
       TP2: $4.901000 (+45.0%, 3.0R, sell 35%)
       TP3: $5.915000 (+75.0%, 5.0R, sell 25%)

  [41] SPACE       score= 130.7  ST=5/6  price=$0.006639      24h=+17.67%  vol=$ 21.5M
       TF:  1D= 89  12H=135  6H=134  4H=134  2H=149  1H=127
       Bonuses: RSI div 1D (hidden_bullish) | 1H pre-pump (obv_stealth_accum) | funding -0.3836%/8h  (+8 pts)
       Entry: $0.006639  |  Stop: $0.005643 (-15.00%)  |  Risk: $1500 (1.50% acct)
       Position: $10000 (10.00% acct, qty 1506250.9414)
       TP1: $0.008133 (+22.5%, 1.5R, sell 40%)
       TP2: $0.009627 (+45.0%, 3.0R, sell 35%)
       TP3: $0.011618 (+75.0%, 5.0R, sell 25%)

  [42] EVAA        score= 130.5  ST=5/6  price=$1.272000      24h=-27.22%  vol=$ 53.8M
       TF:  1D=149  12H=142  6H=153  4H=120  2H= 53  1H= 31
       Bonuses: RSI div 1D (bullish) | RS vs BTC 7d +258.1%  (+10 pts)
       Entry: $1.272000  |  Stop: $1.081200 (-15.00%)  |  Risk: $1500 (1.50% acct)
       Position: $10000 (10.00% acct, qty 7861.6352)
       TP1: $1.558200 (+22.5%, 1.5R, sell 40%)
       TP2: $1.844400 (+45.0%, 3.0R, sell 35%)
       TP3: $2.226000 (+75.0%, 5.0R, sell 25%)

  [43] ROSE        score= 130.3  ST=5/6  price=$0.006925      24h= -0.71%  vol=$  2.7M
       TF:  1D= 90  12H=111  6H=127  4H=149  2H=166  1H=166
       Bonuses: RS vs BTC 7d +1.7%  (+5 pts)
       Entry: $0.006925  |  Stop: $0.006042 (-12.75%)  |  Risk: $1500 (1.50% acct)
       Position: $11764 (11.76% acct, qty 1698822.9584)
       TP1: $0.008249 (+19.1%, 1.5R, sell 40%)
       TP2: $0.009574 (+38.2%, 3.0R, sell 35%)
       TP3: $0.011340 (+63.8%, 5.0R, sell 25%)

  [44] QNT         score= 130.3  ST=4/6  price=$70.520000     24h= +1.47%  vol=$  1.2M
       TF:  1D= 87  12H=102  6H=154  4H=147  2H=145  1H=150
       Bonuses: RS vs BTC 7d +0.4% | funding -0.0307%/8h  (+8 pts)
       Entry: $70.520000  |  Stop: $63.193571 (-10.39%)  |  Risk: $1500 (1.50% acct)
       Position: $14438 (14.44% acct, qty 204.7382)
       TP1: $81.509643 (+15.6%, 1.5R, sell 40%)
       TP2: $92.499286 (+31.2%, 3.0R, sell 35%)
       TP3: $107.152143 (+52.0%, 5.0R, sell 25%)

  [45] XLM         score= 130.1  ST=5/6  price=$0.213590      24h= +2.72%  vol=$153.2M
       TF:  1D= 83  12H=142  6H=143  4H=150  2H=139  1H=128
       Bonuses: RS vs BTC 7d +0.4%  (+5 pts)
       Entry: $0.213590  |  Stop: $0.184080 (-13.82%)  |  Risk: $1500 (1.50% acct)
       Position: $10857 (10.86% acct, qty 50829.6119)
       TP1: $0.257856 (+20.7%, 1.5R, sell 40%)
       TP2: $0.302121 (+41.5%, 3.0R, sell 35%)
       TP3: $0.361142 (+69.1%, 5.0R, sell 25%)

--------------------------------------------------------------------------------
  LONG  —  50 coin(s)  (tradeable trend)
--------------------------------------------------------------------------------

  [ 1] RUNE        score= 129.7  ST=5/6  price=$0.391800      24h= +1.85%  vol=$  2.3M
       TF:  1D= 79  12H=138  6H=135  4H=146  2H=151  1H=127
       Bonuses: 1H pre-pump (obv_divergence) | RS vs BTC 7d +7.8%  (+7 pts)
       Entry: $0.391800  |  Stop: $0.340543 (-13.08%)  |  Risk: $1500 (1.50% acct)
       Position: $11466 (11.47% acct, qty 29264.2140)
       TP1: $0.468686 (+19.6%, 1.5R, sell 40%)
       TP2: $0.545571 (+39.2%, 3.0R, sell 35%)
       TP3: $0.648086 (+65.4%, 5.0R, sell 25%)

  [ 2] PUFFER      score= 129.6  ST=6/6  price=$0.018510      24h= +0.60%  vol=$  5.2M
       TF:  1D=114  12H=127  6H=144  4H=144  2H=121  1H= 96
       Bonuses: RS vs BTC 7d +23.9%  (+5 pts)
       Entry: $0.018510  |  Stop: $0.015734 (-15.00%)  |  Risk: $1500 (1.50% acct)
       Position: $10000 (10.00% acct, qty 540248.5143)
       TP1: $0.022675 (+22.5%, 1.5R, sell 40%)
       TP2: $0.026839 (+45.0%, 3.0R, sell 35%)
       TP3: $0.032392 (+75.0%, 5.0R, sell 25%)

  [ 3] KAITO       score= 129.5  ST=5/6  price=$0.482700      24h= +1.61%  vol=$  1.6M
       TF:  1D= 93  12H=132  6H=127  4H=127  2H=125  1H=120
       Bonuses: RSI div 1D (bullish) | 1H pre-pump (bb_squeeze) | RS vs BTC 7d +4.3%  (+12 pts)
       Entry: $0.482700  |  Stop: $0.430114 (-10.89%)  |  Risk: $1500 (1.50% acct)
       Position: $13769 (13.77% acct, qty 28524.8574)
       TP1: $0.561579 (+16.3%, 1.5R, sell 40%)
       TP2: $0.640457 (+32.7%, 3.0R, sell 35%)
       TP3: $0.745629 (+54.5%, 5.0R, sell 25%)

  [ 4] CC          score= 128.8  ST=6/6  price=$0.165470      24h= -1.58%  vol=$  3.3M
       TF:  1D=120  12H=158  6H=144  4H=133  2H= 80  1H= 65
       Bonuses: 1H pre-pump (bb_squeeze, obv_divergence, obv_stealth_accum)  (+6 pts)
       Entry: $0.165470  |  Stop: $0.148670 (-10.15%)  |  Risk: $1500 (1.50% acct)
       Position: $14774 (14.77% acct, qty 89285.7143)
       TP1: $0.190670 (+15.2%, 1.5R, sell 40%)
       TP2: $0.215870 (+30.5%, 3.0R, sell 35%)
       TP3: $0.249470 (+50.8%, 5.0R, sell 25%)

  [ 5] WLFI        score= 128.5  ST=5/6  price=$0.059920      24h= -0.86%  vol=$ 13.8M
       TF:  1D=130  12H=120  6H=151  4H=156  2H= 97  1H= 84
       Bonuses: 1H pre-pump (bb_squeeze)  (+2 pts)
       Entry: $0.059920  |  Stop: $0.053484 (-10.74%)  |  Risk: $1500 (1.50% acct)
       Position: $13965 (13.97% acct, qty 233061.4283)
       TP1: $0.069574 (+16.1%, 1.5R, sell 40%)
       TP2: $0.079228 (+32.2%, 3.0R, sell 35%)
       TP3: $0.092100 (+53.7%, 5.0R, sell 25%)

  [ 6] ZEC         score= 127.8  ST=5/6  price=$518.460000    24h= -6.67%  vol=$251.7M
       TF:  1D=117  12H=123  6H=140  4H=149  2H=109  1H= 60
       Bonuses: RSI div 1D (hidden_bullish) | RS vs BTC 7d +8.0%  (+8 pts)
       Entry: $518.460000  |  Stop: $440.691000 (-15.00%)  |  Risk: $1500 (1.50% acct)
       Position: $10000 (10.00% acct, qty 19.2879)
       TP1: $635.113500 (+22.5%, 1.5R, sell 40%)
       TP2: $751.767000 (+45.0%, 3.0R, sell 35%)
       TP3: $907.305000 (+75.0%, 5.0R, sell 25%)

  [ 7] MET         score= 127.5  ST=4/6  price=$0.118520      24h= -3.46%  vol=$  1.6M
       TF:  1D= 93  12H=114  6H=124  4H=165  2H=149  1H=124
       Bonuses: RS vs BTC 7d +11.2%  (+5 pts)
       Entry: $0.118520  |  Stop: $0.102734 (-13.32%)  |  Risk: $1500 (1.50% acct)
       Position: $11262 (11.26% acct, qty 95018.3250)
       TP1: $0.142200 (+20.0%, 1.5R, sell 40%)
       TP2: $0.165879 (+40.0%, 3.0R, sell 35%)
       TP3: $0.197452 (+66.6%, 5.0R, sell 25%)

  [ 8] ALLO        score= 127.1  ST=6/6  price=$0.364600      24h= +4.57%  vol=$ 16.5M
       TF:  1D=139  12H=132  6H=127  4H=104  2H=106  1H=144
       Entry: $0.364600  |  Stop: $0.309910 (-15.00%)  |  Risk: $1500 (1.50% acct)
       Position: $10000 (10.00% acct, qty 27427.3176)
       TP1: $0.446635 (+22.5%, 1.5R, sell 40%)
       TP2: $0.528670 (+45.0%, 3.0R, sell 35%)
       TP3: $0.638050 (+75.0%, 5.0R, sell 25%)

  [ 9] INJ         score= 126.6  ST=5/6  price=$5.575000      24h= +1.82%  vol=$ 32.8M
       TF:  1D=102  12H=111  6H=136  4H=144  2H=152  1H=156
       Entry: $5.575000  |  Stop: $4.738750 (-15.00%)  |  Risk: $1500 (1.50% acct)
       Position: $10000 (10.00% acct, qty 1793.7220)
       TP1: $6.829375 (+22.5%, 1.5R, sell 40%)
       TP2: $8.083750 (+45.0%, 3.0R, sell 35%)
       TP3: $9.756250 (+75.0%, 5.0R, sell 25%)

  [10] KMNO        score= 126.5  ST=5/6  price=$0.018060      24h= -0.06%  vol=$  1.1M
       TF:  1D= 94  12H=116  6H=156  4H=146  2H=128  1H= 93
       Bonuses: 1H pre-pump (obv_stealth_accum) | RS vs BTC 7d +12.7%  (+7 pts)
       Entry: $0.018060  |  Stop: $0.015470 (-14.34%)  |  Risk: $1500 (1.50% acct)
       Position: $10461 (10.46% acct, qty 579230.4510)
       TP1: $0.021944 (+21.5%, 1.5R, sell 40%)
       TP2: $0.025829 (+43.0%, 3.0R, sell 35%)
       TP3: $0.031008 (+71.7%, 5.0R, sell 25%)

  [11] AAVE        score= 125.7  ST=5/6  price=$73.700000     24h= -3.20%  vol=$ 28.8M
       TF:  1D= 75  12H=123  6H=139  4H=158  2H=134  1H=125
       Bonuses: 1H pre-pump (obv_stealth_accum) | RS vs BTC 7d +11.1%  (+7 pts)
       Entry: $73.700000  |  Stop: $65.506786 (-11.12%)  |  Risk: $1500 (1.50% acct)
       Position: $13493 (13.49% acct, qty 183.0783)
       TP1: $85.989821 (+16.7%, 1.5R, sell 40%)
       TP2: $98.279643 (+33.4%, 3.0R, sell 35%)
       TP3: $114.666071 (+55.6%, 5.0R, sell 25%)

  [12] ROAM        score= 125.2  ST=5/6  price=$0.011151      24h= -0.31%  vol=$ 13.2M
       TF:  1D=119  12H=154  6H=135  4H=142  2H= 98  1H= 28
       Bonuses: RS vs BTC 7d +89.5%  (+5 pts)
       Entry: $0.011151  |  Stop: $0.009478 (-15.00%)  |  Risk: $1500 (1.50% acct)
       Position: $10000 (10.00% acct, qty 896780.5578)
       TP1: $0.013660 (+22.5%, 1.5R, sell 40%)
       TP2: $0.016169 (+45.0%, 3.0R, sell 35%)
       TP3: $0.019514 (+75.0%, 5.0R, sell 25%)

  [13] MORPHO      score= 125.2  ST=4/6  price=$1.959400      24h= -0.95%  vol=$  1.9M
       TF:  1D=118  12H=127  6H=114  4H= 64  2H=158  1H=111
       Bonuses: 1H pre-pump (obv_stealth_accum) | RS vs BTC 7d +3.8% | funding -0.0266%/8h  (+10 pts)
       Entry: $1.959400  |  Stop: $1.710057 (-12.73%)  |  Risk: $1500 (1.50% acct)
       Position: $11787 (11.79% acct, qty 6015.8130)
       TP1: $2.333414 (+19.1%, 1.5R, sell 40%)
       TP2: $2.707429 (+38.2%, 3.0R, sell 35%)
       TP3: $3.206114 (+63.6%, 5.0R, sell 25%)

  [14] ZAMA        score= 125.2  ST=4/6  price=$0.031070      24h= +3.25%  vol=$  1.2M
       TF:  1D= 94  12H=122  6H=160  4H=137  2H=112  1H=135
       Bonuses: RSI div 1D (hidden_bullish)  (+3 pts)
       Entry: $0.031070  |  Stop: $0.027036 (-12.98%)  |  Risk: $1500 (1.50% acct)
       Position: $11553 (11.55% acct, qty 371845.9495)
       TP1: $0.037121 (+19.5%, 1.5R, sell 40%)
       TP2: $0.043172 (+39.0%, 3.0R, sell 35%)
       TP3: $0.051240 (+64.9%, 5.0R, sell 25%)

  [15] STRK        score= 125.1  ST=4/6  price=$0.036320      24h= -4.93%  vol=$  7.4M
       TF:  1D= 80  12H= 97  6H=133  4H=166  2H=140  1H=126
       Bonuses: 1H pre-pump (bb_squeeze, obv_stealth_accum) | RS vs BTC 7d +1.1%  (+9 pts)
       Entry: $0.036320  |  Stop: $0.031420 (-13.49%)  |  Risk: $1500 (1.50% acct)
       Position: $11119 (11.12% acct, qty 306144.7627)
       TP1: $0.043669 (+20.2%, 1.5R, sell 40%)
       TP2: $0.051019 (+40.5%, 3.0R, sell 35%)
       TP3: $0.060818 (+67.5%, 5.0R, sell 25%)

  [16] PENDLE      score= 123.6  ST=5/6  price=$1.352400      24h= -1.86%  vol=$  5.6M
       TF:  1D= 83  12H= 88  6H=132  4H=166  2H=158  1H=141
       Bonuses: RS vs BTC 7d +1.1%  (+5 pts)
       Entry: $1.352400  |  Stop: $1.187186 (-12.22%)  |  Risk: $1500 (1.50% acct)
       Position: $12279 (12.28% acct, qty 9079.1180)
       TP1: $1.600221 (+18.3%, 1.5R, sell 40%)
       TP2: $1.848043 (+36.6%, 3.0R, sell 35%)
       TP3: $2.178471 (+61.1%, 5.0R, sell 25%)

  [17] TAO         score= 123.4  ST=6/6  price=$266.270000    24h= -6.92%  vol=$ 75.5M
       TF:  1D=125  12H=133  6H=156  4H=118  2H= 60  1H= 65
       Bonuses: 1H pre-pump (obv_stealth_accum) | RS vs BTC 7d +18.6%  (+7 pts)
       Entry: $266.270000  |  Stop: $230.012857 (-13.62%)  |  Risk: $1500 (1.50% acct)
       Position: $11016 (11.02% acct, qty 41.3712)
       TP1: $320.655714 (+20.4%, 1.5R, sell 40%)
       TP2: $375.041429 (+40.9%, 3.0R, sell 35%)
       TP3: $447.555714 (+68.1%, 5.0R, sell 25%)

  [18] LAB         score= 123.0  ST=5/6  price=$9.553000      24h=+29.71%  vol=$ 34.6M
       TF:  1D= 92  12H=109  6H=129  4H=154  2H=140  1H=142
       Bonuses: 1H pre-pump (obv_divergence)  (+2 pts)
       Entry: $9.553000  |  Stop: $8.120050 (-15.00%)  |  Risk: $1500 (1.50% acct)
       Position: $10000 (10.00% acct, qty 1046.7916)
       TP1: $11.702425 (+22.5%, 1.5R, sell 40%)
       TP2: $13.851850 (+45.0%, 3.0R, sell 35%)
       TP3: $16.717750 (+75.0%, 5.0R, sell 25%)

  [19] ONDO        score= 122.9  ST=4/6  price=$0.369900      24h= -5.14%  vol=$ 50.9M
       TF:  1D=106  12H= 82  6H=131  4H=163  2H=140  1H=129
       Bonuses: RSI div 1D (hidden_bullish)  (+3 pts)
       Entry: $0.369900  |  Stop: $0.314415 (-15.00%)  |  Risk: $1500 (1.50% acct)
       Position: $10000 (10.00% acct, qty 27034.3336)
       TP1: $0.453128 (+22.5%, 1.5R, sell 40%)
       TP2: $0.536355 (+45.0%, 3.0R, sell 35%)
       TP3: $0.647325 (+75.0%, 5.0R, sell 25%)

  [20] BABY        score= 122.7  ST=5/6  price=$0.019554      24h= -5.94%  vol=$  9.4M
       TF:  1D=117  12H=112  6H=139  4H=147  2H= 98  1H= 29
       Bonuses: RSI div 1D (hidden_bullish) | 1H pre-pump (obv_divergence) | RS vs BTC 7d +20.8%  (+10 pts)
       Entry: $0.019554  |  Stop: $0.016621 (-15.00%)  |  Risk: $1500 (1.50% acct)
       Position: $10000 (10.00% acct, qty 511404.3163)
       TP1: $0.023954 (+22.5%, 1.5R, sell 40%)
       TP2: $0.028353 (+45.0%, 3.0R, sell 35%)
       TP3: $0.034219 (+75.0%, 5.0R, sell 25%)

  [21] XAU         score= 122.4  ST=5/6  price=$4,319.030000  24h= -0.68%  vol=$ 59.9M
       TF:  1D= 82  12H=100  6H=132  4H=172  2H=148  1H=141
       Bonuses: 1H pre-pump (obv_stealth_accum)  (+2 pts)
       Entry: $4319.030000  |  Stop: $4103.078500 (-5.00%)  |  Risk: $1000 (1.00% acct)
       Position: $20000 (20.00% acct, qty 4.6307)
       TP1: $4642.957250 (+7.5%, 1.5R, sell 40%)
       TP2: $4966.884500 (+15.0%, 3.0R, sell 35%)
       TP3: $5398.787500 (+25.0%, 5.0R, sell 25%)

  [22] ENJ         score= 122.3  ST=5/6  price=$0.031531      24h= +1.99%  vol=$  2.5M
       TF:  1D= 92  12H=114  6H=129  4H=136  2H=137  1H=146
       Bonuses: funding -0.0217%/8h  (+3 pts)
       Entry: $0.031531  |  Stop: $0.027437 (-12.98%)  |  Risk: $1500 (1.50% acct)
       Position: $11552 (11.55% acct, qty 366377.0543)
       TP1: $0.037672 (+19.5%, 1.5R, sell 40%)
       TP2: $0.043813 (+39.0%, 3.0R, sell 35%)
       TP3: $0.052002 (+64.9%, 5.0R, sell 25%)

  [23] FIGHT       score= 122.1  ST=4/6  price=$0.004178      24h= -1.14%  vol=$  1.3M
       TF:  1D= 83  12H=101  6H=115  4H=142  2H=165  1H=153
       Bonuses: RS vs BTC 7d +22.0%  (+5 pts)
       Entry: $0.004178  |  Stop: $0.003551 (-15.00%)  |  Risk: $1500 (1.50% acct)
       Position: $10000 (10.00% acct, qty 2393489.7080)
       TP1: $0.005118 (+22.5%, 1.5R, sell 40%)
       TP2: $0.006058 (+45.0%, 3.0R, sell 35%)
       TP3: $0.007312 (+75.0%, 5.0R, sell 25%)

  [24] ALT         score= 122.0  ST=3/6  price=$0.006482      24h= -2.29%  vol=$  1.3M
       TF:  1D= 91  12H= 92  6H=144  4H=153  2H=133  1H=126
       Bonuses: RS vs BTC 7d +5.2%  (+5 pts)
       Entry: $0.006482  |  Stop: $0.005592 (-13.73%)  |  Risk: $1500 (1.50% acct)
       Position: $10924 (10.92% acct, qty 1685325.6290)
       TP1: $0.007817 (+20.6%, 1.5R, sell 40%)
       TP2: $0.009152 (+41.2%, 3.0R, sell 35%)
       TP3: $0.010932 (+68.7%, 5.0R, sell 25%)

  [25] WIF         score= 121.8  ST=3/6  price=$0.167570      24h= -4.31%  vol=$ 16.8M
       TF:  1D= 94  12H= 85  6H=130  4H=165  2H=147  1H= 96
       Bonuses: 1H pre-pump (obv_stealth_accum) | RS vs BTC 7d +0.6%  (+7 pts)
       Entry: $0.167570  |  Stop: $0.145319 (-13.28%)  |  Risk: $1500 (1.50% acct)
       Position: $11296 (11.30% acct, qty 67411.4022)
       TP1: $0.200947 (+19.9%, 1.5R, sell 40%)
       TP2: $0.234324 (+39.8%, 3.0R, sell 35%)
       TP3: $0.278827 (+66.4%, 5.0R, sell 25%)

  [26] MAGMA       score= 121.8  ST=5/6  price=$0.395110      24h= +2.46%  vol=$  3.0M
       TF:  1D=129  12H= 88  6H=110  4H=113  2H=148  1H=119
       Bonuses: RSI div 1D (hidden_bullish) | 1H pre-pump (bb_squeeze)  (+5 pts)
       Entry: $0.395110  |  Stop: $0.335844 (-15.00%)  |  Risk: $1500 (1.50% acct)
       Position: $10000 (10.00% acct, qty 25309.4075)
       TP1: $0.484010 (+22.5%, 1.5R, sell 40%)
       TP2: $0.572909 (+45.0%, 3.0R, sell 35%)
       TP3: $0.691442 (+75.0%, 5.0R, sell 25%)

  [27] ENSO        score= 121.7  ST=5/6  price=$0.680100      24h= +4.53%  vol=$  4.1M
       TF:  1D= 78  12H=130  6H=150  4H=150  2H=120  1H= 75
       Bonuses: 1H pre-pump (obv_stealth_accum) | RS vs BTC 7d +8.0%  (+7 pts)
       Entry: $0.680100  |  Stop: $0.591482 (-13.03%)  |  Risk: $1500 (1.50% acct)
       Position: $11512 (11.51% acct, qty 16926.6111)
       TP1: $0.813027 (+19.6%, 1.5R, sell 40%)
       TP2: $0.945954 (+39.1%, 3.0R, sell 35%)
       TP3: $1.123189 (+65.2%, 5.0R, sell 25%)

  [28] XAG         score= 120.6  ST=5/6  price=$69.970000     24h= -1.24%  vol=$ 27.5M
       TF:  1D= 82  12H=103  6H=136  4H=153  2H=154  1H=132
       Bonuses: 1H pre-pump (obv_stealth_accum)  (+2 pts)
       Entry: $69.970000  |  Stop: $65.601786 (-6.24%)  |  Risk: $1249 (1.25% acct)
       Position: $20000 (20.00% acct, qty 285.8368)
       TP1: $76.522321 (+9.4%, 1.5R, sell 40%)
       TP2: $83.074643 (+18.7%, 3.0R, sell 35%)
       TP3: $91.811071 (+31.2%, 5.0R, sell 25%)

  [29] SOL         score= 120.5  ST=5/6  price=$73.940000     24h= -1.37%  vol=$838.1M
       TF:  1D= 67  12H=123  6H=139  4H=137  2H=133  1H=128
       Bonuses: 1H pre-pump (obv_stealth_accum) | RS vs BTC 7d +5.6%  (+7 pts)
       Entry: $73.940000  |  Stop: $66.635000 (-9.88%)  |  Risk: $1500 (1.50% acct)
       Position: $15183 (15.18% acct, qty 205.3388)
       TP1: $84.897500 (+14.8%, 1.5R, sell 40%)
       TP2: $95.855000 (+29.6%, 3.0R, sell 35%)
       TP3: $110.465000 (+49.4%, 5.0R, sell 25%)

  [30] XRP         score= 120.5  ST=3/6  price=$1.237600      24h= -2.78%  vol=$473.2M
       TF:  1D= 94  12H=113  6H=131  4H=142  2H=118  1H= 95
       Bonuses: 1H pre-pump (obv_stealth_accum) | RS vs BTC 7d +0.9%  (+7 pts)
       Entry: $1.237600  |  Stop: $1.135300 (-8.27%)  |  Risk: $1500 (1.50% acct)
       Position: $18147 (18.15% acct, qty 14662.7566)
       TP1: $1.391050 (+12.4%, 1.5R, sell 40%)
       TP2: $1.544500 (+24.8%, 3.0R, sell 35%)
       TP3: $1.749100 (+41.3%, 5.0R, sell 25%)

  [31] WAVES       score= 120.2  ST=5/6  price=$0.271200      24h= +5.49%  vol=$  4.5M
       TF:  1D= 84  12H=112  6H=141  4H=127  2H=137  1H= 96
       Bonuses: RSI div 1D (bullish) | funding -0.2139%/8h  (+8 pts)
       Entry: $0.271200  |  Stop: $0.231975 (-14.46%)  |  Risk: $1500 (1.50% acct)
       Position: $10371 (10.37% acct, qty 38240.9178)
       TP1: $0.330037 (+21.7%, 1.5R, sell 40%)
       TP2: $0.388875 (+43.4%, 3.0R, sell 35%)
       TP3: $0.467325 (+72.3%, 5.0R, sell 25%)

  [32] SUSHI       score= 120.0  ST=4/6  price=$0.181400      24h= -0.87%  vol=$  1.5M
       TF:  1D= 63  12H= 81  6H=124  4H=157  2H=152  1H=138
       Bonuses: RSI div 1D (bullish) | 1H pre-pump (obv_stealth_accum) | RS vs BTC 7d +2.3%  (+12 pts)
       Entry: $0.181400  |  Stop: $0.154190 (-15.00%)  |  Risk: $1500 (1.50% acct)
       Position: $10000 (10.00% acct, qty 55126.7916)
       TP1: $0.222215 (+22.5%, 1.5R, sell 40%)
       TP2: $0.263030 (+45.0%, 3.0R, sell 35%)
       TP3: $0.317450 (+75.0%, 5.0R, sell 25%)

  [33] BOME        score= 118.8  ST=3/6  price=$0.000465      24h= -4.21%  vol=$  1.8M
       TF:  1D= 83  12H= 85  6H=137  4H=165  2H=140  1H= 85
       Bonuses: RSI div 1D (hidden_bullish) | RS vs BTC 7d +6.4%  (+8 pts)
       Entry: $0.000465  |  Stop: $0.000406 (-12.62%)  |  Risk: $1500 (1.50% acct)
       Position: $11884 (11.88% acct, qty 25584795.3216)
       TP1: $0.000552 (+18.9%, 1.5R, sell 40%)
       TP2: $0.000640 (+37.9%, 3.0R, sell 35%)
       TP3: $0.000758 (+63.1%, 5.0R, sell 25%)

  [34] FIDA        score= 118.6  ST=5/6  price=$0.024962      24h= +0.54%  vol=$  6.2M
       TF:  1D=100  12H=126  6H=111  4H=132  2H= 98  1H= 72
       Bonuses: 1H pre-pump (obv_stealth_accum) | RS vs BTC 7d +4.1% | funding -0.1323%/8h  (+10 pts)
       Entry: $0.024962  |  Stop: $0.021218 (-15.00%)  |  Risk: $1500 (1.50% acct)
       Position: $10000 (10.00% acct, qty 400608.9256)
       TP1: $0.030578 (+22.5%, 1.5R, sell 40%)
       TP2: $0.036195 (+45.0%, 3.0R, sell 35%)
       TP3: $0.043684 (+75.0%, 5.0R, sell 25%)

  [35] PARTI       score= 118.5  ST=5/6  price=$0.055840      24h= +3.66%  vol=$  1.5M
       TF:  1D=139  12H=106  6H= 93  4H= 93  2H= 84  1H=104
       Bonuses: RSI div 1D (bullish) | RS vs BTC 7d +0.8%  (+10 pts)
       Entry: $0.055840  |  Stop: $0.047464 (-15.00%)  |  Risk: $1500 (1.50% acct)
       Position: $10000 (10.00% acct, qty 179083.0946)
       TP1: $0.068404 (+22.5%, 1.5R, sell 40%)
       TP2: $0.080968 (+45.0%, 3.0R, sell 35%)
       TP3: $0.097720 (+75.0%, 5.0R, sell 25%)

  [36] FHE         score= 118.3  ST=4/6  price=$0.024100      24h= -8.23%  vol=$  1.7M
       TF:  1D= 71  12H=139  6H=145  4H=161  2H= 73  1H= 60
       Bonuses: RSI div 1D (bullish) | RS vs BTC 7d +12.2%  (+10 pts)
       Entry: $0.024100  |  Stop: $0.020485 (-15.00%)  |  Risk: $1500 (1.50% acct)
       Position: $10000 (10.00% acct, qty 414937.7593)
       TP1: $0.029523 (+22.5%, 1.5R, sell 40%)
       TP2: $0.034945 (+45.0%, 3.0R, sell 35%)
       TP3: $0.042175 (+75.0%, 5.0R, sell 25%)

  [37] STABLE      score= 118.1  ST=3/6  price=$0.035875      24h= +2.77%  vol=$  1.4M
       TF:  1D= 91  12H= 92  6H=125  4H= 91  2H=124  1H=119
       Bonuses: RSI div 1D (bullish) | 1H pre-pump (obv_stealth_accum) | RS vs BTC 7d +3.6% | funding -0.0259%/8h  (+15 pts)
       Entry: $0.035875  |  Stop: $0.030631 (-14.62%)  |  Risk: $1500 (1.50% acct)
       Position: $10263 (10.26% acct, qty 286064.5689)
       TP1: $0.043740 (+21.9%, 1.5R, sell 40%)
       TP2: $0.051606 (+43.9%, 3.0R, sell 35%)
       TP3: $0.062093 (+73.1%, 5.0R, sell 25%)

  [38] ETHFI       score= 118.0  ST=3/6  price=$0.338100      24h= -5.58%  vol=$  3.7M
       TF:  1D= 77  12H= 99  6H=135  4H=166  2H=118  1H=103
       Bonuses: 1H pre-pump (obv_stealth_accum) | RS vs BTC 7d +5.1%  (+7 pts)
       Entry: $0.338100  |  Stop: $0.289575 (-14.35%)  |  Risk: $1500 (1.50% acct)
       Position: $10451 (10.45% acct, qty 30911.9011)
       TP1: $0.410888 (+21.5%, 1.5R, sell 40%)
       TP2: $0.483675 (+43.1%, 3.0R, sell 35%)
       TP3: $0.580725 (+71.8%, 5.0R, sell 25%)

  [39] DOT         score= 117.3  ST=3/6  price=$1.009400      24h= -3.42%  vol=$ 17.1M
       TF:  1D= 82  12H= 85  6H=130  4H=165  2H=139  1H= 94
       Bonuses: RSI div 1D (bullish) | 1H pre-pump (obv_stealth_accum)  (+7 pts)
       Entry: $1.009400  |  Stop: $0.906200 (-10.22%)  |  Risk: $1500 (1.50% acct)
       Position: $14672 (14.67% acct, qty 14534.8837)
       TP1: $1.164200 (+15.3%, 1.5R, sell 40%)
       TP2: $1.319000 (+30.7%, 3.0R, sell 35%)
       TP3: $1.525400 (+51.1%, 5.0R, sell 25%)

  [40] ETH         score= 117.0  ST=4/6  price=$1,795.100000  24h= -1.81%  vol=$2940.3M
       TF:  1D= 57  12H= 89  6H=134  4H=146  2H=152  1H=140
       Bonuses: 1H pre-pump (obv_divergence, obv_stealth_accum) | RS vs BTC 7d +1.1%  (+9 pts)
       Entry: $1795.100000  |  Stop: $1636.976429 (-8.81%)  |  Risk: $1500 (1.50% acct)
       Position: $17029 (17.03% acct, qty 9.4863)
       TP1: $2032.285357 (+13.2%, 1.5R, sell 40%)
       TP2: $2269.470714 (+26.4%, 3.0R, sell 35%)
       TP3: $2585.717857 (+44.0%, 5.0R, sell 25%)

  [41] CAKE        score= 117.0  ST=5/6  price=$1.402800      24h= -1.74%  vol=$  1.5M
       TF:  1D= 93  12H=124  6H=135  4H=135  2H=107  1H= 78
       Bonuses: RS vs BTC 7d +1.7%  (+5 pts)
       Entry: $1.402800  |  Stop: $1.285832 (-8.34%)  |  Risk: $1500 (1.50% acct)
       Position: $17990 (17.99% acct, qty 12824.0359)
       TP1: $1.578252 (+12.5%, 1.5R, sell 40%)
       TP2: $1.753704 (+25.0%, 3.0R, sell 35%)
       TP3: $1.987639 (+41.7%, 5.0R, sell 25%)

  [42] AXS         score= 116.3  ST=3/6  price=$1.001200      24h= -1.72%  vol=$  2.2M
       TF:  1D= 74  12H= 89  6H=118  4H=159  2H=157  1H=104
       Bonuses: 1H pre-pump (obv_stealth_accum) | RS vs BTC 7d +0.6%  (+7 pts)
       Entry: $1.001200  |  Stop: $0.890896 (-11.02%)  |  Risk: $1500 (1.50% acct)
       Position: $13615 (13.62% acct, qty 13598.8344)
       TP1: $1.166655 (+16.5%, 1.5R, sell 40%)
       TP2: $1.332111 (+33.0%, 3.0R, sell 35%)
       TP3: $1.552718 (+55.1%, 5.0R, sell 25%)

  [43] Q           score= 114.6  ST=6/6  price=$0.017313      24h=+17.83%  vol=$  2.2M
       TF:  1D= 67  12H=120  6H=136  4H=137  2H=154  1H=154
       Entry: $0.017313  |  Stop: $0.014716 (-15.00%)  |  Risk: $1500 (1.50% acct)
       Position: $10000 (10.00% acct, qty 577600.6469)
       TP1: $0.021208 (+22.5%, 1.5R, sell 40%)
       TP2: $0.025104 (+45.0%, 3.0R, sell 35%)
       TP3: $0.030298 (+75.0%, 5.0R, sell 25%)

  [44] CFG         score= 114.6  ST=4/6  price=$0.216100      24h= +1.68%  vol=$  1.5M
       TF:  1D= 68  12H= 83  6H=130  4H=146  2H=147  1H=149
       Bonuses: RS vs BTC 7d +2.2%  (+5 pts)
       Entry: $0.216100  |  Stop: $0.183968 (-14.87%)  |  Risk: $1500 (1.50% acct)
       Position: $10088 (10.09% acct, qty 46682.2274)
       TP1: $0.264298 (+22.3%, 1.5R, sell 40%)
       TP2: $0.312496 (+44.6%, 3.0R, sell 35%)
       TP3: $0.376761 (+74.3%, 5.0R, sell 25%)

  [45] EDEN        score= 114.2  ST=4/6  price=$0.044560      24h= +3.33%  vol=$  1.9M
       TF:  1D= 76  12H=104  6H=132  4H=124  2H=118  1H=146
       Bonuses: RS vs BTC 7d +2.2%  (+5 pts)
       Entry: $0.044560  |  Stop: $0.037876 (-15.00%)  |  Risk: $1500 (1.50% acct)
       Position: $10000 (10.00% acct, qty 224416.5171)
       TP1: $0.054586 (+22.5%, 1.5R, sell 40%)
       TP2: $0.064612 (+45.0%, 3.0R, sell 35%)
       TP3: $0.077980 (+75.0%, 5.0R, sell 25%)

  [46] XAN         score= 114.1  ST=4/6  price=$0.009600      24h= -2.76%  vol=$  1.1M
       TF:  1D= 91  12H=107  6H=144  4H=121  2H=117  1H= 44
       Bonuses: 1H pre-pump (bb_squeeze, obv_divergence) | RS vs BTC 7d +14.3%  (+9 pts)
       Entry: $0.009600  |  Stop: $0.008160 (-15.00%)  |  Risk: $1500 (1.50% acct)
       Position: $10000 (10.00% acct, qty 1041666.6667)
       TP1: $0.011760 (+22.5%, 1.5R, sell 40%)
       TP2: $0.013920 (+45.0%, 3.0R, sell 35%)
       TP3: $0.016800 (+75.0%, 5.0R, sell 25%)

  [47] ENS         score= 114.0  ST=4/6  price=$5.400000      24h= -1.10%  vol=$  4.1M
       TF:  1D= 71  12H=118  6H=137  4H=123  2H=116  1H=106
       Bonuses: 1H pre-pump (obv_stealth_accum) | RS vs BTC 7d +8.9%  (+7 pts)
       Entry: $5.400000  |  Stop: $4.827000 (-10.61%)  |  Risk: $1500 (1.50% acct)
       Position: $14136 (14.14% acct, qty 2617.8010)
       TP1: $6.259500 (+15.9%, 1.5R, sell 40%)
       TP2: $7.119000 (+31.8%, 3.0R, sell 35%)
       TP3: $8.265000 (+53.1%, 5.0R, sell 25%)

  [48] LINK        score= 113.9  ST=3/6  price=$8.294000      24h= -3.39%  vol=$ 34.2M
       TF:  1D= 82  12H= 99  6H=126  4H=164  2H=143  1H= 85
       Bonuses: 1H pre-pump (obv_stealth_accum)  (+2 pts)
       Entry: $8.294000  |  Stop: $7.543464 (-9.05%)  |  Risk: $1500 (1.50% acct)
       Position: $16576 (16.58% acct, qty 1998.5724)
       TP1: $9.419804 (+13.6%, 1.5R, sell 40%)
       TP2: $10.545607 (+27.1%, 3.0R, sell 35%)
       TP3: $12.046679 (+45.2%, 5.0R, sell 25%)

  [49] ARB         score= 113.7  ST=3/6  price=$0.086150      24h= -5.65%  vol=$ 14.6M
       TF:  1D= 73  12H= 90  6H=128  4H=176  2H= 95  1H= 63
       Bonuses: RSI div 1D (bullish) | 1H pre-pump (obv_divergence, obv_stealth_accum) | funding -0.0194%/8h  (+12 pts)
       Entry: $0.086150  |  Stop: $0.075896 (-11.90%)  |  Risk: $1500 (1.50% acct)
       Position: $12603 (12.60% acct, qty 146290.4911)
       TP1: $0.101530 (+17.9%, 1.5R, sell 40%)
       TP2: $0.116911 (+35.7%, 3.0R, sell 35%)
       TP3: $0.137418 (+59.5%, 5.0R, sell 25%)

  [50] NIL         score= 113.6  ST=4/6  price=$0.041080      24h= -5.12%  vol=$  1.9M
       TF:  1D= 76  12H=100  6H=104  4H=165  2H=122  1H=123
       Bonuses: RS vs BTC 7d +0.3%  (+5 pts)
       Entry: $0.041080  |  Stop: $0.034918 (-15.00%)  |  Risk: $1500 (1.50% acct)
       Position: $10000 (10.00% acct, qty 243427.4586)
       TP1: $0.050323 (+22.5%, 1.5R, sell 40%)
       TP2: $0.059566 (+45.0%, 3.0R, sell 35%)
       TP3: $0.071890 (+75.0%, 5.0R, sell 25%)

--------------------------------------------------------------------------------
  WATCH  —  50 coin(s)  (worth tracking)
--------------------------------------------------------------------------------
  #   Symbol      Score  ST         Price    24h%   Vol $M  TF breakdown
  ------------------------------------------------------------------------------
    1 CHIP        110.6  2/6  $   0.036690 -10.96%  $   10.6  1D=108  12H= 89  6H=134  4H=129  2H= 58  1H= 82
    2 ZORA        101.7  2/6  $   0.008495  -3.34%  $    1.2  1D= 65  12H= 90  6H= 85  4H=130  2H=151  1H=101
    3 DRIFT       101.2  2/6  $   0.016780  -2.06%  $    1.6  1D= 71  12H= 95  6H= 88  4H=163  2H=127  1H= 94
    4 VELVET      100.9  2/6  $   0.370800 +11.92%  $   22.1  1D=113  12H= 73  6H= 73  4H= 81  2H=116  1H= 76
    5 ZBT         100.3  2/6  $   0.114470  +3.32%  $    2.3  1D= 73  12H= 88  6H= 64  4H=110  2H=124  1H=143
    6 AXL          99.4  3/6  $   0.046150  -3.68%  $    1.0  1D= 92  12H= 91  6H=116  4H=111  2H= 70  1H= 40
    7 GALA         99.1  4/6  $   0.002741  -3.24%  $    7.7  1D= 84  12H= 81  6H=118  4H=153  2H= 81  1H= 50
    8 M            99.0  4/6  $   2.922500  +4.84%  $    2.7  1D= 35  12H=108  6H=111  4H=131  2H=139  1H=146
    9 IP           98.9  3/6  $   0.313200  -2.29%  $    9.2  1D= 86  12H= 69  6H= 79  4H=130  2H=102  1H= 94
   10 AVAX         98.8  4/6  $   6.835000  -2.80%  $   35.1  1D= 71  12H= 70  6H=101  4H=151  2H=119  1H=108
   11 BERA         98.8  2/6  $   0.260900  -5.27%  $    2.3  1D= 92  12H= 77  6H= 95  4H=132  2H= 67  1H= 65
   12 SAND         98.5  3/6  $   0.053990  -4.74%  $    2.5  1D= 88  12H= 85  6H=104  4H=145  2H=107  1H= 47
   13 LTC          97.6  4/6  $  45.710000  -2.54%  $   26.8  1D= 61  12H= 79  6H=126  4H=160  2H=113  1H= 33
   14 WCT          97.4  2/6  $   0.047330  -3.00%  $    2.3  1D= 84  12H= 77  6H=108  4H=114  2H=121  1H= 87
   15 WAL          97.3  3/6  $   0.035390  -7.90%  $    1.4  1D=100  12H= 99  6H=107  4H=109  2H= 46  1H= 76
   16 KITE         96.3  4/6  $   0.193140  -4.16%  $    1.2  1D=109  12H=101  6H=129  4H= 93  2H= 43  1H= 31
   17 MOVE         94.9  4/6  $   0.012050  +2.31%  $    4.5  1D= 67  12H= 89  6H= 74  4H=136  2H=138  1H=103
   18 APT          94.8  3/6  $   0.678100  -6.72%  $   19.8  1D= 55  12H= 90  6H=104  4H=148  2H= 95  1H= 52
   19 JELLYJELLY   94.7  2/6  $   0.062680  -4.76%  $    4.0  1D=153  12H= 92  6H= 65  4H= 58  2H= 35  1H= 58
   20 ME           94.6  2/6  $   0.064300  -7.02%  $    1.6  1D= 96  12H= 91  6H=124  4H=138  2H= 46  1H= 27
   21 ZKC          94.4  1/6  $   0.054000  -5.71%  $    3.7  1D=115  12H=112  6H= 58  4H= 53  2H= 47  1H= 75
   22 B            94.4  3/6  $   0.251510  -5.23%  $    1.6  1D= 88  12H=115  6H=118  4H=102  2H= 52  1H= 25
   23 AZTEC        93.9  3/6  $   0.016748  -5.51%  $    1.2  1D= 58  12H= 88  6H=115  4H=125  2H=103  1H= 97
   24 B3           93.6  3/6  $   0.000610  -2.95%  $    1.5  1D= 64  12H= 78  6H=100  4H= 91  2H=114  1H= 48
   25 SPK          92.0  2/6  $   0.020120  -3.32%  $    2.1  1D= 84  12H= 88  6H=113  4H=126  2H= 75  1H= 40
   26 STX          90.7  3/6  $   0.193400  -4.43%  $    1.5  1D= 88  12H= 84  6H=112  4H=154  2H= 63  1H= 18
   27 ADA          90.4  3/6  $   0.178300  -7.59%  $   81.7  1D= 74  12H= 73  6H=114  4H=117  2H= 85  1H= 82
   28 POWER        90.4  5/6  $   0.079480  -2.61%  $    1.0  1D=114  12H= 82  6H= 94  4H= 72  2H= 91  1H= 63
   29 RENDER       90.2  4/6  $   1.791700  -6.10%  $   15.4  1D= 61  12H=102  6H=115  4H=124  2H= 65  1H= 21
   30 HBAR         89.8  4/6  $   0.082510  -2.62%  $   15.3  1D= 64  12H= 85  6H=111  4H=142  2H= 91  1H= 60
   31 LDO          89.7  2/6  $   0.273700  -2.33%  $    5.9  1D= 88  12H= 75  6H=116  4H=  0  2H=145  1H=133
   32 GMT          89.7  3/6  $   0.008391  -3.59%  $    1.4  1D= 63  12H= 95  6H= 98  4H=151  2H= 72  1H= 21
   33 HMSTR        87.9  2/6  $   0.000170  +7.00%  $    5.2  1D= 95  12H= 60  6H= 68  4H= 96  2H= 74  1H=128
   34 TRIA         87.5  3/6  $   0.022582 +22.58%  $    1.7  1D= 38  12H= 72  6H=103  4H=102  2H=129  1H=142
   35 RIVER        87.2  2/6  $   4.812000  -1.81%  $    2.2  1D= 35  12H= 78  6H= 67  4H=114  2H=167  1H=126
   36 W            87.1  3/6  $   0.010040  -6.54%  $    1.6  1D= 60  12H= 82  6H=115  4H=131  2H= 81  1H= 23
   37 BNB          86.3  2/6  $ 617.400000  -3.52%  $   58.6  1D= 64  12H= 80  6H=150  4H=127  2H= 26  1H= 27
   38 JASMY        85.7  3/6  $   0.005088  -7.09%  $    3.8  1D= 73  12H=127  6H= 90  4H= 91  2H= 19  1H= 34
   39 DOGE         85.4  3/6  $   0.088070  -3.08%  $  159.3  1D= 64  12H= 67  6H=120  4H=136  2H= 67  1H= 76
   40 AR           84.3  3/6  $   2.049300  -5.05%  $    1.2  1D= 48  12H= 79  6H=111  4H=144  2H= 82  1H= 20
   41 ID           82.7  4/6  $   0.027240  -4.52%  $    3.0  1D= 50  12H= 92  6H= 83  4H= 80  2H= 82  1H=110
   42 BIO          82.6  2/6  $   0.031390  -8.10%  $    4.2  1D=102  12H= 72  6H=102  4H= 62  2H= 38  1H= 55
   43 APE          82.2  3/6  $   0.128060  -5.10%  $    2.4  1D= 62  12H= 71  6H=122  4H=116  2H= 72  1H= 43
   44 HOME         80.4  3/6  $   0.029583  +4.27%  $   22.5  1D= 69  12H= 41  6H= 83  4H= 90  2H=102  1H= 67
   45 ICP          79.5  4/6  $   2.419000  -6.14%  $   18.8  1D= 53  12H=116  6H=110  4H= 79  2H= 53  1H= 48
   46 NOT          79.2  3/6  $   0.000451 -12.51%  $    3.5  1D=100  12H=109  6H= 80  4H= 43  2H= 27  1H= 27
   47 IRYS         78.2  2/6  $   0.018487  -4.89%  $    1.2  1D= 77  12H= 85  6H=104  4H= 71  2H= 35  1H= 42
   48 VVV          76.4  3/6  $  15.083000  -9.61%  $   17.9  1D= 65  12H= 69  6H= 85  4H= 70  2H= 81  1H= 64
   49 ESPORTS      74.1  1/6  $   0.062860  -3.12%  $   10.2  1D= 97  12H= 68  6H= 44  4H= 68  2H= 64  1H= 69
   50 SKR          73.7  1/6  $   0.009274  -5.24%  $    1.6  1D= 71  12H= 76  6H= 95  4H= 45  2H= 39  1H= 59

================================================================================
2026-06-16 15:54:51,922 [INFO]   Saved → trend_v3_LATEST.txt, trend_v3_LATEST.json, trend_v3_20260616_155451.txt
2026-06-16 16:00:49,725 [INFO] ================================================================
2026-06-16 16:00:49,726 [INFO] TREND SCANNER v3.0
2026-06-16 16:00:49,727 [INFO] ================================================================
2026-06-16 16:00:49,727 [INFO] Building universe (Bybit perps)...
2026-06-16 16:00:50,707 [INFO]   Universe (post-filter): 249 coins
2026-06-16 16:00:50,708 [INFO] Fetching BTC 1D for regime detection...
2026-06-16 16:00:50,721 [INFO]   Regime: BULL  |  BTC 7d +5.14%  |  24h +0.89%
2026-06-16 16:00:50,721 [INFO] Scanning 249 coins across 6 timeframes...
2026-06-16 16:00:50,721 [INFO] (this is the slowest scanner — first run ~10min, subsequent ~2-3min)
2026-06-16 16:00:54,793 [INFO]   ...20/249  (surfaced: 17)
2026-06-16 16:00:59,224 [INFO]   ...40/249  (surfaced: 36)
2026-06-16 16:01:03,631 [INFO]   ...60/249  (surfaced: 50)
2026-06-16 16:01:06,455 [INFO]   ...80/249  (surfaced: 68)
2026-06-16 16:01:09,889 [INFO]   ...100/249  (surfaced: 85)
2026-06-16 16:01:12,767 [INFO]   ...120/249  (surfaced: 101)
2026-06-16 16:01:16,971 [INFO]   ...140/249  (surfaced: 117)
2026-06-16 16:01:26,221 [INFO]   ...180/249  (surfaced: 146)
2026-06-16 16:01:32,398 [INFO]   ...200/249  (surfaced: 163)
2026-06-16 16:01:37,376 [INFO]   ...220/249  (surfaced: 178)
2026-06-16 16:01:42,963 [INFO]   ...240/249  (surfaced: 194)
2026-06-16 16:01:45,983 [INFO] Done in 56s  |  scanned=218  failed=31  strong=45  long=50  watch=50
2026-06-16 16:01:45,986 [INFO] 
================================================================================
  TREND SCANNER v3.0  —  multi-timeframe confirmation + trade plans
  Generated  : 2026-06-16 16:01:45
  Universe   : 249 Bybit perps  |  Scanned: 218
  Scan time  : 56s
================================================================================

  Regime     : 🟢 BULL
               BTC 7d +5.14%  |  24h +0.89%  |  $66,329

  Account    : $100,000  |  Risk/trade: 1.5%

  Tiers (bull):  STRONG ≥ 130 & ST≥4  |  LONG ≥ 100 & ST≥3  |  WATCH ≥ 70

  TF weights : 1D×0.28 · 12H×0.2 · 6H×0.15 · 4H×0.15 · 2H×0.12 · 1H×0.1

--------------------------------------------------------------------------------
  STRONG  —  45 coin(s)  (highest conviction, full position)
--------------------------------------------------------------------------------

  [ 1] JTO         score= 164.8  ST=6/6  price=$0.729200      24h= +7.80%  vol=$113.1M
       TF:  1D=163  12H=154  6H=147  4H=152  2H=167  1H=155
       Bonuses: RS vs BTC 7d +16.7% | funding -0.0400%/8h  (+8 pts)
       Entry: $0.729200  |  Stop: $0.619820 (-15.00%)  |  Risk: $1500 (1.50% acct)
       Position: $10000 (10.00% acct, qty 13713.6588)
       TP1: $0.893270 (+22.5%, 1.5R, sell 40%)
       TP2: $1.057340 (+45.0%, 3.0R, sell 35%)
       TP3: $1.276100 (+75.0%, 5.0R, sell 25%)

  [ 2] LIT         score= 158.7  ST=6/6  price=$1.687900      24h= +1.16%  vol=$ 16.4M
       TF:  1D=154  12H=132  6H=173  4H=163  2H=155  1H=152
       Bonuses: RS vs BTC 7d +9.9%  (+5 pts)
       Entry: $1.687900  |  Stop: $1.434715 (-15.00%)  |  Risk: $1500 (1.50% acct)
       Position: $10000 (10.00% acct, qty 5924.5216)
       TP1: $2.067677 (+22.5%, 1.5R, sell 40%)
       TP2: $2.447455 (+45.0%, 3.0R, sell 35%)
       TP3: $2.953825 (+75.0%, 5.0R, sell 25%)

  [ 3] WLD         score= 158.5  ST=6/6  price=$0.586900      24h= +3.49%  vol=$274.6M
       TF:  1D=136  12H=140  6H=155  4H=161  2H=165  1H=172
       Bonuses: RSI div 1D (hidden_bullish) | RS vs BTC 7d +13.1%  (+8 pts)
       Entry: $0.586900  |  Stop: $0.498865 (-15.00%)  |  Risk: $1500 (1.50% acct)
       Position: $10000 (10.00% acct, qty 17038.6778)
       TP1: $0.718952 (+22.5%, 1.5R, sell 40%)
       TP2: $0.851005 (+45.0%, 3.0R, sell 35%)
       TP3: $1.027075 (+75.0%, 5.0R, sell 25%)

  [ 4] MEME        score= 155.6  ST=6/6  price=$0.000610      24h= +4.28%  vol=$  4.1M
       TF:  1D=136  12H=146  6H=175  4H=154  2H=157  1H=121
       Bonuses: RSI div 1D (hidden_bullish) | RS vs BTC 7d +12.7%  (+8 pts)
       Entry: $0.000610  |  Stop: $0.000518 (-15.00%)  |  Risk: $1500 (1.50% acct)
       Position: $10000 (10.00% acct, qty 16401508.9388)
       TP1: $0.000747 (+22.5%, 1.5R, sell 40%)
       TP2: $0.000884 (+45.0%, 3.0R, sell 35%)
       TP3: $0.001067 (+75.0%, 5.0R, sell 25%)

  [ 5] BR          score= 150.4  ST=6/6  price=$0.111890      24h=+46.08%  vol=$  4.2M
       TF:  1D=110  12H=173  6H=162  4H=149  2H=137  1H=139
       Bonuses: RSI div 1D (bullish) | funding -0.0577%/8h  (+8 pts)
       Entry: $0.111890  |  Stop: $0.095106 (-15.00%)  |  Risk: $1500 (1.50% acct)
       Position: $10000 (10.00% acct, qty 89373.4918)
       TP1: $0.137065 (+22.5%, 1.5R, sell 40%)
       TP2: $0.162241 (+45.0%, 3.0R, sell 35%)
       TP3: $0.195807 (+75.0%, 5.0R, sell 25%)

  [ 6] ATOM        score= 149.8  ST=6/6  price=$1.962200      24h= -1.10%  vol=$ 10.2M
       TF:  1D=121  12H=128  6H=164  4H=129  2H=181  1H=147
       Bonuses: 1H pre-pump (obv_stealth_accum) | RS vs BTC 7d +6.1% | funding -0.0141%/8h  (+10 pts)
       Entry: $1.962200  |  Stop: $1.769300 (-9.83%)  |  Risk: $1500 (1.50% acct)
       Position: $15258 (15.26% acct, qty 7776.0498)
       TP1: $2.251550 (+14.8%, 1.5R, sell 40%)
       TP2: $2.540900 (+29.5%, 3.0R, sell 35%)
       TP3: $2.926700 (+49.1%, 5.0R, sell 25%)

  [ 7] ALCH        score= 149.6  ST=6/6  price=$0.074470      24h=+10.30%  vol=$  1.9M
       TF:  1D=119  12H=149  6H=154  4H=154  2H=141  1H=134
       Bonuses: RSI div 1D (bullish) | RS vs BTC 7d +21.9%  (+10 pts)
       Entry: $0.074470  |  Stop: $0.065844 (-11.58%)  |  Risk: $1500 (1.50% acct)
       Position: $12950 (12.95% acct, qty 173891.4421)
       TP1: $0.087409 (+17.4%, 1.5R, sell 40%)
       TP2: $0.100348 (+34.8%, 3.0R, sell 35%)
       TP3: $0.117600 (+57.9%, 5.0R, sell 25%)

  [ 8] SQD         score= 149.0  ST=5/6  price=$0.041560      24h= +1.96%  vol=$  1.3M
       TF:  1D=121  12H=175  6H=134  4H=138  2H=122  1H=107
       Bonuses: RSI div 1D (bullish) | 1H pre-pump (bb_squeeze, obv_stealth_accum) | RS vs BTC 7d +24.6%  (+14 pts)
       Entry: $0.041560  |  Stop: $0.035326 (-15.00%)  |  Risk: $1500 (1.50% acct)
       Position: $10000 (10.00% acct, qty 240615.9769)
       TP1: $0.050911 (+22.5%, 1.5R, sell 40%)
       TP2: $0.060262 (+45.0%, 3.0R, sell 35%)
       TP3: $0.072730 (+75.0%, 5.0R, sell 25%)

  [ 9] AERO        score= 148.8  ST=6/6  price=$0.426800      24h= +4.94%  vol=$ 14.4M
       TF:  1D=123  12H=149  6H=154  4H=154  2H=152  1H=151
       Bonuses: RS vs BTC 7d +19.9%  (+5 pts)
       Entry: $0.426800  |  Stop: $0.382379 (-10.41%)  |  Risk: $1500 (1.50% acct)
       Position: $14412 (14.41% acct, qty 33767.4867)
       TP1: $0.493432 (+15.6%, 1.5R, sell 40%)
       TP2: $0.560064 (+31.2%, 3.0R, sell 35%)
       TP3: $0.648907 (+52.0%, 5.0R, sell 25%)

  [10] GPS         score= 147.7  ST=5/6  price=$0.009181      24h= +4.69%  vol=$  3.9M
       TF:  1D=143  12H=154  6H=140  4H=148  2H=125  1H=107
       Bonuses: RSI div 1D (hidden_bullish) | RS vs BTC 7d +21.4%  (+8 pts)
       Entry: $0.009181  |  Stop: $0.007804 (-15.00%)  |  Risk: $1500 (1.50% acct)
       Position: $10000 (10.00% acct, qty 1089205.9688)
       TP1: $0.011247 (+22.5%, 1.5R, sell 40%)
       TP2: $0.013312 (+45.0%, 3.0R, sell 35%)
       TP3: $0.016067 (+75.0%, 5.0R, sell 25%)

  [11] HYPE        score= 145.0  ST=5/6  price=$66.859000     24h= +8.23%  vol=$578.0M
       TF:  1D=120  12H=149  6H=152  4H=159  2H=159  1H=139
       Bonuses: 1H pre-pump (obv_divergence)  (+2 pts)
       Entry: $66.859000  |  Stop: $56.994357 (-14.75%)  |  Risk: $1500 (1.50% acct)
       Position: $10166 (10.17% acct, qty 152.0582)
       TP1: $81.655964 (+22.1%, 1.5R, sell 40%)
       TP2: $96.452929 (+44.3%, 3.0R, sell 35%)
       TP3: $116.182214 (+73.8%, 5.0R, sell 25%)

  [12] GRASS       score= 143.6  ST=5/6  price=$0.461810      24h= -3.10%  vol=$  6.5M
       TF:  1D=136  12H=127  6H=136  4H=169  2H=154  1H= 79
       Bonuses: RSI div 1D (hidden_bullish) | RS vs BTC 7d +26.8%  (+8 pts)
       Entry: $0.461810  |  Stop: $0.392539 (-15.00%)  |  Risk: $1500 (1.50% acct)
       Position: $10000 (10.00% acct, qty 21653.9269)
       TP1: $0.565717 (+22.5%, 1.5R, sell 40%)
       TP2: $0.669624 (+45.0%, 3.0R, sell 35%)
       TP3: $0.808168 (+75.0%, 5.0R, sell 25%)

  [13] IO          score= 143.2  ST=6/6  price=$0.178020      24h= -1.88%  vol=$  4.3M
       TF:  1D=141  12H=140  6H=138  4H=129  2H=140  1H=139
       Bonuses: RS vs BTC 7d +15.4%  (+5 pts)
       Entry: $0.178020  |  Stop: $0.151317 (-15.00%)  |  Risk: $1500 (1.50% acct)
       Position: $10000 (10.00% acct, qty 56173.4637)
       TP1: $0.218075 (+22.5%, 1.5R, sell 40%)
       TP2: $0.258129 (+45.0%, 3.0R, sell 35%)
       TP3: $0.311535 (+75.0%, 5.0R, sell 25%)

  [14] FOLKS       score= 143.2  ST=6/6  price=$2.012500      24h=+10.22%  vol=$  3.1M
       TF:  1D=129  12H=140  6H=137  4H=120  2H=150  1H=155
       Bonuses: 1H pre-pump (obv_divergence) | RS vs BTC 7d +8.1%  (+7 pts)
       Entry: $2.012500  |  Stop: $1.710625 (-15.00%)  |  Risk: $1500 (1.50% acct)
       Position: $10000 (10.00% acct, qty 4968.9441)
       TP1: $2.465313 (+22.5%, 1.5R, sell 40%)
       TP2: $2.918125 (+45.0%, 3.0R, sell 35%)
       TP3: $3.521875 (+75.0%, 5.0R, sell 25%)

  [15] JCT         score= 143.0  ST=6/6  price=$0.006498      24h= +1.34%  vol=$  2.9M
       TF:  1D=160  12H=133  6H=123  4H=107  2H=117  1H=131
       Bonuses: RSI div 1D (hidden_bullish) | 1H pre-pump (bb_squeeze) | RS vs BTC 7d +27.9%  (+10 pts)
       Entry: $0.006498  |  Stop: $0.005523 (-15.00%)  |  Risk: $1500 (1.50% acct)
       Position: $10000 (10.00% acct, qty 1538935.0569)
       TP1: $0.007960 (+22.5%, 1.5R, sell 40%)
       TP2: $0.009422 (+45.0%, 3.0R, sell 35%)
       TP3: $0.011371 (+75.0%, 5.0R, sell 25%)

  [16] XPL         score= 141.7  ST=5/6  price=$0.090110      24h= -3.03%  vol=$ 31.1M
       TF:  1D=105  12H=127  6H=146  4H=166  2H=156  1H=164
       Bonuses: RS vs BTC 7d +23.5%  (+5 pts)
       Entry: $0.090110  |  Stop: $0.076593 (-15.00%)  |  Risk: $1500 (1.50% acct)
       Position: $10000 (10.00% acct, qty 110975.4744)
       TP1: $0.110385 (+22.5%, 1.5R, sell 40%)
       TP2: $0.130660 (+45.0%, 3.0R, sell 35%)
       TP3: $0.157693 (+75.0%, 5.0R, sell 25%)

  [17] BASED       score= 140.9  ST=5/6  price=$0.078590      24h= -7.97%  vol=$  4.9M
       TF:  1D= 97  12H=141  6H=134  4H=161  2H=171  1H=158
       Bonuses: RS vs BTC 7d +16.1%  (+5 pts)
       Entry: $0.078590  |  Stop: $0.066801 (-15.00%)  |  Risk: $1500 (1.50% acct)
       Position: $10000 (10.00% acct, qty 127242.6517)
       TP1: $0.096273 (+22.5%, 1.5R, sell 40%)
       TP2: $0.113956 (+45.0%, 3.0R, sell 35%)
       TP3: $0.137533 (+75.0%, 5.0R, sell 25%)

  [18] USELESS     score= 139.8  ST=5/6  price=$0.074720      24h=-11.31%  vol=$  6.9M
       TF:  1D=102  12H=128  6H=139  4H=179  2H=145  1H=115
       Bonuses: 1H pre-pump (obv_divergence, obv_stealth_accum) | RS vs BTC 7d +3.5%  (+9 pts)
       Entry: $0.074720  |  Stop: $0.063512 (-15.00%)  |  Risk: $1500 (1.50% acct)
       Position: $10000 (10.00% acct, qty 133832.9764)
       TP1: $0.091532 (+22.5%, 1.5R, sell 40%)
       TP2: $0.108344 (+45.0%, 3.0R, sell 35%)
       TP3: $0.130760 (+75.0%, 5.0R, sell 25%)

  [19] SPX         score= 138.8  ST=5/6  price=$0.339800      24h=+10.30%  vol=$ 43.3M
       TF:  1D= 76  12H=149  6H=162  4H=144  2H=144  1H=145
       Bonuses: 1H pre-pump (obv_stealth_accum) | RS vs BTC 7d +5.8% | funding -0.0164%/8h  (+10 pts)
       Entry: $0.339800  |  Stop: $0.294521 (-13.33%)  |  Risk: $1500 (1.50% acct)
       Position: $11257 (11.26% acct, qty 33128.2537)
       TP1: $0.407718 (+20.0%, 1.5R, sell 40%)
       TP2: $0.475636 (+40.0%, 3.0R, sell 35%)
       TP3: $0.566193 (+66.6%, 5.0R, sell 25%)

  [20] SENT        score= 138.7  ST=6/6  price=$0.015003      24h=+17.30%  vol=$  3.8M
       TF:  1D=115  12H=131  6H=154  4H=144  2H=133  1H=116
       Bonuses: RS vs BTC 7d +4.2% | funding -0.2005%/8h  (+8 pts)
       Entry: $0.015003  |  Stop: $0.012753 (-15.00%)  |  Risk: $1500 (1.50% acct)
       Position: $10000 (10.00% acct, qty 666533.3600)
       TP1: $0.018379 (+22.5%, 1.5R, sell 40%)
       TP2: $0.021754 (+45.0%, 3.0R, sell 35%)
       TP3: $0.026255 (+75.0%, 5.0R, sell 25%)

  [21] AKT         score= 138.5  ST=6/6  price=$0.822100      24h= -1.02%  vol=$  3.6M
       TF:  1D=147  12H=149  6H=153  4H=153  2H= 75  1H= 76
       Bonuses: RS vs BTC 7d +25.2%  (+5 pts)
       Entry: $0.822100  |  Stop: $0.703493 (-14.43%)  |  Risk: $1500 (1.50% acct)
       Position: $10397 (10.40% acct, qty 12646.7931)
       TP1: $1.000011 (+21.6%, 1.5R, sell 40%)
       TP2: $1.177921 (+43.3%, 3.0R, sell 35%)
       TP3: $1.415136 (+72.1%, 5.0R, sell 25%)

  [22] CRV         score= 138.0  ST=6/6  price=$0.238300      24h= -2.08%  vol=$ 10.9M
       TF:  1D=121  12H=144  6H=131  4H=124  2H=150  1H=111
       Bonuses: RS vs BTC 7d +14.8% | funding -0.0113%/8h  (+8 pts)
       Entry: $0.238300  |  Stop: $0.209607 (-12.04%)  |  Risk: $1500 (1.50% acct)
       Position: $12458 (12.46% acct, qty 52277.8193)
       TP1: $0.281339 (+18.1%, 1.5R, sell 40%)
       TP2: $0.324379 (+36.1%, 3.0R, sell 35%)
       TP3: $0.381764 (+60.2%, 5.0R, sell 25%)

  [23] HANA        score= 137.7  ST=6/6  price=$0.039695      24h=+10.53%  vol=$  5.9M
       TF:  1D=119  12H=129  6H=154  4H=132  2H=150  1H=127
       Bonuses: RS vs BTC 7d +22.8%  (+5 pts)
       Entry: $0.039695  |  Stop: $0.035866 (-9.65%)  |  Risk: $1500 (1.50% acct)
       Position: $15550 (15.55% acct, qty 391728.9236)
       TP1: $0.045439 (+14.5%, 1.5R, sell 40%)
       TP2: $0.051183 (+28.9%, 3.0R, sell 35%)
       TP3: $0.058841 (+48.2%, 5.0R, sell 25%)

  [24] OPEN        score= 137.6  ST=5/6  price=$0.236410      24h= +5.35%  vol=$  1.9M
       TF:  1D=139  12H=140  6H=130  4H=129  2H=103  1H=145
       Bonuses: RS vs BTC 7d +13.6%  (+5 pts)
       Entry: $0.236410  |  Stop: $0.200949 (-15.00%)  |  Risk: $1500 (1.50% acct)
       Position: $10000 (10.00% acct, qty 42299.3951)
       TP1: $0.289602 (+22.5%, 1.5R, sell 40%)
       TP2: $0.342795 (+45.0%, 3.0R, sell 35%)
       TP3: $0.413718 (+75.0%, 5.0R, sell 25%)

  [25] MMT         score= 137.3  ST=6/6  price=$0.127910      24h= +3.64%  vol=$  2.4M
       TF:  1D=108  12H=131  6H=135  4H=145  2H=154  1H=154
       Bonuses: RS vs BTC 7d +14.3%  (+5 pts)
       Entry: $0.127910  |  Stop: $0.113039 (-11.63%)  |  Risk: $1500 (1.50% acct)
       Position: $12902 (12.90% acct, qty 100864.5533)
       TP1: $0.150217 (+17.4%, 1.5R, sell 40%)
       TP2: $0.172524 (+34.9%, 3.0R, sell 35%)
       TP3: $0.202267 (+58.1%, 5.0R, sell 25%)

  [26] UMA         score= 137.2  ST=5/6  price=$0.425000      24h= +3.96%  vol=$  1.2M
       TF:  1D= 95  12H=139  6H=150  4H=145  2H=155  1H=149
       Bonuses: RS vs BTC 7d +4.8%  (+5 pts)
       Entry: $0.425000  |  Stop: $0.386300 (-9.11%)  |  Risk: $1500 (1.50% acct)
       Position: $16473 (16.47% acct, qty 38759.6899)
       TP1: $0.483050 (+13.7%, 1.5R, sell 40%)
       TP2: $0.541100 (+27.3%, 3.0R, sell 35%)
       TP3: $0.618500 (+45.5%, 5.0R, sell 25%)

  [27] BSB         score= 137.0  ST=5/6  price=$0.361700      24h=+39.34%  vol=$104.6M
       TF:  1D= 98  12H=134  6H=142  4H=149  2H=152  1H=159
       Bonuses: RS vs BTC 7d +14.6%  (+5 pts)
       Entry: $0.361700  |  Stop: $0.307445 (-15.00%)  |  Risk: $1500 (1.50% acct)
       Position: $10000 (10.00% acct, qty 27647.2215)
       TP1: $0.443082 (+22.5%, 1.5R, sell 40%)
       TP2: $0.524465 (+45.0%, 3.0R, sell 35%)
       TP3: $0.632975 (+75.0%, 5.0R, sell 25%)

  [28] NEAR        score= 135.5  ST=4/6  price=$2.391800      24h= -8.32%  vol=$174.7M
       TF:  1D=122  12H=100  6H=125  4H=183  2H=130  1H= 95
       Bonuses: RSI div 1D (hidden_bullish) | 1H pre-pump (obv_stealth_accum) | RS vs BTC 7d +7.2%  (+10 pts)
       Entry: $2.391800  |  Stop: $2.033030 (-15.00%)  |  Risk: $1500 (1.50% acct)
       Position: $10000 (10.00% acct, qty 4180.9516)
       TP1: $2.929955 (+22.5%, 1.5R, sell 40%)
       TP2: $3.468110 (+45.0%, 3.0R, sell 35%)
       TP3: $4.185650 (+75.0%, 5.0R, sell 25%)

  [29] MON         score= 135.5  ST=5/6  price=$0.022581      24h= -1.21%  vol=$  3.2M
       TF:  1D= 79  12H=109  6H=142  4H=164  2H=175  1H=147
       Bonuses: 1H pre-pump (obv_divergence) | RS vs BTC 7d +3.3% | funding -0.0163%/8h  (+10 pts)
       Entry: $0.022581  |  Stop: $0.019815 (-12.25%)  |  Risk: $1500 (1.50% acct)
       Position: $12245 (12.24% acct, qty 542257.3398)
       TP1: $0.026730 (+18.4%, 1.5R, sell 40%)
       TP2: $0.030880 (+36.8%, 3.0R, sell 35%)
       TP3: $0.036412 (+61.2%, 5.0R, sell 25%)

  [30] ARKM        score= 135.1  ST=5/6  price=$0.133060      24h= -2.23%  vol=$  2.9M
       TF:  1D=109  12H=116  6H=125  4H=173  2H=145  1H=143
       Bonuses: RS vs BTC 7d +4.3%  (+5 pts)
       Entry: $0.133060  |  Stop: $0.113101 (-15.00%)  |  Risk: $1500 (1.50% acct)
       Position: $10000 (10.00% acct, qty 75154.0658)
       TP1: $0.162998 (+22.5%, 1.5R, sell 40%)
       TP2: $0.192937 (+45.0%, 3.0R, sell 35%)
       TP3: $0.232855 (+75.0%, 5.0R, sell 25%)

  [31] ORCA        score= 134.4  ST=6/6  price=$1.139000      24h= -0.37%  vol=$  5.8M
       TF:  1D=118  12H=123  6H=126  4H=128  2H=146  1H=161
       Bonuses: RS vs BTC 7d +4.2%  (+5 pts)
       Entry: $1.139000  |  Stop: $0.984457 (-13.57%)  |  Risk: $1500 (1.50% acct)
       Position: $11055 (11.06% acct, qty 9706.0455)
       TP1: $1.370814 (+20.4%, 1.5R, sell 40%)
       TP2: $1.602629 (+40.7%, 3.0R, sell 35%)
       TP3: $1.911714 (+67.8%, 5.0R, sell 25%)

  [32] UNI         score= 134.0  ST=5/6  price=$2.843000      24h= +9.27%  vol=$ 54.2M
       TF:  1D= 71  12H=131  6H=147  4H=149  2H=152  1H=153
       Bonuses: RSI div 1D (bullish) | RS vs BTC 7d +8.0%  (+10 pts)
       Entry: $2.843000  |  Stop: $2.574179 (-9.46%)  |  Risk: $1500 (1.50% acct)
       Position: $15864 (15.86% acct, qty 5579.9123)
       TP1: $3.246232 (+14.2%, 1.5R, sell 40%)
       TP2: $3.649464 (+28.4%, 3.0R, sell 35%)
       TP3: $4.187107 (+47.3%, 5.0R, sell 25%)

  [33] UAI         score= 133.4  ST=4/6  price=$0.327980      24h=-23.10%  vol=$  7.1M
       TF:  1D=165  12H=162  6H=147  4H=147  2H= 43  1H=  5
       Bonuses: RS vs BTC 7d +12.1%  (+5 pts)
       Entry: $0.327980  |  Stop: $0.278783 (-15.00%)  |  Risk: $1500 (1.50% acct)
       Position: $10000 (10.00% acct, qty 30489.6640)
       TP1: $0.401776 (+22.5%, 1.5R, sell 40%)
       TP2: $0.475571 (+45.0%, 3.0R, sell 35%)
       TP3: $0.573965 (+75.0%, 5.0R, sell 25%)

  [34] JUP         score= 132.4  ST=5/6  price=$0.191200      24h= -0.32%  vol=$ 10.0M
       TF:  1D=107  12H=121  6H=129  4H=152  2H=143  1H=139
       Bonuses: RS vs BTC 7d +15.1%  (+5 pts)
       Entry: $0.191200  |  Stop: $0.165154 (-13.62%)  |  Risk: $1500 (1.50% acct)
       Position: $11011 (11.01% acct, qty 57589.4694)
       TP1: $0.230270 (+20.4%, 1.5R, sell 40%)
       TP2: $0.269339 (+40.9%, 3.0R, sell 35%)
       TP3: $0.321432 (+68.1%, 5.0R, sell 25%)

  [35] TIA         score= 132.1  ST=5/6  price=$0.369200      24h= -2.84%  vol=$ 13.6M
       TF:  1D= 90  12H=116  6H=147  4H=154  2H=152  1H=153
       Bonuses: RS vs BTC 7d +11.0%  (+5 pts)
       Entry: $0.369200  |  Stop: $0.319057 (-13.58%)  |  Risk: $1500 (1.50% acct)
       Position: $11044 (11.04% acct, qty 29914.5299)
       TP1: $0.444414 (+20.4%, 1.5R, sell 40%)
       TP2: $0.519629 (+40.7%, 3.0R, sell 35%)
       TP3: $0.619914 (+67.9%, 5.0R, sell 25%)

  [36] KAS         score= 131.8  ST=4/6  price=$0.032990      24h= -1.51%  vol=$  4.4M
       TF:  1D=103  12H=137  6H=153  4H=154  2H=152  1H= 93
       Bonuses: 1H pre-pump (obv_stealth_accum)  (+2 pts)
       Entry: $0.032990  |  Stop: $0.029524 (-10.51%)  |  Risk: $1500 (1.50% acct)
       Position: $14277 (14.28% acct, qty 432766.6151)
       TP1: $0.038189 (+15.8%, 1.5R, sell 40%)
       TP2: $0.043388 (+31.5%, 3.0R, sell 35%)
       TP3: $0.050320 (+52.5%, 5.0R, sell 25%)

  [37] ZRO         score= 131.7  ST=5/6  price=$1.116600      24h= -6.04%  vol=$ 18.7M
       TF:  1D=100  12H=121  6H=132  4H=154  2H=150  1H=136
       Bonuses: RS vs BTC 7d +27.4%  (+5 pts)
       Entry: $1.116600  |  Stop: $0.949110 (-15.00%)  |  Risk: $1500 (1.50% acct)
       Position: $10000 (10.00% acct, qty 8955.7586)
       TP1: $1.367835 (+22.5%, 1.5R, sell 40%)
       TP2: $1.619070 (+45.0%, 3.0R, sell 35%)
       TP3: $1.954050 (+75.0%, 5.0R, sell 25%)

  [38] EIGEN       score= 131.6  ST=5/6  price=$0.214520      24h= -6.86%  vol=$  9.3M
       TF:  1D=115  12H=133  6H=131  4H=147  2H=147  1H= 85
       Bonuses: RS vs BTC 7d +11.3%  (+5 pts)
       Entry: $0.214520  |  Stop: $0.182342 (-15.00%)  |  Risk: $1500 (1.50% acct)
       Position: $10000 (10.00% acct, qty 46615.7002)
       TP1: $0.262787 (+22.5%, 1.5R, sell 40%)
       TP2: $0.311054 (+45.0%, 3.0R, sell 35%)
       TP3: $0.375410 (+75.0%, 5.0R, sell 25%)

  [39] EPIC        score= 131.1  ST=6/6  price=$0.495100      24h=+25.18%  vol=$  5.7M
       TF:  1D=105  12H=117  6H=158  4H=133  2H=137  1H=132
       Bonuses: RS vs BTC 7d +0.3%  (+5 pts)
       Entry: $0.495100  |  Stop: $0.420835 (-15.00%)  |  Risk: $1500 (1.50% acct)
       Position: $10000 (10.00% acct, qty 20197.9398)
       TP1: $0.606498 (+22.5%, 1.5R, sell 40%)
       TP2: $0.717895 (+45.0%, 3.0R, sell 35%)
       TP3: $0.866425 (+75.0%, 5.0R, sell 25%)

  [40] ORDI        score= 130.9  ST=4/6  price=$3.380000      24h= -4.58%  vol=$  7.9M
       TF:  1D= 80  12H=101  6H=160  4H=155  2H=144  1H=138
       Bonuses: RSI div 1D (bullish) | RS vs BTC 7d +5.2%  (+10 pts)
       Entry: $3.380000  |  Stop: $2.873000 (-15.00%)  |  Risk: $1500 (1.50% acct)
       Position: $10000 (10.00% acct, qty 2958.5799)
       TP1: $4.140500 (+22.5%, 1.5R, sell 40%)
       TP2: $4.901000 (+45.0%, 3.0R, sell 35%)
       TP3: $5.915000 (+75.0%, 5.0R, sell 25%)

  [41] SPACE       score= 130.7  ST=5/6  price=$0.006639      24h=+15.58%  vol=$ 21.6M
       TF:  1D= 89  12H=135  6H=134  4H=134  2H=149  1H=127
       Bonuses: RSI div 1D (hidden_bullish) | 1H pre-pump (obv_stealth_accum) | funding -0.3698%/8h  (+8 pts)
       Entry: $0.006639  |  Stop: $0.005643 (-15.00%)  |  Risk: $1500 (1.50% acct)
       Position: $10000 (10.00% acct, qty 1506250.9414)
       TP1: $0.008133 (+22.5%, 1.5R, sell 40%)
       TP2: $0.009627 (+45.0%, 3.0R, sell 35%)
       TP3: $0.011618 (+75.0%, 5.0R, sell 25%)

  [42] EVAA        score= 130.5  ST=5/6  price=$1.272000      24h=-26.80%  vol=$ 53.6M
       TF:  1D=149  12H=142  6H=153  4H=120  2H= 53  1H= 31
       Bonuses: RSI div 1D (bullish) | RS vs BTC 7d +258.1%  (+10 pts)
       Entry: $1.272000  |  Stop: $1.081200 (-15.00%)  |  Risk: $1500 (1.50% acct)
       Position: $10000 (10.00% acct, qty 7861.6352)
       TP1: $1.558200 (+22.5%, 1.5R, sell 40%)
       TP2: $1.844400 (+45.0%, 3.0R, sell 35%)
       TP3: $2.226000 (+75.0%, 5.0R, sell 25%)

  [43] ROSE        score= 130.3  ST=5/6  price=$0.006925      24h= -0.40%  vol=$  2.6M
       TF:  1D= 90  12H=111  6H=127  4H=149  2H=166  1H=166
       Bonuses: RS vs BTC 7d +1.7%  (+5 pts)
       Entry: $0.006925  |  Stop: $0.006042 (-12.75%)  |  Risk: $1500 (1.50% acct)
       Position: $11764 (11.76% acct, qty 1698822.9584)
       TP1: $0.008249 (+19.1%, 1.5R, sell 40%)
       TP2: $0.009574 (+38.2%, 3.0R, sell 35%)
       TP3: $0.011340 (+63.8%, 5.0R, sell 25%)

  [44] QNT         score= 130.3  ST=4/6  price=$70.520000     24h= +1.41%  vol=$  1.2M
       TF:  1D= 87  12H=102  6H=154  4H=147  2H=145  1H=150
       Bonuses: RS vs BTC 7d +0.4% | funding -0.0298%/8h  (+8 pts)
       Entry: $70.520000  |  Stop: $63.193571 (-10.39%)  |  Risk: $1500 (1.50% acct)
       Position: $14438 (14.44% acct, qty 204.7382)
       TP1: $81.509643 (+15.6%, 1.5R, sell 40%)
       TP2: $92.499286 (+31.2%, 3.0R, sell 35%)
       TP3: $107.152143 (+52.0%, 5.0R, sell 25%)

  [45] XLM         score= 130.1  ST=5/6  price=$0.213590      24h= +2.78%  vol=$153.5M
       TF:  1D= 83  12H=142  6H=143  4H=150  2H=139  1H=128
       Bonuses: RS vs BTC 7d +0.4%  (+5 pts)
       Entry: $0.213590  |  Stop: $0.184080 (-13.82%)  |  Risk: $1500 (1.50% acct)
       Position: $10857 (10.86% acct, qty 50829.6119)
       TP1: $0.257856 (+20.7%, 1.5R, sell 40%)
       TP2: $0.302121 (+41.5%, 3.0R, sell 35%)
       TP3: $0.361142 (+69.1%, 5.0R, sell 25%)

--------------------------------------------------------------------------------
  LONG  —  50 coin(s)  (tradeable trend)
--------------------------------------------------------------------------------

  [ 1] RUNE        score= 129.7  ST=5/6  price=$0.391800      24h= +1.94%  vol=$  2.3M
       TF:  1D= 79  12H=138  6H=135  4H=146  2H=151  1H=127
       Bonuses: 1H pre-pump (obv_divergence) | RS vs BTC 7d +7.8%  (+7 pts)
       Entry: $0.391800  |  Stop: $0.340543 (-13.08%)  |  Risk: $1500 (1.50% acct)
       Position: $11466 (11.47% acct, qty 29264.2140)
       TP1: $0.468686 (+19.6%, 1.5R, sell 40%)
       TP2: $0.545571 (+39.2%, 3.0R, sell 35%)
       TP3: $0.648086 (+65.4%, 5.0R, sell 25%)

  [ 2] PUFFER      score= 129.6  ST=6/6  price=$0.018510      24h= +2.35%  vol=$  5.1M
       TF:  1D=114  12H=127  6H=144  4H=144  2H=121  1H= 96
       Bonuses: RS vs BTC 7d +23.9%  (+5 pts)
       Entry: $0.018510  |  Stop: $0.015734 (-15.00%)  |  Risk: $1500 (1.50% acct)
       Position: $10000 (10.00% acct, qty 540248.5143)
       TP1: $0.022675 (+22.5%, 1.5R, sell 40%)
       TP2: $0.026839 (+45.0%, 3.0R, sell 35%)
       TP3: $0.032392 (+75.0%, 5.0R, sell 25%)

  [ 3] KAITO       score= 129.5  ST=5/6  price=$0.482700      24h= +1.37%  vol=$  1.6M
       TF:  1D= 93  12H=132  6H=127  4H=127  2H=125  1H=120
       Bonuses: RSI div 1D (bullish) | 1H pre-pump (bb_squeeze) | RS vs BTC 7d +4.3%  (+12 pts)
       Entry: $0.482700  |  Stop: $0.430114 (-10.89%)  |  Risk: $1500 (1.50% acct)
       Position: $13769 (13.77% acct, qty 28524.8574)
       TP1: $0.561579 (+16.3%, 1.5R, sell 40%)
       TP2: $0.640457 (+32.7%, 3.0R, sell 35%)
       TP3: $0.745629 (+54.5%, 5.0R, sell 25%)

  [ 4] CC          score= 128.8  ST=6/6  price=$0.165470      24h= -2.60%  vol=$  3.3M
       TF:  1D=120  12H=158  6H=144  4H=133  2H= 80  1H= 65
       Bonuses: 1H pre-pump (bb_squeeze, obv_divergence, obv_stealth_accum)  (+6 pts)
       Entry: $0.165470  |  Stop: $0.148670 (-10.15%)  |  Risk: $1500 (1.50% acct)
       Position: $14774 (14.77% acct, qty 89285.7143)
       TP1: $0.190670 (+15.2%, 1.5R, sell 40%)
       TP2: $0.215870 (+30.5%, 3.0R, sell 35%)
       TP3: $0.249470 (+50.8%, 5.0R, sell 25%)

  [ 5] WLFI        score= 128.5  ST=5/6  price=$0.059920      24h= -2.22%  vol=$ 14.1M
       TF:  1D=130  12H=120  6H=151  4H=156  2H= 97  1H= 84
       Bonuses: 1H pre-pump (bb_squeeze)  (+2 pts)
       Entry: $0.059920  |  Stop: $0.053484 (-10.74%)  |  Risk: $1500 (1.50% acct)
       Position: $13965 (13.97% acct, qty 233061.4283)
       TP1: $0.069574 (+16.1%, 1.5R, sell 40%)
       TP2: $0.079228 (+32.2%, 3.0R, sell 35%)
       TP3: $0.092100 (+53.7%, 5.0R, sell 25%)

  [ 6] ZEC         score= 127.8  ST=5/6  price=$518.460000    24h= -7.09%  vol=$251.7M
       TF:  1D=117  12H=123  6H=140  4H=149  2H=109  1H= 60
       Bonuses: RSI div 1D (hidden_bullish) | RS vs BTC 7d +8.0%  (+8 pts)
       Entry: $518.460000  |  Stop: $440.691000 (-15.00%)  |  Risk: $1500 (1.50% acct)
       Position: $10000 (10.00% acct, qty 19.2879)
       TP1: $635.113500 (+22.5%, 1.5R, sell 40%)
       TP2: $751.767000 (+45.0%, 3.0R, sell 35%)
       TP3: $907.305000 (+75.0%, 5.0R, sell 25%)

  [ 7] MET         score= 127.5  ST=4/6  price=$0.118520      24h= -3.24%  vol=$  1.6M
       TF:  1D= 93  12H=114  6H=124  4H=165  2H=149  1H=124
       Bonuses: RS vs BTC 7d +11.2%  (+5 pts)
       Entry: $0.118520  |  Stop: $0.102734 (-13.32%)  |  Risk: $1500 (1.50% acct)
       Position: $11262 (11.26% acct, qty 95018.3250)
       TP1: $0.142200 (+20.0%, 1.5R, sell 40%)
       TP2: $0.165879 (+40.0%, 3.0R, sell 35%)
       TP3: $0.197452 (+66.6%, 5.0R, sell 25%)

  [ 8] ALLO        score= 127.1  ST=6/6  price=$0.364600      24h= +3.46%  vol=$ 15.9M
       TF:  1D=139  12H=132  6H=127  4H=104  2H=106  1H=144
       Entry: $0.364600  |  Stop: $0.309910 (-15.00%)  |  Risk: $1500 (1.50% acct)
       Position: $10000 (10.00% acct, qty 27427.3176)
       TP1: $0.446635 (+22.5%, 1.5R, sell 40%)
       TP2: $0.528670 (+45.0%, 3.0R, sell 35%)
       TP3: $0.638050 (+75.0%, 5.0R, sell 25%)

  [ 9] INJ         score= 126.6  ST=5/6  price=$5.575000      24h= +0.53%  vol=$ 32.6M
       TF:  1D=102  12H=111  6H=136  4H=144  2H=152  1H=156
       Entry: $5.575000  |  Stop: $4.738750 (-15.00%)  |  Risk: $1500 (1.50% acct)
       Position: $10000 (10.00% acct, qty 1793.7220)
       TP1: $6.829375 (+22.5%, 1.5R, sell 40%)
       TP2: $8.083750 (+45.0%, 3.0R, sell 35%)
       TP3: $9.756250 (+75.0%, 5.0R, sell 25%)

  [10] KMNO        score= 126.5  ST=5/6  price=$0.018060      24h= -0.77%  vol=$  1.1M
       TF:  1D= 94  12H=116  6H=156  4H=146  2H=128  1H= 93
       Bonuses: 1H pre-pump (obv_stealth_accum) | RS vs BTC 7d +12.7%  (+7 pts)
       Entry: $0.018060  |  Stop: $0.015470 (-14.34%)  |  Risk: $1500 (1.50% acct)
       Position: $10461 (10.46% acct, qty 579230.4510)
       TP1: $0.021944 (+21.5%, 1.5R, sell 40%)
       TP2: $0.025829 (+43.0%, 3.0R, sell 35%)
       TP3: $0.031008 (+71.7%, 5.0R, sell 25%)

  [11] AAVE        score= 125.7  ST=5/6  price=$73.700000     24h= -3.70%  vol=$ 28.6M
       TF:  1D= 75  12H=123  6H=139  4H=158  2H=134  1H=125
       Bonuses: 1H pre-pump (obv_stealth_accum) | RS vs BTC 7d +11.1%  (+7 pts)
       Entry: $73.700000  |  Stop: $65.506786 (-11.12%)  |  Risk: $1500 (1.50% acct)
       Position: $13493 (13.49% acct, qty 183.0783)
       TP1: $85.989821 (+16.7%, 1.5R, sell 40%)
       TP2: $98.279643 (+33.4%, 3.0R, sell 35%)
       TP3: $114.666071 (+55.6%, 5.0R, sell 25%)

  [12] ZAMA        score= 125.7  ST=4/6  price=$0.031070      24h= +3.44%  vol=$  1.2M
       TF:  1D= 94  12H=122  6H=160  4H=137  2H=116  1H=135
       Bonuses: RSI div 1D (hidden_bullish)  (+3 pts)
       Entry: $0.031070  |  Stop: $0.027036 (-12.98%)  |  Risk: $1500 (1.50% acct)
       Position: $11553 (11.55% acct, qty 371845.9495)
       TP1: $0.037121 (+19.5%, 1.5R, sell 40%)
       TP2: $0.043172 (+39.0%, 3.0R, sell 35%)
       TP3: $0.051240 (+64.9%, 5.0R, sell 25%)

  [13] ROAM        score= 125.2  ST=5/6  price=$0.011151      24h= -6.96%  vol=$ 13.2M
       TF:  1D=119  12H=154  6H=135  4H=142  2H= 98  1H= 28
       Bonuses: RS vs BTC 7d +89.5%  (+5 pts)
       Entry: $0.011151  |  Stop: $0.009478 (-15.00%)  |  Risk: $1500 (1.50% acct)
       Position: $10000 (10.00% acct, qty 896780.5578)
       TP1: $0.013660 (+22.5%, 1.5R, sell 40%)
       TP2: $0.016169 (+45.0%, 3.0R, sell 35%)
       TP3: $0.019514 (+75.0%, 5.0R, sell 25%)

  [14] MORPHO      score= 125.2  ST=4/6  price=$1.959400      24h= -1.72%  vol=$  1.9M
       TF:  1D=118  12H=127  6H=114  4H= 64  2H=158  1H=111
       Bonuses: 1H pre-pump (obv_stealth_accum) | RS vs BTC 7d +3.8% | funding -0.0309%/8h  (+10 pts)
       Entry: $1.959400  |  Stop: $1.710057 (-12.73%)  |  Risk: $1500 (1.50% acct)
       Position: $11787 (11.79% acct, qty 6015.8130)
       TP1: $2.333414 (+19.1%, 1.5R, sell 40%)
       TP2: $2.707429 (+38.2%, 3.0R, sell 35%)
       TP3: $3.206114 (+63.6%, 5.0R, sell 25%)

  [15] STRK        score= 125.1  ST=4/6  price=$0.036320      24h= -5.08%  vol=$  7.5M
       TF:  1D= 80  12H= 97  6H=133  4H=166  2H=140  1H=126
       Bonuses: 1H pre-pump (bb_squeeze, obv_stealth_accum) | RS vs BTC 7d +1.1%  (+9 pts)
       Entry: $0.036320  |  Stop: $0.031420 (-13.49%)  |  Risk: $1500 (1.50% acct)
       Position: $11119 (11.12% acct, qty 306144.7627)
       TP1: $0.043669 (+20.2%, 1.5R, sell 40%)
       TP2: $0.051019 (+40.5%, 3.0R, sell 35%)
       TP3: $0.060818 (+67.5%, 5.0R, sell 25%)

  [16] PENDLE      score= 123.6  ST=5/6  price=$1.352400      24h= -2.85%  vol=$  5.7M
       TF:  1D= 83  12H= 88  6H=132  4H=166  2H=158  1H=141
       Bonuses: RS vs BTC 7d +1.1%  (+5 pts)
       Entry: $1.352400  |  Stop: $1.187186 (-12.22%)  |  Risk: $1500 (1.50% acct)
       Position: $12279 (12.28% acct, qty 9079.1180)
       TP1: $1.600221 (+18.3%, 1.5R, sell 40%)
       TP2: $1.848043 (+36.6%, 3.0R, sell 35%)
       TP3: $2.178471 (+61.1%, 5.0R, sell 25%)

  [17] TAO         score= 123.4  ST=6/6  price=$266.270000    24h= -6.64%  vol=$ 75.4M
       TF:  1D=125  12H=133  6H=156  4H=118  2H= 60  1H= 65
       Bonuses: 1H pre-pump (obv_stealth_accum) | RS vs BTC 7d +18.6%  (+7 pts)
       Entry: $266.270000  |  Stop: $230.012857 (-13.62%)  |  Risk: $1500 (1.50% acct)
       Position: $11016 (11.02% acct, qty 41.3712)
       TP1: $320.655714 (+20.4%, 1.5R, sell 40%)
       TP2: $375.041429 (+40.9%, 3.0R, sell 35%)
       TP3: $447.555714 (+68.1%, 5.0R, sell 25%)

  [18] LAB         score= 123.0  ST=5/6  price=$9.553000      24h=+33.28%  vol=$ 35.1M
       TF:  1D= 92  12H=109  6H=129  4H=154  2H=140  1H=142
       Bonuses: 1H pre-pump (obv_divergence)  (+2 pts)
       Entry: $9.553000  |  Stop: $8.120050 (-15.00%)  |  Risk: $1500 (1.50% acct)
       Position: $10000 (10.00% acct, qty 1046.7916)
       TP1: $11.702425 (+22.5%, 1.5R, sell 40%)
       TP2: $13.851850 (+45.0%, 3.0R, sell 35%)
       TP3: $16.717750 (+75.0%, 5.0R, sell 25%)

  [19] ONDO        score= 122.9  ST=4/6  price=$0.369900      24h= -5.54%  vol=$ 51.0M
       TF:  1D=106  12H= 82  6H=131  4H=163  2H=140  1H=129
       Bonuses: RSI div 1D (hidden_bullish)  (+3 pts)
       Entry: $0.369900  |  Stop: $0.314415 (-15.00%)  |  Risk: $1500 (1.50% acct)
       Position: $10000 (10.00% acct, qty 27034.3336)
       TP1: $0.453128 (+22.5%, 1.5R, sell 40%)
       TP2: $0.536355 (+45.0%, 3.0R, sell 35%)
       TP3: $0.647325 (+75.0%, 5.0R, sell 25%)

  [20] BABY        score= 122.7  ST=5/6  price=$0.019554      24h= -5.01%  vol=$  9.2M
       TF:  1D=117  12H=112  6H=139  4H=147  2H= 98  1H= 29
       Bonuses: RSI div 1D (hidden_bullish) | 1H pre-pump (obv_divergence) | RS vs BTC 7d +20.8%  (+10 pts)
       Entry: $0.019554  |  Stop: $0.016621 (-15.00%)  |  Risk: $1500 (1.50% acct)
       Position: $10000 (10.00% acct, qty 511404.3163)
       TP1: $0.023954 (+22.5%, 1.5R, sell 40%)
       TP2: $0.028353 (+45.0%, 3.0R, sell 35%)
       TP3: $0.034219 (+75.0%, 5.0R, sell 25%)

  [21] XAU         score= 122.4  ST=5/6  price=$4,319.030000  24h= -0.67%  vol=$ 60.5M
       TF:  1D= 82  12H=100  6H=132  4H=172  2H=148  1H=141
       Bonuses: 1H pre-pump (obv_stealth_accum)  (+2 pts)
       Entry: $4319.030000  |  Stop: $4103.078500 (-5.00%)  |  Risk: $1000 (1.00% acct)
       Position: $20000 (20.00% acct, qty 4.6307)
       TP1: $4642.957250 (+7.5%, 1.5R, sell 40%)
       TP2: $4966.884500 (+15.0%, 3.0R, sell 35%)
       TP3: $5398.787500 (+25.0%, 5.0R, sell 25%)

  [22] ENJ         score= 122.3  ST=5/6  price=$0.031531      24h= +1.41%  vol=$  2.5M
       TF:  1D= 92  12H=114  6H=129  4H=136  2H=137  1H=146
       Bonuses: funding -0.0207%/8h  (+3 pts)
       Entry: $0.031531  |  Stop: $0.027437 (-12.98%)  |  Risk: $1500 (1.50% acct)
       Position: $11552 (11.55% acct, qty 366377.0543)
       TP1: $0.037672 (+19.5%, 1.5R, sell 40%)
       TP2: $0.043813 (+39.0%, 3.0R, sell 35%)
       TP3: $0.052002 (+64.9%, 5.0R, sell 25%)

  [23] FIGHT       score= 122.1  ST=4/6  price=$0.004178      24h= -0.94%  vol=$  1.3M
       TF:  1D= 83  12H=101  6H=115  4H=142  2H=165  1H=153
       Bonuses: RS vs BTC 7d +22.0%  (+5 pts)
       Entry: $0.004178  |  Stop: $0.003551 (-15.00%)  |  Risk: $1500 (1.50% acct)
       Position: $10000 (10.00% acct, qty 2393489.7080)
       TP1: $0.005118 (+22.5%, 1.5R, sell 40%)
       TP2: $0.006058 (+45.0%, 3.0R, sell 35%)
       TP3: $0.007312 (+75.0%, 5.0R, sell 25%)

  [24] ALT         score= 122.0  ST=3/6  price=$0.006482      24h= -3.03%  vol=$  1.3M
       TF:  1D= 91  12H= 92  6H=144  4H=153  2H=133  1H=126
       Bonuses: RS vs BTC 7d +5.2%  (+5 pts)
       Entry: $0.006482  |  Stop: $0.005592 (-13.73%)  |  Risk: $1500 (1.50% acct)
       Position: $10924 (10.92% acct, qty 1685325.6290)
       TP1: $0.007817 (+20.6%, 1.5R, sell 40%)
       TP2: $0.009152 (+41.2%, 3.0R, sell 35%)
       TP3: $0.010932 (+68.7%, 5.0R, sell 25%)

  [25] WIF         score= 121.8  ST=3/6  price=$0.167570      24h= -4.32%  vol=$ 16.7M
       TF:  1D= 94  12H= 85  6H=130  4H=165  2H=147  1H= 96
       Bonuses: 1H pre-pump (obv_stealth_accum) | RS vs BTC 7d +0.6%  (+7 pts)
       Entry: $0.167570  |  Stop: $0.145319 (-13.28%)  |  Risk: $1500 (1.50% acct)
       Position: $11296 (11.30% acct, qty 67411.4022)
       TP1: $0.200947 (+19.9%, 1.5R, sell 40%)
       TP2: $0.234324 (+39.8%, 3.0R, sell 35%)
       TP3: $0.278827 (+66.4%, 5.0R, sell 25%)

  [26] MAGMA       score= 121.8  ST=5/6  price=$0.395110      24h= +1.07%  vol=$  3.0M
       TF:  1D=129  12H= 88  6H=110  4H=113  2H=148  1H=119
       Bonuses: RSI div 1D (hidden_bullish) | 1H pre-pump (bb_squeeze)  (+5 pts)
       Entry: $0.395110  |  Stop: $0.335844 (-15.00%)  |  Risk: $1500 (1.50% acct)
       Position: $10000 (10.00% acct, qty 25309.4075)
       TP1: $0.484010 (+22.5%, 1.5R, sell 40%)
       TP2: $0.572909 (+45.0%, 3.0R, sell 35%)
       TP3: $0.691442 (+75.0%, 5.0R, sell 25%)

  [27] ENSO        score= 121.7  ST=5/6  price=$0.680100      24h= +3.36%  vol=$  4.1M
       TF:  1D= 78  12H=130  6H=150  4H=150  2H=120  1H= 75
       Bonuses: 1H pre-pump (obv_stealth_accum) | RS vs BTC 7d +8.0%  (+7 pts)
       Entry: $0.680100  |  Stop: $0.591482 (-13.03%)  |  Risk: $1500 (1.50% acct)
       Position: $11512 (11.51% acct, qty 16926.6111)
       TP1: $0.813027 (+19.6%, 1.5R, sell 40%)
       TP2: $0.945954 (+39.1%, 3.0R, sell 35%)
       TP3: $1.123189 (+65.2%, 5.0R, sell 25%)

  [28] XAG         score= 120.6  ST=5/6  price=$69.970000     24h= -1.36%  vol=$ 27.5M
       TF:  1D= 82  12H=103  6H=136  4H=153  2H=154  1H=132
       Bonuses: 1H pre-pump (obv_stealth_accum)  (+2 pts)
       Entry: $69.970000  |  Stop: $65.601786 (-6.24%)  |  Risk: $1249 (1.25% acct)
       Position: $20000 (20.00% acct, qty 285.8368)
       TP1: $76.522321 (+9.4%, 1.5R, sell 40%)
       TP2: $83.074643 (+18.7%, 3.0R, sell 35%)
       TP3: $91.811071 (+31.2%, 5.0R, sell 25%)

  [29] SOL         score= 120.5  ST=5/6  price=$73.940000     24h= -1.21%  vol=$836.5M
       TF:  1D= 67  12H=123  6H=139  4H=137  2H=133  1H=128
       Bonuses: 1H pre-pump (obv_stealth_accum) | RS vs BTC 7d +5.6%  (+7 pts)
       Entry: $73.940000  |  Stop: $66.635000 (-9.88%)  |  Risk: $1500 (1.50% acct)
       Position: $15183 (15.18% acct, qty 205.3388)
       TP1: $84.897500 (+14.8%, 1.5R, sell 40%)
       TP2: $95.855000 (+29.6%, 3.0R, sell 35%)
       TP3: $110.465000 (+49.4%, 5.0R, sell 25%)

  [30] XRP         score= 120.5  ST=3/6  price=$1.237600      24h= -2.79%  vol=$470.6M
       TF:  1D= 94  12H=113  6H=131  4H=142  2H=118  1H= 95
       Bonuses: 1H pre-pump (obv_stealth_accum) | RS vs BTC 7d +0.9%  (+7 pts)
       Entry: $1.237600  |  Stop: $1.135300 (-8.27%)  |  Risk: $1500 (1.50% acct)
       Position: $18147 (18.15% acct, qty 14662.7566)
       TP1: $1.391050 (+12.4%, 1.5R, sell 40%)
       TP2: $1.544500 (+24.8%, 3.0R, sell 35%)
       TP3: $1.749100 (+41.3%, 5.0R, sell 25%)

  [31] WAVES       score= 120.2  ST=5/6  price=$0.271200      24h= +4.79%  vol=$  4.5M
       TF:  1D= 84  12H=112  6H=141  4H=127  2H=137  1H= 96
       Bonuses: RSI div 1D (bullish) | funding -0.2144%/8h  (+8 pts)
       Entry: $0.271200  |  Stop: $0.231975 (-14.46%)  |  Risk: $1500 (1.50% acct)
       Position: $10371 (10.37% acct, qty 38240.9178)
       TP1: $0.330037 (+21.7%, 1.5R, sell 40%)
       TP2: $0.388875 (+43.4%, 3.0R, sell 35%)
       TP3: $0.467325 (+72.3%, 5.0R, sell 25%)

  [32] SUSHI       score= 120.0  ST=4/6  price=$0.181400      24h= -1.80%  vol=$  1.5M
       TF:  1D= 63  12H= 81  6H=124  4H=157  2H=152  1H=138
       Bonuses: RSI div 1D (bullish) | 1H pre-pump (obv_stealth_accum) | RS vs BTC 7d +2.3%  (+12 pts)
       Entry: $0.181400  |  Stop: $0.154190 (-15.00%)  |  Risk: $1500 (1.50% acct)
       Position: $10000 (10.00% acct, qty 55126.7916)
       TP1: $0.222215 (+22.5%, 1.5R, sell 40%)
       TP2: $0.263030 (+45.0%, 3.0R, sell 35%)
       TP3: $0.317450 (+75.0%, 5.0R, sell 25%)

  [33] CAKE        score= 120.0  ST=5/6  price=$1.402800      24h= -1.54%  vol=$  1.5M
       TF:  1D= 93  12H=124  6H=135  4H=135  2H=107  1H= 78
       Bonuses: RS vs BTC 7d +1.7% | funding -0.0110%/8h  (+8 pts)
       Entry: $1.402800  |  Stop: $1.285832 (-8.34%)  |  Risk: $1500 (1.50% acct)
       Position: $17990 (17.99% acct, qty 12824.0359)
       TP1: $1.578252 (+12.5%, 1.5R, sell 40%)
       TP2: $1.753704 (+25.0%, 3.0R, sell 35%)
       TP3: $1.987639 (+41.7%, 5.0R, sell 25%)

  [34] PARTI       score= 119.5  ST=5/6  price=$0.055840      24h= +5.05%  vol=$  1.5M
       TF:  1D=139  12H=106  6H= 93  4H= 93  2H= 92  1H=104
       Bonuses: RSI div 1D (bullish) | RS vs BTC 7d +0.8%  (+10 pts)
       Entry: $0.055840  |  Stop: $0.047464 (-15.00%)  |  Risk: $1500 (1.50% acct)
       Position: $10000 (10.00% acct, qty 179083.0946)
       TP1: $0.068404 (+22.5%, 1.5R, sell 40%)
       TP2: $0.080968 (+45.0%, 3.0R, sell 35%)
       TP3: $0.097720 (+75.0%, 5.0R, sell 25%)

  [35] BOME        score= 118.8  ST=3/6  price=$0.000465      24h= -4.64%  vol=$  1.8M
       TF:  1D= 83  12H= 85  6H=137  4H=165  2H=140  1H= 85
       Bonuses: RSI div 1D (hidden_bullish) | RS vs BTC 7d +6.4%  (+8 pts)
       Entry: $0.000465  |  Stop: $0.000406 (-12.62%)  |  Risk: $1500 (1.50% acct)
       Position: $11884 (11.88% acct, qty 25584795.3216)
       TP1: $0.000552 (+18.9%, 1.5R, sell 40%)
       TP2: $0.000640 (+37.9%, 3.0R, sell 35%)
       TP3: $0.000758 (+63.1%, 5.0R, sell 25%)

  [36] FIDA        score= 118.6  ST=5/6  price=$0.024962      24h= +0.20%  vol=$  6.2M
       TF:  1D=100  12H=126  6H=111  4H=132  2H= 98  1H= 72
       Bonuses: 1H pre-pump (obv_stealth_accum) | RS vs BTC 7d +4.1% | funding -0.1336%/8h  (+10 pts)
       Entry: $0.024962  |  Stop: $0.021218 (-15.00%)  |  Risk: $1500 (1.50% acct)
       Position: $10000 (10.00% acct, qty 400608.9256)
       TP1: $0.030578 (+22.5%, 1.5R, sell 40%)
       TP2: $0.036195 (+45.0%, 3.0R, sell 35%)
       TP3: $0.043684 (+75.0%, 5.0R, sell 25%)

  [37] FHE         score= 118.3  ST=4/6  price=$0.024100      24h= -8.71%  vol=$  1.8M
       TF:  1D= 71  12H=139  6H=145  4H=161  2H= 73  1H= 60
       Bonuses: RSI div 1D (bullish) | RS vs BTC 7d +12.2%  (+10 pts)
       Entry: $0.024100  |  Stop: $0.020485 (-15.00%)  |  Risk: $1500 (1.50% acct)
       Position: $10000 (10.00% acct, qty 414937.7593)
       TP1: $0.029523 (+22.5%, 1.5R, sell 40%)
       TP2: $0.034945 (+45.0%, 3.0R, sell 35%)
       TP3: $0.042175 (+75.0%, 5.0R, sell 25%)

  [38] STABLE      score= 118.1  ST=3/6  price=$0.035875      24h= +2.86%  vol=$  1.4M
       TF:  1D= 91  12H= 92  6H=125  4H= 91  2H=124  1H=119
       Bonuses: RSI div 1D (bullish) | 1H pre-pump (obv_stealth_accum) | RS vs BTC 7d +3.6% | funding -0.0239%/8h  (+15 pts)
       Entry: $0.035875  |  Stop: $0.030631 (-14.62%)  |  Risk: $1500 (1.50% acct)
       Position: $10263 (10.26% acct, qty 286064.5689)
       TP1: $0.043740 (+21.9%, 1.5R, sell 40%)
       TP2: $0.051606 (+43.9%, 3.0R, sell 35%)
       TP3: $0.062093 (+73.1%, 5.0R, sell 25%)

  [39] ETHFI       score= 118.0  ST=3/6  price=$0.338100      24h= -6.94%  vol=$  3.6M
       TF:  1D= 77  12H= 99  6H=135  4H=166  2H=118  1H=103
       Bonuses: 1H pre-pump (obv_stealth_accum) | RS vs BTC 7d +5.1%  (+7 pts)
       Entry: $0.338100  |  Stop: $0.289575 (-14.35%)  |  Risk: $1500 (1.50% acct)
       Position: $10451 (10.45% acct, qty 30911.9011)
       TP1: $0.410888 (+21.5%, 1.5R, sell 40%)
       TP2: $0.483675 (+43.1%, 3.0R, sell 35%)
       TP3: $0.580725 (+71.8%, 5.0R, sell 25%)

  [40] DOT         score= 117.3  ST=3/6  price=$1.009400      24h= -3.52%  vol=$ 17.1M
       TF:  1D= 82  12H= 85  6H=130  4H=165  2H=139  1H= 94
       Bonuses: RSI div 1D (bullish) | 1H pre-pump (obv_stealth_accum)  (+7 pts)
       Entry: $1.009400  |  Stop: $0.906200 (-10.22%)  |  Risk: $1500 (1.50% acct)
       Position: $14672 (14.67% acct, qty 14534.8837)
       TP1: $1.164200 (+15.3%, 1.5R, sell 40%)
       TP2: $1.319000 (+30.7%, 3.0R, sell 35%)
       TP3: $1.525400 (+51.1%, 5.0R, sell 25%)

  [41] ETH         score= 117.0  ST=4/6  price=$1,795.100000  24h= -1.95%  vol=$2929.7M
       TF:  1D= 57  12H= 89  6H=134  4H=146  2H=152  1H=140
       Bonuses: 1H pre-pump (obv_divergence, obv_stealth_accum) | RS vs BTC 7d +1.1%  (+9 pts)
       Entry: $1795.100000  |  Stop: $1636.976429 (-8.81%)  |  Risk: $1500 (1.50% acct)
       Position: $17029 (17.03% acct, qty 9.4863)
       TP1: $2032.285357 (+13.2%, 1.5R, sell 40%)
       TP2: $2269.470714 (+26.4%, 3.0R, sell 35%)
       TP3: $2585.717857 (+44.0%, 5.0R, sell 25%)

  [42] ENS         score= 117.0  ST=4/6  price=$5.400000      24h= -1.45%  vol=$  4.1M
       TF:  1D= 71  12H=118  6H=137  4H=123  2H=116  1H=106
       Bonuses: 1H pre-pump (obv_stealth_accum) | RS vs BTC 7d +8.9% | funding -0.0104%/8h  (+10 pts)
       Entry: $5.400000  |  Stop: $4.827000 (-10.61%)  |  Risk: $1500 (1.50% acct)
       Position: $14136 (14.14% acct, qty 2617.8010)
       TP1: $6.259500 (+15.9%, 1.5R, sell 40%)
       TP2: $7.119000 (+31.8%, 3.0R, sell 35%)
       TP3: $8.265000 (+53.1%, 5.0R, sell 25%)

  [43] AXS         score= 116.3  ST=3/6  price=$1.001200      24h= -2.00%  vol=$  2.2M
       TF:  1D= 74  12H= 89  6H=118  4H=159  2H=157  1H=104
       Bonuses: 1H pre-pump (obv_stealth_accum) | RS vs BTC 7d +0.6%  (+7 pts)
       Entry: $1.001200  |  Stop: $0.890896 (-11.02%)  |  Risk: $1500 (1.50% acct)
       Position: $13615 (13.62% acct, qty 13598.8344)
       TP1: $1.166655 (+16.5%, 1.5R, sell 40%)
       TP2: $1.332111 (+33.0%, 3.0R, sell 35%)
       TP3: $1.552718 (+55.1%, 5.0R, sell 25%)

  [44] Q           score= 114.6  ST=6/6  price=$0.017313      24h=+15.30%  vol=$  2.3M
       TF:  1D= 67  12H=120  6H=136  4H=137  2H=154  1H=154
       Entry: $0.017313  |  Stop: $0.014716 (-15.00%)  |  Risk: $1500 (1.50% acct)
       Position: $10000 (10.00% acct, qty 577600.6469)
       TP1: $0.021208 (+22.5%, 1.5R, sell 40%)
       TP2: $0.025104 (+45.0%, 3.0R, sell 35%)
       TP3: $0.030298 (+75.0%, 5.0R, sell 25%)

  [45] CFG         score= 114.6  ST=4/6  price=$0.216100      24h= +2.14%  vol=$  1.5M
       TF:  1D= 68  12H= 83  6H=130  4H=146  2H=147  1H=149
       Bonuses: RS vs BTC 7d +2.2%  (+5 pts)
       Entry: $0.216100  |  Stop: $0.183968 (-14.87%)  |  Risk: $1500 (1.50% acct)
       Position: $10088 (10.09% acct, qty 46682.2274)
       TP1: $0.264298 (+22.3%, 1.5R, sell 40%)
       TP2: $0.312496 (+44.6%, 3.0R, sell 35%)
       TP3: $0.376761 (+74.3%, 5.0R, sell 25%)

  [46] LDO         score= 114.3  ST=3/6  price=$0.273700      24h= -2.80%  vol=$  5.9M
       TF:  1D= 88  12H= 75  6H=116  4H=164  2H=145  1H=133
       Bonuses: 1H pre-pump (obv_stealth_accum)  (+2 pts)
       Entry: $0.273700  |  Stop: $0.243325 (-11.10%)  |  Risk: $1500 (1.50% acct)
       Position: $13516 (13.52% acct, qty 49382.7160)
       TP1: $0.319263 (+16.6%, 1.5R, sell 40%)
       TP2: $0.364825 (+33.3%, 3.0R, sell 35%)
       TP3: $0.425575 (+55.5%, 5.0R, sell 25%)

  [47] EDEN        score= 114.2  ST=4/6  price=$0.044560      24h= +3.98%  vol=$  2.0M
       TF:  1D= 76  12H=104  6H=132  4H=124  2H=118  1H=146
       Bonuses: RS vs BTC 7d +2.2%  (+5 pts)
       Entry: $0.044560  |  Stop: $0.037876 (-15.00%)  |  Risk: $1500 (1.50% acct)
       Position: $10000 (10.00% acct, qty 224416.5171)
       TP1: $0.054586 (+22.5%, 1.5R, sell 40%)
       TP2: $0.064612 (+45.0%, 3.0R, sell 35%)
       TP3: $0.077980 (+75.0%, 5.0R, sell 25%)

  [48] XAN         score= 114.1  ST=4/6  price=$0.009600      24h= -3.20%  vol=$  1.1M
       TF:  1D= 91  12H=107  6H=144  4H=121  2H=117  1H= 44
       Bonuses: 1H pre-pump (bb_squeeze, obv_divergence) | RS vs BTC 7d +14.3%  (+9 pts)
       Entry: $0.009600  |  Stop: $0.008160 (-15.00%)  |  Risk: $1500 (1.50% acct)
       Position: $10000 (10.00% acct, qty 1041666.6667)
       TP1: $0.011760 (+22.5%, 1.5R, sell 40%)
       TP2: $0.013920 (+45.0%, 3.0R, sell 35%)
       TP3: $0.016800 (+75.0%, 5.0R, sell 25%)

  [49] LINK        score= 113.9  ST=3/6  price=$8.294000      24h= -3.57%  vol=$ 34.1M
       TF:  1D= 82  12H= 99  6H=126  4H=164  2H=143  1H= 85
       Bonuses: 1H pre-pump (obv_stealth_accum)  (+2 pts)
       Entry: $8.294000  |  Stop: $7.543464 (-9.05%)  |  Risk: $1500 (1.50% acct)
       Position: $16576 (16.58% acct, qty 1998.5724)
       TP1: $9.419804 (+13.6%, 1.5R, sell 40%)
       TP2: $10.545607 (+27.1%, 3.0R, sell 35%)
       TP3: $12.046679 (+45.2%, 5.0R, sell 25%)

  [50] ARB         score= 113.7  ST=3/6  price=$0.086150      24h= -5.58%  vol=$ 14.8M
       TF:  1D= 73  12H= 90  6H=128  4H=176  2H= 95  1H= 63
       Bonuses: RSI div 1D (bullish) | 1H pre-pump (obv_divergence, obv_stealth_accum) | funding -0.0207%/8h  (+12 pts)
       Entry: $0.086150  |  Stop: $0.075896 (-11.90%)  |  Risk: $1500 (1.50% acct)
       Position: $12603 (12.60% acct, qty 146290.4911)
       TP1: $0.101530 (+17.9%, 1.5R, sell 40%)
       TP2: $0.116911 (+35.7%, 3.0R, sell 35%)
       TP3: $0.137418 (+59.5%, 5.0R, sell 25%)

--------------------------------------------------------------------------------
  WATCH  —  50 coin(s)  (worth tracking)
--------------------------------------------------------------------------------
  #   Symbol      Score  ST         Price    24h%   Vol $M  TF breakdown
  ------------------------------------------------------------------------------
    1 CHIP        110.6  2/6  $   0.036690 -12.32%  $   10.4  1D=108  12H= 89  6H=134  4H=129  2H= 58  1H= 82
    2 ZORA        101.7  2/6  $   0.008495  -4.11%  $    1.2  1D= 65  12H= 90  6H= 85  4H=130  2H=151  1H=101
    3 DRIFT       101.3  2/6  $   0.016780  -2.88%  $    1.6  1D= 71  12H= 95  6H= 88  4H=163  2H=128  1H= 94
    4 VELVET      100.9  2/6  $   0.370800  +8.94%  $   22.1  1D=113  12H= 73  6H= 73  4H= 81  2H=116  1H= 76
    5 ZBT         100.3  2/6  $   0.114470  +5.56%  $    2.4  1D= 73  12H= 88  6H= 64  4H=110  2H=124  1H=143
    6 PLUME        99.4  4/6  $   0.011343  -6.93%  $    1.7  1D= 71  12H= 97  6H=112  4H=153  2H= 84  1H= 83
    7 AXL          99.4  3/6  $   0.046150  -3.94%  $    1.0  1D= 92  12H= 91  6H=116  4H=111  2H= 70  1H= 40
    8 GALA         99.1  4/6  $   0.002741  -3.64%  $    7.8  1D= 84  12H= 81  6H=118  4H=153  2H= 81  1H= 50
    9 M            99.0  4/6  $   2.922500  +3.61%  $    2.7  1D= 35  12H=108  6H=111  4H=131  2H=139  1H=146
   10 IP           98.9  3/6  $   0.313200  -3.93%  $    9.4  1D= 86  12H= 69  6H= 79  4H=130  2H=102  1H= 94
   11 AVAX         98.8  4/6  $   6.835000  -2.82%  $   35.1  1D= 71  12H= 70  6H=101  4H=151  2H=119  1H=108
   12 BERA         98.8  2/6  $   0.260900  -5.89%  $    2.3  1D= 92  12H= 77  6H= 95  4H=132  2H= 67  1H= 65
   13 SAND         98.5  3/6  $   0.053990  -5.20%  $    2.5  1D= 88  12H= 85  6H=104  4H=145  2H=107  1H= 47
   14 LTC          97.6  4/6  $  45.710000  -2.12%  $   25.9  1D= 61  12H= 79  6H=126  4H=160  2H=113  1H= 33
   15 WCT          97.4  2/6  $   0.047330  -3.22%  $    2.3  1D= 84  12H= 77  6H=108  4H=114  2H=121  1H= 87
   16 WAL          97.3  3/6  $   0.035390  -8.25%  $    1.4  1D=100  12H= 99  6H=107  4H=109  2H= 46  1H= 76
   17 KITE         96.3  4/6  $   0.193140  -4.31%  $    1.2  1D=109  12H=101  6H=129  4H= 93  2H= 43  1H= 31
   18 MOVE         94.9  4/6  $   0.012050  +1.73%  $    4.5  1D= 67  12H= 89  6H= 74  4H=136  2H=138  1H=103
   19 APT          94.8  3/6  $   0.678100  -6.70%  $   19.6  1D= 55  12H= 90  6H=104  4H=148  2H= 95  1H= 52
   20 JELLYJELLY   94.7  2/6  $   0.062680  -5.59%  $    3.9  1D=153  12H= 92  6H= 65  4H= 58  2H= 35  1H= 58
   21 ME           94.6  2/6  $   0.064300  -7.13%  $    1.6  1D= 96  12H= 91  6H=124  4H=138  2H= 46  1H= 27
   22 ZKC          94.4  1/6  $   0.054000  -5.87%  $    3.7  1D=115  12H=112  6H= 58  4H= 53  2H= 47  1H= 75
   23 B            94.4  3/6  $   0.251510  -5.56%  $    1.6  1D= 88  12H=115  6H=118  4H=102  2H= 52  1H= 25
   24 AZTEC        93.9  3/6  $   0.016748  -5.65%  $    1.2  1D= 58  12H= 88  6H=115  4H=125  2H=103  1H= 97
   25 B3           93.6  3/6  $   0.000610  -3.57%  $    1.5  1D= 64  12H= 78  6H=100  4H= 91  2H=114  1H= 48
   26 SPK          92.0  2/6  $   0.020120  -4.14%  $    2.1  1D= 84  12H= 88  6H=113  4H=126  2H= 75  1H= 40
   27 TRIA         90.8  3/6  $   0.022582 +23.28%  $    1.8  1D= 38  12H= 72  6H=103  4H=102  2H=157  1H=142
   28 STX          90.7  3/6  $   0.193400  -4.59%  $    1.5  1D= 88  12H= 84  6H=112  4H=154  2H= 63  1H= 18
   29 ADA          90.4  3/6  $   0.178300  -7.36%  $   81.8  1D= 74  12H= 73  6H=114  4H=117  2H= 85  1H= 82
   30 POWER        90.4  5/6  $   0.079480  -3.07%  $    1.0  1D=114  12H= 82  6H= 94  4H= 72  2H= 91  1H= 63
   31 RENDER       90.2  4/6  $   1.791700  -6.33%  $   15.4  1D= 61  12H=102  6H=115  4H=124  2H= 65  1H= 21
   32 HBAR         89.8  4/6  $   0.082510  -2.92%  $   15.2  1D= 64  12H= 85  6H=111  4H=142  2H= 91  1H= 60
   33 GMT          89.7  3/6  $   0.008391  -3.72%  $    1.4  1D= 63  12H= 95  6H= 98  4H=151  2H= 72  1H= 21
   34 HMSTR        87.9  2/6  $   0.000170  +7.54%  $    5.2  1D= 95  12H= 60  6H= 68  4H= 96  2H= 74  1H=128
   35 RIVER        87.2  2/6  $   4.812000  -2.11%  $    2.2  1D= 35  12H= 78  6H= 67  4H=114  2H=167  1H=126
   36 W            87.1  3/6  $   0.010040  -6.82%  $    1.6  1D= 60  12H= 82  6H=115  4H=131  2H= 81  1H= 23
   37 BNB          86.3  2/6  $ 617.400000  -3.51%  $   58.8  1D= 64  12H= 80  6H=150  4H=127  2H= 26  1H= 27
   38 JASMY        85.7  3/6  $   0.005088  -7.13%  $    3.9  1D= 73  12H=127  6H= 90  4H= 91  2H= 19  1H= 34
   39 DOGE         85.4  3/6  $   0.088070  -3.20%  $  157.0  1D= 64  12H= 67  6H=120  4H=136  2H= 67  1H= 76
   40 AR           84.3  3/6  $   2.049300  -5.24%  $    1.2  1D= 48  12H= 79  6H=111  4H=144  2H= 82  1H= 20
   41 ID           82.7  4/6  $   0.027240  -4.81%  $    3.0  1D= 50  12H= 92  6H= 83  4H= 80  2H= 82  1H=110
   42 BIO          82.6  2/6  $   0.031390  -8.57%  $    4.2  1D=102  12H= 72  6H=102  4H= 62  2H= 38  1H= 55
   43 APE          82.2  3/6  $   0.128060  -5.41%  $    2.4  1D= 62  12H= 71  6H=122  4H=116  2H= 72  1H= 43
   44 ICP          79.5  4/6  $   2.419000  -5.46%  $   18.3  1D= 53  12H=116  6H=110  4H= 79  2H= 53  1H= 48
   45 NOT          79.2  3/6  $   0.000451 -12.43%  $    3.6  1D=100  12H=109  6H= 80  4H= 43  2H= 27  1H= 27
   46 IRYS         78.2  2/6  $   0.018487  -5.52%  $    1.2  1D= 77  12H= 85  6H=104  4H= 71  2H= 35  1H= 42
   47 HOME         77.4  3/6  $   0.029583  +3.97%  $   22.6  1D= 69  12H= 41  6H= 83  4H= 90  2H=102  1H= 67
   48 VVV          76.4  3/6  $  15.083000  -8.82%  $   18.1  1D= 65  12H= 69  6H= 85  4H= 70  2H= 81  1H= 64
   49 ESPORTS      74.1  1/6  $   0.062860  -4.94%  $   10.1  1D= 97  12H= 68  6H= 44  4H= 68  2H= 64  1H= 69
   50 SKR          73.7  1/6  $   0.009274  -5.30%  $    1.6  1D= 71  12H= 76  6H= 95  4H= 45  2H= 39  1H= 59

================================================================================
2026-06-16 16:01:46,032 [INFO]   Saved → trend_v3_LATEST.txt, trend_v3_LATEST.json, trend_v3_20260616_160145.txt
2026-06-16 21:25:23,712 [INFO] ================================================================
2026-06-16 21:25:23,713 [INFO] TREND SCANNER v3.0
2026-06-16 21:25:23,714 [INFO] ================================================================
2026-06-16 21:25:23,714 [INFO] Building universe (Bybit perps)...
2026-06-16 21:25:24,321 [INFO]   Universe (post-filter): 249 coins
2026-06-16 21:25:24,323 [INFO] Fetching BTC 1D for regime detection...
2026-06-16 21:25:24,899 [INFO]   Regime: BULL  |  BTC 7d +5.14%  |  24h +0.89%
2026-06-16 21:25:24,900 [INFO] Scanning 249 coins across 6 timeframes...
2026-06-16 21:25:24,901 [INFO] (this is the slowest scanner — first run ~10min, subsequent ~2-3min)
2026-06-16 21:26:11,267 [INFO]   ...20/249  (surfaced: 17)
2026-06-16 21:26:56,137 [INFO]   ...40/249  (surfaced: 34)
2026-06-16 21:27:48,397 [INFO]   ...60/249  (surfaced: 48)
2026-06-16 21:28:38,642 [INFO]   ...80/249  (surfaced: 65)
2026-06-16 21:29:48,207 [INFO]   ...100/249  (surfaced: 83)
2026-06-16 21:31:33,054 [INFO]   ...140/249  (surfaced: 116)
2026-06-16 21:32:20,443 [INFO]   ...160/249  (surfaced: 129)
2026-06-16 21:33:13,847 [INFO]   ...180/249  (surfaced: 144)
2026-06-16 21:34:02,313 [INFO]   ...200/249  (surfaced: 157)
2026-06-16 21:35:56,391 [INFO] Done in 633s  |  scanned=215  failed=34  strong=32  long=50  watch=50
2026-06-16 21:35:56,398 [INFO] 
================================================================================
  TREND SCANNER v3.0  —  multi-timeframe confirmation + trade plans
  Generated  : 2026-06-16 21:35:56
  Universe   : 249 Bybit perps  |  Scanned: 215
  Scan time  : 633s
================================================================================

  Regime     : 🟢 BULL
               BTC 7d +5.14%  |  24h +0.89%  |  $66,329

  Account    : $100,000  |  Risk/trade: 1.5%

  Tiers (bull):  STRONG ≥ 130 & ST≥4  |  LONG ≥ 100 & ST≥3  |  WATCH ≥ 70

  TF weights : 1D×0.28 · 12H×0.2 · 6H×0.15 · 4H×0.15 · 2H×0.12 · 1H×0.1

--------------------------------------------------------------------------------
  STRONG  —  32 coin(s)  (highest conviction, full position)
--------------------------------------------------------------------------------

  [ 1] SQD         score= 161.3  ST=6/6  price=$0.041560      24h=+20.34%  vol=$  3.0M
       TF:  1D=121  12H=175  6H=173  4H=167  2H=150  1H=134
       Bonuses: RSI div 1D (bullish) | RS vs BTC 7d +24.6%  (+10 pts)
       Entry: $0.041560  |  Stop: $0.035326 (-15.00%)  |  Risk: $1500 (1.50% acct)
       Position: $10000 (10.00% acct, qty 240615.9769)
       TP1: $0.050911 (+22.5%, 1.5R, sell 40%)
       TP2: $0.060262 (+45.0%, 3.0R, sell 35%)
       TP3: $0.072730 (+75.0%, 5.0R, sell 25%)

  [ 2] JTO         score= 158.1  ST=6/6  price=$0.729200      24h= +4.10%  vol=$ 88.0M
       TF:  1D=163  12H=154  6H=147  4H=139  2H=173  1H=130
       Bonuses: RS vs BTC 7d +16.7%  (+5 pts)
       Entry: $0.729200  |  Stop: $0.619820 (-15.00%)  |  Risk: $1500 (1.50% acct)
       Position: $10000 (10.00% acct, qty 13713.6588)
       TP1: $0.893270 (+22.5%, 1.5R, sell 40%)
       TP2: $1.057340 (+45.0%, 3.0R, sell 35%)
       TP3: $1.276100 (+75.0%, 5.0R, sell 25%)

  [ 3] LIT         score= 152.9  ST=6/6  price=$1.687900      24h= +5.99%  vol=$ 15.8M
       TF:  1D=154  12H=132  6H=166  4H=153  2H=154  1H=120
       Bonuses: RS vs BTC 7d +9.9%  (+5 pts)
       Entry: $1.687900  |  Stop: $1.434715 (-15.00%)  |  Risk: $1500 (1.50% acct)
       Position: $10000 (10.00% acct, qty 5924.5216)
       TP1: $2.067677 (+22.5%, 1.5R, sell 40%)
       TP2: $2.447455 (+45.0%, 3.0R, sell 35%)
       TP3: $2.953825 (+75.0%, 5.0R, sell 25%)

  [ 4] WLD         score= 151.5  ST=6/6  price=$0.586900      24h=+12.37%  vol=$262.6M
       TF:  1D=136  12H=140  6H=147  4H=140  2H=153  1H=160
       Bonuses: RSI div 1D (hidden_bullish) | RS vs BTC 7d +13.1%  (+8 pts)
       Entry: $0.586900  |  Stop: $0.498865 (-15.00%)  |  Risk: $1500 (1.50% acct)
       Position: $10000 (10.00% acct, qty 17038.6778)
       TP1: $0.718952 (+22.5%, 1.5R, sell 40%)
       TP2: $0.851005 (+45.0%, 3.0R, sell 35%)
       TP3: $1.027075 (+75.0%, 5.0R, sell 25%)

  [ 5] VELODROME   score= 151.3  ST=6/6  price=$0.016303      24h=+14.52%  vol=$  1.2M
       TF:  1D=134  12H=149  6H=154  4H=142  2H=161  1H=153
       Bonuses: RS vs BTC 7d +12.6%  (+5 pts)
       Entry: $0.016303  |  Stop: $0.014523 (-10.92%)  |  Risk: $1500 (1.50% acct)
       Position: $13735 (13.73% acct, qty 842459.9832)
       TP1: $0.018974 (+16.4%, 1.5R, sell 40%)
       TP2: $0.021645 (+32.8%, 3.0R, sell 35%)
       TP3: $0.025205 (+54.6%, 5.0R, sell 25%)

  [ 6] BR          score= 150.0  ST=6/6  price=$0.111890      24h=+68.14%  vol=$  9.2M
       TF:  1D=110  12H=173  6H=159  4H=149  2H=137  1H=140
       Bonuses: RSI div 1D (bullish) | funding -0.0242%/8h  (+8 pts)
       Entry: $0.111890  |  Stop: $0.095106 (-15.00%)  |  Risk: $1500 (1.50% acct)
       Position: $10000 (10.00% acct, qty 89373.4918)
       TP1: $0.137065 (+22.5%, 1.5R, sell 40%)
       TP2: $0.162241 (+45.0%, 3.0R, sell 35%)
       TP3: $0.195807 (+75.0%, 5.0R, sell 25%)

  [ 7] AKT         score= 149.2  ST=6/6  price=$0.822100      24h= -2.96%  vol=$  3.3M
       TF:  1D=147  12H=149  6H=172  4H=139  2H=127  1H=114
       Bonuses: RS vs BTC 7d +25.2%  (+5 pts)
       Entry: $0.822100  |  Stop: $0.703493 (-14.43%)  |  Risk: $1500 (1.50% acct)
       Position: $10397 (10.40% acct, qty 12646.7931)
       TP1: $1.000011 (+21.6%, 1.5R, sell 40%)
       TP2: $1.177921 (+43.3%, 3.0R, sell 35%)
       TP3: $1.415136 (+72.1%, 5.0R, sell 25%)

  [ 8] PARTI       score= 148.1  ST=6/6  price=$0.055840      24h= +9.71%  vol=$  1.6M
       TF:  1D=139  12H=106  6H=172  4H=137  2H=127  1H=164
       Bonuses: RSI div 1D (bullish) | RS vs BTC 7d +0.8%  (+10 pts)
       Entry: $0.055840  |  Stop: $0.047464 (-15.00%)  |  Risk: $1500 (1.50% acct)
       Position: $10000 (10.00% acct, qty 179083.0946)
       TP1: $0.068404 (+22.5%, 1.5R, sell 40%)
       TP2: $0.080968 (+45.0%, 3.0R, sell 35%)
       TP3: $0.097720 (+75.0%, 5.0R, sell 25%)

  [ 9] AERO        score= 147.5  ST=6/6  price=$0.426800      24h=+10.26%  vol=$ 30.4M
       TF:  1D=123  12H=149  6H=154  4H=140  2H=176  1H=130
       Bonuses: RS vs BTC 7d +19.9%  (+5 pts)
       Entry: $0.426800  |  Stop: $0.382379 (-10.41%)  |  Risk: $1500 (1.50% acct)
       Position: $14412 (14.41% acct, qty 33767.4867)
       TP1: $0.493432 (+15.6%, 1.5R, sell 40%)
       TP2: $0.560064 (+31.2%, 3.0R, sell 35%)
       TP3: $0.648907 (+52.0%, 5.0R, sell 25%)

  [10] MEME        score= 147.2  ST=6/6  price=$0.000610      24h= +4.30%  vol=$  4.3M
       TF:  1D=136  12H=146  6H=164  4H=160  2H=123  1H= 86
       Bonuses: RSI div 1D (hidden_bullish) | RS vs BTC 7d +12.7%  (+8 pts)
       Entry: $0.000610  |  Stop: $0.000518 (-15.00%)  |  Risk: $1500 (1.50% acct)
       Position: $10000 (10.00% acct, qty 16401508.9388)
       TP1: $0.000747 (+22.5%, 1.5R, sell 40%)
       TP2: $0.000884 (+45.0%, 3.0R, sell 35%)
       TP3: $0.001067 (+75.0%, 5.0R, sell 25%)

  [11] IO          score= 145.0  ST=6/6  price=$0.178020      24h= +2.07%  vol=$  4.3M
       TF:  1D=141  12H=140  6H=165  4H=129  2H=151  1H=103
       Bonuses: RS vs BTC 7d +15.4%  (+5 pts)
       Entry: $0.178020  |  Stop: $0.151317 (-15.00%)  |  Risk: $1500 (1.50% acct)
       Position: $10000 (10.00% acct, qty 56173.4637)
       TP1: $0.218075 (+22.5%, 1.5R, sell 40%)
       TP2: $0.258129 (+45.0%, 3.0R, sell 35%)
       TP3: $0.311535 (+75.0%, 5.0R, sell 25%)

  [12] SENT        score= 144.7  ST=6/6  price=$0.015003      24h=+35.92%  vol=$ 11.6M
       TF:  1D=115  12H=131  6H=154  4H=149  2H=154  1H=144
       Bonuses: RS vs BTC 7d +4.2% | funding -0.8099%/8h  (+8 pts)
       Entry: $0.015003  |  Stop: $0.012753 (-15.00%)  |  Risk: $1500 (1.50% acct)
       Position: $10000 (10.00% acct, qty 666533.3600)
       TP1: $0.018379 (+22.5%, 1.5R, sell 40%)
       TP2: $0.021754 (+45.0%, 3.0R, sell 35%)
       TP3: $0.026255 (+75.0%, 5.0R, sell 25%)

  [13] GPS         score= 143.8  ST=5/6  price=$0.009181      24h= -0.05%  vol=$  3.5M
       TF:  1D=143  12H=154  6H=132  4H=147  2H=124  1H= 62
       Bonuses: RSI div 1D (hidden_bullish) | 1H pre-pump (obv_stealth_accum) | RS vs BTC 7d +21.4%  (+10 pts)
       Entry: $0.009181  |  Stop: $0.007804 (-15.00%)  |  Risk: $1500 (1.50% acct)
       Position: $10000 (10.00% acct, qty 1089205.9688)
       TP1: $0.011247 (+22.5%, 1.5R, sell 40%)
       TP2: $0.013312 (+45.0%, 3.0R, sell 35%)
       TP3: $0.016067 (+75.0%, 5.0R, sell 25%)

  [14] HYPE        score= 141.6  ST=5/6  price=$66.859000     24h= +7.90%  vol=$652.9M
       TF:  1D=120  12H=149  6H=159  4H=150  2H=172  1H=112
       Entry: $66.859000  |  Stop: $56.994357 (-14.75%)  |  Risk: $1500 (1.50% acct)
       Position: $10166 (10.17% acct, qty 152.0582)
       TP1: $81.655964 (+22.1%, 1.5R, sell 40%)
       TP2: $96.452929 (+44.3%, 3.0R, sell 35%)
       TP3: $116.182214 (+73.8%, 5.0R, sell 25%)

  [15] MMT         score= 140.5  ST=6/6  price=$0.127910      24h=+10.45%  vol=$  2.9M
       TF:  1D=108  12H=131  6H=158  4H=155  2H=139  1H=154
       Bonuses: RS vs BTC 7d +14.3%  (+5 pts)
       Entry: $0.127910  |  Stop: $0.113039 (-11.63%)  |  Risk: $1500 (1.50% acct)
       Position: $12902 (12.90% acct, qty 100864.5533)
       TP1: $0.150217 (+17.4%, 1.5R, sell 40%)
       TP2: $0.172524 (+34.9%, 3.0R, sell 35%)
       TP3: $0.202267 (+58.1%, 5.0R, sell 25%)

  [16] PUFFER      score= 139.0  ST=6/6  price=$0.018510      24h=+15.65%  vol=$  4.8M
       TF:  1D=114  12H=127  6H=149  4H=135  2H=139  1H=144
       Bonuses: RS vs BTC 7d +23.9% | funding -0.1389%/8h  (+8 pts)
       Entry: $0.018510  |  Stop: $0.015734 (-15.00%)  |  Risk: $1500 (1.50% acct)
       Position: $10000 (10.00% acct, qty 540248.5143)
       TP1: $0.022675 (+22.5%, 1.5R, sell 40%)
       TP2: $0.026839 (+45.0%, 3.0R, sell 35%)
       TP3: $0.032392 (+75.0%, 5.0R, sell 25%)

  [17] UMA         score= 137.2  ST=5/6  price=$0.425000      24h=+10.05%  vol=$  1.4M
       TF:  1D= 95  12H=139  6H=150  4H=138  2H=155  1H=160
       Bonuses: RS vs BTC 7d +4.8%  (+5 pts)
       Entry: $0.425000  |  Stop: $0.386300 (-9.11%)  |  Risk: $1500 (1.50% acct)
       Position: $16473 (16.47% acct, qty 38759.6899)
       TP1: $0.483050 (+13.7%, 1.5R, sell 40%)
       TP2: $0.541100 (+27.3%, 3.0R, sell 35%)
       TP3: $0.618500 (+45.5%, 5.0R, sell 25%)

  [18] SPX         score= 137.0  ST=5/6  price=$0.339800      24h=+14.28%  vol=$ 47.3M
       TF:  1D= 76  12H=149  6H=154  4H=143  2H=149  1H=165
       Bonuses: 1H pre-pump (obv_stealth_accum) | RS vs BTC 7d +5.8%  (+7 pts)
       Entry: $0.339800  |  Stop: $0.294521 (-13.33%)  |  Risk: $1500 (1.50% acct)
       Position: $11257 (11.26% acct, qty 33128.2537)
       TP1: $0.407718 (+20.0%, 1.5R, sell 40%)
       TP2: $0.475636 (+40.0%, 3.0R, sell 35%)
       TP3: $0.566193 (+66.6%, 5.0R, sell 25%)

  [19] UNI         score= 136.0  ST=5/6  price=$2.843000      24h=+20.62%  vol=$ 68.0M
       TF:  1D= 71  12H=131  6H=147  4H=142  2H=163  1H=170
       Bonuses: RSI div 1D (bullish) | RS vs BTC 7d +8.0%  (+10 pts)
       Entry: $2.843000  |  Stop: $2.574179 (-9.46%)  |  Risk: $1500 (1.50% acct)
       Position: $15864 (15.86% acct, qty 5579.9123)
       TP1: $3.246232 (+14.2%, 1.5R, sell 40%)
       TP2: $3.649464 (+28.4%, 3.0R, sell 35%)
       TP3: $4.187107 (+47.3%, 5.0R, sell 25%)

  [20] FOLKS       score= 135.9  ST=6/6  price=$2.012500      24h= +0.86%  vol=$  2.8M
       TF:  1D=129  12H=140  6H=133  4H=134  2H=136  1H= 94
       Bonuses: 1H pre-pump (obv_divergence, obv_stealth_accum) | RS vs BTC 7d +8.1%  (+6 pts)
       Entry: $2.012500  |  Stop: $1.710625 (-15.00%)  |  Risk: $1500 (1.50% acct)
       Position: $10000 (10.00% acct, qty 4968.9441)
       TP1: $2.465313 (+22.5%, 1.5R, sell 40%)
       TP2: $2.918125 (+45.0%, 3.0R, sell 35%)
       TP3: $3.521875 (+75.0%, 5.0R, sell 25%)

  [21] ALCH        score= 135.3  ST=6/6  price=$0.074470      24h= +4.16%  vol=$  1.8M
       TF:  1D=119  12H=149  6H=143  4H=124  2H=123  1H= 74
       Bonuses: RSI div 1D (bullish) | RS vs BTC 7d +21.9%  (+10 pts)
       Entry: $0.074470  |  Stop: $0.065844 (-11.58%)  |  Risk: $1500 (1.50% acct)
       Position: $12950 (12.95% acct, qty 173891.4421)
       TP1: $0.087409 (+17.4%, 1.5R, sell 40%)
       TP2: $0.100348 (+34.8%, 3.0R, sell 35%)
       TP3: $0.117600 (+57.9%, 5.0R, sell 25%)

  [22] OPEN        score= 135.0  ST=5/6  price=$0.236410      24h= +2.50%  vol=$  1.8M
       TF:  1D=139  12H=140  6H=138  4H=107  2H=100  1H=153
       Bonuses: 1H pre-pump (obv_stealth_accum) | RS vs BTC 7d +13.6%  (+4 pts)
       Entry: $0.236410  |  Stop: $0.200949 (-15.00%)  |  Risk: $1500 (1.50% acct)
       Position: $10000 (10.00% acct, qty 42299.3951)
       TP1: $0.289602 (+22.5%, 1.5R, sell 40%)
       TP2: $0.342795 (+45.0%, 3.0R, sell 35%)
       TP3: $0.413718 (+75.0%, 5.0R, sell 25%)

  [23] HANA        score= 134.2  ST=6/6  price=$0.039695      24h= +6.67%  vol=$  5.8M
       TF:  1D=119  12H=129  6H=147  4H=141  2H=146  1H= 94
       Bonuses: RS vs BTC 7d +22.8%  (+5 pts)
       Entry: $0.039695  |  Stop: $0.035866 (-9.65%)  |  Risk: $1500 (1.50% acct)
       Position: $15550 (15.55% acct, qty 391728.9236)
       TP1: $0.045439 (+14.5%, 1.5R, sell 40%)
       TP2: $0.051183 (+28.9%, 3.0R, sell 35%)
       TP3: $0.058841 (+48.2%, 5.0R, sell 25%)

  [24] GRASS       score= 133.5  ST=5/6  price=$0.461810      24h= -0.85%  vol=$  5.0M
       TF:  1D=136  12H=127  6H=147  4H=145  2H= 85  1H= 60
       Bonuses: RSI div 1D (hidden_bullish) | 1H pre-pump (obv_divergence) | RS vs BTC 7d +26.8%  (+10 pts)
       Entry: $0.461810  |  Stop: $0.392539 (-15.00%)  |  Risk: $1500 (1.50% acct)
       Position: $10000 (10.00% acct, qty 21653.9269)
       TP1: $0.565717 (+22.5%, 1.5R, sell 40%)
       TP2: $0.669624 (+45.0%, 3.0R, sell 35%)
       TP3: $0.808168 (+75.0%, 5.0R, sell 25%)

  [25] ATOM        score= 133.4  ST=6/6  price=$1.962200      24h= +2.35%  vol=$  9.1M
       TF:  1D=121  12H=128  6H=152  4H=125  2H=133  1H=114
       Bonuses: RS vs BTC 7d +6.1%  (+5 pts)
       Entry: $1.962200  |  Stop: $1.769300 (-9.83%)  |  Risk: $1500 (1.50% acct)
       Position: $15258 (15.26% acct, qty 7776.0498)
       TP1: $2.251550 (+14.8%, 1.5R, sell 40%)
       TP2: $2.540900 (+29.5%, 3.0R, sell 35%)
       TP3: $2.926700 (+49.1%, 5.0R, sell 25%)

  [26] ROSE        score= 133.4  ST=5/6  price=$0.006925      24h= +4.79%  vol=$  2.1M
       TF:  1D= 90  12H=111  6H=145  4H=146  2H=163  1H=158
       Bonuses: 1H pre-pump (obv_stealth_accum) | RS vs BTC 7d +1.7%  (+7 pts)
       Entry: $0.006925  |  Stop: $0.006042 (-12.75%)  |  Risk: $1500 (1.50% acct)
       Position: $11764 (11.76% acct, qty 1698822.9584)
       TP1: $0.008249 (+19.1%, 1.5R, sell 40%)
       TP2: $0.009574 (+38.2%, 3.0R, sell 35%)
       TP3: $0.011340 (+63.8%, 5.0R, sell 25%)

  [27] KAITO       score= 133.3  ST=5/6  price=$0.482700      24h= +0.56%  vol=$  1.3M
       TF:  1D= 93  12H=132  6H=137  4H=131  2H=142  1H=116
       Bonuses: RSI div 1D (bullish) | 1H pre-pump (bb_squeeze) | RS vs BTC 7d +4.3%  (+12 pts)
       Entry: $0.482700  |  Stop: $0.430114 (-10.89%)  |  Risk: $1500 (1.50% acct)
       Position: $13769 (13.77% acct, qty 28524.8574)
       TP1: $0.561579 (+16.3%, 1.5R, sell 40%)
       TP2: $0.640457 (+32.7%, 3.0R, sell 35%)
       TP3: $0.745629 (+54.5%, 5.0R, sell 25%)

  [28] BSB         score= 132.8  ST=5/6  price=$0.361700      24h=+51.22%  vol=$124.7M
       TF:  1D= 98  12H=134  6H=149  4H=132  2H=139  1H=147
       Bonuses: RS vs BTC 7d +14.6%  (+5 pts)
       Entry: $0.361700  |  Stop: $0.307445 (-15.00%)  |  Risk: $1500 (1.50% acct)
       Position: $10000 (10.00% acct, qty 27647.2215)
       TP1: $0.443082 (+22.5%, 1.5R, sell 40%)
       TP2: $0.524465 (+45.0%, 3.0R, sell 35%)
       TP3: $0.632975 (+75.0%, 5.0R, sell 25%)

  [29] AAVE        score= 131.0  ST=5/6  price=$73.700000     24h= +2.29%  vol=$ 26.5M
       TF:  1D= 75  12H=123  6H=153  4H=174  2H=129  1H=139
       Bonuses: 1H pre-pump (obv_stealth_accum) | RS vs BTC 7d +11.1%  (+7 pts)
       Entry: $73.700000  |  Stop: $65.506786 (-11.12%)  |  Risk: $1500 (1.50% acct)
       Position: $13493 (13.49% acct, qty 183.0783)
       TP1: $85.989821 (+16.7%, 1.5R, sell 40%)
       TP2: $98.279643 (+33.4%, 3.0R, sell 35%)
       TP3: $114.666071 (+55.6%, 5.0R, sell 25%)

  [30] ALT         score= 130.8  ST=4/6  price=$0.006482      24h= +1.75%  vol=$  1.4M
       TF:  1D= 91  12H= 92  6H=172  4H=153  2H=161  1H=138
       Bonuses: RS vs BTC 7d +5.2%  (+5 pts)
       Entry: $0.006482  |  Stop: $0.005592 (-13.73%)  |  Risk: $1500 (1.50% acct)
       Position: $10924 (10.92% acct, qty 1685325.6290)
       TP1: $0.007817 (+20.6%, 1.5R, sell 40%)
       TP2: $0.009152 (+41.2%, 3.0R, sell 35%)
       TP3: $0.010932 (+68.7%, 5.0R, sell 25%)

  [31] ORDI        score= 130.7  ST=4/6  price=$3.380000      24h= +1.78%  vol=$  8.8M
       TF:  1D= 80  12H=101  6H=174  4H=145  2H=153  1H= 99
       Bonuses: RSI div 1D (bullish) | 1H pre-pump (obv_stealth_accum) | RS vs BTC 7d +5.2%  (+12 pts)
       Entry: $3.380000  |  Stop: $2.873000 (-15.00%)  |  Risk: $1500 (1.50% acct)
       Position: $10000 (10.00% acct, qty 2958.5799)
       TP1: $4.140500 (+22.5%, 1.5R, sell 40%)
       TP2: $4.901000 (+45.0%, 3.0R, sell 35%)
       TP3: $5.915000 (+75.0%, 5.0R, sell 25%)

  [32] EVAA        score= 130.1  ST=5/6  price=$1.272000      24h=-42.35%  vol=$ 39.8M
       TF:  1D=149  12H=142  6H=145  4H= 92  2H= 59  1H= 73
       Bonuses: RSI div 1D (bullish) | RS vs BTC 7d +258.1%  (+10 pts)
       Entry: $1.272000  |  Stop: $1.081200 (-15.00%)  |  Risk: $1500 (1.50% acct)
       Position: $10000 (10.00% acct, qty 7861.6352)
       TP1: $1.558200 (+22.5%, 1.5R, sell 40%)
       TP2: $1.844400 (+45.0%, 3.0R, sell 35%)
       TP3: $2.226000 (+75.0%, 5.0R, sell 25%)

--------------------------------------------------------------------------------
  LONG  —  50 coin(s)  (tradeable trend)
--------------------------------------------------------------------------------

  [ 1] TIA         score= 129.7  ST=5/6  price=$0.369200      24h= +3.95%  vol=$ 13.4M
       TF:  1D= 90  12H=116  6H=154  4H=147  2H=143  1H=140
       Bonuses: RS vs BTC 7d +11.0%  (+5 pts)
       Entry: $0.369200  |  Stop: $0.319057 (-13.58%)  |  Risk: $1500 (1.50% acct)
       Position: $11044 (11.04% acct, qty 29914.5299)
       TP1: $0.444414 (+20.4%, 1.5R, sell 40%)
       TP2: $0.519629 (+40.7%, 3.0R, sell 35%)
       TP3: $0.619914 (+67.9%, 5.0R, sell 25%)

  [ 2] MON         score= 129.7  ST=5/6  price=$0.022581      24h= +2.86%  vol=$  3.7M
       TF:  1D= 79  12H=109  6H=162  4H=170  2H=138  1H=124
       Bonuses: 1H pre-pump (obv_stealth_accum) | RS vs BTC 7d +3.3%  (+7 pts)
       Entry: $0.022581  |  Stop: $0.019815 (-12.25%)  |  Risk: $1500 (1.50% acct)
       Position: $12245 (12.24% acct, qty 542257.3398)
       TP1: $0.026730 (+18.4%, 1.5R, sell 40%)
       TP2: $0.030880 (+36.8%, 3.0R, sell 35%)
       TP3: $0.036412 (+61.2%, 5.0R, sell 25%)

  [ 3] EPIC        score= 129.4  ST=6/6  price=$0.495100      24h=+27.64%  vol=$  6.3M
       TF:  1D=105  12H=117  6H=128  4H=141  2H=145  1H=138
       Bonuses: RS vs BTC 7d +0.3%  (+5 pts)
       Entry: $0.495100  |  Stop: $0.420835 (-15.00%)  |  Risk: $1500 (1.50% acct)
       Position: $10000 (10.00% acct, qty 20197.9398)
       TP1: $0.606498 (+22.5%, 1.5R, sell 40%)
       TP2: $0.717895 (+45.0%, 3.0R, sell 35%)
       TP3: $0.866425 (+75.0%, 5.0R, sell 25%)

  [ 4] ARKM        score= 129.4  ST=5/6  price=$0.133060      24h= +3.42%  vol=$  2.0M
       TF:  1D=109  12H=116  6H=147  4H=164  2H=121  1H= 95
       Bonuses: RS vs BTC 7d +4.3%  (+5 pts)
       Entry: $0.133060  |  Stop: $0.113101 (-15.00%)  |  Risk: $1500 (1.50% acct)
       Position: $10000 (10.00% acct, qty 75154.0658)
       TP1: $0.162998 (+22.5%, 1.5R, sell 40%)
       TP2: $0.192937 (+45.0%, 3.0R, sell 35%)
       TP3: $0.232855 (+75.0%, 5.0R, sell 25%)

  [ 5] RUNE        score= 129.0  ST=5/6  price=$0.391800      24h= +5.67%  vol=$  2.6M
       TF:  1D= 79  12H=138  6H=147  4H=129  2H=179  1H=114
       Bonuses: RS vs BTC 7d +7.8%  (+5 pts)
       Entry: $0.391800  |  Stop: $0.340543 (-13.08%)  |  Risk: $1500 (1.50% acct)
       Position: $11466 (11.47% acct, qty 29264.2140)
       TP1: $0.468686 (+19.6%, 1.5R, sell 40%)
       TP2: $0.545571 (+39.2%, 3.0R, sell 35%)
       TP3: $0.648086 (+65.4%, 5.0R, sell 25%)

  [ 6] ZAMA        score= 129.0  ST=4/6  price=$0.031070      24h= +6.19%  vol=$  1.2M
       TF:  1D= 94  12H=122  6H=186  4H=135  2H=127  1H=119
       Bonuses: RSI div 1D (hidden_bullish)  (+3 pts)
       Entry: $0.031070  |  Stop: $0.027036 (-12.98%)  |  Risk: $1500 (1.50% acct)
       Position: $11553 (11.55% acct, qty 371845.9495)
       TP1: $0.037121 (+19.5%, 1.5R, sell 40%)
       TP2: $0.043172 (+39.0%, 3.0R, sell 35%)
       TP3: $0.051240 (+64.9%, 5.0R, sell 25%)

  [ 7] LAB         score= 128.7  ST=5/6  price=$9.553000      24h=+31.92%  vol=$ 50.2M
       TF:  1D= 92  12H=109  6H=160  4H=171  2H=132  1H=156
       Entry: $9.553000  |  Stop: $8.120050 (-15.00%)  |  Risk: $1500 (1.50% acct)
       Position: $10000 (10.00% acct, qty 1046.7916)
       TP1: $11.702425 (+22.5%, 1.5R, sell 40%)
       TP2: $13.851850 (+45.0%, 3.0R, sell 35%)
       TP3: $16.717750 (+75.0%, 5.0R, sell 25%)

  [ 8] ROAM        score= 127.6  ST=5/6  price=$0.011151      24h= -5.42%  vol=$ 10.4M
       TF:  1D=119  12H=154  6H=126  4H=150  2H= 91  1H= 62
       Bonuses: RS vs BTC 7d +89.5%  (+5 pts)
       Entry: $0.011151  |  Stop: $0.009478 (-15.00%)  |  Risk: $1500 (1.50% acct)
       Position: $10000 (10.00% acct, qty 896780.5578)
       TP1: $0.013660 (+22.5%, 1.5R, sell 40%)
       TP2: $0.016169 (+45.0%, 3.0R, sell 35%)
       TP3: $0.019514 (+75.0%, 5.0R, sell 25%)

  [ 9] XLM         score= 125.9  ST=5/6  price=$0.213590      24h= -1.28%  vol=$111.4M
       TF:  1D= 83  12H=142  6H=152  4H=131  2H=138  1H=102
       Bonuses: RS vs BTC 7d +0.4%  (+5 pts)
       Entry: $0.213590  |  Stop: $0.184080 (-13.82%)  |  Risk: $1500 (1.50% acct)
       Position: $10857 (10.86% acct, qty 50829.6119)
       TP1: $0.257856 (+20.7%, 1.5R, sell 40%)
       TP2: $0.302121 (+41.5%, 3.0R, sell 35%)
       TP3: $0.361142 (+69.1%, 5.0R, sell 25%)

  [10] ORCA        score= 125.4  ST=6/6  price=$1.139000      24h= +0.25%  vol=$  5.5M
       TF:  1D=118  12H=123  6H=154  4H=123  2H=115  1H= 74
       Bonuses: RS vs BTC 7d +4.2%  (+5 pts)
       Entry: $1.139000  |  Stop: $0.984457 (-13.57%)  |  Risk: $1500 (1.50% acct)
       Position: $11055 (11.06% acct, qty 9706.0455)
       TP1: $1.370814 (+20.4%, 1.5R, sell 40%)
       TP2: $1.602629 (+40.7%, 3.0R, sell 35%)
       TP3: $1.911714 (+67.8%, 5.0R, sell 25%)

  [11] BLESS       score= 124.9  ST=6/6  price=$0.005579      24h=+28.93%  vol=$  2.0M
       TF:  1D= 93  12H= 98  6H=115  4H=144  2H=167  1H=154
       Bonuses: RSI div 1D (bullish)  (+5 pts)
       Entry: $0.005579  |  Stop: $0.004742 (-15.00%)  |  Risk: $1500 (1.50% acct)
       Position: $10000 (10.00% acct, qty 1792435.9204)
       TP1: $0.006834 (+22.5%, 1.5R, sell 40%)
       TP2: $0.008090 (+45.0%, 3.0R, sell 35%)
       TP3: $0.009763 (+75.0%, 5.0R, sell 25%)

  [12] SPACE       score= 124.7  ST=5/6  price=$0.006639      24h=+12.96%  vol=$ 22.5M
       TF:  1D= 89  12H=135  6H=140  4H=143  2H=129  1H= 88
       Bonuses: RSI div 1D (hidden_bullish) | funding -0.1181%/8h  (+6 pts)
       Entry: $0.006639  |  Stop: $0.005643 (-15.00%)  |  Risk: $1500 (1.50% acct)
       Position: $10000 (10.00% acct, qty 1506250.9414)
       TP1: $0.008133 (+22.5%, 1.5R, sell 40%)
       TP2: $0.009627 (+45.0%, 3.0R, sell 35%)
       TP3: $0.011618 (+75.0%, 5.0R, sell 25%)

  [13] ENJ         score= 124.5  ST=5/6  price=$0.031531      24h= +5.24%  vol=$  3.2M
       TF:  1D= 92  12H=114  6H=133  4H=136  2H=144  1H=153
       Bonuses: funding -0.0193%/8h  (+3 pts)
       Entry: $0.031531  |  Stop: $0.027437 (-12.98%)  |  Risk: $1500 (1.50% acct)
       Position: $11552 (11.55% acct, qty 366377.0543)
       TP1: $0.037672 (+19.5%, 1.5R, sell 40%)
       TP2: $0.043813 (+39.0%, 3.0R, sell 35%)
       TP3: $0.052002 (+64.9%, 5.0R, sell 25%)

  [14] WLFI        score= 124.3  ST=5/6  price=$0.059920      24h= -0.48%  vol=$  8.2M
       TF:  1D=130  12H=120  6H=162  4H=101  2H=101  1H= 83
       Bonuses: 1H pre-pump (bb_squeeze, obv_stealth_accum)  (+4 pts)
       Entry: $0.059920  |  Stop: $0.053484 (-10.74%)  |  Risk: $1500 (1.50% acct)
       Position: $13965 (13.97% acct, qty 233061.4283)
       TP1: $0.069574 (+16.1%, 1.5R, sell 40%)
       TP2: $0.079228 (+32.2%, 3.0R, sell 35%)
       TP3: $0.092100 (+53.7%, 5.0R, sell 25%)

  [15] SUSHI       score= 124.1  ST=4/6  price=$0.181400      24h= +5.18%  vol=$  2.0M
       TF:  1D= 63  12H= 81  6H=124  4H=165  2H=150  1H=169
       Bonuses: RSI div 1D (bullish) | 1H pre-pump (obv_stealth_accum) | RS vs BTC 7d +2.3%  (+12 pts)
       Entry: $0.181400  |  Stop: $0.154190 (-15.00%)  |  Risk: $1500 (1.50% acct)
       Position: $10000 (10.00% acct, qty 55126.7916)
       TP1: $0.222215 (+22.5%, 1.5R, sell 40%)
       TP2: $0.263030 (+45.0%, 3.0R, sell 35%)
       TP3: $0.317450 (+75.0%, 5.0R, sell 25%)

  [16] ZEC         score= 122.9  ST=4/6  price=$518.460000    24h= -5.57%  vol=$230.5M
       TF:  1D=117  12H=123  6H=151  4H=146  2H= 95  1H= 16
       Bonuses: RSI div 1D (hidden_bullish) | RS vs BTC 7d +8.0%  (+8 pts)
       Entry: $518.460000  |  Stop: $440.691000 (-15.00%)  |  Risk: $1500 (1.50% acct)
       Position: $10000 (10.00% acct, qty 19.2879)
       TP1: $635.113500 (+22.5%, 1.5R, sell 40%)
       TP2: $751.767000 (+45.0%, 3.0R, sell 35%)
       TP3: $907.305000 (+75.0%, 5.0R, sell 25%)

  [17] ENSO        score= 122.6  ST=5/6  price=$0.680100      24h= -1.49%  vol=$  3.0M
       TF:  1D= 78  12H=130  6H=162  4H=146  2H=124  1H= 87
       Bonuses: RS vs BTC 7d +8.0%  (+5 pts)
       Entry: $0.680100  |  Stop: $0.591482 (-13.03%)  |  Risk: $1500 (1.50% acct)
       Position: $11512 (11.51% acct, qty 16926.6111)
       TP1: $0.813027 (+19.6%, 1.5R, sell 40%)
       TP2: $0.945954 (+39.1%, 3.0R, sell 35%)
       TP3: $1.123189 (+65.2%, 5.0R, sell 25%)

  [18] SOON        score= 121.5  ST=5/6  price=$0.172870      24h= +0.34%  vol=$  1.1M
       TF:  1D= 71  12H=120  6H=147  4H=135  2H=140  1H=135
       Bonuses: RS vs BTC 7d +1.9%  (+5 pts)
       Entry: $0.172870  |  Stop: $0.148757 (-13.95%)  |  Risk: $1500 (1.50% acct)
       Position: $10754 (10.75% acct, qty 62208.3981)
       TP1: $0.209039 (+20.9%, 1.5R, sell 40%)
       TP2: $0.245207 (+41.9%, 3.0R, sell 35%)
       TP3: $0.293432 (+69.7%, 5.0R, sell 25%)

  [19] JUP         score= 120.6  ST=5/6  price=$0.191200      24h= -1.20%  vol=$  8.1M
       TF:  1D=107  12H=121  6H=149  4H=142  2H=104  1H= 53
       Bonuses: RS vs BTC 7d +15.1%  (+5 pts)
       Entry: $0.191200  |  Stop: $0.165154 (-13.62%)  |  Risk: $1500 (1.50% acct)
       Position: $11011 (11.01% acct, qty 57589.4694)
       TP1: $0.230270 (+20.4%, 1.5R, sell 40%)
       TP2: $0.269339 (+40.9%, 3.0R, sell 35%)
       TP3: $0.321432 (+68.1%, 5.0R, sell 25%)

  [20] XPL         score= 120.5  ST=5/6  price=$0.090110      24h= -0.04%  vol=$ 33.0M
       TF:  1D=105  12H=127  6H=159  4H=131  2H= 85  1H= 70
       Bonuses: RS vs BTC 7d +23.5%  (+5 pts)
       Entry: $0.090110  |  Stop: $0.076593 (-15.00%)  |  Risk: $1500 (1.50% acct)
       Position: $10000 (10.00% acct, qty 110975.4744)
       TP1: $0.110385 (+22.5%, 1.5R, sell 40%)
       TP2: $0.130660 (+45.0%, 3.0R, sell 35%)
       TP3: $0.157693 (+75.0%, 5.0R, sell 25%)

  [21] CFG         score= 120.3  ST=4/6  price=$0.216100      24h= +7.32%  vol=$  2.2M
       TF:  1D= 68  12H= 83  6H=159  4H=155  2H=155  1H=140
       Bonuses: RS vs BTC 7d +2.2%  (+5 pts)
       Entry: $0.216100  |  Stop: $0.183968 (-14.87%)  |  Risk: $1500 (1.50% acct)
       Position: $10088 (10.09% acct, qty 46682.2274)
       TP1: $0.264298 (+22.3%, 1.5R, sell 40%)
       TP2: $0.312496 (+44.6%, 3.0R, sell 35%)
       TP3: $0.376761 (+74.3%, 5.0R, sell 25%)

  [22] QNT         score= 119.9  ST=4/6  price=$70.520000     24h= +1.16%  vol=$  1.0M
       TF:  1D= 87  12H=102  6H=139  4H=150  2H=142  1H= 97
       Bonuses: RS vs BTC 7d +0.4%  (+5 pts)
       Entry: $70.520000  |  Stop: $63.193571 (-10.39%)  |  Risk: $1500 (1.50% acct)
       Position: $14438 (14.44% acct, qty 204.7382)
       TP1: $81.509643 (+15.6%, 1.5R, sell 40%)
       TP2: $92.499286 (+31.2%, 3.0R, sell 35%)
       TP3: $107.152143 (+52.0%, 5.0R, sell 25%)

  [23] USELESS     score= 119.7  ST=4/6  price=$0.074720      24h= +1.16%  vol=$  5.3M
       TF:  1D=102  12H=128  6H=141  4H=137  2H= 93  1H= 57
       Bonuses: 1H pre-pump (obv_divergence) | RS vs BTC 7d +3.5%  (+7 pts)
       Entry: $0.074720  |  Stop: $0.063512 (-15.00%)  |  Risk: $1500 (1.50% acct)
       Position: $10000 (10.00% acct, qty 133832.9764)
       TP1: $0.091532 (+22.5%, 1.5R, sell 40%)
       TP2: $0.108344 (+45.0%, 3.0R, sell 35%)
       TP3: $0.130760 (+75.0%, 5.0R, sell 25%)

  [24] ENS         score= 118.8  ST=4/6  price=$5.400000      24h= +1.56%  vol=$  2.7M
       TF:  1D= 71  12H=118  6H=141  4H=130  2H=134  1H=106
       Bonuses: RS vs BTC 7d +8.9% | funding -0.0151%/8h  (+8 pts)
       Entry: $5.400000  |  Stop: $4.827000 (-10.61%)  |  Risk: $1500 (1.50% acct)
       Position: $14136 (14.14% acct, qty 2617.8010)
       TP1: $6.259500 (+15.9%, 1.5R, sell 40%)
       TP2: $7.119000 (+31.8%, 3.0R, sell 35%)
       TP3: $8.265000 (+53.1%, 5.0R, sell 25%)

  [25] EIGEN       score= 118.2  ST=5/6  price=$0.214520      24h= -3.56%  vol=$  7.2M
       TF:  1D=115  12H=133  6H=145  4H=117  2H= 83  1H= 51
       Bonuses: RS vs BTC 7d +11.3%  (+5 pts)
       Entry: $0.214520  |  Stop: $0.182342 (-15.00%)  |  Risk: $1500 (1.50% acct)
       Position: $10000 (10.00% acct, qty 46615.7002)
       TP1: $0.262787 (+22.5%, 1.5R, sell 40%)
       TP2: $0.311054 (+45.0%, 3.0R, sell 35%)
       TP3: $0.375410 (+75.0%, 5.0R, sell 25%)

  [26] CRV         score= 117.3  ST=6/6  price=$0.238300      24h= -0.84%  vol=$ 10.7M
       TF:  1D=121  12H=144  6H=130  4H=111  2H= 73  1H= 47
       Bonuses: RS vs BTC 7d +14.8%  (+5 pts)
       Entry: $0.238300  |  Stop: $0.209607 (-12.04%)  |  Risk: $1500 (1.50% acct)
       Position: $12458 (12.46% acct, qty 52277.8193)
       TP1: $0.281339 (+18.1%, 1.5R, sell 40%)
       TP2: $0.324379 (+36.1%, 3.0R, sell 35%)
       TP3: $0.381764 (+60.2%, 5.0R, sell 25%)

  [27] EDEN        score= 117.1  ST=4/6  price=$0.044560      24h= -1.25%  vol=$  2.1M
       TF:  1D= 76  12H=104  6H=147  4H=138  2H=105  1H=127
       Bonuses: 1H pre-pump (obv_stealth_accum) | RS vs BTC 7d +2.2%  (+7 pts)
       Entry: $0.044560  |  Stop: $0.037876 (-15.00%)  |  Risk: $1500 (1.50% acct)
       Position: $10000 (10.00% acct, qty 224416.5171)
       TP1: $0.054586 (+22.5%, 1.5R, sell 40%)
       TP2: $0.064612 (+45.0%, 3.0R, sell 35%)
       TP3: $0.077980 (+75.0%, 5.0R, sell 25%)

  [28] AVNT        score= 116.7  ST=4/6  price=$0.111720      24h= +1.56%  vol=$  2.3M
       TF:  1D= 64  12H= 85  6H=132  4H=147  2H=153  1H=146
       Bonuses: 1H pre-pump (obv_stealth_accum) | RS vs BTC 7d +4.7%  (+7 pts)
       Entry: $0.111720  |  Stop: $0.095610 (-14.42%)  |  Risk: $1500 (1.50% acct)
       Position: $10402 (10.40% acct, qty 93109.8696)
       TP1: $0.135885 (+21.6%, 1.5R, sell 40%)
       TP2: $0.160050 (+43.3%, 3.0R, sell 35%)
       TP3: $0.192270 (+72.1%, 5.0R, sell 25%)

  [29] CAKE        score= 116.2  ST=4/6  price=$1.402800      24h= +0.16%  vol=$  1.2M
       TF:  1D= 93  12H=124  6H=148  4H=113  2H=103  1H= 88
       Bonuses: RS vs BTC 7d +1.7%  (+5 pts)
       Entry: $1.402800  |  Stop: $1.285832 (-8.34%)  |  Risk: $1500 (1.50% acct)
       Position: $17990 (17.99% acct, qty 12824.0359)
       TP1: $1.578252 (+12.5%, 1.5R, sell 40%)
       TP2: $1.753704 (+25.0%, 3.0R, sell 35%)
       TP3: $1.987639 (+41.7%, 5.0R, sell 25%)

  [30] INJ         score= 116.1  ST=5/6  price=$5.575000      24h= -0.19%  vol=$ 33.1M
       TF:  1D=102  12H=111  6H=126  4H=149  2H=119  1H= 98
       Entry: $5.575000  |  Stop: $4.738750 (-15.00%)  |  Risk: $1500 (1.50% acct)
       Position: $10000 (10.00% acct, qty 1793.7220)
       TP1: $6.829375 (+22.5%, 1.5R, sell 40%)
       TP2: $8.083750 (+45.0%, 3.0R, sell 35%)
       TP3: $9.756250 (+75.0%, 5.0R, sell 25%)

  [31] BASED       score= 115.9  ST=4/6  price=$0.078590      24h= -1.56%  vol=$  4.2M
       TF:  1D= 97  12H=141  6H=168  4H=126  2H= 73  1H= 27
       Bonuses: RS vs BTC 7d +16.1%  (+5 pts)
       Entry: $0.078590  |  Stop: $0.066801 (-15.00%)  |  Risk: $1500 (1.50% acct)
       Position: $10000 (10.00% acct, qty 127242.6517)
       TP1: $0.096273 (+22.5%, 1.5R, sell 40%)
       TP2: $0.113956 (+45.0%, 3.0R, sell 35%)
       TP3: $0.137533 (+75.0%, 5.0R, sell 25%)

  [32] BOME        score= 115.9  ST=3/6  price=$0.000465      24h= -0.17%  vol=$  1.3M
       TF:  1D= 83  12H= 85  6H=144  4H=147  2H=119  1H= 97
       Bonuses: RSI div 1D (hidden_bullish) | RS vs BTC 7d +6.4%  (+8 pts)
       Entry: $0.000465  |  Stop: $0.000406 (-12.62%)  |  Risk: $1500 (1.50% acct)
       Position: $11884 (11.88% acct, qty 25584795.3216)
       TP1: $0.000552 (+18.9%, 1.5R, sell 40%)
       TP2: $0.000640 (+37.9%, 3.0R, sell 35%)
       TP3: $0.000758 (+63.1%, 5.0R, sell 25%)

  [33] STABLE      score= 115.3  ST=3/6  price=$0.035875      24h= -0.13%  vol=$  1.2M
       TF:  1D= 91  12H= 92  6H=137  4H=119  2H= 92  1H= 70
       Bonuses: RSI div 1D (bullish) | 1H pre-pump (bb_squeeze) | RS vs BTC 7d +3.6% | funding -0.0866%/8h  (+15 pts)
       Entry: $0.035875  |  Stop: $0.030631 (-14.62%)  |  Risk: $1500 (1.50% acct)
       Position: $10263 (10.26% acct, qty 286064.5689)
       TP1: $0.043740 (+21.9%, 1.5R, sell 40%)
       TP2: $0.051606 (+43.9%, 3.0R, sell 35%)
       TP3: $0.062093 (+73.1%, 5.0R, sell 25%)

  [34] PENDLE      score= 115.1  ST=5/6  price=$1.352400      24h= +1.26%  vol=$  5.0M
       TF:  1D= 83  12H= 88  6H=148  4H=127  2H=130  1H=124
       Bonuses: RS vs BTC 7d +1.1%  (+5 pts)
       Entry: $1.352400  |  Stop: $1.187186 (-12.22%)  |  Risk: $1500 (1.50% acct)
       Position: $12279 (12.28% acct, qty 9079.1180)
       TP1: $1.600221 (+18.3%, 1.5R, sell 40%)
       TP2: $1.848043 (+36.6%, 3.0R, sell 35%)
       TP3: $2.178471 (+61.1%, 5.0R, sell 25%)

  [35] COAI        score= 115.1  ST=3/6  price=$0.320700      24h= +4.20%  vol=$  4.4M
       TF:  1D=133  12H=116  6H=107  4H= 54  2H= 82  1H=127
       Bonuses: RSI div 1D (hidden_bullish) | RS vs BTC 7d +28.0%  (+8 pts)
       Entry: $0.320700  |  Stop: $0.272595 (-15.00%)  |  Risk: $1500 (1.50% acct)
       Position: $10000 (10.00% acct, qty 31181.7898)
       TP1: $0.392858 (+22.5%, 1.5R, sell 40%)
       TP2: $0.465015 (+45.0%, 3.0R, sell 35%)
       TP3: $0.561225 (+75.0%, 5.0R, sell 25%)

  [36] JCT         score= 114.9  ST=5/6  price=$0.006498      24h= -2.96%  vol=$  2.6M
       TF:  1D=160  12H=133  6H=100  4H= 71  2H= 42  1H= 28
       Bonuses: RSI div 1D (hidden_bullish) | 1H pre-pump (obv_divergence) | RS vs BTC 7d +27.9%  (+10 pts)
       Entry: $0.006498  |  Stop: $0.005523 (-15.00%)  |  Risk: $1500 (1.50% acct)
       Position: $10000 (10.00% acct, qty 1538935.0569)
       TP1: $0.007960 (+22.5%, 1.5R, sell 40%)
       TP2: $0.009422 (+45.0%, 3.0R, sell 35%)
       TP3: $0.011371 (+75.0%, 5.0R, sell 25%)

  [37] ALLO        score= 114.5  ST=6/6  price=$0.364600      24h= +2.90%  vol=$ 15.5M
       TF:  1D=139  12H=132  6H= 97  4H=116  2H= 95  1H= 58
       Entry: $0.364600  |  Stop: $0.309910 (-15.00%)  |  Risk: $1500 (1.50% acct)
       Position: $10000 (10.00% acct, qty 27427.3176)
       TP1: $0.446635 (+22.5%, 1.5R, sell 40%)
       TP2: $0.528670 (+45.0%, 3.0R, sell 35%)
       TP3: $0.638050 (+75.0%, 5.0R, sell 25%)

  [38] NEAR        score= 114.4  ST=3/6  price=$2.391800      24h= -6.22%  vol=$160.2M
       TF:  1D=122  12H=100  6H=153  4H=113  2H= 84  1H= 23
       Bonuses: RSI div 1D (hidden_bullish) | RS vs BTC 7d +7.2%  (+8 pts)
       Entry: $2.391800  |  Stop: $2.033030 (-15.00%)  |  Risk: $1500 (1.50% acct)
       Position: $10000 (10.00% acct, qty 4180.9516)
       TP1: $2.929955 (+22.5%, 1.5R, sell 40%)
       TP2: $3.468110 (+45.0%, 3.0R, sell 35%)
       TP3: $4.185650 (+75.0%, 5.0R, sell 25%)

  [39] INIT        score= 114.2  ST=3/6  price=$0.058640      24h= +1.42%  vol=$  1.0M
       TF:  1D= 70  12H= 84  6H=153  4H=131  2H=114  1H=145
       Bonuses: RSI div 1D (bullish) | 1H pre-pump (obv_stealth_accum)  (+7 pts)
       Entry: $0.058640  |  Stop: $0.049958 (-14.81%)  |  Risk: $1500 (1.50% acct)
       Position: $10132 (10.13% acct, qty 172775.5152)
       TP1: $0.071663 (+22.2%, 1.5R, sell 40%)
       TP2: $0.084685 (+44.4%, 3.0R, sell 35%)
       TP3: $0.102049 (+74.0%, 5.0R, sell 25%)

  [40] UAI         score= 114.1  ST=3/6  price=$0.327980      24h=-12.14%  vol=$  4.8M
       TF:  1D=165  12H=162  6H=102  4H= 53  2H= 24  1H= 44
       Bonuses: RS vs BTC 7d +12.1%  (+5 pts)
       Entry: $0.327980  |  Stop: $0.278783 (-15.00%)  |  Risk: $1500 (1.50% acct)
       Position: $10000 (10.00% acct, qty 30489.6640)
       TP1: $0.401776 (+22.5%, 1.5R, sell 40%)
       TP2: $0.475571 (+45.0%, 3.0R, sell 35%)
       TP3: $0.573965 (+75.0%, 5.0R, sell 25%)

  [41] FIDA        score= 114.1  ST=5/6  price=$0.024962      24h= -3.71%  vol=$  2.7M
       TF:  1D=100  12H=126  6H=114  4H=142  2H= 94  1H= 32
       Bonuses: RS vs BTC 7d +4.1% | funding -0.0692%/8h  (+8 pts)
       Entry: $0.024962  |  Stop: $0.021218 (-15.00%)  |  Risk: $1500 (1.50% acct)
       Position: $10000 (10.00% acct, qty 400608.9256)
       TP1: $0.030578 (+22.5%, 1.5R, sell 40%)
       TP2: $0.036195 (+45.0%, 3.0R, sell 35%)
       TP3: $0.043684 (+75.0%, 5.0R, sell 25%)

  [42] CLO         score= 113.9  ST=3/6  price=$0.204850      24h=-24.16%  vol=$ 10.2M
       TF:  1D=165  12H=147  6H= 93  4H= 31  2H= 46  1H= 92
       Bonuses: RS vs BTC 7d +28.1%  (+5 pts)
       Entry: $0.204850  |  Stop: $0.174123 (-15.00%)  |  Risk: $1500 (1.50% acct)
       Position: $10000 (10.00% acct, qty 48816.2070)
       TP1: $0.250941 (+22.5%, 1.5R, sell 40%)
       TP2: $0.297032 (+45.0%, 3.0R, sell 35%)
       TP3: $0.358488 (+75.0%, 5.0R, sell 25%)

  [43] WIF         score= 113.2  ST=3/6  price=$0.167570      24h= -0.40%  vol=$ 14.4M
       TF:  1D= 94  12H= 85  6H=140  4H=159  2H= 98  1H= 53
       Bonuses: RS vs BTC 7d +0.6% | funding -0.0300%/8h  (+8 pts)
       Entry: $0.167570  |  Stop: $0.145319 (-13.28%)  |  Risk: $1500 (1.50% acct)
       Position: $11296 (11.30% acct, qty 67411.4022)
       TP1: $0.200947 (+19.9%, 1.5R, sell 40%)
       TP2: $0.234324 (+39.8%, 3.0R, sell 35%)
       TP3: $0.278827 (+66.4%, 5.0R, sell 25%)

  [44] Q           score= 113.0  ST=6/6  price=$0.017313      24h=+16.62%  vol=$  2.6M
       TF:  1D= 67  12H=120  6H=124  4H=135  2H=137  1H=149
       Entry: $0.017313  |  Stop: $0.014716 (-15.00%)  |  Risk: $1500 (1.50% acct)
       Position: $10000 (10.00% acct, qty 577600.6469)
       TP1: $0.021208 (+22.5%, 1.5R, sell 40%)
       TP2: $0.025104 (+45.0%, 3.0R, sell 35%)
       TP3: $0.030298 (+75.0%, 5.0R, sell 25%)

  [45] FARTCOIN    score= 112.9  ST=3/6  price=$0.128670      24h= +1.36%  vol=$ 57.0M
       TF:  1D= 91  12H= 79  6H=153  4H=129  2H=119  1H=100
       Bonuses: RS vs BTC 7d +4.5%  (+5 pts)
       Entry: $0.128670  |  Stop: $0.109369 (-15.00%)  |  Risk: $1500 (1.50% acct)
       Position: $10000 (10.00% acct, qty 77718.1938)
       TP1: $0.157621 (+22.5%, 1.5R, sell 40%)
       TP2: $0.186572 (+45.0%, 3.0R, sell 35%)
       TP3: $0.225172 (+75.0%, 5.0R, sell 25%)

  [46] SOL         score= 112.8  ST=5/6  price=$73.940000     24h= -1.27%  vol=$726.1M
       TF:  1D= 67  12H=123  6H=140  4H=140  2H=119  1H= 82
       Bonuses: RS vs BTC 7d +5.6%  (+5 pts)
       Entry: $73.940000  |  Stop: $66.635000 (-9.88%)  |  Risk: $1500 (1.50% acct)
       Position: $15183 (15.18% acct, qty 205.3388)
       TP1: $84.897500 (+14.8%, 1.5R, sell 40%)
       TP2: $95.855000 (+29.6%, 3.0R, sell 35%)
       TP3: $110.465000 (+49.4%, 5.0R, sell 25%)

  [47] HYPER       score= 112.3  ST=4/6  price=$0.073590      24h= +4.59%  vol=$  1.1M
       TF:  1D= 64  12H= 87  6H=139  4H=154  2H=120  1H=136
       Bonuses: RS vs BTC 7d +2.2%  (+5 pts)
       Entry: $0.073590  |  Stop: $0.063520 (-13.68%)  |  Risk: $1500 (1.50% acct)
       Position: $10961 (10.96% acct, qty 148952.0162)
       TP1: $0.088696 (+20.5%, 1.5R, sell 40%)
       TP2: $0.103801 (+41.0%, 3.0R, sell 35%)
       TP3: $0.123942 (+68.4%, 5.0R, sell 25%)

  [48] ETHFI       score= 111.6  ST=3/6  price=$0.338100      24h= +0.44%  vol=$  3.0M
       TF:  1D= 77  12H= 99  6H=140  4H=142  2H=117  1H= 89
       Bonuses: RS vs BTC 7d +5.1%  (+5 pts)
       Entry: $0.338100  |  Stop: $0.289575 (-14.35%)  |  Risk: $1500 (1.50% acct)
       Position: $10451 (10.45% acct, qty 30911.9011)
       TP1: $0.410888 (+21.5%, 1.5R, sell 40%)
       TP2: $0.483675 (+43.1%, 3.0R, sell 35%)
       TP3: $0.580725 (+71.8%, 5.0R, sell 25%)

  [49] LDO         score= 111.4  ST=3/6  price=$0.273700      24h= +0.36%  vol=$  4.9M
       TF:  1D= 88  12H= 75  6H=141  4H=143  2H=147  1H=115
       Entry: $0.273700  |  Stop: $0.243325 (-11.10%)  |  Risk: $1500 (1.50% acct)
       Position: $13516 (13.52% acct, qty 49382.7160)
       TP1: $0.319263 (+16.6%, 1.5R, sell 40%)
       TP2: $0.364825 (+33.3%, 3.0R, sell 35%)
       TP3: $0.425575 (+55.5%, 5.0R, sell 25%)

  [50] RSR         score= 111.3  ST=4/6  price=$0.001478      24h= -0.33%  vol=$  1.0M
       TF:  1D= 95  12H= 97  6H=158  4H=127  2H= 99  1H= 57
       Bonuses: RS vs BTC 7d +1.1%  (+5 pts)
       Entry: $0.001478  |  Stop: $0.001327 (-10.23%)  |  Risk: $1500 (1.50% acct)
       Position: $14669 (14.67% acct, qty 9927669.8341)
       TP1: $0.001704 (+15.3%, 1.5R, sell 40%)
       TP2: $0.001931 (+30.7%, 3.0R, sell 35%)
       TP3: $0.002233 (+51.1%, 5.0R, sell 25%)

--------------------------------------------------------------------------------
  WATCH  —  50 coin(s)  (worth tracking)
--------------------------------------------------------------------------------
  #   Symbol      Score  ST         Price    24h%   Vol $M  TF breakdown
  ------------------------------------------------------------------------------
    1 XRP         113.8  2/6  $   1.237600  -4.09%  $  368.6  1D= 94  12H=113  6H=152  4H=139  2H= 79  1H= 67
    2 VELVET      107.9  2/6  $   0.370800 +34.84%  $   24.8  1D=113  12H= 73  6H= 76  4H= 70  2H=126  1H=146
    3 ME          102.9  2/6  $   0.064300  -0.95%  $    1.1  1D= 96  12H= 91  6H=109  4H=132  2H= 82  1H= 98
    4 CHIP        101.3  2/6  $   0.036690  -2.96%  $    7.4  1D=108  12H= 89  6H=130  4H=101  2H= 58  1H= 37
    5 OP           99.5  4/6  $   0.108500  -1.12%  $   10.9  1D= 70  12H=106  6H=140  4H= 93  2H= 83  1H= 68
    6 ONDO         98.9  4/6  $   0.369900  -1.99%  $   50.0  1D=106  12H= 82  6H=146  4H= 91  2H= 65  1H= 35
    7 TAO          98.8  4/6  $ 266.270000  -6.07%  $   71.7  1D=125  12H=133  6H=118  4H= 71  2H= 16  1H= 19
    8 B            98.4  3/6  $   0.251510  -4.20%  $    1.5  1D= 88  12H=115  6H=115  4H=101  2H= 65  1H= 56
    9 PORTAL       98.2  5/6  $   0.011865 +35.91%  $   20.3  1D= 40  12H=124  6H=103  4H=115  2H=121  1H=120
   10 IP           98.2  2/6  $   0.313200  -0.32%  $    9.4  1D= 86  12H= 69  6H= 93  4H=140  2H=116  1H= 64
   11 STRK         97.7  3/6  $   0.036320  -1.79%  $    6.2  1D= 80  12H= 97  6H=154  4H= 93  2H= 58  1H= 19
   12 TRIA         96.3  4/6  $   0.022582 +27.31%  $    5.6  1D= 38  12H= 72  6H=132  4H=127  2H=137  1H=140
   13 PIPPIN       96.0  4/6  $   0.018230  +1.24%  $    3.3  1D=114  12H= 89  6H= 98  4H=105  2H= 69  1H= 76
   14 1000FLOKI    95.6  3/6  $   0.026280  -0.07%  $    1.9  1D= 89  12H= 89  6H=141  4H=120  2H= 68  1H=  6
   15 MOODENG      95.6  3/6  $   0.042270  -1.85%  $    1.3  1D= 85  12H= 79  6H=148  4H=107  2H= 74  1H= 39
   16 ARB          95.5  2/6  $   0.086150  -1.88%  $   14.8  1D= 73  12H= 90  6H=125  4H=116  2H= 60  1H= 57
   17 BANANAS31    95.3  3/6  $   0.010352  -5.29%  $    1.8  1D= 88  12H= 75  6H=139  4H=126  2H= 74  1H= 20
   18 SUI          95.2  3/6  $   0.793000  -0.46%  $   55.6  1D= 57  12H= 89  6H=132  4H=128  2H=108  1H= 95
   19 WAL          94.8  3/6  $   0.035390  -3.49%  $    1.0  1D=100  12H= 99  6H=120  4H= 88  2H= 61  1H= 45
   20 WCT          94.5  2/6  $   0.047330  +0.61%  $    2.3  1D= 84  12H= 77  6H=119  4H=107  2H=100  1H= 97
   21 TRUMP        94.2  4/6  $   1.991000  -2.88%  $   44.1  1D=130  12H=124  6H= 52  4H= 43  2H= 46  1H= 52
   22 POPCAT       93.1  3/6  $   0.043970  -2.21%  $    3.8  1D= 79  12H= 81  6H=126  4H=123  2H= 80  1H= 28
   23 JELLYJELLY   93.1  2/6  $   0.062680  -8.11%  $    2.0  1D=153  12H= 92  6H= 63  4H= 34  2H= 40  1H= 75
   24 RIVER        93.0  3/6  $   4.812000  +4.09%  $    2.2  1D= 35  12H= 78  6H= 87  4H=128  2H=163  1H=138
   25 PLUME        92.9  3/6  $   0.011343  -2.09%  $    1.7  1D= 71  12H= 97  6H=111  4H=108  2H= 94  1H= 95
   26 STX          92.9  3/6  $   0.193400  -1.99%  $    1.5  1D= 88  12H= 84  6H=125  4H=108  2H= 86  1H= 12
   27 ASTER        91.8  4/6  $   0.648900  +0.28%  $   33.5  1D= 51  12H= 96  6H=139  4H=119  2H=113  1H= 61
   28 AVAX         91.2  3/6  $   6.835000  -0.36%  $   25.0  1D= 71  12H= 70  6H=117  4H=126  2H=112  1H= 74
   29 MOVE         89.9  4/6  $   0.012050  +2.89%  $    4.5  1D= 67  12H= 89  6H= 84  4H=108  2H=132  1H= 87
   30 PIEVERSE     89.9  3/6  $   0.704400  -3.59%  $    2.6  1D= 62  12H=103  6H=138  4H=112  2H= 50  1H= 34
   31 IOTA         89.5  3/6  $   0.049540  -3.35%  $    1.2  1D= 75  12H= 85  6H=138  4H= 98  2H= 70  1H= 27
   32 VIRTUAL      88.8  4/6  $   0.634200  -2.46%  $   20.0  1D= 85  12H=112  6H= 85  4H= 95  2H= 52  1H= 14
   33 HMSTR        88.6  2/6  $   0.000170 +11.03%  $    6.1  1D= 95  12H= 60  6H= 71  4H= 80  2H= 82  1H=145
   34 ALGO         88.6  3/6  $   0.094960  -0.79%  $    5.1  1D= 64  12H= 85  6H=114  4H=123  2H=108  1H= 52
   35 SKY          88.2  3/6  $   0.057300  -0.50%  $    1.6  1D= 68  12H= 84  6H=121  4H=103  2H= 98  1H= 50
   36 ZK           88.0  3/6  $   0.011668  -3.68%  $    3.6  1D= 68  12H= 91  6H=117  4H=108  2H= 73  1H= 32
   37 ZKC          87.4  1/6  $   0.054000  -3.19%  $    3.2  1D=115  12H=112  6H= 58  4H= 38  2H= 68  1H= 52
   38 EGLD         87.2  3/6  $   3.059000  -1.73%  $    3.3  1D= 84  12H= 85  6H=107  4H=108  2H= 64  1H= 17
   39 DASH         87.1  3/6  $  38.260000  -4.40%  $    3.7  1D= 80  12H= 98  6H=139  4H=102  2H= 64  1H= 13
   40 BERA         87.1  2/6  $   0.260900  -2.20%  $    2.2  1D= 92  12H= 77  6H= 68  4H= 95  2H= 67  1H= 34
   41 COMP         86.6  3/6  $  18.044000  -1.44%  $    1.5  1D= 98  12H=110  6H=113  4H= 84  2H= 26  1H= 25
   42 BTC          86.0  3/6  $66,287.200000  -1.19%  $ 4137.5  1D= 61  12H= 93  6H=141  4H=122  2H= 63  1H= 33
   43 SHIB1000     84.9  3/6  $   0.005058  -1.52%  $    5.5  1D= 69  12H= 90  6H=125  4H= 98  2H= 61  1H= 18
   44 GALA         84.4  3/6  $   0.002741  -1.46%  $    7.1  1D= 84  12H= 81  6H=115  4H=122  2H= 63  1H= 16
   45 NIGHT        84.0  3/6  $   0.033980  -1.42%  $    1.1  1D= 44  12H= 82  6H=116  4H= 97  2H=100  1H= 73
   46 SAND         83.4  2/6  $   0.053990  -1.73%  $    2.7  1D= 88  12H= 85  6H=117  4H= 99  2H= 58  1H= 24
   47 HBAR         82.8  3/6  $   0.082510  -2.25%  $   13.5  1D= 64  12H= 85  6H=113  4H=124  2H= 93  1H= 12
   48 JASMY        82.6  3/6  $   0.005088  -5.46%  $    3.6  1D= 73  12H=127  6H= 89  4H= 68  2H= 24  1H= 23
   49 MNT          82.1  3/6  $   0.576800  -4.08%  $    8.1  1D= 75  12H=109  6H=113  4H= 79  2H= 26  1H= 24
   50 STG          82.0  3/6  $   0.204210 +19.61%  $   26.4  1D= 72  12H= 48  6H= 64  4H=112  2H=108  1H=129

================================================================================
2026-06-16 21:35:56,511 [INFO]   Saved → trend_v3_LATEST.txt, trend_v3_LATEST.json, trend_v3_20260616_213556.txt
2026-06-16 22:49:21,982 [INFO] ================================================================
2026-06-16 22:49:21,983 [INFO] TREND SCANNER v3.0
2026-06-16 22:49:21,984 [INFO] ================================================================
2026-06-16 22:49:21,984 [INFO] Building universe (Bybit perps)...
2026-06-16 22:49:22,573 [INFO]   Universe (post-filter): 247 coins
2026-06-16 22:49:22,574 [INFO] Fetching BTC 1D for regime detection...
2026-06-16 22:49:23,039 [INFO]   Regime: BULL  |  BTC 7d +5.14%  |  24h +0.89%
2026-06-16 22:49:23,039 [INFO] Scanning 247 coins across 6 timeframes...
2026-06-16 22:49:23,040 [INFO] (this is the slowest scanner — first run ~10min, subsequent ~2-3min)
2026-06-16 22:49:27,620 [INFO]   ...20/247  (surfaced: 17)
2026-06-16 22:49:30,805 [INFO]   ...40/247  (surfaced: 34)
2026-06-16 22:49:33,542 [INFO]   ...60/247  (surfaced: 48)
2026-06-16 22:49:36,566 [INFO]   ...80/247  (surfaced: 66)
2026-06-16 22:49:39,949 [INFO]   ...100/247  (surfaced: 83)
2026-06-16 22:49:42,861 [INFO]   ...120/247  (surfaced: 100)
2026-06-16 22:49:46,281 [INFO]   ...140/247  (surfaced: 117)
2026-06-16 22:49:48,875 [INFO]   ...160/247  (surfaced: 129)
2026-06-16 22:49:51,453 [INFO]   ...180/247  (surfaced: 143)
2026-06-16 22:49:55,910 [INFO]   ...200/247  (surfaced: 157)
2026-06-16 22:50:03,069 [INFO]   ...240/247  (surfaced: 182)
2026-06-16 22:50:06,382 [INFO] Done in 44s  |  scanned=212  failed=35  strong=32  long=50  watch=50
2026-06-16 22:50:06,384 [INFO] 
================================================================================
  TREND SCANNER v3.0  —  multi-timeframe confirmation + trade plans
  Generated  : 2026-06-16 22:50:06
  Universe   : 247 Bybit perps  |  Scanned: 212
  Scan time  : 44s
================================================================================

  Regime     : 🟢 BULL
               BTC 7d +5.14%  |  24h +0.89%  |  $66,329

  Account    : $100,000  |  Risk/trade: 1.5%

  Tiers (bull):  STRONG ≥ 130 & ST≥4  |  LONG ≥ 100 & ST≥3  |  WATCH ≥ 70

  TF weights : 1D×0.28 · 12H×0.2 · 6H×0.15 · 4H×0.15 · 2H×0.12 · 1H×0.1

--------------------------------------------------------------------------------
  STRONG  —  32 coin(s)  (highest conviction, full position)
--------------------------------------------------------------------------------

  [ 1] SQD         score= 161.3  ST=6/6  price=$0.041560      24h=+21.94%  vol=$  3.3M
       TF:  1D=121  12H=175  6H=173  4H=167  2H=150  1H=134
       Bonuses: RSI div 1D (bullish) | RS vs BTC 7d +24.6%  (+10 pts)
       Entry: $0.041560  |  Stop: $0.035326 (-15.00%)  |  Risk: $1500 (1.50% acct)
       Position: $10000 (10.00% acct, qty 240615.9769)
       TP1: $0.050911 (+22.5%, 1.5R, sell 40%)
       TP2: $0.060262 (+45.0%, 3.0R, sell 35%)
       TP3: $0.072730 (+75.0%, 5.0R, sell 25%)

  [ 2] JTO         score= 158.1  ST=6/6  price=$0.729200      24h= +8.57%  vol=$ 85.0M
       TF:  1D=163  12H=154  6H=147  4H=139  2H=173  1H=130
       Bonuses: RS vs BTC 7d +16.7%  (+5 pts)
       Entry: $0.729200  |  Stop: $0.619820 (-15.00%)  |  Risk: $1500 (1.50% acct)
       Position: $10000 (10.00% acct, qty 13713.6588)
       TP1: $0.893270 (+22.5%, 1.5R, sell 40%)
       TP2: $1.057340 (+45.0%, 3.0R, sell 35%)
       TP3: $1.276100 (+75.0%, 5.0R, sell 25%)

  [ 3] LIT         score= 152.9  ST=6/6  price=$1.687900      24h= +3.89%  vol=$ 15.5M
       TF:  1D=154  12H=132  6H=166  4H=153  2H=154  1H=120
       Bonuses: RS vs BTC 7d +9.9%  (+5 pts)
       Entry: $1.687900  |  Stop: $1.434715 (-15.00%)  |  Risk: $1500 (1.50% acct)
       Position: $10000 (10.00% acct, qty 5924.5216)
       TP1: $2.067677 (+22.5%, 1.5R, sell 40%)
       TP2: $2.447455 (+45.0%, 3.0R, sell 35%)
       TP3: $2.953825 (+75.0%, 5.0R, sell 25%)

  [ 4] WLD         score= 151.5  ST=6/6  price=$0.586900      24h=+10.73%  vol=$269.1M
       TF:  1D=136  12H=140  6H=147  4H=140  2H=153  1H=160
       Bonuses: RSI div 1D (hidden_bullish) | RS vs BTC 7d +13.1%  (+8 pts)
       Entry: $0.586900  |  Stop: $0.498865 (-15.00%)  |  Risk: $1500 (1.50% acct)
       Position: $10000 (10.00% acct, qty 17038.6778)
       TP1: $0.718952 (+22.5%, 1.5R, sell 40%)
       TP2: $0.851005 (+45.0%, 3.0R, sell 35%)
       TP3: $1.027075 (+75.0%, 5.0R, sell 25%)

  [ 5] VELODROME   score= 151.3  ST=6/6  price=$0.016303      24h=+10.74%  vol=$  1.2M
       TF:  1D=134  12H=149  6H=154  4H=142  2H=161  1H=153
       Bonuses: RS vs BTC 7d +12.6%  (+5 pts)
       Entry: $0.016303  |  Stop: $0.014523 (-10.92%)  |  Risk: $1500 (1.50% acct)
       Position: $13735 (13.73% acct, qty 842459.9832)
       TP1: $0.018974 (+16.4%, 1.5R, sell 40%)
       TP2: $0.021645 (+32.8%, 3.0R, sell 35%)
       TP3: $0.025205 (+54.6%, 5.0R, sell 25%)

  [ 6] BR          score= 150.0  ST=6/6  price=$0.111890      24h=+74.64%  vol=$ 10.0M
       TF:  1D=110  12H=173  6H=159  4H=149  2H=137  1H=140
       Bonuses: RSI div 1D (bullish) | funding -0.0240%/8h  (+8 pts)
       Entry: $0.111890  |  Stop: $0.095106 (-15.00%)  |  Risk: $1500 (1.50% acct)
       Position: $10000 (10.00% acct, qty 89373.4918)
       TP1: $0.137065 (+22.5%, 1.5R, sell 40%)
       TP2: $0.162241 (+45.0%, 3.0R, sell 35%)
       TP3: $0.195807 (+75.0%, 5.0R, sell 25%)

  [ 7] AKT         score= 149.2  ST=6/6  price=$0.822100      24h= -3.19%  vol=$  3.2M
       TF:  1D=147  12H=149  6H=172  4H=139  2H=127  1H=114
       Bonuses: RS vs BTC 7d +25.2%  (+5 pts)
       Entry: $0.822100  |  Stop: $0.703493 (-14.43%)  |  Risk: $1500 (1.50% acct)
       Position: $10397 (10.40% acct, qty 12646.7931)
       TP1: $1.000011 (+21.6%, 1.5R, sell 40%)
       TP2: $1.177921 (+43.3%, 3.0R, sell 35%)
       TP3: $1.415136 (+72.1%, 5.0R, sell 25%)

  [ 8] PARTI       score= 148.1  ST=6/6  price=$0.055840      24h=+10.45%  vol=$  1.6M
       TF:  1D=139  12H=106  6H=172  4H=137  2H=127  1H=164
       Bonuses: RSI div 1D (bullish) | RS vs BTC 7d +0.8%  (+10 pts)
       Entry: $0.055840  |  Stop: $0.047464 (-15.00%)  |  Risk: $1500 (1.50% acct)
       Position: $10000 (10.00% acct, qty 179083.0946)
       TP1: $0.068404 (+22.5%, 1.5R, sell 40%)
       TP2: $0.080968 (+45.0%, 3.0R, sell 35%)
       TP3: $0.097720 (+75.0%, 5.0R, sell 25%)

  [ 9] AERO        score= 147.5  ST=6/6  price=$0.426800      24h= +7.37%  vol=$ 30.8M
       TF:  1D=123  12H=149  6H=154  4H=140  2H=176  1H=130
       Bonuses: RS vs BTC 7d +19.9%  (+5 pts)
       Entry: $0.426800  |  Stop: $0.382379 (-10.41%)  |  Risk: $1500 (1.50% acct)
       Position: $14412 (14.41% acct, qty 33767.4867)
       TP1: $0.493432 (+15.6%, 1.5R, sell 40%)
       TP2: $0.560064 (+31.2%, 3.0R, sell 35%)
       TP3: $0.648907 (+52.0%, 5.0R, sell 25%)

  [10] MEME        score= 147.2  ST=6/6  price=$0.000610      24h= +4.45%  vol=$  4.3M
       TF:  1D=136  12H=146  6H=164  4H=160  2H=123  1H= 86
       Bonuses: RSI div 1D (hidden_bullish) | RS vs BTC 7d +12.7%  (+8 pts)
       Entry: $0.000610  |  Stop: $0.000518 (-15.00%)  |  Risk: $1500 (1.50% acct)
       Position: $10000 (10.00% acct, qty 16401508.9388)
       TP1: $0.000747 (+22.5%, 1.5R, sell 40%)
       TP2: $0.000884 (+45.0%, 3.0R, sell 35%)
       TP3: $0.001067 (+75.0%, 5.0R, sell 25%)

  [11] IO          score= 145.0  ST=6/6  price=$0.178020      24h= +1.76%  vol=$  4.1M
       TF:  1D=141  12H=140  6H=165  4H=129  2H=151  1H=103
       Bonuses: RS vs BTC 7d +15.4%  (+5 pts)
       Entry: $0.178020  |  Stop: $0.151317 (-15.00%)  |  Risk: $1500 (1.50% acct)
       Position: $10000 (10.00% acct, qty 56173.4637)
       TP1: $0.218075 (+22.5%, 1.5R, sell 40%)
       TP2: $0.258129 (+45.0%, 3.0R, sell 35%)
       TP3: $0.311535 (+75.0%, 5.0R, sell 25%)

  [12] SENT        score= 144.7  ST=6/6  price=$0.015003      24h=+30.30%  vol=$ 13.2M
       TF:  1D=115  12H=131  6H=154  4H=149  2H=154  1H=144
       Bonuses: RS vs BTC 7d +4.2% | funding -0.2298%/8h  (+8 pts)
       Entry: $0.015003  |  Stop: $0.012753 (-15.00%)  |  Risk: $1500 (1.50% acct)
       Position: $10000 (10.00% acct, qty 666533.3600)
       TP1: $0.018379 (+22.5%, 1.5R, sell 40%)
       TP2: $0.021754 (+45.0%, 3.0R, sell 35%)
       TP3: $0.026255 (+75.0%, 5.0R, sell 25%)

  [13] GPS         score= 143.8  ST=5/6  price=$0.009181      24h= +1.26%  vol=$  3.4M
       TF:  1D=143  12H=154  6H=132  4H=147  2H=124  1H= 62
       Bonuses: RSI div 1D (hidden_bullish) | 1H pre-pump (obv_stealth_accum) | RS vs BTC 7d +21.4%  (+10 pts)
       Entry: $0.009181  |  Stop: $0.007804 (-15.00%)  |  Risk: $1500 (1.50% acct)
       Position: $10000 (10.00% acct, qty 1089205.9688)
       TP1: $0.011247 (+22.5%, 1.5R, sell 40%)
       TP2: $0.013312 (+45.0%, 3.0R, sell 35%)
       TP3: $0.016067 (+75.0%, 5.0R, sell 25%)

  [14] HYPE        score= 141.6  ST=5/6  price=$66.859000     24h= +8.00%  vol=$656.8M
       TF:  1D=120  12H=149  6H=159  4H=150  2H=172  1H=112
       Entry: $66.859000  |  Stop: $56.994357 (-14.75%)  |  Risk: $1500 (1.50% acct)
       Position: $10166 (10.17% acct, qty 152.0582)
       TP1: $81.655964 (+22.1%, 1.5R, sell 40%)
       TP2: $96.452929 (+44.3%, 3.0R, sell 35%)
       TP3: $116.182214 (+73.8%, 5.0R, sell 25%)

  [15] MMT         score= 140.5  ST=6/6  price=$0.127910      24h=+10.22%  vol=$  3.0M
       TF:  1D=108  12H=131  6H=158  4H=155  2H=139  1H=154
       Bonuses: RS vs BTC 7d +14.3%  (+5 pts)
       Entry: $0.127910  |  Stop: $0.113039 (-11.63%)  |  Risk: $1500 (1.50% acct)
       Position: $12902 (12.90% acct, qty 100864.5533)
       TP1: $0.150217 (+17.4%, 1.5R, sell 40%)
       TP2: $0.172524 (+34.9%, 3.0R, sell 35%)
       TP3: $0.202267 (+58.1%, 5.0R, sell 25%)

  [16] FOLKS       score= 138.9  ST=6/6  price=$2.012500      24h= +1.67%  vol=$  2.7M
       TF:  1D=129  12H=140  6H=133  4H=134  2H=136  1H= 94
       Bonuses: 1H pre-pump (obv_divergence, obv_stealth_accum) | RS vs BTC 7d +8.1%  (+9 pts)
       Entry: $2.012500  |  Stop: $1.710625 (-15.00%)  |  Risk: $1500 (1.50% acct)
       Position: $10000 (10.00% acct, qty 4968.9441)
       TP1: $2.465313 (+22.5%, 1.5R, sell 40%)
       TP2: $2.918125 (+45.0%, 3.0R, sell 35%)
       TP3: $3.521875 (+75.0%, 5.0R, sell 25%)

  [17] OPEN        score= 138.0  ST=5/6  price=$0.236410      24h= +5.12%  vol=$  1.7M
       TF:  1D=139  12H=140  6H=138  4H=107  2H=100  1H=153
       Bonuses: 1H pre-pump (obv_stealth_accum) | RS vs BTC 7d +13.6%  (+7 pts)
       Entry: $0.236410  |  Stop: $0.200949 (-15.00%)  |  Risk: $1500 (1.50% acct)
       Position: $10000 (10.00% acct, qty 42299.3951)
       TP1: $0.289602 (+22.5%, 1.5R, sell 40%)
       TP2: $0.342795 (+45.0%, 3.0R, sell 35%)
       TP3: $0.413718 (+75.0%, 5.0R, sell 25%)

  [18] UMA         score= 137.2  ST=5/6  price=$0.425000      24h=+10.33%  vol=$  1.5M
       TF:  1D= 95  12H=139  6H=150  4H=138  2H=155  1H=160
       Bonuses: RS vs BTC 7d +4.8%  (+5 pts)
       Entry: $0.425000  |  Stop: $0.386300 (-9.11%)  |  Risk: $1500 (1.50% acct)
       Position: $16473 (16.47% acct, qty 38759.6899)
       TP1: $0.483050 (+13.7%, 1.5R, sell 40%)
       TP2: $0.541100 (+27.3%, 3.0R, sell 35%)
       TP3: $0.618500 (+45.5%, 5.0R, sell 25%)

  [19] SPX         score= 137.0  ST=5/6  price=$0.339800      24h=+13.81%  vol=$ 47.8M
       TF:  1D= 76  12H=149  6H=154  4H=143  2H=149  1H=165
       Bonuses: 1H pre-pump (obv_stealth_accum) | RS vs BTC 7d +5.8%  (+7 pts)
       Entry: $0.339800  |  Stop: $0.294521 (-13.33%)  |  Risk: $1500 (1.50% acct)
       Position: $11257 (11.26% acct, qty 33128.2537)
       TP1: $0.407718 (+20.0%, 1.5R, sell 40%)
       TP2: $0.475636 (+40.0%, 3.0R, sell 35%)
       TP3: $0.566193 (+66.6%, 5.0R, sell 25%)

  [20] UNI         score= 136.0  ST=5/6  price=$2.843000      24h=+17.59%  vol=$ 71.8M
       TF:  1D= 71  12H=131  6H=147  4H=142  2H=163  1H=170
       Bonuses: RSI div 1D (bullish) | RS vs BTC 7d +8.0%  (+10 pts)
       Entry: $2.843000  |  Stop: $2.574179 (-9.46%)  |  Risk: $1500 (1.50% acct)
       Position: $15864 (15.86% acct, qty 5579.9123)
       TP1: $3.246232 (+14.2%, 1.5R, sell 40%)
       TP2: $3.649464 (+28.4%, 3.0R, sell 35%)
       TP3: $4.187107 (+47.3%, 5.0R, sell 25%)

  [21] PUFFER      score= 136.0  ST=6/6  price=$0.018510      24h=+12.68%  vol=$  4.7M
       TF:  1D=114  12H=127  6H=149  4H=135  2H=139  1H=144
       Bonuses: RS vs BTC 7d +23.9%  (+5 pts)
       Entry: $0.018510  |  Stop: $0.015734 (-15.00%)  |  Risk: $1500 (1.50% acct)
       Position: $10000 (10.00% acct, qty 540248.5143)
       TP1: $0.022675 (+22.5%, 1.5R, sell 40%)
       TP2: $0.026839 (+45.0%, 3.0R, sell 35%)
       TP3: $0.032392 (+75.0%, 5.0R, sell 25%)

  [22] ALCH        score= 135.3  ST=6/6  price=$0.074470      24h= +5.38%  vol=$  1.8M
       TF:  1D=119  12H=149  6H=143  4H=124  2H=123  1H= 74
       Bonuses: RSI div 1D (bullish) | RS vs BTC 7d +21.9%  (+10 pts)
       Entry: $0.074470  |  Stop: $0.065844 (-11.58%)  |  Risk: $1500 (1.50% acct)
       Position: $12950 (12.95% acct, qty 173891.4421)
       TP1: $0.087409 (+17.4%, 1.5R, sell 40%)
       TP2: $0.100348 (+34.8%, 3.0R, sell 35%)
       TP3: $0.117600 (+57.9%, 5.0R, sell 25%)

  [23] HANA        score= 134.2  ST=6/6  price=$0.039695      24h= +4.24%  vol=$  5.8M
       TF:  1D=119  12H=129  6H=147  4H=141  2H=146  1H= 94
       Bonuses: RS vs BTC 7d +22.8%  (+5 pts)
       Entry: $0.039695  |  Stop: $0.035866 (-9.65%)  |  Risk: $1500 (1.50% acct)
       Position: $15550 (15.55% acct, qty 391728.9236)
       TP1: $0.045439 (+14.5%, 1.5R, sell 40%)
       TP2: $0.051183 (+28.9%, 3.0R, sell 35%)
       TP3: $0.058841 (+48.2%, 5.0R, sell 25%)

  [24] GRASS       score= 133.5  ST=5/6  price=$0.461810      24h= -1.94%  vol=$  5.0M
       TF:  1D=136  12H=127  6H=147  4H=145  2H= 85  1H= 60
       Bonuses: RSI div 1D (hidden_bullish) | 1H pre-pump (obv_divergence) | RS vs BTC 7d +26.8%  (+10 pts)
       Entry: $0.461810  |  Stop: $0.392539 (-15.00%)  |  Risk: $1500 (1.50% acct)
       Position: $10000 (10.00% acct, qty 21653.9269)
       TP1: $0.565717 (+22.5%, 1.5R, sell 40%)
       TP2: $0.669624 (+45.0%, 3.0R, sell 35%)
       TP3: $0.808168 (+75.0%, 5.0R, sell 25%)

  [25] ATOM        score= 133.4  ST=6/6  price=$1.962200      24h= +1.87%  vol=$  9.3M
       TF:  1D=121  12H=128  6H=152  4H=125  2H=133  1H=114
       Bonuses: RS vs BTC 7d +6.1%  (+5 pts)
       Entry: $1.962200  |  Stop: $1.769300 (-9.83%)  |  Risk: $1500 (1.50% acct)
       Position: $15258 (15.26% acct, qty 7776.0498)
       TP1: $2.251550 (+14.8%, 1.5R, sell 40%)
       TP2: $2.540900 (+29.5%, 3.0R, sell 35%)
       TP3: $2.926700 (+49.1%, 5.0R, sell 25%)

  [26] ROSE        score= 133.4  ST=5/6  price=$0.006925      24h= +4.34%  vol=$  2.1M
       TF:  1D= 90  12H=111  6H=145  4H=146  2H=163  1H=158
       Bonuses: 1H pre-pump (obv_stealth_accum) | RS vs BTC 7d +1.7%  (+7 pts)
       Entry: $0.006925  |  Stop: $0.006042 (-12.75%)  |  Risk: $1500 (1.50% acct)
       Position: $11764 (11.76% acct, qty 1698822.9584)
       TP1: $0.008249 (+19.1%, 1.5R, sell 40%)
       TP2: $0.009574 (+38.2%, 3.0R, sell 35%)
       TP3: $0.011340 (+63.8%, 5.0R, sell 25%)

  [27] KAITO       score= 133.3  ST=5/6  price=$0.482700      24h= +0.19%  vol=$  1.4M
       TF:  1D= 93  12H=132  6H=137  4H=131  2H=142  1H=116
       Bonuses: RSI div 1D (bullish) | 1H pre-pump (bb_squeeze) | RS vs BTC 7d +4.3%  (+12 pts)
       Entry: $0.482700  |  Stop: $0.430114 (-10.89%)  |  Risk: $1500 (1.50% acct)
       Position: $13769 (13.77% acct, qty 28524.8574)
       TP1: $0.561579 (+16.3%, 1.5R, sell 40%)
       TP2: $0.640457 (+32.7%, 3.0R, sell 35%)
       TP3: $0.745629 (+54.5%, 5.0R, sell 25%)

  [28] BSB         score= 132.8  ST=5/6  price=$0.361700      24h=+49.11%  vol=$128.9M
       TF:  1D= 98  12H=134  6H=149  4H=132  2H=139  1H=147
       Bonuses: RS vs BTC 7d +14.6%  (+5 pts)
       Entry: $0.361700  |  Stop: $0.307445 (-15.00%)  |  Risk: $1500 (1.50% acct)
       Position: $10000 (10.00% acct, qty 27647.2215)
       TP1: $0.443082 (+22.5%, 1.5R, sell 40%)
       TP2: $0.524465 (+45.0%, 3.0R, sell 35%)
       TP3: $0.632975 (+75.0%, 5.0R, sell 25%)

  [29] AAVE        score= 131.0  ST=5/6  price=$73.700000     24h= +3.05%  vol=$ 27.3M
       TF:  1D= 75  12H=123  6H=153  4H=174  2H=129  1H=139
       Bonuses: 1H pre-pump (obv_stealth_accum) | RS vs BTC 7d +11.1%  (+7 pts)
       Entry: $73.700000  |  Stop: $65.506786 (-11.12%)  |  Risk: $1500 (1.50% acct)
       Position: $13493 (13.49% acct, qty 183.0783)
       TP1: $85.989821 (+16.7%, 1.5R, sell 40%)
       TP2: $98.279643 (+33.4%, 3.0R, sell 35%)
       TP3: $114.666071 (+55.6%, 5.0R, sell 25%)

  [30] ALT         score= 130.8  ST=4/6  price=$0.006482      24h= +3.15%  vol=$  1.5M
       TF:  1D= 91  12H= 92  6H=172  4H=153  2H=161  1H=138
       Bonuses: RS vs BTC 7d +5.2%  (+5 pts)
       Entry: $0.006482  |  Stop: $0.005592 (-13.73%)  |  Risk: $1500 (1.50% acct)
       Position: $10924 (10.92% acct, qty 1685325.6290)
       TP1: $0.007817 (+20.6%, 1.5R, sell 40%)
       TP2: $0.009152 (+41.2%, 3.0R, sell 35%)
       TP3: $0.010932 (+68.7%, 5.0R, sell 25%)

  [31] ORDI        score= 130.7  ST=4/6  price=$3.380000      24h= +1.49%  vol=$  8.8M
       TF:  1D= 80  12H=101  6H=174  4H=145  2H=153  1H= 99
       Bonuses: RSI div 1D (bullish) | 1H pre-pump (obv_stealth_accum) | RS vs BTC 7d +5.2%  (+12 pts)
       Entry: $3.380000  |  Stop: $2.873000 (-15.00%)  |  Risk: $1500 (1.50% acct)
       Position: $10000 (10.00% acct, qty 2958.5799)
       TP1: $4.140500 (+22.5%, 1.5R, sell 40%)
       TP2: $4.901000 (+45.0%, 3.0R, sell 35%)
       TP3: $5.915000 (+75.0%, 5.0R, sell 25%)

  [32] EVAA        score= 130.1  ST=5/6  price=$1.272000      24h=-32.89%  vol=$ 37.0M
       TF:  1D=149  12H=142  6H=145  4H= 92  2H= 59  1H= 73
       Bonuses: RSI div 1D (bullish) | RS vs BTC 7d +258.1%  (+10 pts)
       Entry: $1.272000  |  Stop: $1.081200 (-15.00%)  |  Risk: $1500 (1.50% acct)
       Position: $10000 (10.00% acct, qty 7861.6352)
       TP1: $1.558200 (+22.5%, 1.5R, sell 40%)
       TP2: $1.844400 (+45.0%, 3.0R, sell 35%)
       TP3: $2.226000 (+75.0%, 5.0R, sell 25%)

--------------------------------------------------------------------------------
  LONG  —  50 coin(s)  (tradeable trend)
--------------------------------------------------------------------------------

  [ 1] TIA         score= 129.7  ST=5/6  price=$0.369200      24h= +5.04%  vol=$ 13.7M
       TF:  1D= 90  12H=116  6H=154  4H=147  2H=143  1H=140
       Bonuses: RS vs BTC 7d +11.0%  (+5 pts)
       Entry: $0.369200  |  Stop: $0.319057 (-13.58%)  |  Risk: $1500 (1.50% acct)
       Position: $11044 (11.04% acct, qty 29914.5299)
       TP1: $0.444414 (+20.4%, 1.5R, sell 40%)
       TP2: $0.519629 (+40.7%, 3.0R, sell 35%)
       TP3: $0.619914 (+67.9%, 5.0R, sell 25%)

  [ 2] MON         score= 129.7  ST=5/6  price=$0.022581      24h= +2.62%  vol=$  3.7M
       TF:  1D= 79  12H=109  6H=162  4H=170  2H=138  1H=124
       Bonuses: 1H pre-pump (obv_stealth_accum) | RS vs BTC 7d +3.3%  (+7 pts)
       Entry: $0.022581  |  Stop: $0.019815 (-12.25%)  |  Risk: $1500 (1.50% acct)
       Position: $12245 (12.24% acct, qty 542257.3398)
       TP1: $0.026730 (+18.4%, 1.5R, sell 40%)
       TP2: $0.030880 (+36.8%, 3.0R, sell 35%)
       TP3: $0.036412 (+61.2%, 5.0R, sell 25%)

  [ 3] EPIC        score= 129.4  ST=6/6  price=$0.495100      24h=+30.62%  vol=$  6.6M
       TF:  1D=105  12H=117  6H=128  4H=141  2H=145  1H=138
       Bonuses: RS vs BTC 7d +0.3%  (+5 pts)
       Entry: $0.495100  |  Stop: $0.420835 (-15.00%)  |  Risk: $1500 (1.50% acct)
       Position: $10000 (10.00% acct, qty 20197.9398)
       TP1: $0.606498 (+22.5%, 1.5R, sell 40%)
       TP2: $0.717895 (+45.0%, 3.0R, sell 35%)
       TP3: $0.866425 (+75.0%, 5.0R, sell 25%)

  [ 4] ARKM        score= 129.4  ST=5/6  price=$0.133060      24h= +3.91%  vol=$  1.9M
       TF:  1D=109  12H=116  6H=147  4H=164  2H=121  1H= 95
       Bonuses: RS vs BTC 7d +4.3%  (+5 pts)
       Entry: $0.133060  |  Stop: $0.113101 (-15.00%)  |  Risk: $1500 (1.50% acct)
       Position: $10000 (10.00% acct, qty 75154.0658)
       TP1: $0.162998 (+22.5%, 1.5R, sell 40%)
       TP2: $0.192937 (+45.0%, 3.0R, sell 35%)
       TP3: $0.232855 (+75.0%, 5.0R, sell 25%)

  [ 5] RUNE        score= 129.0  ST=5/6  price=$0.391800      24h= +5.01%  vol=$  2.7M
       TF:  1D= 79  12H=138  6H=147  4H=129  2H=179  1H=114
       Bonuses: RS vs BTC 7d +7.8%  (+5 pts)
       Entry: $0.391800  |  Stop: $0.340543 (-13.08%)  |  Risk: $1500 (1.50% acct)
       Position: $11466 (11.47% acct, qty 29264.2140)
       TP1: $0.468686 (+19.6%, 1.5R, sell 40%)
       TP2: $0.545571 (+39.2%, 3.0R, sell 35%)
       TP3: $0.648086 (+65.4%, 5.0R, sell 25%)

  [ 6] ZAMA        score= 129.0  ST=4/6  price=$0.031070      24h= +6.41%  vol=$  1.2M
       TF:  1D= 94  12H=122  6H=186  4H=135  2H=127  1H=119
       Bonuses: RSI div 1D (hidden_bullish)  (+3 pts)
       Entry: $0.031070  |  Stop: $0.027036 (-12.98%)  |  Risk: $1500 (1.50% acct)
       Position: $11553 (11.55% acct, qty 371845.9495)
       TP1: $0.037121 (+19.5%, 1.5R, sell 40%)
       TP2: $0.043172 (+39.0%, 3.0R, sell 35%)
       TP3: $0.051240 (+64.9%, 5.0R, sell 25%)

  [ 7] LAB         score= 128.7  ST=5/6  price=$9.553000      24h=+32.74%  vol=$ 51.6M
       TF:  1D= 92  12H=109  6H=160  4H=171  2H=132  1H=156
       Entry: $9.553000  |  Stop: $8.120050 (-15.00%)  |  Risk: $1500 (1.50% acct)
       Position: $10000 (10.00% acct, qty 1046.7916)
       TP1: $11.702425 (+22.5%, 1.5R, sell 40%)
       TP2: $13.851850 (+45.0%, 3.0R, sell 35%)
       TP3: $16.717750 (+75.0%, 5.0R, sell 25%)

  [ 8] ROAM        score= 127.6  ST=5/6  price=$0.011151      24h= -6.76%  vol=$  9.7M
       TF:  1D=119  12H=154  6H=126  4H=150  2H= 91  1H= 62
       Bonuses: RS vs BTC 7d +89.5%  (+5 pts)
       Entry: $0.011151  |  Stop: $0.009478 (-15.00%)  |  Risk: $1500 (1.50% acct)
       Position: $10000 (10.00% acct, qty 896780.5578)
       TP1: $0.013660 (+22.5%, 1.5R, sell 40%)
       TP2: $0.016169 (+45.0%, 3.0R, sell 35%)
       TP3: $0.019514 (+75.0%, 5.0R, sell 25%)

  [ 9] XLM         score= 125.9  ST=5/6  price=$0.213590      24h= +1.33%  vol=$108.4M
       TF:  1D= 83  12H=142  6H=152  4H=131  2H=138  1H=102
       Bonuses: RS vs BTC 7d +0.4%  (+5 pts)
       Entry: $0.213590  |  Stop: $0.184080 (-13.82%)  |  Risk: $1500 (1.50% acct)
       Position: $10857 (10.86% acct, qty 50829.6119)
       TP1: $0.257856 (+20.7%, 1.5R, sell 40%)
       TP2: $0.302121 (+41.5%, 3.0R, sell 35%)
       TP3: $0.361142 (+69.1%, 5.0R, sell 25%)

  [10] ORCA        score= 125.4  ST=6/6  price=$1.139000      24h= +0.38%  vol=$  5.4M
       TF:  1D=118  12H=123  6H=154  4H=123  2H=115  1H= 74
       Bonuses: RS vs BTC 7d +4.2%  (+5 pts)
       Entry: $1.139000  |  Stop: $0.984457 (-13.57%)  |  Risk: $1500 (1.50% acct)
       Position: $11055 (11.06% acct, qty 9706.0455)
       TP1: $1.370814 (+20.4%, 1.5R, sell 40%)
       TP2: $1.602629 (+40.7%, 3.0R, sell 35%)
       TP3: $1.911714 (+67.8%, 5.0R, sell 25%)

  [11] BLESS       score= 124.9  ST=6/6  price=$0.005579      24h=+27.56%  vol=$  2.4M
       TF:  1D= 93  12H= 98  6H=115  4H=144  2H=167  1H=154
       Bonuses: RSI div 1D (bullish)  (+5 pts)
       Entry: $0.005579  |  Stop: $0.004742 (-15.00%)  |  Risk: $1500 (1.50% acct)
       Position: $10000 (10.00% acct, qty 1792435.9204)
       TP1: $0.006834 (+22.5%, 1.5R, sell 40%)
       TP2: $0.008090 (+45.0%, 3.0R, sell 35%)
       TP3: $0.009763 (+75.0%, 5.0R, sell 25%)

  [12] SPACE       score= 124.7  ST=5/6  price=$0.006639      24h=+13.96%  vol=$ 22.6M
       TF:  1D= 89  12H=135  6H=140  4H=143  2H=129  1H= 88
       Bonuses: RSI div 1D (hidden_bullish) | funding -0.1320%/8h  (+6 pts)
       Entry: $0.006639  |  Stop: $0.005643 (-15.00%)  |  Risk: $1500 (1.50% acct)
       Position: $10000 (10.00% acct, qty 1506250.9414)
       TP1: $0.008133 (+22.5%, 1.5R, sell 40%)
       TP2: $0.009627 (+45.0%, 3.0R, sell 35%)
       TP3: $0.011618 (+75.0%, 5.0R, sell 25%)

  [13] ENJ         score= 124.5  ST=5/6  price=$0.031531      24h= +4.94%  vol=$  3.3M
       TF:  1D= 92  12H=114  6H=133  4H=136  2H=144  1H=153
       Bonuses: funding -0.0159%/8h  (+3 pts)
       Entry: $0.031531  |  Stop: $0.027437 (-12.98%)  |  Risk: $1500 (1.50% acct)
       Position: $11552 (11.55% acct, qty 366377.0543)
       TP1: $0.037672 (+19.5%, 1.5R, sell 40%)
       TP2: $0.043813 (+39.0%, 3.0R, sell 35%)
       TP3: $0.052002 (+64.9%, 5.0R, sell 25%)

  [14] WLFI        score= 124.3  ST=5/6  price=$0.059920      24h= +0.00%  vol=$  8.0M
       TF:  1D=130  12H=120  6H=162  4H=101  2H=101  1H= 83
       Bonuses: 1H pre-pump (bb_squeeze, obv_stealth_accum)  (+4 pts)
       Entry: $0.059920  |  Stop: $0.053484 (-10.74%)  |  Risk: $1500 (1.50% acct)
       Position: $13965 (13.97% acct, qty 233061.4283)
       TP1: $0.069574 (+16.1%, 1.5R, sell 40%)
       TP2: $0.079228 (+32.2%, 3.0R, sell 35%)
       TP3: $0.092100 (+53.7%, 5.0R, sell 25%)

  [15] SUSHI       score= 124.1  ST=4/6  price=$0.181400      24h= +5.48%  vol=$  2.1M
       TF:  1D= 63  12H= 81  6H=124  4H=165  2H=150  1H=169
       Bonuses: RSI div 1D (bullish) | 1H pre-pump (obv_stealth_accum) | RS vs BTC 7d +2.3%  (+12 pts)
       Entry: $0.181400  |  Stop: $0.154190 (-15.00%)  |  Risk: $1500 (1.50% acct)
       Position: $10000 (10.00% acct, qty 55126.7916)
       TP1: $0.222215 (+22.5%, 1.5R, sell 40%)
       TP2: $0.263030 (+45.0%, 3.0R, sell 35%)
       TP3: $0.317450 (+75.0%, 5.0R, sell 25%)

  [16] ZEC         score= 122.9  ST=4/6  price=$518.460000    24h= -2.89%  vol=$223.9M
       TF:  1D=117  12H=123  6H=151  4H=146  2H= 95  1H= 16
       Bonuses: RSI div 1D (hidden_bullish) | RS vs BTC 7d +8.0%  (+8 pts)
       Entry: $518.460000  |  Stop: $440.691000 (-15.00%)  |  Risk: $1500 (1.50% acct)
       Position: $10000 (10.00% acct, qty 19.2879)
       TP1: $635.113500 (+22.5%, 1.5R, sell 40%)
       TP2: $751.767000 (+45.0%, 3.0R, sell 35%)
       TP3: $907.305000 (+75.0%, 5.0R, sell 25%)

  [17] ENSO        score= 122.6  ST=5/6  price=$0.680100      24h= -0.48%  vol=$  2.9M
       TF:  1D= 78  12H=130  6H=162  4H=146  2H=124  1H= 87
       Bonuses: RS vs BTC 7d +8.0%  (+5 pts)
       Entry: $0.680100  |  Stop: $0.591482 (-13.03%)  |  Risk: $1500 (1.50% acct)
       Position: $11512 (11.51% acct, qty 16926.6111)
       TP1: $0.813027 (+19.6%, 1.5R, sell 40%)
       TP2: $0.945954 (+39.1%, 3.0R, sell 35%)
       TP3: $1.123189 (+65.2%, 5.0R, sell 25%)

  [18] SOON        score= 121.5  ST=5/6  price=$0.172870      24h= +0.19%  vol=$  1.1M
       TF:  1D= 71  12H=120  6H=147  4H=135  2H=140  1H=135
       Bonuses: RS vs BTC 7d +1.9%  (+5 pts)
       Entry: $0.172870  |  Stop: $0.148757 (-13.95%)  |  Risk: $1500 (1.50% acct)
       Position: $10754 (10.75% acct, qty 62208.3981)
       TP1: $0.209039 (+20.9%, 1.5R, sell 40%)
       TP2: $0.245207 (+41.9%, 3.0R, sell 35%)
       TP3: $0.293432 (+69.7%, 5.0R, sell 25%)

  [19] JUP         score= 120.6  ST=5/6  price=$0.191200      24h= -0.75%  vol=$  8.0M
       TF:  1D=107  12H=121  6H=149  4H=142  2H=104  1H= 53
       Bonuses: RS vs BTC 7d +15.1%  (+5 pts)
       Entry: $0.191200  |  Stop: $0.165154 (-13.62%)  |  Risk: $1500 (1.50% acct)
       Position: $11011 (11.01% acct, qty 57589.4694)
       TP1: $0.230270 (+20.4%, 1.5R, sell 40%)
       TP2: $0.269339 (+40.9%, 3.0R, sell 35%)
       TP3: $0.321432 (+68.1%, 5.0R, sell 25%)

  [20] XPL         score= 120.5  ST=5/6  price=$0.090110      24h= +1.89%  vol=$ 33.0M
       TF:  1D=105  12H=127  6H=159  4H=131  2H= 85  1H= 70
       Bonuses: RS vs BTC 7d +23.5%  (+5 pts)
       Entry: $0.090110  |  Stop: $0.076593 (-15.00%)  |  Risk: $1500 (1.50% acct)
       Position: $10000 (10.00% acct, qty 110975.4744)
       TP1: $0.110385 (+22.5%, 1.5R, sell 40%)
       TP2: $0.130660 (+45.0%, 3.0R, sell 35%)
       TP3: $0.157693 (+75.0%, 5.0R, sell 25%)

  [21] CFG         score= 120.3  ST=4/6  price=$0.216100      24h= +5.69%  vol=$  2.3M
       TF:  1D= 68  12H= 83  6H=159  4H=155  2H=155  1H=140
       Bonuses: RS vs BTC 7d +2.2%  (+5 pts)
       Entry: $0.216100  |  Stop: $0.183968 (-14.87%)  |  Risk: $1500 (1.50% acct)
       Position: $10088 (10.09% acct, qty 46682.2274)
       TP1: $0.264298 (+22.3%, 1.5R, sell 40%)
       TP2: $0.312496 (+44.6%, 3.0R, sell 35%)
       TP3: $0.376761 (+74.3%, 5.0R, sell 25%)

  [22] QNT         score= 119.9  ST=4/6  price=$70.520000     24h= +0.73%  vol=$  1.1M
       TF:  1D= 87  12H=102  6H=139  4H=150  2H=142  1H= 97
       Bonuses: RS vs BTC 7d +0.4%  (+5 pts)
       Entry: $70.520000  |  Stop: $63.193571 (-10.39%)  |  Risk: $1500 (1.50% acct)
       Position: $14438 (14.44% acct, qty 204.7382)
       TP1: $81.509643 (+15.6%, 1.5R, sell 40%)
       TP2: $92.499286 (+31.2%, 3.0R, sell 35%)
       TP3: $107.152143 (+52.0%, 5.0R, sell 25%)

  [23] USELESS     score= 119.7  ST=4/6  price=$0.074720      24h= +2.50%  vol=$  5.2M
       TF:  1D=102  12H=128  6H=141  4H=137  2H= 93  1H= 57
       Bonuses: 1H pre-pump (obv_divergence) | RS vs BTC 7d +3.5%  (+7 pts)
       Entry: $0.074720  |  Stop: $0.063512 (-15.00%)  |  Risk: $1500 (1.50% acct)
       Position: $10000 (10.00% acct, qty 133832.9764)
       TP1: $0.091532 (+22.5%, 1.5R, sell 40%)
       TP2: $0.108344 (+45.0%, 3.0R, sell 35%)
       TP3: $0.130760 (+75.0%, 5.0R, sell 25%)

  [24] EIGEN       score= 118.2  ST=5/6  price=$0.214520      24h= -4.20%  vol=$  7.3M
       TF:  1D=115  12H=133  6H=145  4H=117  2H= 83  1H= 51
       Bonuses: RS vs BTC 7d +11.3%  (+5 pts)
       Entry: $0.214520  |  Stop: $0.182342 (-15.00%)  |  Risk: $1500 (1.50% acct)
       Position: $10000 (10.00% acct, qty 46615.7002)
       TP1: $0.262787 (+22.5%, 1.5R, sell 40%)
       TP2: $0.311054 (+45.0%, 3.0R, sell 35%)
       TP3: $0.375410 (+75.0%, 5.0R, sell 25%)

  [25] CRV         score= 117.3  ST=6/6  price=$0.238300      24h= -0.50%  vol=$ 10.9M
       TF:  1D=121  12H=144  6H=130  4H=111  2H= 73  1H= 47
       Bonuses: RS vs BTC 7d +14.8%  (+5 pts)
       Entry: $0.238300  |  Stop: $0.209607 (-12.04%)  |  Risk: $1500 (1.50% acct)
       Position: $12458 (12.46% acct, qty 52277.8193)
       TP1: $0.281339 (+18.1%, 1.5R, sell 40%)
       TP2: $0.324379 (+36.1%, 3.0R, sell 35%)
       TP3: $0.381764 (+60.2%, 5.0R, sell 25%)

  [26] EDEN        score= 117.1  ST=4/6  price=$0.044560      24h= -2.51%  vol=$  2.3M
       TF:  1D= 76  12H=104  6H=147  4H=138  2H=105  1H=127
       Bonuses: 1H pre-pump (obv_stealth_accum) | RS vs BTC 7d +2.2%  (+7 pts)
       Entry: $0.044560  |  Stop: $0.037876 (-15.00%)  |  Risk: $1500 (1.50% acct)
       Position: $10000 (10.00% acct, qty 224416.5171)
       TP1: $0.054586 (+22.5%, 1.5R, sell 40%)
       TP2: $0.064612 (+45.0%, 3.0R, sell 35%)
       TP3: $0.077980 (+75.0%, 5.0R, sell 25%)

  [27] WAVES       score= 116.7  ST=5/6  price=$0.271200      24h= +7.85%  vol=$  4.6M
       TF:  1D= 84  12H=112  6H=141  4H=111  2H=128  1H= 96
       Bonuses: RSI div 1D (bullish) | funding -0.0631%/8h  (+8 pts)
       Entry: $0.271200  |  Stop: $0.231975 (-14.46%)  |  Risk: $1500 (1.50% acct)
       Position: $10371 (10.37% acct, qty 38240.9178)
       TP1: $0.330037 (+21.7%, 1.5R, sell 40%)
       TP2: $0.388875 (+43.4%, 3.0R, sell 35%)
       TP3: $0.467325 (+72.3%, 5.0R, sell 25%)

  [28] AVNT        score= 116.7  ST=4/6  price=$0.111720      24h= +1.57%  vol=$  2.3M
       TF:  1D= 64  12H= 85  6H=132  4H=147  2H=153  1H=146
       Bonuses: 1H pre-pump (obv_stealth_accum) | RS vs BTC 7d +4.7%  (+7 pts)
       Entry: $0.111720  |  Stop: $0.095610 (-14.42%)  |  Risk: $1500 (1.50% acct)
       Position: $10402 (10.40% acct, qty 93109.8696)
       TP1: $0.135885 (+21.6%, 1.5R, sell 40%)
       TP2: $0.160050 (+43.3%, 3.0R, sell 35%)
       TP3: $0.192270 (+72.1%, 5.0R, sell 25%)

  [29] CAKE        score= 116.2  ST=4/6  price=$1.402800      24h= +0.74%  vol=$  1.2M
       TF:  1D= 93  12H=124  6H=148  4H=113  2H=103  1H= 88
       Bonuses: RS vs BTC 7d +1.7%  (+5 pts)
       Entry: $1.402800  |  Stop: $1.285832 (-8.34%)  |  Risk: $1500 (1.50% acct)
       Position: $17990 (17.99% acct, qty 12824.0359)
       TP1: $1.578252 (+12.5%, 1.5R, sell 40%)
       TP2: $1.753704 (+25.0%, 3.0R, sell 35%)
       TP3: $1.987639 (+41.7%, 5.0R, sell 25%)

  [30] INJ         score= 116.1  ST=5/6  price=$5.575000      24h= -0.14%  vol=$ 32.2M
       TF:  1D=102  12H=111  6H=126  4H=149  2H=119  1H= 98
       Entry: $5.575000  |  Stop: $4.738750 (-15.00%)  |  Risk: $1500 (1.50% acct)
       Position: $10000 (10.00% acct, qty 1793.7220)
       TP1: $6.829375 (+22.5%, 1.5R, sell 40%)
       TP2: $8.083750 (+45.0%, 3.0R, sell 35%)
       TP3: $9.756250 (+75.0%, 5.0R, sell 25%)

  [31] BASED       score= 115.9  ST=4/6  price=$0.078590      24h= -0.13%  vol=$  4.1M
       TF:  1D= 97  12H=141  6H=168  4H=126  2H= 73  1H= 27
       Bonuses: RS vs BTC 7d +16.1%  (+5 pts)
       Entry: $0.078590  |  Stop: $0.066801 (-15.00%)  |  Risk: $1500 (1.50% acct)
       Position: $10000 (10.00% acct, qty 127242.6517)
       TP1: $0.096273 (+22.5%, 1.5R, sell 40%)
       TP2: $0.113956 (+45.0%, 3.0R, sell 35%)
       TP3: $0.137533 (+75.0%, 5.0R, sell 25%)

  [32] BOME        score= 115.9  ST=3/6  price=$0.000465      24h= +0.23%  vol=$  1.3M
       TF:  1D= 83  12H= 85  6H=144  4H=147  2H=119  1H= 97
       Bonuses: RSI div 1D (hidden_bullish) | RS vs BTC 7d +6.4%  (+8 pts)
       Entry: $0.000465  |  Stop: $0.000406 (-12.62%)  |  Risk: $1500 (1.50% acct)
       Position: $11884 (11.88% acct, qty 25584795.3216)
       TP1: $0.000552 (+18.9%, 1.5R, sell 40%)
       TP2: $0.000640 (+37.9%, 3.0R, sell 35%)
       TP3: $0.000758 (+63.1%, 5.0R, sell 25%)

  [33] ENS         score= 115.8  ST=4/6  price=$5.400000      24h= +0.28%  vol=$  2.6M
       TF:  1D= 71  12H=118  6H=141  4H=130  2H=134  1H=106
       Bonuses: RS vs BTC 7d +8.9%  (+5 pts)
       Entry: $5.400000  |  Stop: $4.827000 (-10.61%)  |  Risk: $1500 (1.50% acct)
       Position: $14136 (14.14% acct, qty 2617.8010)
       TP1: $6.259500 (+15.9%, 1.5R, sell 40%)
       TP2: $7.119000 (+31.8%, 3.0R, sell 35%)
       TP3: $8.265000 (+53.1%, 5.0R, sell 25%)

  [34] HYPER       score= 115.3  ST=4/6  price=$0.073590      24h= +5.54%  vol=$  1.2M
       TF:  1D= 64  12H= 87  6H=139  4H=154  2H=120  1H=136
       Bonuses: RS vs BTC 7d +2.2% | funding -0.0367%/8h  (+8 pts)
       Entry: $0.073590  |  Stop: $0.063520 (-13.68%)  |  Risk: $1500 (1.50% acct)
       Position: $10961 (10.96% acct, qty 148952.0162)
       TP1: $0.088696 (+20.5%, 1.5R, sell 40%)
       TP2: $0.103801 (+41.0%, 3.0R, sell 35%)
       TP3: $0.123942 (+68.4%, 5.0R, sell 25%)

  [35] STABLE      score= 115.3  ST=3/6  price=$0.035875      24h= -1.89%  vol=$  1.2M
       TF:  1D= 91  12H= 92  6H=137  4H=119  2H= 92  1H= 70
       Bonuses: RSI div 1D (bullish) | 1H pre-pump (bb_squeeze) | RS vs BTC 7d +3.6% | funding -0.0497%/8h  (+15 pts)
       Entry: $0.035875  |  Stop: $0.030631 (-14.62%)  |  Risk: $1500 (1.50% acct)
       Position: $10263 (10.26% acct, qty 286064.5689)
       TP1: $0.043740 (+21.9%, 1.5R, sell 40%)
       TP2: $0.051606 (+43.9%, 3.0R, sell 35%)
       TP3: $0.062093 (+73.1%, 5.0R, sell 25%)

  [36] PENDLE      score= 115.1  ST=5/6  price=$1.352400      24h= +1.36%  vol=$  5.1M
       TF:  1D= 83  12H= 88  6H=148  4H=127  2H=130  1H=124
       Bonuses: RS vs BTC 7d +1.1%  (+5 pts)
       Entry: $1.352400  |  Stop: $1.187186 (-12.22%)  |  Risk: $1500 (1.50% acct)
       Position: $12279 (12.28% acct, qty 9079.1180)
       TP1: $1.600221 (+18.3%, 1.5R, sell 40%)
       TP2: $1.848043 (+36.6%, 3.0R, sell 35%)
       TP3: $2.178471 (+61.1%, 5.0R, sell 25%)

  [37] COAI        score= 115.1  ST=3/6  price=$0.320700      24h= +6.40%  vol=$  4.4M
       TF:  1D=133  12H=116  6H=107  4H= 54  2H= 82  1H=127
       Bonuses: RSI div 1D (hidden_bullish) | RS vs BTC 7d +28.0%  (+8 pts)
       Entry: $0.320700  |  Stop: $0.272595 (-15.00%)  |  Risk: $1500 (1.50% acct)
       Position: $10000 (10.00% acct, qty 31181.7898)
       TP1: $0.392858 (+22.5%, 1.5R, sell 40%)
       TP2: $0.465015 (+45.0%, 3.0R, sell 35%)
       TP3: $0.561225 (+75.0%, 5.0R, sell 25%)

  [38] JCT         score= 114.9  ST=5/6  price=$0.006498      24h= -2.21%  vol=$  2.5M
       TF:  1D=160  12H=133  6H=100  4H= 71  2H= 42  1H= 28
       Bonuses: RSI div 1D (hidden_bullish) | 1H pre-pump (obv_divergence) | RS vs BTC 7d +27.9%  (+10 pts)
       Entry: $0.006498  |  Stop: $0.005523 (-15.00%)  |  Risk: $1500 (1.50% acct)
       Position: $10000 (10.00% acct, qty 1538935.0569)
       TP1: $0.007960 (+22.5%, 1.5R, sell 40%)
       TP2: $0.009422 (+45.0%, 3.0R, sell 35%)
       TP3: $0.011371 (+75.0%, 5.0R, sell 25%)

  [39] ALLO        score= 114.5  ST=6/6  price=$0.364600      24h= +4.38%  vol=$ 15.4M
       TF:  1D=139  12H=132  6H= 97  4H=116  2H= 95  1H= 58
       Entry: $0.364600  |  Stop: $0.309910 (-15.00%)  |  Risk: $1500 (1.50% acct)
       Position: $10000 (10.00% acct, qty 27427.3176)
       TP1: $0.446635 (+22.5%, 1.5R, sell 40%)
       TP2: $0.528670 (+45.0%, 3.0R, sell 35%)
       TP3: $0.638050 (+75.0%, 5.0R, sell 25%)

  [40] NEAR        score= 114.4  ST=3/6  price=$2.391800      24h= -4.17%  vol=$161.1M
       TF:  1D=122  12H=100  6H=153  4H=113  2H= 84  1H= 23
       Bonuses: RSI div 1D (hidden_bullish) | RS vs BTC 7d +7.2%  (+8 pts)
       Entry: $2.391800  |  Stop: $2.033030 (-15.00%)  |  Risk: $1500 (1.50% acct)
       Position: $10000 (10.00% acct, qty 4180.9516)
       TP1: $2.929955 (+22.5%, 1.5R, sell 40%)
       TP2: $3.468110 (+45.0%, 3.0R, sell 35%)
       TP3: $4.185650 (+75.0%, 5.0R, sell 25%)

  [41] INIT        score= 114.2  ST=3/6  price=$0.058640      24h= +1.57%  vol=$  1.1M
       TF:  1D= 70  12H= 84  6H=153  4H=131  2H=114  1H=145
       Bonuses: RSI div 1D (bullish) | 1H pre-pump (obv_stealth_accum)  (+7 pts)
       Entry: $0.058640  |  Stop: $0.049958 (-14.81%)  |  Risk: $1500 (1.50% acct)
       Position: $10132 (10.13% acct, qty 172775.5152)
       TP1: $0.071663 (+22.2%, 1.5R, sell 40%)
       TP2: $0.084685 (+44.4%, 3.0R, sell 35%)
       TP3: $0.102049 (+74.0%, 5.0R, sell 25%)

  [42] UAI         score= 114.1  ST=3/6  price=$0.327980      24h= -9.09%  vol=$  4.5M
       TF:  1D=165  12H=162  6H=102  4H= 53  2H= 24  1H= 44
       Bonuses: RS vs BTC 7d +12.1%  (+5 pts)
       Entry: $0.327980  |  Stop: $0.278783 (-15.00%)  |  Risk: $1500 (1.50% acct)
       Position: $10000 (10.00% acct, qty 30489.6640)
       TP1: $0.401776 (+22.5%, 1.5R, sell 40%)
       TP2: $0.475571 (+45.0%, 3.0R, sell 35%)
       TP3: $0.573965 (+75.0%, 5.0R, sell 25%)

  [43] CLO         score= 113.9  ST=3/6  price=$0.204850      24h=-23.53%  vol=$  9.7M
       TF:  1D=165  12H=147  6H= 93  4H= 31  2H= 46  1H= 92
       Bonuses: RS vs BTC 7d +28.1%  (+5 pts)
       Entry: $0.204850  |  Stop: $0.174123 (-15.00%)  |  Risk: $1500 (1.50% acct)
       Position: $10000 (10.00% acct, qty 48816.2070)
       TP1: $0.250941 (+22.5%, 1.5R, sell 40%)
       TP2: $0.297032 (+45.0%, 3.0R, sell 35%)
       TP3: $0.358488 (+75.0%, 5.0R, sell 25%)

  [44] Q           score= 113.0  ST=6/6  price=$0.017313      24h=+16.83%  vol=$  2.6M
       TF:  1D= 67  12H=120  6H=124  4H=135  2H=137  1H=149
       Entry: $0.017313  |  Stop: $0.014716 (-15.00%)  |  Risk: $1500 (1.50% acct)
       Position: $10000 (10.00% acct, qty 577600.6469)
       TP1: $0.021208 (+22.5%, 1.5R, sell 40%)
       TP2: $0.025104 (+45.0%, 3.0R, sell 35%)
       TP3: $0.030298 (+75.0%, 5.0R, sell 25%)

  [45] FARTCOIN    score= 112.9  ST=3/6  price=$0.128670      24h= +4.27%  vol=$ 48.8M
       TF:  1D= 91  12H= 79  6H=153  4H=129  2H=119  1H=100
       Bonuses: RS vs BTC 7d +4.5%  (+5 pts)
       Entry: $0.128670  |  Stop: $0.109369 (-15.00%)  |  Risk: $1500 (1.50% acct)
       Position: $10000 (10.00% acct, qty 77718.1938)
       TP1: $0.157621 (+22.5%, 1.5R, sell 40%)
       TP2: $0.186572 (+45.0%, 3.0R, sell 35%)
       TP3: $0.225172 (+75.0%, 5.0R, sell 25%)

  [46] SOL         score= 112.8  ST=5/6  price=$73.940000     24h= -0.87%  vol=$710.8M
       TF:  1D= 67  12H=123  6H=140  4H=140  2H=119  1H= 82
       Bonuses: RS vs BTC 7d +5.6%  (+5 pts)
       Entry: $73.940000  |  Stop: $66.635000 (-9.88%)  |  Risk: $1500 (1.50% acct)
       Position: $15183 (15.18% acct, qty 205.3388)
       TP1: $84.897500 (+14.8%, 1.5R, sell 40%)
       TP2: $95.855000 (+29.6%, 3.0R, sell 35%)
       TP3: $110.465000 (+49.4%, 5.0R, sell 25%)

  [47] ETHFI       score= 111.6  ST=3/6  price=$0.338100      24h= +0.65%  vol=$  3.0M
       TF:  1D= 77  12H= 99  6H=140  4H=142  2H=117  1H= 89
       Bonuses: RS vs BTC 7d +5.1%  (+5 pts)
       Entry: $0.338100  |  Stop: $0.289575 (-14.35%)  |  Risk: $1500 (1.50% acct)
       Position: $10451 (10.45% acct, qty 30911.9011)
       TP1: $0.410888 (+21.5%, 1.5R, sell 40%)
       TP2: $0.483675 (+43.1%, 3.0R, sell 35%)
       TP3: $0.580725 (+71.8%, 5.0R, sell 25%)

  [48] LDO         score= 111.4  ST=3/6  price=$0.273700      24h= +0.91%  vol=$  4.9M
       TF:  1D= 88  12H= 75  6H=141  4H=143  2H=147  1H=115
       Entry: $0.273700  |  Stop: $0.243325 (-11.10%)  |  Risk: $1500 (1.50% acct)
       Position: $13516 (13.52% acct, qty 49382.7160)
       TP1: $0.319263 (+16.6%, 1.5R, sell 40%)
       TP2: $0.364825 (+33.3%, 3.0R, sell 35%)
       TP3: $0.425575 (+55.5%, 5.0R, sell 25%)

  [49] CC          score= 111.4  ST=6/6  price=$0.165470      24h= -2.06%  vol=$  1.7M
       TF:  1D=120  12H=158  6H=124  4H= 95  2H= 58  1H= 34
       Bonuses: funding -0.0214%/8h  (+3 pts)
       Entry: $0.165470  |  Stop: $0.148670 (-10.15%)  |  Risk: $1500 (1.50% acct)
       Position: $14774 (14.77% acct, qty 89285.7143)
       TP1: $0.190670 (+15.2%, 1.5R, sell 40%)
       TP2: $0.215870 (+30.5%, 3.0R, sell 35%)
       TP3: $0.249470 (+50.8%, 5.0R, sell 25%)

  [50] RSR         score= 111.3  ST=4/6  price=$0.001478      24h= -0.14%  vol=$  1.0M
       TF:  1D= 95  12H= 97  6H=158  4H=127  2H= 99  1H= 57
       Bonuses: RS vs BTC 7d +1.1%  (+5 pts)
       Entry: $0.001478  |  Stop: $0.001327 (-10.23%)  |  Risk: $1500 (1.50% acct)
       Position: $14669 (14.67% acct, qty 9927669.8341)
       TP1: $0.001704 (+15.3%, 1.5R, sell 40%)
       TP2: $0.001931 (+30.7%, 3.0R, sell 35%)
       TP3: $0.002233 (+51.1%, 5.0R, sell 25%)

--------------------------------------------------------------------------------
  WATCH  —  50 coin(s)  (worth tracking)
--------------------------------------------------------------------------------
  #   Symbol      Score  ST         Price    24h%   Vol $M  TF breakdown
  ------------------------------------------------------------------------------
    1 XRP         113.8  2/6  $   1.237600  -2.51%  $  357.9  1D= 94  12H=113  6H=152  4H=139  2H= 79  1H= 67
    2 VELVET      107.9  2/6  $   0.370800 +30.99%  $   25.6  1D=113  12H= 73  6H= 76  4H= 70  2H=126  1H=146
    3 ME          105.9  2/6  $   0.064300  -0.69%  $    1.1  1D= 96  12H= 91  6H=109  4H=132  2H= 82  1H= 98
    4 OP           99.5  4/6  $   0.108500  +0.27%  $   11.4  1D= 70  12H=106  6H=140  4H= 93  2H= 83  1H= 68
    5 TAO          98.8  4/6  $ 266.270000  -2.47%  $   71.9  1D=125  12H=133  6H=118  4H= 71  2H= 16  1H= 19
    6 B            98.4  3/6  $   0.251510  -4.65%  $    1.5  1D= 88  12H=115  6H=115  4H=101  2H= 65  1H= 56
    7 CHIP         98.3  2/6  $   0.036690  -2.67%  $    7.1  1D=108  12H= 89  6H=130  4H=101  2H= 58  1H= 37
    8 PORTAL       98.2  5/6  $   0.011865 +34.65%  $   20.9  1D= 40  12H=124  6H=103  4H=115  2H=121  1H=120
    9 IP           98.2  2/6  $   0.313200  -0.51%  $    9.5  1D= 86  12H= 69  6H= 93  4H=140  2H=116  1H= 64
   10 TRIA         96.3  4/6  $   0.022582 +31.97%  $    5.8  1D= 38  12H= 72  6H=132  4H=127  2H=137  1H=140
   11 PIPPIN       96.0  4/6  $   0.018230  +0.59%  $    3.2  1D=114  12H= 89  6H= 98  4H=105  2H= 69  1H= 76
   12 ONDO         95.9  4/6  $   0.369900  +0.35%  $   51.0  1D=106  12H= 82  6H=146  4H= 91  2H= 65  1H= 35
   13 1000FLOKI    95.6  3/6  $   0.026280  -1.02%  $    2.1  1D= 89  12H= 89  6H=141  4H=120  2H= 68  1H=  6
   14 MOODENG      95.6  3/6  $   0.042270  -2.00%  $    1.3  1D= 85  12H= 79  6H=148  4H=107  2H= 74  1H= 39
   15 ARB          95.5  2/6  $   0.086150  -1.21%  $   14.5  1D= 73  12H= 90  6H=125  4H=116  2H= 60  1H= 57
   16 BANANAS31    95.3  3/6  $   0.010352  -3.91%  $    1.8  1D= 88  12H= 75  6H=139  4H=126  2H= 74  1H= 20
   17 SUI          95.2  3/6  $   0.793000  -0.38%  $   56.5  1D= 57  12H= 89  6H=132  4H=128  2H=108  1H= 95
   18 STRK         94.7  3/6  $   0.036320  -2.04%  $    6.1  1D= 80  12H= 97  6H=154  4H= 93  2H= 58  1H= 19
   19 WCT          94.5  2/6  $   0.047330  +0.44%  $    2.3  1D= 84  12H= 77  6H=119  4H=107  2H=100  1H= 97
   20 TRUMP        94.2  4/6  $   1.991000  -2.48%  $   43.5  1D=130  12H=124  6H= 52  4H= 43  2H= 46  1H= 52
   21 POPCAT       93.1  3/6  $   0.043970  -1.59%  $    3.8  1D= 79  12H= 81  6H=126  4H=123  2H= 80  1H= 28
   22 JELLYJELLY   93.1  2/6  $   0.062680  -6.02%  $    1.9  1D=153  12H= 92  6H= 63  4H= 34  2H= 40  1H= 75
   23 RIVER        93.0  3/6  $   4.812000  +4.31%  $    2.3  1D= 35  12H= 78  6H= 87  4H=128  2H=163  1H=138
   24 PLUME        92.9  3/6  $   0.011343  -2.02%  $    1.8  1D= 71  12H= 97  6H=111  4H=108  2H= 94  1H= 95
   25 ASTER        91.8  4/6  $   0.648900  +0.57%  $   33.2  1D= 51  12H= 96  6H=139  4H=119  2H=113  1H= 61
   26 AVAX         91.2  3/6  $   6.835000  +0.36%  $   25.0  1D= 71  12H= 70  6H=117  4H=126  2H=112  1H= 74
   27 MOVE         89.9  4/6  $   0.012050  +3.98%  $    4.6  1D= 67  12H= 89  6H= 84  4H=108  2H=132  1H= 87
   28 PIEVERSE     89.9  3/6  $   0.704400  -4.80%  $    2.5  1D= 62  12H=103  6H=138  4H=112  2H= 50  1H= 34
   29 STX          89.9  3/6  $   0.193400  -0.88%  $    1.5  1D= 88  12H= 84  6H=125  4H=108  2H= 86  1H= 12
   30 IOTA         89.5  3/6  $   0.049540  -2.49%  $    1.1  1D= 75  12H= 85  6H=138  4H= 98  2H= 70  1H= 27
   31 HMSTR        88.6  2/6  $   0.000170 +12.37%  $    6.1  1D= 95  12H= 60  6H= 71  4H= 80  2H= 82  1H=145
   32 ALGO         88.6  3/6  $   0.094960  -1.20%  $    4.9  1D= 64  12H= 85  6H=114  4H=123  2H=108  1H= 52
   33 SKY          88.2  3/6  $   0.057300  -0.16%  $    1.6  1D= 68  12H= 84  6H=121  4H=103  2H= 98  1H= 50
   34 ZK           88.0  3/6  $   0.011668  -2.28%  $    3.4  1D= 68  12H= 91  6H=117  4H=108  2H= 73  1H= 32
   35 ZKC          87.4  1/6  $   0.054000  -3.27%  $    3.1  1D=115  12H=112  6H= 58  4H= 38  2H= 68  1H= 52
   36 EGLD         87.2  3/6  $   3.059000  -1.92%  $    3.4  1D= 84  12H= 85  6H=107  4H=108  2H= 64  1H= 17
   37 DASH         87.1  3/6  $  38.260000  -2.31%  $    4.0  1D= 80  12H= 98  6H=139  4H=102  2H= 64  1H= 13
   38 COMP         86.6  3/6  $  18.044000  -1.78%  $    1.5  1D= 98  12H=110  6H=113  4H= 84  2H= 26  1H= 25
   39 BTC          86.0  3/6  $66,287.200000  -0.98%  $ 4140.1  1D= 61  12H= 93  6H=141  4H=122  2H= 63  1H= 33
   40 VIRTUAL      85.8  4/6  $   0.634200  -1.44%  $   20.4  1D= 85  12H=112  6H= 85  4H= 95  2H= 52  1H= 14
   41 SHIB1000     84.9  3/6  $   0.005058  -1.19%  $    5.5  1D= 69  12H= 90  6H=125  4H= 98  2H= 61  1H= 18
   42 GALA         84.4  3/6  $   0.002741  -1.27%  $    7.2  1D= 84  12H= 81  6H=115  4H=122  2H= 63  1H= 16
   43 BERA         84.1  2/6  $   0.260900  -2.38%  $    2.2  1D= 92  12H= 77  6H= 68  4H= 95  2H= 67  1H= 34
   44 NIGHT        84.0  3/6  $   0.033980  -2.89%  $    1.0  1D= 44  12H= 82  6H=116  4H= 97  2H=100  1H= 73
   45 SAND         83.4  2/6  $   0.053990  -1.18%  $    2.7  1D= 88  12H= 85  6H=117  4H= 99  2H= 58  1H= 24
   46 HBAR         82.8  3/6  $   0.082510  -1.74%  $   13.6  1D= 64  12H= 85  6H=113  4H=124  2H= 93  1H= 12
   47 MNT          82.1  3/6  $   0.576800  -3.85%  $    8.1  1D= 75  12H=109  6H=113  4H= 79  2H= 26  1H= 24
   48 STG          82.0  3/6  $   0.204210 +14.02%  $   26.4  1D= 72  12H= 48  6H= 64  4H=112  2H=108  1H=129
   49 GMT          80.2  3/6  $   0.008391  -0.89%  $    1.1  1D= 63  12H= 95  6H= 91  4H= 86  2H= 68  1H= 39
   50 JASMY        79.6  3/6  $   0.005088  -4.34%  $    3.5  1D= 73  12H=127  6H= 89  4H= 68  2H= 24  1H= 23

================================================================================
2026-06-16 22:50:06,422 [INFO]   Saved → trend_v3_LATEST.txt, trend_v3_LATEST.json, trend_v3_20260616_225006.txt
