2026-06-15 00:27:14,545 [INFO] ================================================================
2026-06-15 00:27:14,546 [INFO] TREND SCANNER v3.0
2026-06-15 00:27:14,546 [INFO] ================================================================
2026-06-15 00:27:14,546 [INFO] Building universe (Bybit perps)...
2026-06-15 00:27:15,102 [INFO]   Universe (post-filter): 227 coins
2026-06-15 00:27:15,102 [INFO] Fetching BTC 1D for regime detection...
2026-06-15 00:27:15,593 [INFO]   Regime: BULL  |  BTC 7d +5.87%  |  24h +1.38%
2026-06-15 00:27:15,593 [INFO] Scanning 227 coins across 6 timeframes...
2026-06-15 00:27:15,593 [INFO] (this is the slowest scanner — first run ~10min, subsequent ~2-3min)
2026-06-15 00:28:00,815 [INFO]   ...20/227  (surfaced: 18)
2026-06-15 00:28:52,077 [INFO]   ...40/227  (surfaced: 35)
2026-06-15 00:29:36,920 [INFO]   ...60/227  (surfaced: 51)
2026-06-15 00:30:47,102 [INFO]   ...100/227  (surfaced: 82)
2026-06-15 00:31:22,385 [INFO]   ...120/227  (surfaced: 97)
2026-06-15 00:31:53,583 [INFO]   ...140/227  (surfaced: 111)
2026-06-15 00:32:31,943 [INFO]   ...160/227  (surfaced: 124)
2026-06-15 00:33:05,208 [INFO]   ...180/227  (surfaced: 139)
2026-06-15 00:33:37,423 [INFO]   ...200/227  (surfaced: 151)
2026-06-15 00:34:09,445 [INFO]   ...220/227  (surfaced: 168)
2026-06-15 00:34:16,790 [INFO] Done in 422s  |  scanned=206  failed=21  strong=11  long=50  watch=50
2026-06-15 00:34:16,792 [INFO] 
================================================================================
  TREND SCANNER v3.0  —  multi-timeframe confirmation + trade plans
  Generated  : 2026-06-15 00:34:16
  Universe   : 227 Bybit perps  |  Scanned: 206
  Scan time  : 422s
================================================================================

  Regime     : 🟢 BULL
               BTC 7d +5.87%  |  24h +1.38%  |  $64,458

  Account    : $100,000  |  Risk/trade: 1.5%

  Tiers (bull):  STRONG ≥ 130 & ST≥4  |  LONG ≥ 100 & ST≥3  |  WATCH ≥ 70

  TF weights : 1D×0.28 · 12H×0.2 · 6H×0.15 · 4H×0.15 · 2H×0.12 · 1H×0.1

--------------------------------------------------------------------------------
  STRONG  —  11 coin(s)  (highest conviction, full position)
--------------------------------------------------------------------------------

  [ 1] OPEN        score= 151.3  ST=6/6  price=$0.240890      24h= +4.04%  vol=$  3.6M
       TF:  1D=140  12H=154  6H=149  4H=155  2H=151  1H=126
       Bonuses: RS vs BTC 7d +28.7%  (+5 pts)
       Entry: $0.240890  |  Stop: $0.206043 (-14.47%)  |  Risk: $1500 (1.50% acct)
       Position: $10369 (10.37% acct, qty 43045.1359)
       TP1: $0.293161 (+21.7%, 1.5R, sell 40%)
       TP2: $0.345431 (+43.4%, 3.0R, sell 35%)
       TP3: $0.415126 (+72.3%, 5.0R, sell 25%)

  [ 2] BP          score= 151.0  ST=6/6  price=$0.310240      24h=+37.43%  vol=$  1.0M
       TF:  1D=128  12H=155  6H=152  4H=159  2H=159  1H=134
       Bonuses: RS vs BTC 7d +32.3%  (+5 pts)
       Entry: $0.310240  |  Stop: $0.263704 (-15.00%)  |  Risk: $1500 (1.50% acct)
       Position: $10000 (10.00% acct, qty 32233.1099)
       TP1: $0.380044 (+22.5%, 1.5R, sell 40%)
       TP2: $0.449848 (+45.0%, 3.0R, sell 35%)
       TP3: $0.542920 (+75.0%, 5.0R, sell 25%)

  [ 3] LIT         score= 144.7  ST=6/6  price=$1.630800      24h= +2.79%  vol=$  8.6M
       TF:  1D=127  12H=133  6H=128  4H=142  2H=175  1H=160
       Bonuses: RS vs BTC 7d +8.7%  (+5 pts)
       Entry: $1.630800  |  Stop: $1.386180 (-15.00%)  |  Risk: $1500 (1.50% acct)
       Position: $10000 (10.00% acct, qty 6131.9598)
       TP1: $1.997730 (+22.5%, 1.5R, sell 40%)
       TP2: $2.364660 (+45.0%, 3.0R, sell 35%)
       TP3: $2.853900 (+75.0%, 5.0R, sell 25%)

  [ 4] TAO         score= 139.9  ST=6/6  price=$262.760000    24h= +2.67%  vol=$144.5M
       TF:  1D=130  12H=123  6H=136  4H=145  2H=136  1H=134
       Bonuses: 1H pre-pump (obv_stealth_accum) | RS vs BTC 7d +29.8%  (+7 pts)
       Entry: $262.760000  |  Stop: $230.005357 (-12.47%)  |  Risk: $1500 (1.50% acct)
       Position: $12033 (12.03% acct, qty 45.7950)
       TP1: $311.891964 (+18.7%, 1.5R, sell 40%)
       TP2: $361.023929 (+37.4%, 3.0R, sell 35%)
       TP3: $426.533214 (+62.3%, 5.0R, sell 25%)

  [ 5] EVAA        score= 139.8  ST=5/6  price=$0.389800      24h=+64.74%  vol=$ 18.5M
       TF:  1D= 94  12H=120  6H=154  4H=154  2H=159  1H=142
       Bonuses: RSI div 1D (bullish) | RS vs BTC 7d +12.4%  (+10 pts)
       Entry: $0.389800  |  Stop: $0.331330 (-15.00%)  |  Risk: $1500 (1.50% acct)
       Position: $10000 (10.00% acct, qty 25654.1816)
       TP1: $0.477505 (+22.5%, 1.5R, sell 40%)
       TP2: $0.565210 (+45.0%, 3.0R, sell 35%)
       TP3: $0.682150 (+75.0%, 5.0R, sell 25%)

  [ 6] JCT         score= 139.5  ST=6/6  price=$0.006911      24h=-10.87%  vol=$ 17.8M
       TF:  1D=154  12H=176  6H=135  4H=140  2H= 79  1H= 54
       Bonuses: RS vs BTC 7d +39.1%  (+5 pts)
       Entry: $0.006911  |  Stop: $0.005874 (-15.00%)  |  Risk: $1500 (1.50% acct)
       Position: $10000 (10.00% acct, qty 1446989.5383)
       TP1: $0.008466 (+22.5%, 1.5R, sell 40%)
       TP2: $0.010021 (+45.0%, 3.0R, sell 35%)
       TP3: $0.012094 (+75.0%, 5.0R, sell 25%)

  [ 7] SQD         score= 138.8  ST=6/6  price=$0.041000      24h= +0.17%  vol=$  1.4M
       TF:  1D=111  12H=143  6H=140  4H=119  2H=131  1H=126
       Bonuses: RSI div 1D (bullish) | 1H pre-pump (obv_stealth_accum) | RS vs BTC 7d +34.2%  (+12 pts)
       Entry: $0.041000  |  Stop: $0.034850 (-15.00%)  |  Risk: $1500 (1.50% acct)
       Position: $10000 (10.00% acct, qty 243902.4390)
       TP1: $0.050225 (+22.5%, 1.5R, sell 40%)
       TP2: $0.059450 (+45.0%, 3.0R, sell 35%)
       TP3: $0.071750 (+75.0%, 5.0R, sell 25%)

  [ 8] WLD         score= 138.6  ST=6/6  price=$0.501400      24h= +3.37%  vol=$116.5M
       TF:  1D=116  12H=122  6H=125  4H=166  2H=130  1H=145
       Bonuses: RSI div 1D (hidden_bullish) | RS vs BTC 7d +15.4%  (+8 pts)
       Entry: $0.501400  |  Stop: $0.426190 (-15.00%)  |  Risk: $1500 (1.50% acct)
       Position: $10000 (10.00% acct, qty 19944.1564)
       TP1: $0.614215 (+22.5%, 1.5R, sell 40%)
       TP2: $0.727030 (+45.0%, 3.0R, sell 35%)
       TP3: $0.877450 (+75.0%, 5.0R, sell 25%)

  [ 9] MEME        score= 137.8  ST=6/6  price=$0.000560      24h=+12.38%  vol=$  4.9M
       TF:  1D=112  12H=131  6H=146  4H=167  2H=141  1H=114
       Bonuses: RSI div 1D (hidden_bullish) | 1H pre-pump (obv_stealth_accum)  (+5 pts)
       Entry: $0.000560  |  Stop: $0.000476 (-15.00%)  |  Risk: $1500 (1.50% acct)
       Position: $10000 (10.00% acct, qty 17860332.2022)
       TP1: $0.000686 (+22.5%, 1.5R, sell 40%)
       TP2: $0.000812 (+45.0%, 3.0R, sell 35%)
       TP3: $0.000980 (+75.0%, 5.0R, sell 25%)

  [10] JELLYJELLY  score= 132.6  ST=5/6  price=$0.057030      24h=+36.64%  vol=$ 14.5M
       TF:  1D= 83  12H=134  6H=154  4H=154  2H=145  1H=140
       Bonuses: RS vs BTC 7d +1.8%  (+5 pts)
       Entry: $0.057030  |  Stop: $0.048475 (-15.00%)  |  Risk: $1500 (1.50% acct)
       Position: $10000 (10.00% acct, qty 175346.3090)
       TP1: $0.069862 (+22.5%, 1.5R, sell 40%)
       TP2: $0.082694 (+45.0%, 3.0R, sell 35%)
       TP3: $0.099803 (+75.0%, 5.0R, sell 25%)

  [11] MEGA        score= 131.6  ST=6/6  price=$0.062640      24h= -2.64%  vol=$ 33.0M
       TF:  1D=122  12H=105  6H=129  4H=133  2H=121  1H= 86
       Bonuses: RSI div 1D (bullish) | 1H pre-pump (obv_divergence, obv_stealth_accum) | RS vs BTC 7d +34.6%  (+14 pts)
       Entry: $0.062640  |  Stop: $0.053244 (-15.00%)  |  Risk: $1500 (1.50% acct)
       Position: $10000 (10.00% acct, qty 159642.4010)
       TP1: $0.076734 (+22.5%, 1.5R, sell 40%)
       TP2: $0.090828 (+45.0%, 3.0R, sell 35%)
       TP3: $0.109620 (+75.0%, 5.0R, sell 25%)

--------------------------------------------------------------------------------
  LONG  —  50 coin(s)  (tradeable trend)
--------------------------------------------------------------------------------

  [ 1] MMT         score= 130.0  ST=6/6  price=$0.129940      24h= -0.52%  vol=$  2.2M
       TF:  1D=115  12H=123  6H=123  4H=137  2H=134  1H=111
       Bonuses: 1H pre-pump (obv_stealth_accum) | RS vs BTC 7d +18.0%  (+7 pts)
       Entry: $0.129940  |  Stop: $0.115716 (-10.95%)  |  Risk: $1500 (1.50% acct)
       Position: $13703 (13.70% acct, qty 105453.4498)
       TP1: $0.151276 (+16.4%, 1.5R, sell 40%)
       TP2: $0.172613 (+32.8%, 3.0R, sell 35%)
       TP3: $0.201061 (+54.7%, 5.0R, sell 25%)

  [ 2] ROAM        score= 129.7  ST=5/6  price=$0.006783      24h=+28.98%  vol=$  5.7M
       TF:  1D=118  12H=134  6H=124  4H=136  2H=127  1H=106
       Bonuses: RS vs BTC 7d +18.1%  (+5 pts)
       Entry: $0.006783  |  Stop: $0.005766 (-15.00%)  |  Risk: $1500 (1.50% acct)
       Position: $10000 (10.00% acct, qty 1474273.9201)
       TP1: $0.008309 (+22.5%, 1.5R, sell 40%)
       TP2: $0.009835 (+45.0%, 3.0R, sell 35%)
       TP3: $0.011870 (+75.0%, 5.0R, sell 25%)

  [ 3] KAITO       score= 129.3  ST=4/6  price=$0.482800      24h= -3.58%  vol=$  9.6M
       TF:  1D=101  12H=136  6H=119  4H=150  2H=121  1H=120
       Bonuses: 1H pre-pump (obv_stealth_accum) | RS vs BTC 7d +2.4%  (+7 pts)
       Entry: $0.482800  |  Stop: $0.434039 (-10.10%)  |  Risk: $1500 (1.50% acct)
       Position: $14852 (14.85% acct, qty 30762.4698)
       TP1: $0.555941 (+15.2%, 1.5R, sell 40%)
       TP2: $0.629082 (+30.3%, 3.0R, sell 35%)
       TP3: $0.726604 (+50.5%, 5.0R, sell 25%)

  [ 4] ATOM        score= 128.9  ST=6/6  price=$1.948000      24h= +3.15%  vol=$  9.3M
       TF:  1D=105  12H=118  6H=119  4H=164  2H=132  1H=126
       Bonuses: RS vs BTC 7d +13.9%  (+5 pts)
       Entry: $1.948000  |  Stop: $1.753150 (-10.00%)  |  Risk: $1500 (1.50% acct)
       Position: $14996 (15.00% acct, qty 7698.2294)
       TP1: $2.240275 (+15.0%, 1.5R, sell 40%)
       TP2: $2.532550 (+30.0%, 3.0R, sell 35%)
       TP3: $2.922250 (+50.0%, 5.0R, sell 25%)

  [ 5] CLO         score= 127.4  ST=3/6  price=$0.139890      24h=+35.92%  vol=$ 14.6M
       TF:  1D=140  12H=103  6H=124  4H=114  2H=157  1H=131
       Entry: $0.139890  |  Stop: $0.118906 (-15.00%)  |  Risk: $1500 (1.50% acct)
       Position: $10000 (10.00% acct, qty 71484.7380)
       TP1: $0.171365 (+22.5%, 1.5R, sell 40%)
       TP2: $0.202841 (+45.0%, 3.0R, sell 35%)
       TP3: $0.244808 (+75.0%, 5.0R, sell 25%)

  [ 6] XPL         score= 125.9  ST=5/6  price=$0.087040      24h= +3.51%  vol=$ 24.9M
       TF:  1D=100  12H=104  6H=144  4H=115  2H=128  1H=159
       Bonuses: 1H pre-pump (obv_stealth_accum) | RS vs BTC 7d +27.0%  (+7 pts)
       Entry: $0.087040  |  Stop: $0.073984 (-15.00%)  |  Risk: $1500 (1.50% acct)
       Position: $10000 (10.00% acct, qty 114889.7059)
       TP1: $0.106624 (+22.5%, 1.5R, sell 40%)
       TP2: $0.126208 (+45.0%, 3.0R, sell 35%)
       TP3: $0.152320 (+75.0%, 5.0R, sell 25%)

  [ 7] NOT         score= 125.6  ST=5/6  price=$0.000478      24h= -0.62%  vol=$  4.9M
       TF:  1D= 86  12H=135  6H=138  4H=123  2H=131  1H=146
       Bonuses: RS vs BTC 7d +23.1%  (+5 pts)
       Entry: $0.000478  |  Stop: $0.000408 (-14.64%)  |  Risk: $1500 (1.50% acct)
       Position: $10249 (10.25% acct, qty 21423106.3504)
       TP1: $0.000583 (+21.9%, 1.5R, sell 40%)
       TP2: $0.000688 (+43.9%, 3.0R, sell 35%)
       TP3: $0.000828 (+73.2%, 5.0R, sell 25%)

  [ 8] BRETT       score= 124.0  ST=5/6  price=$0.006708      24h= +0.82%  vol=$  3.3M
       TF:  1D= 86  12H=115  6H=128  4H=159  2H=148  1H=111
       Bonuses: RS vs BTC 7d +22.6%  (+5 pts)
       Entry: $0.006708  |  Stop: $0.005702 (-15.00%)  |  Risk: $1500 (1.50% acct)
       Position: $10000 (10.00% acct, qty 1490757.3047)
       TP1: $0.008217 (+22.5%, 1.5R, sell 40%)
       TP2: $0.009727 (+45.0%, 3.0R, sell 35%)
       TP3: $0.011739 (+75.0%, 5.0R, sell 25%)

  [ 9] AKT         score= 123.7  ST=5/6  price=$0.712200      24h=+13.54%  vol=$  5.9M
       TF:  1D= 78  12H=106  6H=142  4H=145  2H=152  1H=144
       Bonuses: RS vs BTC 7d +16.2%  (+5 pts)
       Entry: $0.712200  |  Stop: $0.605370 (-15.00%)  |  Risk: $1500 (1.50% acct)
       Position: $10000 (10.00% acct, qty 14040.9997)
       TP1: $0.872445 (+22.5%, 1.5R, sell 40%)
       TP2: $1.032690 (+45.0%, 3.0R, sell 35%)
       TP3: $1.246350 (+75.0%, 5.0R, sell 25%)

  [10] TRUMP       score= 122.9  ST=6/6  price=$2.184000      24h= -5.46%  vol=$ 75.5M
       TF:  1D=123  12H=125  6H=119  4H= 97  2H= 83  1H=131
       Bonuses: RS vs BTC 7d +32.7% | funding -0.0410%/8h  (+8 pts)
       Entry: $2.184000  |  Stop: $1.913357 (-12.39%)  |  Risk: $1500 (1.50% acct)
       Position: $12105 (12.10% acct, qty 5542.3595)
       TP1: $2.589964 (+18.6%, 1.5R, sell 40%)
       TP2: $2.995929 (+37.2%, 3.0R, sell 35%)
       TP3: $3.537214 (+62.0%, 5.0R, sell 25%)

  [11] PYTH        score= 121.6  ST=5/6  price=$0.038070      24h= +4.25%  vol=$  4.7M
       TF:  1D= 67  12H=109  6H=136  4H=140  2H=134  1H=146
       Bonuses: 1H pre-pump (bb_squeeze, obv_stealth_accum) | RS vs BTC 7d +16.0%  (+9 pts)
       Entry: $0.038070  |  Stop: $0.032771 (-13.92%)  |  Risk: $1500 (1.50% acct)
       Position: $10776 (10.78% acct, qty 283057.0158)
       TP1: $0.046019 (+20.9%, 1.5R, sell 40%)
       TP2: $0.053968 (+41.8%, 3.0R, sell 35%)
       TP3: $0.064566 (+69.6%, 5.0R, sell 25%)

  [12] KAS         score= 119.1  ST=3/6  price=$0.031350      24h= +2.52%  vol=$  2.3M
       TF:  1D=107  12H= 86  6H=124  4H=129  2H=148  1H=142
       Bonuses: 1H pre-pump (obv_stealth_accum)  (+2 pts)
       Entry: $0.031350  |  Stop: $0.027928 (-10.92%)  |  Risk: $1500 (1.50% acct)
       Position: $13741 (13.74% acct, qty 438321.8535)
       TP1: $0.036483 (+16.4%, 1.5R, sell 40%)
       TP2: $0.041616 (+32.8%, 3.0R, sell 35%)
       TP3: $0.048461 (+54.6%, 5.0R, sell 25%)

  [13] PUFFER      score= 118.4  ST=4/6  price=$0.015200      24h=+21.39%  vol=$  4.0M
       TF:  1D= 71  12H= 92  6H=141  4H=144  2H=143  1H=172
       Bonuses: funding -1.1876%/8h  (+3 pts)
       Entry: $0.015200  |  Stop: $0.012974 (-14.65%)  |  Risk: $1500 (1.50% acct)
       Position: $10241 (10.24% acct, qty 673724.7353)
       TP1: $0.018540 (+22.0%, 1.5R, sell 40%)
       TP2: $0.021879 (+43.9%, 3.0R, sell 35%)
       TP3: $0.026332 (+73.2%, 5.0R, sell 25%)

  [14] CAKE        score= 117.6  ST=4/6  price=$1.350400      24h= +2.95%  vol=$  1.3M
       TF:  1D= 72  12H= 81  6H=129  4H=150  2H=147  1H=148
       Bonuses: 1H pre-pump (obv_stealth_accum) | RS vs BTC 7d +5.3%  (+7 pts)
       Entry: $1.350400  |  Stop: $1.224754 (-9.30%)  |  Risk: $1500 (1.50% acct)
       Position: $16121 (16.12% acct, qty 11938.2621)
       TP1: $1.538870 (+14.0%, 1.5R, sell 40%)
       TP2: $1.727339 (+27.9%, 3.0R, sell 35%)
       TP3: $1.978632 (+46.5%, 5.0R, sell 25%)

  [15] BIO         score= 117.3  ST=4/6  price=$0.032320      24h= +1.17%  vol=$  4.3M
       TF:  1D= 83  12H= 80  6H=138  4H=106  2H=129  1H=140
       Bonuses: RSI div 1D (bullish) | 1H pre-pump (obv_divergence) | RS vs BTC 7d +19.0%  (+12 pts)
       Entry: $0.032320  |  Stop: $0.027472 (-15.00%)  |  Risk: $1500 (1.50% acct)
       Position: $10000 (10.00% acct, qty 309405.9406)
       TP1: $0.039592 (+22.5%, 1.5R, sell 40%)
       TP2: $0.046864 (+45.0%, 3.0R, sell 35%)
       TP3: $0.056560 (+75.0%, 5.0R, sell 25%)

  [16] SPX         score= 117.3  ST=4/6  price=$0.332100      24h= +0.24%  vol=$  3.0M
       TF:  1D= 85  12H= 78  6H=144  4H=137  2H=139  1H=141
       Bonuses: RS vs BTC 7d +6.2%  (+5 pts)
       Entry: $0.332100  |  Stop: $0.286532 (-13.72%)  |  Risk: $1500 (1.50% acct)
       Position: $10932 (10.93% acct, qty 32917.9403)
       TP1: $0.400452 (+20.6%, 1.5R, sell 40%)
       TP2: $0.468804 (+41.2%, 3.0R, sell 35%)
       TP3: $0.559939 (+68.6%, 5.0R, sell 25%)

  [17] VVV         score= 116.7  ST=4/6  price=$16.610000     24h= +2.89%  vol=$ 16.0M
       TF:  1D=115  12H= 90  6H=108  4H=113  2H=147  1H=137
       Bonuses: 1H pre-pump (obv_divergence)  (+2 pts)
       Entry: $16.610000  |  Stop: $14.118500 (-15.00%)  |  Risk: $1500 (1.50% acct)
       Position: $10000 (10.00% acct, qty 602.0470)
       TP1: $20.347250 (+22.5%, 1.5R, sell 40%)
       TP2: $24.084500 (+45.0%, 3.0R, sell 35%)
       TP3: $29.067500 (+75.0%, 5.0R, sell 25%)

  [18] IO          score= 115.1  ST=5/6  price=$0.179850      24h= -1.05%  vol=$  2.3M
       TF:  1D=133  12H=124  6H=103  4H= 93  2H= 84  1H= 86
       Bonuses: RS vs BTC 7d +26.8%  (+5 pts)
       Entry: $0.179850  |  Stop: $0.152872 (-15.00%)  |  Risk: $1500 (1.50% acct)
       Position: $10000 (10.00% acct, qty 55601.8905)
       TP1: $0.220316 (+22.5%, 1.5R, sell 40%)
       TP2: $0.260782 (+45.0%, 3.0R, sell 35%)
       TP3: $0.314738 (+75.0%, 5.0R, sell 25%)

  [19] ALT         score= 114.7  ST=4/6  price=$0.006607      24h= -0.38%  vol=$  2.1M
       TF:  1D= 73  12H= 60  6H=133  4H=136  2H=154  1H=124
       Bonuses: 1H pre-pump (bb_squeeze, obv_divergence, obv_stealth_accum) | RS vs BTC 7d +10.8%  (+11 pts)
       Entry: $0.006607  |  Stop: $0.005700 (-13.73%)  |  Risk: $1500 (1.50% acct)
       Position: $10925 (10.92% acct, qty 1653478.2095)
       TP1: $0.007968 (+20.6%, 1.5R, sell 40%)
       TP2: $0.009329 (+41.2%, 3.0R, sell 35%)
       TP3: $0.011143 (+68.7%, 5.0R, sell 25%)

  [20] AT          score= 114.6  ST=3/6  price=$0.132760      24h= +5.90%  vol=$  1.2M
       TF:  1D=109  12H=102  6H=109  4H=129  2H= 91  1H= 91
       Bonuses: RSI div 1D (hidden_bullish) | RS vs BTC 7d +0.2%  (+8 pts)
       Entry: $0.132760  |  Stop: $0.114368 (-13.85%)  |  Risk: $1500 (1.50% acct)
       Position: $10827 (10.83% acct, qty 81556.5653)
       TP1: $0.160348 (+20.8%, 1.5R, sell 40%)
       TP2: $0.187936 (+41.6%, 3.0R, sell 35%)
       TP3: $0.224721 (+69.3%, 5.0R, sell 25%)

  [21] HYPE        score= 113.3  ST=3/6  price=$60.665000     24h= +5.62%  vol=$273.3M
       TF:  1D= 82  12H=110  6H= 87  4H=114  2H=164  1H=135
       Bonuses: RS vs BTC 7d +1.5%  (+5 pts)
       Entry: $60.665000  |  Stop: $51.565250 (-15.00%)  |  Risk: $1500 (1.50% acct)
       Position: $10000 (10.00% acct, qty 164.8397)
       TP1: $74.314625 (+22.5%, 1.5R, sell 40%)
       TP2: $87.964250 (+45.0%, 3.0R, sell 35%)
       TP3: $106.163750 (+75.0%, 5.0R, sell 25%)

  [22] APEX        score= 113.2  ST=5/6  price=$0.262100      24h=+13.29%  vol=$  1.6M
       TF:  1D= 54  12H=122  6H=127  4H=147  2H=139  1H=159
       Entry: $0.262100  |  Stop: $0.236086 (-9.93%)  |  Risk: $1500 (1.50% acct)
       Position: $15113 (15.11% acct, qty 57660.6260)
       TP1: $0.301121 (+14.9%, 1.5R, sell 40%)
       TP2: $0.340143 (+29.8%, 3.0R, sell 35%)
       TP3: $0.392171 (+49.6%, 5.0R, sell 25%)

  [23] MORPHO      score= 113.1  ST=4/6  price=$1.958700      24h= -0.06%  vol=$  1.3M
       TF:  1D=102  12H=121  6H=100  4H= 84  2H=126  1H=106
       Bonuses: 1H pre-pump (bb_squeeze) | RS vs BTC 7d +12.9%  (+7 pts)
       Entry: $1.958700  |  Stop: $1.698279 (-13.30%)  |  Risk: $1500 (1.50% acct)
       Position: $11282 (11.28% acct, qty 5759.8947)
       TP1: $2.349332 (+19.9%, 1.5R, sell 40%)
       TP2: $2.739964 (+39.9%, 3.0R, sell 35%)
       TP3: $3.260807 (+66.5%, 5.0R, sell 25%)

  [24] TRUTH       score= 112.0  ST=3/6  price=$0.012075      24h= +2.85%  vol=$  5.3M
       TF:  1D= 86  12H=135  6H=134  4H=121  2H= 84  1H= 46
       Bonuses: RSI div 1D (hidden_bullish) | RS vs BTC 7d +4.5%  (+8 pts)
       Entry: $0.012075  |  Stop: $0.010301 (-14.69%)  |  Risk: $1500 (1.50% acct)
       Position: $10208 (10.21% acct, qty 845359.5797)
       TP1: $0.014737 (+22.0%, 1.5R, sell 40%)
       TP2: $0.017398 (+44.1%, 3.0R, sell 35%)
       TP3: $0.020947 (+73.5%, 5.0R, sell 25%)

  [25] ALLO        score= 110.5  ST=5/6  price=$0.366790      24h= -0.25%  vol=$ 10.6M
       TF:  1D=133  12H=126  6H= 83  4H=102  2H= 91  1H= 94
       Entry: $0.366790  |  Stop: $0.311771 (-15.00%)  |  Risk: $1500 (1.50% acct)
       Position: $10000 (10.00% acct, qty 27263.5568)
       TP1: $0.449318 (+22.5%, 1.5R, sell 40%)
       TP2: $0.531845 (+45.0%, 3.0R, sell 35%)
       TP3: $0.641883 (+75.0%, 5.0R, sell 25%)

  [26] EIGEN       score= 110.1  ST=4/6  price=$0.191860      24h= +7.13%  vol=$  9.4M
       TF:  1D= 48  12H= 77  6H=126  4H=146  2H=159  1H=164
       Bonuses: RS vs BTC 7d +13.2%  (+5 pts)
       Entry: $0.191860  |  Stop: $0.163081 (-15.00%)  |  Risk: $1500 (1.50% acct)
       Position: $10000 (10.00% acct, qty 52121.3385)
       TP1: $0.235029 (+22.5%, 1.5R, sell 40%)
       TP2: $0.278197 (+45.0%, 3.0R, sell 35%)
       TP3: $0.335755 (+75.0%, 5.0R, sell 25%)

  [27] BLUAI       score= 110.1  ST=5/6  price=$0.011341      24h=+25.36%  vol=$  3.7M
       TF:  1D= 78  12H=105  6H= 94  4H=135  2H=131  1H=142
       Bonuses: RSI div 1D (hidden_bullish)  (+3 pts)
       Entry: $0.011341  |  Stop: $0.009640 (-15.00%)  |  Risk: $1500 (1.50% acct)
       Position: $10000 (10.00% acct, qty 881756.4589)
       TP1: $0.013893 (+22.5%, 1.5R, sell 40%)
       TP2: $0.016444 (+45.0%, 3.0R, sell 35%)
       TP3: $0.019847 (+75.0%, 5.0R, sell 25%)

  [28] SENT        score= 110.1  ST=5/6  price=$0.015442      24h= +1.00%  vol=$  1.3M
       TF:  1D=117  12H=122  6H= 78  4H= 81  2H= 94  1H=108
       Bonuses: 1H pre-pump (bb_squeeze) | RS vs BTC 7d +17.1%  (+7 pts)
       Entry: $0.015442  |  Stop: $0.013126 (-15.00%)  |  Risk: $1500 (1.50% acct)
       Position: $10000 (10.00% acct, qty 647584.5098)
       TP1: $0.018916 (+22.5%, 1.5R, sell 40%)
       TP2: $0.022391 (+45.0%, 3.0R, sell 35%)
       TP3: $0.027023 (+75.0%, 5.0R, sell 25%)

  [29] ZKP         score= 109.9  ST=3/6  price=$0.056660      24h= +6.35%  vol=$  3.6M
       TF:  1D= 78  12H= 74  6H=125  4H=139  2H=104  1H= 72
       Bonuses: RSI div 1D (bullish) | 1H pre-pump (obv_divergence, obv_stealth_accum) | RS vs BTC 7d +2.6%  (+14 pts)
       Entry: $0.056660  |  Stop: $0.050037 (-11.69%)  |  Risk: $1500 (1.50% acct)
       Position: $12834 (12.83% acct, qty 226500.5663)
       TP1: $0.066594 (+17.5%, 1.5R, sell 40%)
       TP2: $0.076527 (+35.1%, 3.0R, sell 35%)
       TP3: $0.089773 (+58.4%, 5.0R, sell 25%)

  [30] GRASS       score= 109.9  ST=4/6  price=$0.390060      24h=+10.83%  vol=$  2.3M
       TF:  1D= 55  12H= 64  6H=120  4H=146  2H=163  1H=142
       Bonuses: RSI div 1D (hidden_bullish) | RS vs BTC 7d +10.6%  (+8 pts)
       Entry: $0.390060  |  Stop: $0.331551 (-15.00%)  |  Risk: $1500 (1.50% acct)
       Position: $10000 (10.00% acct, qty 25637.0815)
       TP1: $0.477824 (+22.5%, 1.5R, sell 40%)
       TP2: $0.565587 (+45.0%, 3.0R, sell 35%)
       TP3: $0.682605 (+75.0%, 5.0R, sell 25%)

  [31] BABY        score= 109.4  ST=6/6  price=$0.014720      24h=+21.92%  vol=$  6.3M
       TF:  1D= 73  12H= 99  6H=115  4H=123  2H=159  1H=144
       Entry: $0.014720  |  Stop: $0.012512 (-15.00%)  |  Risk: $1500 (1.50% acct)
       Position: $10000 (10.00% acct, qty 679347.8261)
       TP1: $0.018032 (+22.5%, 1.5R, sell 40%)
       TP2: $0.021344 (+45.0%, 3.0R, sell 35%)
       TP3: $0.025760 (+75.0%, 5.0R, sell 25%)

  [32] PENDLE      score= 109.4  ST=4/6  price=$1.319000      24h= +5.43%  vol=$  4.6M
       TF:  1D= 67  12H= 75  6H=102  4H=152  2H=146  1H=150
       Bonuses: RS vs BTC 7d +2.3%  (+5 pts)
       Entry: $1.319000  |  Stop: $1.150454 (-12.78%)  |  Risk: $1500 (1.50% acct)
       Position: $11739 (11.74% acct, qty 8899.6249)
       TP1: $1.571820 (+19.2%, 1.5R, sell 40%)
       TP2: $1.824639 (+38.3%, 3.0R, sell 35%)
       TP3: $2.161732 (+63.9%, 5.0R, sell 25%)

  [33] ORCA        score= 109.3  ST=5/6  price=$1.147300      24h= +0.10%  vol=$  2.7M
       TF:  1D=133  12H=108  6H= 96  4H= 75  2H= 72  1H=112
       Bonuses: RS vs BTC 7d +7.6%  (+5 pts)
       Entry: $1.147300  |  Stop: $0.997546 (-13.05%)  |  Risk: $1500 (1.50% acct)
       Position: $11492 (11.49% acct, qty 10016.4556)
       TP1: $1.371930 (+19.6%, 1.5R, sell 40%)
       TP2: $1.596561 (+39.2%, 3.0R, sell 35%)
       TP3: $1.896068 (+65.3%, 5.0R, sell 25%)

  [34] LA          score= 108.8  ST=3/6  price=$0.074040      24h= +5.90%  vol=$  2.5M
       TF:  1D= 77  12H= 81  6H= 99  4H=145  2H=153  1H=141
       Bonuses: 1H pre-pump (obv_stealth_accum)  (+2 pts)
       Entry: $0.074040  |  Stop: $0.062934 (-15.00%)  |  Risk: $1500 (1.50% acct)
       Position: $10000 (10.00% acct, qty 135062.1286)
       TP1: $0.090699 (+22.5%, 1.5R, sell 40%)
       TP2: $0.107358 (+45.0%, 3.0R, sell 35%)
       TP3: $0.129570 (+75.0%, 5.0R, sell 25%)

  [35] ORDI        score= 108.0  ST=4/6  price=$3.354000      24h= +0.95%  vol=$  6.0M
       TF:  1D= 74  12H= 77  6H=107  4H= 91  2H=118  1H=130
       Bonuses: RSI div 1D (bullish) | 1H pre-pump (bb_squeeze) | RS vs BTC 7d +8.5% | funding -0.0192%/8h  (+15 pts)
       Entry: $3.354000  |  Stop: $2.850900 (-15.00%)  |  Risk: $1500 (1.50% acct)
       Position: $10000 (10.00% acct, qty 2981.5146)
       TP1: $4.108650 (+22.5%, 1.5R, sell 40%)
       TP2: $4.863300 (+45.0%, 3.0R, sell 35%)
       TP3: $5.869500 (+75.0%, 5.0R, sell 25%)

  [36] JUP         score= 107.8  ST=4/6  price=$0.173520      24h= +1.68%  vol=$  4.5M
       TF:  1D= 55  12H= 83  6H=119  4H=129  2H=143  1H=134
       Bonuses: RS vs BTC 7d +7.9% | funding -0.0100%/8h  (+8 pts)
       Entry: $0.173520  |  Stop: $0.148315 (-14.53%)  |  Risk: $1500 (1.50% acct)
       Position: $10326 (10.33% acct, qty 59511.1583)
       TP1: $0.211328 (+21.8%, 1.5R, sell 40%)
       TP2: $0.249136 (+43.6%, 3.0R, sell 35%)
       TP3: $0.299547 (+72.6%, 5.0R, sell 25%)

  [37] STABLE      score= 107.7  ST=3/6  price=$0.036398      24h= -2.56%  vol=$  1.1M
       TF:  1D= 95  12H= 81  6H=131  4H=100  2H= 97  1H= 66
       Bonuses: RSI div 1D (bullish) | 1H pre-pump (obv_stealth_accum) | RS vs BTC 7d +1.3%  (+12 pts)
       Entry: $0.036398  |  Stop: $0.031043 (-14.71%)  |  Risk: $1500 (1.50% acct)
       Position: $10195 (10.20% acct, qty 280106.4404)
       TP1: $0.044431 (+22.1%, 1.5R, sell 40%)
       TP2: $0.052463 (+44.1%, 3.0R, sell 35%)
       TP3: $0.063174 (+73.6%, 5.0R, sell 25%)

  [38] COAI        score= 107.5  ST=3/6  price=$0.419600      24h= -9.05%  vol=$ 40.9M
       TF:  1D=119  12H=122  6H=121  4H= 92  2H= 48  1H= 41
       Bonuses: RSI div 1D (hidden_bullish) | RS vs BTC 7d +84.2%  (+8 pts)
       Entry: $0.419600  |  Stop: $0.356660 (-15.00%)  |  Risk: $1500 (1.50% acct)
       Position: $10000 (10.00% acct, qty 23832.2212)
       TP1: $0.514010 (+22.5%, 1.5R, sell 40%)
       TP2: $0.608420 (+45.0%, 3.0R, sell 35%)
       TP3: $0.734300 (+75.0%, 5.0R, sell 25%)

  [39] NEAR        score= 107.2  ST=3/6  price=$2.127000      24h= +5.39%  vol=$ 78.6M
       TF:  1D= 85  12H= 96  6H= 61  4H=105  2H=139  1H=146
       Bonuses: RSI div 1D (hidden_bullish) | RS vs BTC 7d +8.7%  (+8 pts)
       Entry: $2.127000  |  Stop: $1.807950 (-15.00%)  |  Risk: $1500 (1.50% acct)
       Position: $10000 (10.00% acct, qty 4701.4575)
       TP1: $2.605575 (+22.5%, 1.5R, sell 40%)
       TP2: $3.084150 (+45.0%, 3.0R, sell 35%)
       TP3: $3.722250 (+75.0%, 5.0R, sell 25%)

  [40] ZKC         score= 106.2  ST=5/6  price=$0.049110      24h=+19.20%  vol=$ 20.3M
       TF:  1D= 53  12H=114  6H=124  4H=127  2H=142  1H=109
       Bonuses: funding -0.3740%/8h  (+3 pts)
       Entry: $0.049110  |  Stop: $0.042724 (-13.00%)  |  Risk: $1500 (1.50% acct)
       Position: $11536 (11.54% acct, qty 234899.3289)
       TP1: $0.058689 (+19.5%, 1.5R, sell 40%)
       TP2: $0.068267 (+39.0%, 3.0R, sell 35%)
       TP3: $0.081039 (+65.0%, 5.0R, sell 25%)

  [41] H           score= 105.6  ST=3/6  price=$0.341950      24h=+45.80%  vol=$420.8M
       TF:  1D= 69  12H=139  6H=119  4H=129  2H= 84  1H= 82
       Bonuses: funding -2.0555%/8h  (+3 pts)
       Entry: $0.341950  |  Stop: $0.290658 (-15.00%)  |  Risk: $1500 (1.50% acct)
       Position: $10000 (10.00% acct, qty 29244.0415)
       TP1: $0.418889 (+22.5%, 1.5R, sell 40%)
       TP2: $0.495827 (+45.0%, 3.0R, sell 35%)
       TP3: $0.598413 (+75.0%, 5.0R, sell 25%)

  [42] WLFI        score= 105.4  ST=5/6  price=$0.058870      24h= +1.03%  vol=$  9.6M
       TF:  1D=114  12H= 82  6H= 99  4H= 73  2H=150  1H= 93
       Bonuses: 1H pre-pump (obv_divergence, obv_stealth_accum)  (+4 pts)
       Entry: $0.058870  |  Stop: $0.052812 (-10.29%)  |  Risk: $1500 (1.50% acct)
       Position: $14577 (14.58% acct, qty 247612.3099)
       TP1: $0.067957 (+15.4%, 1.5R, sell 40%)
       TP2: $0.077044 (+30.9%, 3.0R, sell 35%)
       TP3: $0.089159 (+51.5%, 5.0R, sell 25%)

  [43] INX         score= 104.5  ST=4/6  price=$0.007491      24h= +4.51%  vol=$  1.2M
       TF:  1D= 67  12H=115  6H=108  4H=132  2H= 85  1H= 95
       Bonuses: 1H pre-pump (obv_stealth_accum) | RS vs BTC 7d +2.4%  (+7 pts)
       Entry: $0.007491  |  Stop: $0.006367 (-15.00%)  |  Risk: $1500 (1.50% acct)
       Position: $10000 (10.00% acct, qty 1334935.2556)
       TP1: $0.009176 (+22.5%, 1.5R, sell 40%)
       TP2: $0.010862 (+45.0%, 3.0R, sell 35%)
       TP3: $0.013109 (+75.0%, 5.0R, sell 25%)

  [44] B3          score= 104.4  ST=4/6  price=$0.000556      24h= +5.96%  vol=$  3.2M
       TF:  1D= 45  12H= 97  6H=115  4H=135  2H=109  1H=118
       Bonuses: RSI div 1D (bullish) | 1H pre-pump (obv_stealth_accum) | funding -0.0151%/8h  (+10 pts)
       Entry: $0.000556  |  Stop: $0.000472 (-15.00%)  |  Risk: $1500 (1.50% acct)
       Position: $10000 (10.00% acct, qty 17998560.1152)
       TP1: $0.000681 (+22.5%, 1.5R, sell 40%)
       TP2: $0.000806 (+45.0%, 3.0R, sell 35%)
       TP3: $0.000972 (+75.0%, 5.0R, sell 25%)

  [45] ICP         score= 104.1  ST=3/6  price=$2.506000      24h= +0.56%  vol=$ 18.6M
       TF:  1D= 61  12H= 83  6H=109  4H=133  2H=133  1H=112
       Bonuses: 1H pre-pump (obv_stealth_accum) | RS vs BTC 7d +2.1%  (+7 pts)
       Entry: $2.506000  |  Stop: $2.130100 (-15.00%)  |  Risk: $1500 (1.50% acct)
       Position: $10000 (10.00% acct, qty 3990.4230)
       TP1: $3.069850 (+22.5%, 1.5R, sell 40%)
       TP2: $3.633700 (+45.0%, 3.0R, sell 35%)
       TP3: $4.385500 (+75.0%, 5.0R, sell 25%)

  [46] PARTI       score= 103.3  ST=5/6  price=$0.060670      24h= -3.71%  vol=$  1.2M
       TF:  1D=131  12H=141  6H=117  4H= 55  2H= 35  1H= 34
       Bonuses: RSI div 1D (bullish)  (+5 pts)
       Entry: $0.060670  |  Stop: $0.051569 (-15.00%)  |  Risk: $1500 (1.50% acct)
       Position: $10000 (10.00% acct, qty 164826.1085)
       TP1: $0.074321 (+22.5%, 1.5R, sell 40%)
       TP2: $0.087971 (+45.0%, 3.0R, sell 35%)
       TP3: $0.106173 (+75.0%, 5.0R, sell 25%)

  [47] SOON        score= 103.0  ST=4/6  price=$0.173200      24h= -0.05%  vol=$  1.2M
       TF:  1D= 99  12H=159  6H=111  4H= 85  2H= 76  1H= 50
       Entry: $0.173200  |  Stop: $0.150043 (-13.37%)  |  Risk: $1500 (1.50% acct)
       Position: $11219 (11.22% acct, qty 64775.8294)
       TP1: $0.207935 (+20.1%, 1.5R, sell 40%)
       TP2: $0.242670 (+40.1%, 3.0R, sell 35%)
       TP3: $0.288984 (+66.8%, 5.0R, sell 25%)

  [48] BSB         score= 102.6  ST=4/6  price=$0.249200      24h=+11.41%  vol=$ 13.8M
       TF:  1D= 73  12H= 91  6H= 90  4H=106  2H=119  1H=153
       Bonuses: RS vs BTC 7d +3.6%  (+5 pts)
       Entry: $0.249200  |  Stop: $0.211820 (-15.00%)  |  Risk: $1500 (1.50% acct)
       Position: $10000 (10.00% acct, qty 40128.4109)
       TP1: $0.305270 (+22.5%, 1.5R, sell 40%)
       TP2: $0.361340 (+45.0%, 3.0R, sell 35%)
       TP3: $0.436100 (+75.0%, 5.0R, sell 25%)

  [49] MNT         score= 102.3  ST=4/6  price=$0.556800      24h= +2.14%  vol=$  5.5M
       TF:  1D= 26  12H= 78  6H=101  4H=141  2H=168  1H=160
       Bonuses: 1H pre-pump (obv_stealth_accum) | RS vs BTC 7d +2.4%  (+7 pts)
       Entry: $0.556800  |  Stop: $0.514071 (-7.67%)  |  Risk: $1500 (1.50% acct)
       Position: $19547 (19.55% acct, qty 35105.3159)
       TP1: $0.620893 (+11.5%, 1.5R, sell 40%)
       TP2: $0.684986 (+23.0%, 3.0R, sell 35%)
       TP3: $0.770443 (+38.4%, 5.0R, sell 25%)

  [50] BASED       score= 102.1  ST=5/6  price=$0.069070      24h= +4.25%  vol=$  1.8M
       TF:  1D= 69  12H=125  6H= 76  4H=111  2H=123  1H=150
       Entry: $0.069070  |  Stop: $0.058709 (-15.00%)  |  Risk: $1500 (1.50% acct)
       Position: $10000 (10.00% acct, qty 144780.6573)
       TP1: $0.084611 (+22.5%, 1.5R, sell 40%)
       TP2: $0.100152 (+45.0%, 3.0R, sell 35%)
       TP3: $0.120872 (+75.0%, 5.0R, sell 25%)

--------------------------------------------------------------------------------
  WATCH  —  50 coin(s)  (worth tracking)
--------------------------------------------------------------------------------
  #   Symbol      Score  ST         Price    24h%   Vol $M  TF breakdown
  ------------------------------------------------------------------------------
    1 STX         100.4  2/6  $   0.184700  +5.26%  $    2.0  1D= 46  12H= 85  6H= 85  4H=130  2H=170  1H=149
    2 UAI          99.8  4/6  $   0.265870 +11.74%  $    1.9  1D=112  12H= 81  6H= 73  4H= 97  2H=123  1H=120
    3 BTC          98.6  3/6  $64,416.600000  +1.87%  $ 3280.4  1D= 57  12H= 76  6H= 95  4H=110  2H=153  1H=163
    4 TIA          98.6  4/6  $   0.345900  +1.30%  $    5.5  1D= 45  12H= 68  6H=115  4H=129  2H=131  1H=151
    5 BERA         98.5  3/6  $   0.261100  +2.74%  $    2.4  1D= 75  12H= 74  6H= 84  4H= 71  2H=135  1H=112
    6 KITE         97.8  3/6  $   0.193400  -0.16%  $    1.5  1D=108  12H= 71  6H= 99  4H= 79  2H=107  1H= 98
    7 SKR          97.7  3/6  $   0.008921 +10.42%  $    8.4  1D= 39  12H=100  6H=127  4H=120  2H=112  1H=113
    8 USELESS      97.5  3/6  $   0.068160  +8.43%  $    3.1  1D= 82  12H= 87  6H= 90  4H= 77  2H=138  1H=155
    9 PUMPFUN      97.4  3/6  $   0.001537  +2.87%  $   12.7  1D= 64  12H= 76  6H= 74  4H=121  2H=136  1H=137
   10 BEAT         97.2  2/6  $   7.728600 -27.60%  $  125.5  1D=140  12H=146  6H= 45  4H= 24  2H= 27  1H= 72
   11 CC           97.1  5/6  $   0.162730  -0.93%  $    1.8  1D=127  12H= 61  6H= 74  4H= 84  2H= 88  1H=111
   12 AAVE         96.9  3/6  $  67.070000  +1.67%  $   10.6  1D= 40  12H= 81  6H= 96  4H=104  2H=150  1H=145
   13 RENDER       96.5  4/6  $   1.771100  +1.64%  $   12.3  1D= 47  12H= 74  6H= 78  4H=131  2H=143  1H=150
   14 ETHFI        96.4  3/6  $   0.317100  +4.84%  $    3.9  1D= 64  12H= 68  6H= 95  4H= 85  2H=143  1H=137
   15 SEI          96.2  4/6  $   0.054420  +1.59%  $    5.8  1D= 45  12H= 64  6H= 97  4H=122  2H=133  1H=140
   16 JTO          95.8  5/6  $   0.544100  +3.01%  $    7.0  1D=115  12H= 30  6H= 78  4H= 84  2H=123  1H=135
   17 PNUT         95.7  3/6  $   0.044410  +1.99%  $    2.1  1D= 42  12H= 76  6H= 89  4H=111  2H=132  1H=139
   18 LTC          95.6  3/6  $  44.310000  +2.30%  $   17.7  1D= 48  12H= 62  6H= 59  4H=143  2H=141  1H=155
   19 ZK           95.0  4/6  $   0.011485  +2.21%  $    4.2  1D= 77  12H= 64  6H= 92  4H= 78  2H=130  1H=125
   20 AR           94.7  3/6  $   2.047500  +0.42%  $    1.4  1D= 37  12H= 85  6H= 83  4H=139  2H=129  1H=136
   21 WAVES        94.7  3/6  $   0.277700  -2.63%  $    1.0  1D=100  12H=100  6H= 92  4H= 60  2H= 52  1H= 77
   22 MOODENG      94.5  3/6  $   0.040570  +2.00%  $    3.4  1D= 66  12H= 77  6H= 84  4H= 91  2H=120  1H=130
   23 XAG          94.3  3/6  $  68.160000  +2.63%  $   20.2  1D= 44  12H= 60  6H= 86  4H=152  2H=145  1H=149
   24 ZRO          93.7  4/6  $   0.944400  +1.22%  $    2.2  1D= 44  12H= 82  6H=109  4H=111  2H=129  1H=145
   25 LAB          93.4  3/6  $   9.449000 +19.11%  $   19.6  1D=106  12H= 43  6H= 67  4H= 79  2H=137  1H=168
   26 AERO         92.3  4/6  $   0.360400  +4.27%  $    3.1  1D= 65  12H= 54  6H=104  4H= 77  2H=135  1H=150
   27 IRYS         92.2  2/6  $   0.018236  +1.49%  $    3.2  1D= 49  12H=101  6H=121  4H=120  2H= 84  1H= 71
   28 KAIA         92.1  2/6  $   0.036870  +4.55%  $    1.3  1D= 42  12H= 91  6H= 75  4H=115  2H=137  1H=152
   29 TON          92.0  3/6  $   1.720600  +2.21%  $   18.0  1D= 68  12H= 62  6H= 68  4H= 85  2H=116  1H=137
   30 SKY          91.7  3/6  $   0.055910  +2.83%  $    1.7  1D= 50  12H= 60  6H= 75  4H=127  2H=138  1H=168
   31 ME           91.4  2/6  $   0.063190  +0.32%  $    1.6  1D= 83  12H= 85  6H= 78  4H= 77  2H=116  1H= 90
   32 EDEN         91.2  4/6  $   0.039680 +22.15%  $    3.4  1D= 45  12H= 60  6H= 97  4H=132  2H=142  1H=152
   33 ENSO         91.0  3/6  $   0.647300  +0.22%  $    1.9  1D= 73  12H= 74  6H=103  4H= 82  2H= 99  1H= 91
   34 NAORIS       90.9  2/6  $   0.035790  -4.65%  $    1.1  1D=133  12H=103  6H= 53  4H= 35  2H= 23  1H= 71
   35 W            90.5  3/6  $   0.009806  +2.28%  $    1.8  1D= 54  12H= 70  6H= 89  4H=110  2H=134  1H=135
   36 ENS          90.1  3/6  $   4.946000  +3.51%  $    1.1  1D= 41  12H= 73  6H= 78  4H= 98  2H=147  1H=150
   37 ETH          90.0  2/6  $1,680.510000  +2.62%  $ 1266.7  1D= 46  12H= 87  6H= 76  4H= 56  2H=154  1H=144
   38 BANANAS31    89.5  4/6  $   0.007710 +31.90%  $   14.4  1D= 19  12H= 72  6H=111  4H=127  2H=154  1H=156
   39 DASH         89.3  2/6  $  35.500000  +6.39%  $    3.5  1D= 48  12H= 83  6H= 69  4H= 67  2H=156  1H=151
   40 MITO         89.2  3/6  $   0.018400 +15.93%  $    6.2  1D= 38  12H=107  6H=114  4H=103  2H=110  1H= 74
   41 INIT         89.2  3/6  $   0.058850  +1.51%  $    1.3  1D= 63  12H= 71  6H= 84  4H= 69  2H= 79  1H=129
   42 DOGE         89.0  3/6  $   0.087840  +1.07%  $   89.5  1D= 48  12H= 69  6H= 89  4H= 88  2H=126  1H=151
   43 AIO          89.0  2/6  $   0.130790 -11.09%  $    1.7  1D=142  12H=123  6H= 55  4H= 22  2H= 30  1H= 25
   44 FIDA         88.5  4/6  $   0.022939  +0.58%  $    2.8  1D= 89  12H= 84  6H=110  4H= 72  2H= 84  1H= 64
   45 ZEC          88.4  2/6  $ 420.590000 +10.71%  $  167.9  1D= 41  12H= 75  6H= 60  4H= 75  2H=149  1H=158
   46 ESPORTS      87.8  1/6  $   0.062120  -2.99%  $   72.5  1D=118  12H=100  6H= 65  4H= 40  2H= 52  1H= 58
   47 VIRTUAL      87.6  4/6  $   0.642400  -0.20%  $   15.7  1D= 52  12H= 72  6H= 92  4H= 64  2H=117  1H=142
   48 ENA          87.2  3/6  $   0.083860  +0.39%  $   43.6  1D= 64  12H= 59  6H= 90  4H= 94  2H=134  1H=138
   49 LINK         87.1  2/6  $   7.980000  +2.24%  $   23.1  1D= 54  12H= 81  6H= 69  4H= 45  2H=144  1H=144
   50 NIL          87.1  3/6  $   0.038830  +5.59%  $    2.8  1D= 36  12H= 94  6H=112  4H=115  2H=117  1H=101

================================================================================
2026-06-15 00:34:16,843 [INFO]   Saved → trend_v3_LATEST.txt, trend_v3_LATEST.json, trend_v3_20260615_003416.txt
2026-06-15 09:32:42,809 [INFO] ================================================================
2026-06-15 09:32:42,812 [INFO] TREND SCANNER v3.0
2026-06-15 09:32:42,813 [INFO] ================================================================
2026-06-15 09:32:42,813 [INFO] Building universe (Bybit perps)...
2026-06-15 09:32:44,024 [INFO]   Universe (post-filter): 243 coins
2026-06-15 09:32:44,024 [INFO] Fetching BTC 1D for regime detection...
2026-06-15 09:32:44,565 [INFO]   Regime: BULL  |  BTC 7d +3.81%  |  24h +2.00%
2026-06-15 09:32:44,566 [INFO] Scanning 243 coins across 6 timeframes...
2026-06-15 09:32:44,566 [INFO] (this is the slowest scanner — first run ~10min, subsequent ~2-3min)
2026-06-15 09:33:17,042 [INFO]   ...20/243  (surfaced: 18)
2026-06-15 09:33:49,795 [INFO]   ...40/243  (surfaced: 36)
2026-06-15 09:34:20,070 [INFO]   ...60/243  (surfaced: 54)
2026-06-15 09:34:50,934 [INFO]   ...80/243  (surfaced: 73)
2026-06-15 09:35:22,890 [INFO]   ...100/243  (surfaced: 88)
2026-06-15 09:35:56,606 [INFO]   ...120/243  (surfaced: 103)
2026-06-15 09:36:30,022 [INFO]   ...140/243  (surfaced: 120)
2026-06-15 09:36:59,252 [INFO]   ...160/243  (surfaced: 134)
2026-06-15 09:37:32,280 [INFO]   ...180/243  (surfaced: 151)
2026-06-15 09:38:05,230 [INFO]   ...200/243  (surfaced: 165)
2026-06-15 09:38:34,936 [INFO]   ...220/243  (surfaced: 183)
2026-06-15 09:39:07,199 [INFO]   ...240/243  (surfaced: 199)
2026-06-15 09:39:12,081 [INFO] Done in 389s  |  scanned=220  failed=23  strong=22  long=50  watch=50
2026-06-15 09:39:12,087 [INFO] 
================================================================================
  TREND SCANNER v3.0  —  multi-timeframe confirmation + trade plans
  Generated  : 2026-06-15 09:39:12
  Universe   : 243 Bybit perps  |  Scanned: 220
  Scan time  : 389s
================================================================================

  Regime     : 🟢 BULL
               BTC 7d +3.81%  |  24h +2.00%  |  $65,746

  Account    : $100,000  |  Risk/trade: 1.5%

  Tiers (bull):  STRONG ≥ 130 & ST≥4  |  LONG ≥ 100 & ST≥3  |  WATCH ≥ 70

  TF weights : 1D×0.28 · 12H×0.2 · 6H×0.15 · 4H×0.15 · 2H×0.12 · 1H×0.1

--------------------------------------------------------------------------------
  STRONG  —  22 coin(s)  (highest conviction, full position)
--------------------------------------------------------------------------------

  [ 1] BP          score= 157.3  ST=6/6  price=$0.425270      24h=+11.45%  vol=$  1.1M
       TF:  1D=162  12H=159  6H=144  4H=136  2H=150  1H=131
       Bonuses: 1H pre-pump (obv_stealth_accum) | RS vs BTC 7d +61.8%  (+7 pts)
       Entry: $0.425270  |  Stop: $0.361480 (-15.00%)  |  Risk: $1500 (1.50% acct)
       Position: $10000 (10.00% acct, qty 23514.4732)
       TP1: $0.520956 (+22.5%, 1.5R, sell 40%)
       TP2: $0.616641 (+45.0%, 3.0R, sell 35%)
       TP3: $0.744223 (+75.0%, 5.0R, sell 25%)

  [ 2] EVAA        score= 152.8  ST=6/6  price=$0.711600      24h=+131.19%  vol=$ 38.5M
       TF:  1D=129  12H=149  6H=147  4H=152  2H=159  1H=159
       Bonuses: RSI div 1D (bullish) | RS vs BTC 7d +104.9%  (+7 pts)
       Entry: $0.711600  |  Stop: $0.604860 (-15.00%)  |  Risk: $1500 (1.50% acct)
       Position: $10000 (10.00% acct, qty 14052.8387)
       TP1: $0.871710 (+22.5%, 1.5R, sell 40%)
       TP2: $1.031820 (+45.0%, 3.0R, sell 35%)
       TP3: $1.245300 (+75.0%, 5.0R, sell 25%)

  [ 3] AKT         score= 152.1  ST=6/6  price=$0.804100      24h=+11.46%  vol=$  4.9M
       TF:  1D=148  12H=127  6H=149  4H=163  2H=147  1H=158
       Bonuses: RS vs BTC 7d +23.8%  (+5 pts)
       Entry: $0.804100  |  Stop: $0.686489 (-14.63%)  |  Risk: $1500 (1.50% acct)
       Position: $10255 (10.26% acct, qty 12753.9401)
       TP1: $0.980516 (+21.9%, 1.5R, sell 40%)
       TP2: $1.156932 (+43.9%, 3.0R, sell 35%)
       TP3: $1.392154 (+73.1%, 5.0R, sell 25%)

  [ 4] CLO         score= 149.9  ST=5/6  price=$0.191270      24h=+33.58%  vol=$ 24.4M
       TF:  1D=154  12H=145  6H=143  4H=168  2H=159  1H=150
       Entry: $0.191270  |  Stop: $0.162579 (-15.00%)  |  Risk: $1500 (1.50% acct)
       Position: $10000 (10.00% acct, qty 52282.1143)
       TP1: $0.234306 (+22.5%, 1.5R, sell 40%)
       TP2: $0.277342 (+45.0%, 3.0R, sell 35%)
       TP3: $0.334722 (+75.0%, 5.0R, sell 25%)

  [ 5] LIT         score= 149.9  ST=6/6  price=$1.685400      24h= +5.99%  vol=$  9.4M
       TF:  1D=135  12H=143  6H=144  4H=147  2H=139  1H=152
       Bonuses: RS vs BTC 7d +13.9% | funding -0.0122%/8h  (+8 pts)
       Entry: $1.685400  |  Stop: $1.432590 (-15.00%)  |  Risk: $1500 (1.50% acct)
       Position: $10000 (10.00% acct, qty 5933.3096)
       TP1: $2.064615 (+22.5%, 1.5R, sell 40%)
       TP2: $2.443830 (+45.0%, 3.0R, sell 35%)
       TP3: $2.949450 (+75.0%, 5.0R, sell 25%)

  [ 6] IO          score= 149.9  ST=6/6  price=$0.178730      24h= +8.21%  vol=$  3.4M
       TF:  1D=141  12H=124  6H=145  4H=162  2H=127  1H=143
       Bonuses: 1H pre-pump (obv_divergence) | RS vs BTC 7d +25.8% | funding -0.0102%/8h  (+10 pts)
       Entry: $0.178730  |  Stop: $0.151921 (-15.00%)  |  Risk: $1500 (1.50% acct)
       Position: $10000 (10.00% acct, qty 55950.3161)
       TP1: $0.218944 (+22.5%, 1.5R, sell 40%)
       TP2: $0.259159 (+45.0%, 3.0R, sell 35%)
       TP3: $0.312777 (+75.0%, 5.0R, sell 25%)

  [ 7] MEME        score= 148.5  ST=6/6  price=$0.000632      24h= +2.87%  vol=$  5.3M
       TF:  1D=147  12H=153  6H=146  4H=144  2H=125  1H= 82
       Bonuses: RSI div 1D (hidden_bullish) | 1H pre-pump (obv_stealth_accum) | RS vs BTC 7d +3.3%  (+10 pts)
       Entry: $0.000632  |  Stop: $0.000538 (-15.00%)  |  Risk: $1500 (1.50% acct)
       Position: $10000 (10.00% acct, qty 15812776.7236)
       TP1: $0.000775 (+22.5%, 1.5R, sell 40%)
       TP2: $0.000917 (+45.0%, 3.0R, sell 35%)
       TP3: $0.001107 (+75.0%, 5.0R, sell 25%)

  [ 8] WLD         score= 144.1  ST=6/6  price=$0.523000      24h=+13.93%  vol=$156.9M
       TF:  1D=137  12H=121  6H=145  4H=141  2H=146  1H=131
       Bonuses: RSI div 1D (hidden_bullish) | RS vs BTC 7d +7.2%  (+8 pts)
       Entry: $0.523000  |  Stop: $0.444550 (-15.00%)  |  Risk: $1500 (1.50% acct)
       Position: $10000 (10.00% acct, qty 19120.4589)
       TP1: $0.640675 (+22.5%, 1.5R, sell 40%)
       TP2: $0.758350 (+45.0%, 3.0R, sell 35%)
       TP3: $0.915250 (+75.0%, 5.0R, sell 25%)

  [ 9] GPS         score= 143.3  ST=5/6  price=$0.008002      24h=+17.41%  vol=$  1.1M
       TF:  1D=114  12H=110  6H=144  4H=148  2H=159  1H=155
       Bonuses: RSI div 1D (hidden_bullish) | RS vs BTC 7d +2.8% | funding -0.0106%/8h  (+11 pts)
       Entry: $0.008002  |  Stop: $0.006802 (-15.00%)  |  Risk: $1500 (1.50% acct)
       Position: $10000 (10.00% acct, qty 1249687.5781)
       TP1: $0.009802 (+22.5%, 1.5R, sell 40%)
       TP2: $0.011603 (+45.0%, 3.0R, sell 35%)
       TP3: $0.014004 (+75.0%, 5.0R, sell 25%)

  [10] JCT         score= 143.2  ST=6/6  price=$0.006069      24h= -4.00%  vol=$  6.7M
       TF:  1D=153  12H=158  6H=131  4H=128  2H=106  1H=122
       Bonuses: RS vs BTC 7d +22.9%  (+5 pts)
       Entry: $0.006069  |  Stop: $0.005159 (-15.00%)  |  Risk: $1500 (1.50% acct)
       Position: $10000 (10.00% acct, qty 1647636.4655)
       TP1: $0.007435 (+22.5%, 1.5R, sell 40%)
       TP2: $0.008800 (+45.0%, 3.0R, sell 35%)
       TP3: $0.010621 (+75.0%, 5.0R, sell 25%)

  [11] PUFFER      score= 142.7  ST=6/6  price=$0.018330      24h=+51.86%  vol=$  7.8M
       TF:  1D=128  12H= 99  6H=145  4H=142  2H=164  1H=163
       Bonuses: RS vs BTC 7d +19.4% | funding -1.3713%/8h  (+8 pts)
       Entry: $0.018330  |  Stop: $0.015581 (-15.00%)  |  Risk: $1500 (1.50% acct)
       Position: $10000 (10.00% acct, qty 545553.7370)
       TP1: $0.022454 (+22.5%, 1.5R, sell 40%)
       TP2: $0.026579 (+45.0%, 3.0R, sell 35%)
       TP3: $0.032078 (+75.0%, 5.0R, sell 25%)

  [12] SQD         score= 142.6  ST=6/6  price=$0.041070      24h= +8.02%  vol=$  1.5M
       TF:  1D=117  12H=143  6H=146  4H=130  2H=134  1H=138
       Bonuses: RSI div 1D (bullish) | RS vs BTC 7d +20.0%  (+10 pts)
       Entry: $0.041070  |  Stop: $0.034910 (-15.00%)  |  Risk: $1500 (1.50% acct)
       Position: $10000 (10.00% acct, qty 243486.7300)
       TP1: $0.050311 (+22.5%, 1.5R, sell 40%)
       TP2: $0.059552 (+45.0%, 3.0R, sell 35%)
       TP3: $0.071873 (+75.0%, 5.0R, sell 25%)

  [13] TAO         score= 137.9  ST=6/6  price=$270.840000    24h= +4.16%  vol=$150.4M
       TF:  1D=122  12H=129  6H=136  4H=149  2H=123  1H=154
       Bonuses: RS vs BTC 7d +22.8%  (+5 pts)
       Entry: $270.840000  |  Stop: $236.513571 (-12.67%)  |  Risk: $1500 (1.50% acct)
       Position: $11835 (11.84% acct, qty 43.6981)
       TP1: $322.329643 (+19.0%, 1.5R, sell 40%)
       TP2: $373.819286 (+38.0%, 3.0R, sell 35%)
       TP3: $442.472143 (+63.4%, 5.0R, sell 25%)

  [14] OPEN        score= 137.8  ST=6/6  price=$0.249640      24h= -5.66%  vol=$  3.3M
       TF:  1D=140  12H=149  6H=153  4H=150  2H=107  1H= 55
       Bonuses: RS vs BTC 7d +17.6%  (+5 pts)
       Entry: $0.249640  |  Stop: $0.213784 (-14.36%)  |  Risk: $1500 (1.50% acct)
       Position: $10443 (10.44% acct, qty 41833.5027)
       TP1: $0.303425 (+21.5%, 1.5R, sell 40%)
       TP2: $0.357209 (+43.1%, 3.0R, sell 35%)
       TP3: $0.428922 (+71.8%, 5.0R, sell 25%)

  [15] UAI         score= 137.2  ST=5/6  price=$0.299290      24h=+31.20%  vol=$  4.6M
       TF:  1D=149  12H=115  6H=138  4H=135  2H=137  1H=151
       Entry: $0.299290  |  Stop: $0.254397 (-15.00%)  |  Risk: $1500 (1.50% acct)
       Position: $10000 (10.00% acct, qty 33412.4094)
       TP1: $0.366630 (+22.5%, 1.5R, sell 40%)
       TP2: $0.433970 (+45.0%, 3.0R, sell 35%)
       TP3: $0.523757 (+75.0%, 5.0R, sell 25%)

  [16] KAITO       score= 133.3  ST=4/6  price=$0.474000      24h= +1.28%  vol=$  7.3M
       TF:  1D= 99  12H=121  6H=137  4H=140  2H=121  1H=133
       Bonuses: RSI div 1D (bullish) | 1H pre-pump (obv_stealth_accum) | RS vs BTC 7d +0.7%  (+12 pts)
       Entry: $0.474000  |  Stop: $0.421254 (-11.13%)  |  Risk: $1500 (1.50% acct)
       Position: $13480 (13.48% acct, qty 28437.9443)
       TP1: $0.553120 (+16.7%, 1.5R, sell 40%)
       TP2: $0.632239 (+33.4%, 3.0R, sell 35%)
       TP3: $0.737732 (+55.6%, 5.0R, sell 25%)

  [17] NEAR        score= 132.7  ST=4/6  price=$2.216200      24h=+12.59%  vol=$110.5M
       TF:  1D=116  12H=103  6H=123  4H=157  2H=150  1H=116
       Bonuses: RSI div 1D (hidden_bullish) | RS vs BTC 7d +3.9%  (+8 pts)
       Entry: $2.216200  |  Stop: $1.883770 (-15.00%)  |  Risk: $1500 (1.50% acct)
       Position: $10000 (10.00% acct, qty 4512.2281)
       TP1: $2.714845 (+22.5%, 1.5R, sell 40%)
       TP2: $3.213490 (+45.0%, 3.0R, sell 35%)
       TP3: $3.878350 (+75.0%, 5.0R, sell 25%)

  [18] MEGA        score= 132.7  ST=6/6  price=$0.062870      24h= +0.76%  vol=$ 20.0M
       TF:  1D=108  12H=105  6H=130  4H=145  2H=148  1H=124
       Bonuses: RSI div 1D (bullish) | RS vs BTC 7d +25.9%  (+10 pts)
       Entry: $0.062870  |  Stop: $0.053440 (-15.00%)  |  Risk: $1500 (1.50% acct)
       Position: $10000 (10.00% acct, qty 159058.3744)
       TP1: $0.077016 (+22.5%, 1.5R, sell 40%)
       TP2: $0.091162 (+45.0%, 3.0R, sell 35%)
       TP3: $0.110022 (+75.0%, 5.0R, sell 25%)

  [19] BIO         score= 132.3  ST=4/6  price=$0.032680      24h= +2.29%  vol=$  4.3M
       TF:  1D= 87  12H=111  6H=138  4H=139  2H=156  1H=135
       Bonuses: RSI div 1D (bullish) | 1H pre-pump (obv_stealth_accum) | RS vs BTC 7d +12.2%  (+12 pts)
       Entry: $0.032680  |  Stop: $0.027778 (-15.00%)  |  Risk: $1500 (1.50% acct)
       Position: $10000 (10.00% acct, qty 305997.5520)
       TP1: $0.040033 (+22.5%, 1.5R, sell 40%)
       TP2: $0.047386 (+45.0%, 3.0R, sell 35%)
       TP3: $0.057190 (+75.0%, 5.0R, sell 25%)

  [20] CRV         score= 131.5  ST=5/6  price=$0.235700      24h= -0.21%  vol=$  7.9M
       TF:  1D=121  12H=128  6H=125  4H=128  2H=105  1H=135
       Bonuses: RS vs BTC 7d +16.1% | funding -0.0114%/8h  (+8 pts)
       Entry: $0.235700  |  Stop: $0.207061 (-12.15%)  |  Risk: $1500 (1.50% acct)
       Position: $12345 (12.34% acct, qty 52375.6079)
       TP1: $0.278659 (+18.2%, 1.5R, sell 40%)
       TP2: $0.321618 (+36.5%, 3.0R, sell 35%)
       TP3: $0.378896 (+60.8%, 5.0R, sell 25%)

  [21] SOON        score= 131.2  ST=5/6  price=$0.171930      24h= +1.10%  vol=$  1.1M
       TF:  1D=104  12H=157  6H=120  4H=166  2H=124  1H=129
       Entry: $0.171930  |  Stop: $0.147626 (-14.14%)  |  Risk: $1500 (1.50% acct)
       Position: $10611 (10.61% acct, qty 61717.5101)
       TP1: $0.208386 (+21.2%, 1.5R, sell 40%)
       TP2: $0.244843 (+42.4%, 3.0R, sell 35%)
       TP3: $0.293451 (+70.7%, 5.0R, sell 25%)

  [22] GRASS       score= 130.9  ST=5/6  price=$0.433800      24h=+24.08%  vol=$  9.4M
       TF:  1D= 83  12H=111  6H=139  4H=154  2H=153  1H=152
       Bonuses: RSI div 1D (hidden_bullish) | RS vs BTC 7d +22.3%  (+8 pts)
       Entry: $0.433800  |  Stop: $0.368730 (-15.00%)  |  Risk: $1500 (1.50% acct)
       Position: $10000 (10.00% acct, qty 23052.0977)
       TP1: $0.531405 (+22.5%, 1.5R, sell 40%)
       TP2: $0.629010 (+45.0%, 3.0R, sell 35%)
       TP3: $0.759150 (+75.0%, 5.0R, sell 25%)

--------------------------------------------------------------------------------
  LONG  —  50 coin(s)  (tradeable trend)
--------------------------------------------------------------------------------

  [ 1] JELLYJELLY  score= 135.4  ST=3/6  price=$0.077790      24h= -2.00%  vol=$ 33.2M
       TF:  1D=158  12H=154  6H=147  4H=119  2H= 76  1H= 63
       Bonuses: RS vs BTC 7d +24.9%  (+5 pts)
       Entry: $0.077790  |  Stop: $0.066449 (-14.58%)  |  Risk: $1500 (1.50% acct)
       Position: $10289 (10.29% acct, qty 132262.6358)
       TP1: $0.094802 (+21.9%, 1.5R, sell 40%)
       TP2: $0.111813 (+43.7%, 3.0R, sell 35%)
       TP3: $0.134495 (+72.9%, 5.0R, sell 25%)

  [ 2] EIGEN       score= 129.1  ST=4/6  price=$0.203290      24h= +6.97%  vol=$  8.6M
       TF:  1D=106  12H= 95  6H=132  4H=155  2H=154  1H=139
       Bonuses: RS vs BTC 7d +9.3%  (+5 pts)
       Entry: $0.203290  |  Stop: $0.172796 (-15.00%)  |  Risk: $1500 (1.50% acct)
       Position: $10000 (10.00% acct, qty 49190.8112)
       TP1: $0.249030 (+22.5%, 1.5R, sell 40%)
       TP2: $0.294770 (+45.0%, 3.0R, sell 35%)
       TP3: $0.355758 (+75.0%, 5.0R, sell 25%)

  [ 3] MMT         score= 128.5  ST=6/6  price=$0.129100      24h= +0.07%  vol=$  1.3M
       TF:  1D=111  12H=119  6H=123  4H=130  2H=129  1H=132
       Bonuses: 1H pre-pump (obv_stealth_accum) | RS vs BTC 7d +16.2%  (+7 pts)
       Entry: $0.129100  |  Stop: $0.114440 (-11.36%)  |  Risk: $1500 (1.50% acct)
       Position: $13209 (13.21% acct, qty 102316.7434)
       TP1: $0.151091 (+17.0%, 1.5R, sell 40%)
       TP2: $0.173081 (+34.1%, 3.0R, sell 35%)
       TP3: $0.202402 (+56.8%, 5.0R, sell 25%)

  [ 4] CHIP        score= 127.8  ST=4/6  price=$0.037070      24h=+19.44%  vol=$ 14.4M
       TF:  1D=102  12H= 75  6H=130  4H=149  2H=154  1H=159
       Bonuses: RS vs BTC 7d +14.8% | funding -0.0622%/8h  (+8 pts)
       Entry: $0.037070  |  Stop: $0.031510 (-15.00%)  |  Risk: $1500 (1.50% acct)
       Position: $10000 (10.00% acct, qty 269759.9137)
       TP1: $0.045411 (+22.5%, 1.5R, sell 40%)
       TP2: $0.053752 (+45.0%, 3.0R, sell 35%)
       TP3: $0.064872 (+75.0%, 5.0R, sell 25%)

  [ 5] ATOM        score= 127.8  ST=6/6  price=$2.005900      24h= +1.24%  vol=$  8.8M
       TF:  1D=115  12H=122  6H=143  4H=140  2H=133  1H= 78
       Bonuses: RS vs BTC 7d +13.3%  (+5 pts)
       Entry: $2.005900  |  Stop: $1.811854 (-9.67%)  |  Risk: $1500 (1.50% acct)
       Position: $15506 (15.51% acct, qty 7730.1088)
       TP1: $2.296970 (+14.5%, 1.5R, sell 40%)
       TP2: $2.588039 (+29.0%, 3.0R, sell 35%)
       TP3: $2.976132 (+48.4%, 5.0R, sell 25%)

  [ 6] HYPE        score= 127.0  ST=4/6  price=$63.857000     24h= +9.82%  vol=$348.2M
       TF:  1D= 98  12H=106  6H=121  4H=151  2H=150  1H=146
       Bonuses: RS vs BTC 7d +3.1%  (+5 pts)
       Entry: $63.857000  |  Stop: $54.278450 (-15.00%)  |  Risk: $1500 (1.50% acct)
       Position: $10000 (10.00% acct, qty 156.5999)
       TP1: $78.224825 (+22.5%, 1.5R, sell 40%)
       TP2: $92.592650 (+45.0%, 3.0R, sell 35%)
       TP3: $111.749750 (+75.0%, 5.0R, sell 25%)

  [ 7] PYTH        score= 127.0  ST=5/6  price=$0.039430      24h= +1.33%  vol=$  4.3M
       TF:  1D= 87  12H=117  6H=146  4H=140  2H=131  1H=156
       Bonuses: RS vs BTC 7d +19.7%  (+5 pts)
       Entry: $0.039430  |  Stop: $0.034144 (-13.41%)  |  Risk: $1500 (1.50% acct)
       Position: $11188 (11.19% acct, qty 283745.4398)
       TP1: $0.047360 (+20.1%, 1.5R, sell 40%)
       TP2: $0.055289 (+40.2%, 3.0R, sell 35%)
       TP3: $0.065862 (+67.0%, 5.0R, sell 25%)

  [ 8] H           score= 126.6  ST=3/6  price=$0.477760      24h= -0.54%  vol=$403.7M
       TF:  1D=116  12H=141  6H=118  4H=143  2H=116  1H= 98
       Bonuses: funding -1.8426%/8h  (+3 pts)
       Entry: $0.477760  |  Stop: $0.406096 (-15.00%)  |  Risk: $1500 (1.50% acct)
       Position: $10000 (10.00% acct, qty 20931.0114)
       TP1: $0.585256 (+22.5%, 1.5R, sell 40%)
       TP2: $0.692752 (+45.0%, 3.0R, sell 35%)
       TP3: $0.836080 (+75.0%, 5.0R, sell 25%)

  [ 9] MORPHO      score= 126.6  ST=5/6  price=$1.961500      24h= +2.54%  vol=$  1.7M
       TF:  1D= 87  12H=114  6H=128  4H=137  2H=128  1H=153
       Bonuses: 1H pre-pump (obv_divergence, obv_stealth_accum) | RS vs BTC 7d +10.5%  (+9 pts)
       Entry: $1.961500  |  Stop: $1.704207 (-13.12%)  |  Risk: $1500 (1.50% acct)
       Position: $11435 (11.44% acct, qty 5829.9325)
       TP1: $2.347439 (+19.7%, 1.5R, sell 40%)
       TP2: $2.733379 (+39.4%, 3.0R, sell 35%)
       TP3: $3.247964 (+65.6%, 5.0R, sell 25%)

  [10] WLFI        score= 125.7  ST=5/6  price=$0.059790      24h= +3.19%  vol=$ 10.6M
       TF:  1D=109  12H=106  6H=136  4H=114  2H=134  1H=134
       Bonuses: 1H pre-pump (obv_divergence) | RS vs BTC 7d +0.7%  (+7 pts)
       Entry: $0.059790  |  Stop: $0.053540 (-10.45%)  |  Risk: $1500 (1.50% acct)
       Position: $14350 (14.35% acct, qty 240013.7151)
       TP1: $0.069164 (+15.7%, 1.5R, sell 40%)
       TP2: $0.078539 (+31.4%, 3.0R, sell 35%)
       TP3: $0.091038 (+52.3%, 5.0R, sell 25%)

  [11] WET         score= 124.5  ST=4/6  price=$0.059700      24h= +8.93%  vol=$  2.3M
       TF:  1D= 92  12H= 90  6H=126  4H=156  2H=119  1H=122
       Bonuses: RSI div 1D (bullish) | 1H pre-pump (obv_divergence) | RS vs BTC 7d +0.7%  (+12 pts)
       Entry: $0.059700  |  Stop: $0.053193 (-10.90%)  |  Risk: $1500 (1.50% acct)
       Position: $13763 (13.76% acct, qty 230528.5691)
       TP1: $0.069460 (+16.4%, 1.5R, sell 40%)
       TP2: $0.079220 (+32.7%, 3.0R, sell 35%)
       TP3: $0.092234 (+54.5%, 5.0R, sell 25%)

  [12] KITE        score= 124.1  ST=5/6  price=$0.192600      24h= +2.11%  vol=$  2.0M
       TF:  1D=110  12H= 88  6H=149  4H=156  2H=138  1H=134
       Entry: $0.192600  |  Stop: $0.171079 (-11.17%)  |  Risk: $1500 (1.50% acct)
       Position: $13424 (13.42% acct, qty 69700.2888)
       TP1: $0.224881 (+16.8%, 1.5R, sell 40%)
       TP2: $0.257162 (+33.5%, 3.0R, sell 35%)
       TP3: $0.300204 (+55.9%, 5.0R, sell 25%)

  [13] HOLO        score= 123.8  ST=5/6  price=$0.072890      24h= +0.34%  vol=$  1.3M
       TF:  1D= 98  12H=128  6H=149  4H=127  2H=140  1H= 76
       Bonuses: RS vs BTC 7d +18.4%  (+5 pts)
       Entry: $0.072890  |  Stop: $0.064228 (-11.88%)  |  Risk: $1500 (1.50% acct)
       Position: $12622 (12.62% acct, qty 173160.1732)
       TP1: $0.085884 (+17.8%, 1.5R, sell 40%)
       TP2: $0.098877 (+35.6%, 3.0R, sell 35%)
       TP3: $0.116203 (+59.4%, 5.0R, sell 25%)

  [14] BABY        score= 123.5  ST=6/6  price=$0.017766      24h=+11.76%  vol=$  9.6M
       TF:  1D=103  12H=118  6H=123  4H=130  2H=144  1H=108
       Bonuses: RS vs BTC 7d +2.0%  (+5 pts)
       Entry: $0.017766  |  Stop: $0.015101 (-15.00%)  |  Risk: $1500 (1.50% acct)
       Position: $10000 (10.00% acct, qty 562872.9033)
       TP1: $0.021763 (+22.5%, 1.5R, sell 40%)
       TP2: $0.025761 (+45.0%, 3.0R, sell 35%)
       TP3: $0.031091 (+75.0%, 5.0R, sell 25%)

  [15] EUL         score= 123.3  ST=5/6  price=$1.023500      24h=+11.50%  vol=$  1.6M
       TF:  1D= 70  12H=104  6H=125  4H=154  2H=144  1H=168
       Bonuses: 1H pre-pump (obv_stealth_accum) | RS vs BTC 7d +10.5%  (+7 pts)
       Entry: $1.023500  |  Stop: $0.873971 (-14.61%)  |  Risk: $1500 (1.50% acct)
       Position: $10267 (10.27% acct, qty 10031.5277)
       TP1: $1.247793 (+21.9%, 1.5R, sell 40%)
       TP2: $1.472086 (+43.8%, 3.0R, sell 35%)
       TP3: $1.771143 (+73.0%, 5.0R, sell 25%)

  [16] BRETT       score= 123.3  ST=5/6  price=$0.006678      24h= -0.74%  vol=$  1.4M
       TF:  1D= 90  12H=115  6H=128  4H=171  2H=116  1H=113
       Bonuses: RS vs BTC 7d +13.3%  (+5 pts)
       Entry: $0.006678  |  Stop: $0.005676 (-15.00%)  |  Risk: $1500 (1.50% acct)
       Position: $10000 (10.00% acct, qty 1497454.3276)
       TP1: $0.008181 (+22.5%, 1.5R, sell 40%)
       TP2: $0.009683 (+45.0%, 3.0R, sell 35%)
       TP3: $0.011687 (+75.0%, 5.0R, sell 25%)

  [17] PENDLE      score= 122.9  ST=4/6  price=$1.385500      24h= +0.64%  vol=$  5.4M
       TF:  1D= 77  12H= 85  6H=135  4H=159  2H=161  1H=129
       Bonuses: RS vs BTC 7d +5.4% | funding -0.0250%/8h  (+8 pts)
       Entry: $1.385500  |  Stop: $1.215175 (-12.29%)  |  Risk: $1500 (1.50% acct)
       Position: $12202 (12.20% acct, qty 8806.6931)
       TP1: $1.640988 (+18.4%, 1.5R, sell 40%)
       TP2: $1.896475 (+36.9%, 3.0R, sell 35%)
       TP3: $2.237125 (+61.5%, 5.0R, sell 25%)

  [18] ROAM        score= 122.7  ST=5/6  price=$0.008761      24h= +8.76%  vol=$  6.0M
       TF:  1D=100  12H=153  6H= 95  4H=144  2H=118  1H= 91
       Bonuses: RS vs BTC 7d +42.6%  (+5 pts)
       Entry: $0.008761  |  Stop: $0.007447 (-15.00%)  |  Risk: $1500 (1.50% acct)
       Position: $10000 (10.00% acct, qty 1141422.2121)
       TP1: $0.010732 (+22.5%, 1.5R, sell 40%)
       TP2: $0.012703 (+45.0%, 3.0R, sell 35%)
       TP3: $0.015332 (+75.0%, 5.0R, sell 25%)

  [19] CC          score= 122.6  ST=6/6  price=$0.161420      24h= +2.49%  vol=$  1.9M
       TF:  1D=123  12H= 98  6H=133  4H=106  2H=132  1H=149
       Bonuses: 1H pre-pump (obv_stealth_accum)  (+2 pts)
       Entry: $0.161420  |  Stop: $0.145193 (-10.05%)  |  Risk: $1500 (1.50% acct)
       Position: $14922 (14.92% acct, qty 92439.7491)
       TP1: $0.185760 (+15.1%, 1.5R, sell 40%)
       TP2: $0.210100 (+30.2%, 3.0R, sell 35%)
       TP3: $0.242554 (+50.3%, 5.0R, sell 25%)

  [20] USELESS     score= 122.4  ST=4/6  price=$0.073940      24h=+10.76%  vol=$  4.8M
       TF:  1D= 96  12H= 82  6H=122  4H=172  2H=123  1H=153
       Bonuses: RS vs BTC 7d +6.4%  (+5 pts)
       Entry: $0.073940  |  Stop: $0.062849 (-15.00%)  |  Risk: $1500 (1.50% acct)
       Position: $10000 (10.00% acct, qty 135244.7931)
       TP1: $0.090577 (+22.5%, 1.5R, sell 40%)
       TP2: $0.107213 (+45.0%, 3.0R, sell 35%)
       TP3: $0.129395 (+75.0%, 5.0R, sell 25%)

  [21] XPL         score= 122.0  ST=5/6  price=$0.089470      24h= +0.02%  vol=$ 24.9M
       TF:  1D=105  12H=106  6H=136  4H=135  2H=103  1H=134
       Bonuses: RS vs BTC 7d +25.4%  (+5 pts)
       Entry: $0.089470  |  Stop: $0.076050 (-15.00%)  |  Risk: $1500 (1.50% acct)
       Position: $10000 (10.00% acct, qty 111769.3081)
       TP1: $0.109601 (+22.5%, 1.5R, sell 40%)
       TP2: $0.129731 (+45.0%, 3.0R, sell 35%)
       TP3: $0.156573 (+75.0%, 5.0R, sell 25%)

  [22] BASED       score= 121.6  ST=5/6  price=$0.071790      24h=+11.89%  vol=$  1.9M
       TF:  1D= 79  12H=140  6H=141  4H=130  2H=135  1H=146
       Entry: $0.071790  |  Stop: $0.061021 (-15.00%)  |  Risk: $1500 (1.50% acct)
       Position: $10000 (10.00% acct, qty 139295.1665)
       TP1: $0.087943 (+22.5%, 1.5R, sell 40%)
       TP2: $0.104095 (+45.0%, 3.0R, sell 35%)
       TP3: $0.125633 (+75.0%, 5.0R, sell 25%)

  [23] VIRTUAL     score= 121.5  ST=4/6  price=$0.641600      24h= +3.06%  vol=$ 18.1M
       TF:  1D= 85  12H= 74  6H=128  4H=155  2H=150  1H=145
       Bonuses: RS vs BTC 7d +6.8% | funding -0.0382%/8h  (+8 pts)
       Entry: $0.641600  |  Stop: $0.547796 (-14.62%)  |  Risk: $1500 (1.50% acct)
       Position: $10260 (10.26% acct, qty 15990.8624)
       TP1: $0.782305 (+21.9%, 1.5R, sell 40%)
       TP2: $0.923011 (+43.9%, 3.0R, sell 35%)
       TP3: $1.110618 (+73.1%, 5.0R, sell 25%)

  [24] JUP         score= 121.5  ST=5/6  price=$0.179400      24h=+10.59%  vol=$  8.4M
       TF:  1D= 74  12H= 97  6H=134  4H=162  2H=144  1H=127
       Bonuses: 1H pre-pump (obv_divergence) | RS vs BTC 7d +10.8%  (+7 pts)
       Entry: $0.179400  |  Stop: $0.154151 (-14.07%)  |  Risk: $1500 (1.50% acct)
       Position: $10658 (10.66% acct, qty 59407.6211)
       TP1: $0.217274 (+21.1%, 1.5R, sell 40%)
       TP2: $0.255148 (+42.2%, 3.0R, sell 35%)
       TP3: $0.305646 (+70.4%, 5.0R, sell 25%)

  [25] KAS         score= 121.4  ST=3/6  price=$0.032270      24h= +2.99%  vol=$  2.8M
       TF:  1D= 98  12H=104  6H=140  4H=130  2H=143  1H=135
       Bonuses: 1H pre-pump (obv_stealth_accum)  (+2 pts)
       Entry: $0.032270  |  Stop: $0.028834 (-10.65%)  |  Risk: $1500 (1.50% acct)
       Position: $14087 (14.09% acct, qty 436545.0577)
       TP1: $0.037424 (+16.0%, 1.5R, sell 40%)
       TP2: $0.042578 (+31.9%, 3.0R, sell 35%)
       TP3: $0.049450 (+53.2%, 5.0R, sell 25%)

  [26] SEI         score= 121.2  ST=5/6  price=$0.055240      24h= +3.46%  vol=$  5.9M
       TF:  1D= 62  12H= 98  6H=120  4H=163  2H=143  1H=146
       Bonuses: 1H pre-pump (obv_stealth_accum) | RS vs BTC 7d +7.7% | funding -0.0115%/8h  (+10 pts)
       Entry: $0.055240  |  Stop: $0.047715 (-13.62%)  |  Risk: $1500 (1.50% acct)
       Position: $11012 (11.01% acct, qty 199345.0093)
       TP1: $0.066527 (+20.4%, 1.5R, sell 40%)
       TP2: $0.077814 (+40.9%, 3.0R, sell 35%)
       TP3: $0.092863 (+68.1%, 5.0R, sell 25%)

  [27] JASMY       score= 120.9  ST=5/6  price=$0.005274      24h= +1.74%  vol=$  5.1M
       TF:  1D= 81  12H=122  6H=128  4H=139  2H=134  1H=107
       Bonuses: 1H pre-pump (obv_stealth_accum) | RS vs BTC 7d +4.7%  (+7 pts)
       Entry: $0.005274  |  Stop: $0.004698 (-10.93%)  |  Risk: $1500 (1.50% acct)
       Position: $13729 (13.73% acct, qty 2603198.2149)
       TP1: $0.006138 (+16.4%, 1.5R, sell 40%)
       TP2: $0.007003 (+32.8%, 3.0R, sell 35%)
       TP3: $0.008155 (+54.6%, 5.0R, sell 25%)

  [28] SPX         score= 120.8  ST=4/6  price=$0.337000      24h= +1.93%  vol=$  3.0M
       TF:  1D= 87  12H= 98  6H=136  4H=152  2H=135  1H=124
       Bonuses: RS vs BTC 7d +2.3%  (+5 pts)
       Entry: $0.337000  |  Stop: $0.291089 (-13.62%)  |  Risk: $1500 (1.50% acct)
       Position: $11010 (11.01% acct, qty 32672.1120)
       TP1: $0.405866 (+20.4%, 1.5R, sell 40%)
       TP2: $0.474732 (+40.9%, 3.0R, sell 35%)
       TP3: $0.566554 (+68.1%, 5.0R, sell 25%)

  [29] API3        score= 120.6  ST=4/6  price=$0.269800      24h= +5.98%  vol=$  1.1M
       TF:  1D=102  12H= 90  6H=127  4H=145  2H=121  1H=137
       Bonuses: RS vs BTC 7d +0.9%  (+5 pts)
       Entry: $0.269800  |  Stop: $0.240700 (-10.79%)  |  Risk: $1500 (1.50% acct)
       Position: $13907 (13.91% acct, qty 51546.3918)
       TP1: $0.313450 (+16.2%, 1.5R, sell 40%)
       TP2: $0.357100 (+32.4%, 3.0R, sell 35%)
       TP3: $0.415300 (+53.9%, 5.0R, sell 25%)

  [30] TRUTH       score= 120.5  ST=3/6  price=$0.012483      24h= -9.37%  vol=$  4.8M
       TF:  1D= 98  12H=136  6H=123  4H=128  2H= 93  1H= 90
       Bonuses: RSI div 1D (hidden_bullish) | RS vs BTC 7d +7.2%  (+8 pts)
       Entry: $0.012483  |  Stop: $0.010611 (-15.00%)  |  Risk: $1500 (1.50% acct)
       Position: $10000 (10.00% acct, qty 801089.4817)
       TP1: $0.015292 (+22.5%, 1.5R, sell 40%)
       TP2: $0.018100 (+45.0%, 3.0R, sell 35%)
       TP3: $0.021845 (+75.0%, 5.0R, sell 25%)

  [31] AERO        score= 120.1  ST=4/6  price=$0.377900      24h= +7.90%  vol=$  5.7M
       TF:  1D= 75  12H= 66  6H=163  4H=164  2H=136  1H=135
       Bonuses: 1H pre-pump (obv_divergence) | RS vs BTC 7d +8.5%  (+7 pts)
       Entry: $0.377900  |  Stop: $0.337357 (-10.73%)  |  Risk: $1500 (1.50% acct)
       Position: $13982 (13.98% acct, qty 36997.8858)
       TP1: $0.438714 (+16.1%, 1.5R, sell 40%)
       TP2: $0.499529 (+32.2%, 3.0R, sell 35%)
       TP3: $0.580614 (+53.6%, 5.0R, sell 25%)

  [32] ALT         score= 120.1  ST=4/6  price=$0.006658      24h= +3.05%  vol=$  1.9M
       TF:  1D= 79  12H= 79  6H=150  4H=143  2H=156  1H=145
       Bonuses: RS vs BTC 7d +13.7%  (+5 pts)
       Entry: $0.006658  |  Stop: $0.005760 (-13.48%)  |  Risk: $1500 (1.50% acct)
       Position: $11124 (11.12% acct, qty 1670843.7761)
       TP1: $0.008005 (+20.2%, 1.5R, sell 40%)
       TP2: $0.009351 (+40.5%, 3.0R, sell 35%)
       TP3: $0.011147 (+67.4%, 5.0R, sell 25%)

  [33] BLUAI       score= 118.6  ST=5/6  price=$0.014084      24h=+16.62%  vol=$  3.5M
       TF:  1D=117  12H=112  6H=102  4H=116  2H=130  1H= 71
       Bonuses: RSI div 1D (hidden_bullish) | RS vs BTC 7d +9.5%  (+8 pts)
       Entry: $0.014084  |  Stop: $0.011971 (-15.00%)  |  Risk: $1500 (1.50% acct)
       Position: $10000 (10.00% acct, qty 710025.5609)
       TP1: $0.017253 (+22.5%, 1.5R, sell 40%)
       TP2: $0.020422 (+45.0%, 3.0R, sell 35%)
       TP3: $0.024647 (+75.0%, 5.0R, sell 25%)

  [34] LTC         score= 118.4  ST=4/6  price=$45.360000     24h= +2.66%  vol=$ 19.1M
       TF:  1D= 67  12H= 72  6H=122  4H=162  2H=141  1H=157
       Bonuses: 1H pre-pump (obv_stealth_accum) | RS vs BTC 7d +2.2% | funding -0.0115%/8h  (+10 pts)
       Entry: $45.360000  |  Stop: $41.810357 (-7.83%)  |  Risk: $1500 (1.50% acct)
       Position: $19168 (19.17% acct, qty 422.5777)
       TP1: $50.684464 (+11.7%, 1.5R, sell 40%)
       TP2: $56.008929 (+23.5%, 3.0R, sell 35%)
       TP3: $63.108214 (+39.1%, 5.0R, sell 25%)

  [35] ORDI        score= 118.3  ST=4/6  price=$3.395000      24h= +7.11%  vol=$  5.7M
       TF:  1D= 69  12H= 71  6H=151  4H=140  2H=145  1H=137
       Bonuses: RSI div 1D (bullish) | RS vs BTC 7d +10.2%  (+10 pts)
       Entry: $3.395000  |  Stop: $2.885750 (-15.00%)  |  Risk: $1500 (1.50% acct)
       Position: $10000 (10.00% acct, qty 2945.5081)
       TP1: $4.158875 (+22.5%, 1.5R, sell 40%)
       TP2: $4.922750 (+45.0%, 3.0R, sell 35%)
       TP3: $5.941250 (+75.0%, 5.0R, sell 25%)

  [36] ZRO         score= 117.1  ST=4/6  price=$0.956900      24h=+14.90%  vol=$  6.6M
       TF:  1D= 75  12H= 80  6H=138  4H=150  2H=150  1H=139
       Bonuses: RS vs BTC 7d +2.5%  (+5 pts)
       Entry: $0.956900  |  Stop: $0.813365 (-15.00%)  |  Risk: $1500 (1.50% acct)
       Position: $10000 (10.00% acct, qty 10450.4128)
       TP1: $1.172203 (+22.5%, 1.5R, sell 40%)
       TP2: $1.387505 (+45.0%, 3.0R, sell 35%)
       TP3: $1.674575 (+75.0%, 5.0R, sell 25%)

  [37] ZEC         score= 117.0  ST=4/6  price=$472.100000    24h=+15.26%  vol=$226.4M
       TF:  1D= 69  12H= 83  6H=132  4H=141  2H=150  1H=141
       Bonuses: RSI div 1D (hidden_bullish) | RS vs BTC 7d +3.4%  (+8 pts)
       Entry: $472.100000  |  Stop: $401.285000 (-15.00%)  |  Risk: $1500 (1.50% acct)
       Position: $10000 (10.00% acct, qty 21.1820)
       TP1: $578.322500 (+22.5%, 1.5R, sell 40%)
       TP2: $684.545000 (+45.0%, 3.0R, sell 35%)
       TP3: $826.175000 (+75.0%, 5.0R, sell 25%)

  [38] ONDO        score= 116.8  ST=3/6  price=$0.367600      24h= +5.44%  vol=$ 51.3M
       TF:  1D= 91  12H= 90  6H= 95  4H=154  2H=135  1H=118
       Bonuses: RSI div 1D (hidden_bullish) | RS vs BTC 7d +1.5%  (+8 pts)
       Entry: $0.367600  |  Stop: $0.312460 (-15.00%)  |  Risk: $1500 (1.50% acct)
       Position: $10000 (10.00% acct, qty 27203.4820)
       TP1: $0.450310 (+22.5%, 1.5R, sell 40%)
       TP2: $0.533020 (+45.0%, 3.0R, sell 35%)
       TP3: $0.643300 (+75.0%, 5.0R, sell 25%)

  [39] B3          score= 116.6  ST=4/6  price=$0.000589      24h= -4.02%  vol=$  2.7M
       TF:  1D= 71  12H= 85  6H=111  4H=156  2H=160  1H=125
       Bonuses: RSI div 1D (bullish) | funding -0.2382%/8h  (+8 pts)
       Entry: $0.000589  |  Stop: $0.000501 (-15.00%)  |  Risk: $1500 (1.50% acct)
       Position: $10000 (10.00% acct, qty 16963528.4139)
       TP1: $0.000722 (+22.5%, 1.5R, sell 40%)
       TP2: $0.000855 (+45.0%, 3.0R, sell 35%)
       TP3: $0.001032 (+75.0%, 5.0R, sell 25%)

  [40] S           score= 116.6  ST=4/6  price=$0.032220      24h= +8.87%  vol=$  2.0M
       TF:  1D= 75  12H= 84  6H=122  4H=151  2H=145  1H=134
       Bonuses: 1H pre-pump (obv_divergence) | RS vs BTC 7d +4.3%  (+7 pts)
       Entry: $0.032220  |  Stop: $0.027980 (-13.16%)  |  Risk: $1500 (1.50% acct)
       Position: $11400 (11.40% acct, qty 353803.3864)
       TP1: $0.038579 (+19.7%, 1.5R, sell 40%)
       TP2: $0.044939 (+39.5%, 3.0R, sell 35%)
       TP3: $0.053418 (+65.8%, 5.0R, sell 25%)

  [41] APEX        score= 116.5  ST=5/6  price=$0.298200      24h= +7.44%  vol=$  1.6M
       TF:  1D= 77  12H=116  6H=119  4H=131  2H=147  1H=116
       Bonuses: RS vs BTC 7d +10.7%  (+5 pts)
       Entry: $0.298200  |  Stop: $0.269025 (-9.78%)  |  Risk: $1500 (1.50% acct)
       Position: $15332 (15.33% acct, qty 51413.8817)
       TP1: $0.341963 (+14.7%, 1.5R, sell 40%)
       TP2: $0.385725 (+29.4%, 3.0R, sell 35%)
       TP3: $0.444075 (+48.9%, 5.0R, sell 25%)

  [42] ZK          score= 115.9  ST=4/6  price=$0.011790      24h= +2.25%  vol=$  3.2M
       TF:  1D= 68  12H= 87  6H=129  4H=156  2H=120  1H=153
       Bonuses: 1H pre-pump (obv_divergence) | RS vs BTC 7d +9.1%  (+7 pts)
       Entry: $0.011790  |  Stop: $0.010118 (-14.18%)  |  Risk: $1500 (1.50% acct)
       Position: $10575 (10.57% acct, qty 896918.4445)
       TP1: $0.014299 (+21.3%, 1.5R, sell 40%)
       TP2: $0.016807 (+42.5%, 3.0R, sell 35%)
       TP3: $0.020152 (+70.9%, 5.0R, sell 25%)

  [43] BOME        score= 115.8  ST=4/6  price=$0.000448      24h= +5.61%  vol=$  1.2M
       TF:  1D= 63  12H= 84  6H=125  4H=154  2H=125  1H=145
       Bonuses: RSI div 1D (hidden_bullish) | 1H pre-pump (obv_divergence) | RS vs BTC 7d +4.5%  (+10 pts)
       Entry: $0.000448  |  Stop: $0.000391 (-12.79%)  |  Risk: $1500 (1.50% acct)
       Position: $11723 (11.72% acct, qty 26168224.2991)
       TP1: $0.000534 (+19.2%, 1.5R, sell 40%)
       TP2: $0.000620 (+38.4%, 3.0R, sell 35%)
       TP3: $0.000735 (+64.0%, 5.0R, sell 25%)

  [44] SOL         score= 115.6  ST=4/6  price=$71.230000     24h= +4.62%  vol=$580.2M
       TF:  1D= 75  12H= 78  6H=121  4H=158  2H=152  1H=139
       Bonuses: RS vs BTC 7d +3.4%  (+5 pts)
       Entry: $71.230000  |  Stop: $64.073929 (-10.05%)  |  Risk: $1500 (1.50% acct)
       Position: $14931 (14.93% acct, qty 209.6122)
       TP1: $81.964107 (+15.1%, 1.5R, sell 40%)
       TP2: $92.698214 (+30.1%, 3.0R, sell 35%)
       TP3: $107.010357 (+50.2%, 5.0R, sell 25%)

  [45] TRUMP       score= 115.4  ST=6/6  price=$2.069000      24h= -4.07%  vol=$ 67.6M
       TF:  1D=123  12H=132  6H=103  4H= 99  2H= 65  1H= 85
       Bonuses: RS vs BTC 7d +20.4% | funding -0.0539%/8h  (+8 pts)
       Entry: $2.069000  |  Stop: $1.778643 (-14.03%)  |  Risk: $1500 (1.50% acct)
       Position: $10689 (10.69% acct, qty 5166.0517)
       TP1: $2.504536 (+21.1%, 1.5R, sell 40%)
       TP2: $2.940071 (+42.1%, 3.0R, sell 35%)
       TP3: $3.520786 (+70.2%, 5.0R, sell 25%)

  [46] LAB         score= 115.4  ST=5/6  price=$11.204000     24h= -4.02%  vol=$ 25.1M
       TF:  1D=133  12H= 69  6H= 94  4H=139  2H=145  1H=120
       Entry: $11.204000  |  Stop: $9.523400 (-15.00%)  |  Risk: $1500 (1.50% acct)
       Position: $10000 (10.00% acct, qty 892.5384)
       TP1: $13.724900 (+22.5%, 1.5R, sell 40%)
       TP2: $16.245800 (+45.0%, 3.0R, sell 35%)
       TP3: $19.607000 (+75.0%, 5.0R, sell 25%)

  [47] ARKM        score= 115.0  ST=4/6  price=$0.131440      24h= +7.22%  vol=$  4.0M
       TF:  1D= 73  12H= 77  6H=127  4H=156  2H=150  1H=137
       Bonuses: RS vs BTC 7d +7.7%  (+5 pts)
       Entry: $0.131440  |  Stop: $0.111724 (-15.00%)  |  Risk: $1500 (1.50% acct)
       Position: $10000 (10.00% acct, qty 76080.3408)
       TP1: $0.161014 (+22.5%, 1.5R, sell 40%)
       TP2: $0.190588 (+45.0%, 3.0R, sell 35%)
       TP3: $0.230020 (+75.0%, 5.0R, sell 25%)

  [48] LINEA       score= 115.0  ST=4/6  price=$0.002606      24h= +4.99%  vol=$  2.0M
       TF:  1D= 94  12H= 83  6H=134  4H=157  2H=119  1H=142
       Entry: $0.002606  |  Stop: $0.002263 (-13.15%)  |  Risk: $1500 (1.50% acct)
       Position: $11405 (11.40% acct, qty 4376367.6149)
       TP1: $0.003120 (+19.7%, 1.5R, sell 40%)
       TP2: $0.003634 (+39.5%, 3.0R, sell 35%)
       TP3: $0.004320 (+65.8%, 5.0R, sell 25%)

  [49] AAVE        score= 114.9  ST=4/6  price=$68.280000     24h= +8.16%  vol=$ 17.7M
       TF:  1D= 57  12H= 72  6H=122  4H=154  2H=168  1H=150
       Bonuses: RS vs BTC 7d +3.4% | funding -0.0224%/8h  (+8 pts)
       Entry: $68.280000  |  Stop: $60.642857 (-11.19%)  |  Risk: $1500 (1.50% acct)
       Position: $13411 (13.41% acct, qty 196.4085)
       TP1: $79.735714 (+16.8%, 1.5R, sell 40%)
       TP2: $91.191429 (+33.6%, 3.0R, sell 35%)
       TP3: $106.465714 (+55.9%, 5.0R, sell 25%)

  [50] ETHFI       score= 114.5  ST=4/6  price=$0.330800      24h= +7.50%  vol=$  4.7M
       TF:  1D= 75  12H= 78  6H=121  4H=160  2H=125  1H=138
       Bonuses: 1H pre-pump (obv_divergence) | RS vs BTC 7d +6.3%  (+7 pts)
       Entry: $0.330800  |  Stop: $0.282521 (-14.59%)  |  Risk: $1500 (1.50% acct)
       Position: $10278 (10.28% acct, qty 31069.6849)
       TP1: $0.403218 (+21.9%, 1.5R, sell 40%)
       TP2: $0.475636 (+43.8%, 3.0R, sell 35%)
       TP3: $0.572193 (+73.0%, 5.0R, sell 25%)

--------------------------------------------------------------------------------
  WATCH  —  50 coin(s)  (worth tracking)
--------------------------------------------------------------------------------
  #   Symbol      Score  ST         Price    24h%   Vol $M  TF breakdown
  ------------------------------------------------------------------------------
    1 GENIUS      104.2  2/6  $   0.493900  +2.98%  $    2.8  1D= 87  12H= 72  6H=109  4H=144  2H=139  1H= 58
    2 ONT         102.4  2/6  $   0.048900  +2.35%  $    1.3  1D= 74  12H= 72  6H=107  4H=155  2H=128  1H=106
    3 IRYS        102.2  2/6  $   0.018473  -4.69%  $    1.3  1D= 92  12H= 93  6H=125  4H=118  2H= 66  1H= 85
    4 BIGTIME     101.6  2/6  $   0.009185  +0.98%  $    1.4  1D= 95  12H= 76  6H= 67  4H=135  2H=121  1H=100
    5 EDEN        100.0  4/6  $   0.047460 +15.42%  $    4.6  1D= 90  12H= 66  6H=111  4H=120  2H=126  1H=118
    6 KERNEL       99.5  4/6  $   0.048970  +7.67%  $    1.1  1D= 32  12H= 76  6H=120  4H=149  2H=144  1H=147
    7 BNB          99.3  3/6  $ 616.400000  +0.84%  $   22.9  1D= 54  12H= 72  6H=101  4H=157  2H=140  1H=143
    8 AR           99.2  4/6  $   2.064900  +4.29%  $    1.3  1D= 48  12H= 77  6H=118  4H=132  2H=129  1H=124
    9 XAU          98.9  5/6  $4,298.070000  +2.38%  $   39.3  1D= 44  12H= 90  6H= 96  4H=149  2H=147  1H=142
   10 APT          98.7  3/6  $   0.680300  +2.63%  $    9.5  1D= 55  12H= 68  6H= 96  4H=134  2H=134  1H=141
   11 COAI         98.4  3/6  $   0.345300 -28.52%  $   21.0  1D=131  12H=124  6H= 94  4H= 60  2H= 29  1H= 23
   12 SPK          98.4  3/6  $   0.020056  +7.21%  $    1.5  1D= 70  12H= 69  6H=107  4H=113  2H=106  1H=143
   13 MEW          97.8  4/6  $   0.000390  +4.84%  $    2.1  1D= 75  12H= 74  6H= 95  4H=125  2H= 99  1H=121
   14 KAIA         97.7  3/6  $   0.038640  +2.45%  $    1.1  1D= 69  12H= 78  6H= 72  4H=147  2H=140  1H=131
   15 ENA          97.5  4/6  $   0.083970  +2.78%  $   45.6  1D= 66  12H= 69  6H=105  4H=138  2H=136  1H=124
   16 ETH          97.4  3/6  $1,724.770000  +2.52%  $ 1517.9  1D= 64  12H= 78  6H= 73  4H=144  2H=138  1H=128
   17 RESOLV       97.2  3/6  $   0.017860  +7.86%  $    1.1  1D= 60  12H= 72  6H= 87  4H=147  2H=127  1H=137
   18 WAL          96.5  4/6  $   0.034690 +13.92%  $    2.7  1D= 57  12H= 79  6H=109  4H=133  2H=134  1H=124
   19 ETC          96.0  3/6  $   7.214000  +2.10%  $    3.5  1D= 64  12H= 85  6H= 81  4H=132  2H=124  1H=122
   20 HBAR         95.2  3/6  $   0.081140  +3.26%  $   14.4  1D= 54  12H= 67  6H=111  4H=122  2H=142  1H=147
   21 SKR          95.2  3/6  $   0.009819  -1.46%  $    8.2  1D= 71  12H= 99  6H=115  4H=128  2H= 93  1H= 29
   22 ALLO         94.7  4/6  $   0.366460  -9.11%  $   13.0  1D=156  12H=130  6H= 43  4H= 48  2H= 21  1H= 38
   23 FIL          94.4  3/6  $   0.794000  +4.08%  $    7.7  1D= 58  12H= 62  6H=101  4H=139  2H=138  1H=132
   24 SAND         94.3  3/6  $   0.053490  +3.52%  $    1.9  1D= 61  12H= 85  6H= 80  4H=127  2H=120  1H=128
   25 RED          93.5  2/6  $   0.097400  +1.96%  $    1.4  1D= 66  12H= 89  6H= 80  4H=133  2H=100  1H=133
   26 VELVET       92.5  0/6  $   0.361680 -33.46%  $   31.7  1D=121  12H= 97  6H= 51  4H= 68  2H= 41  1H= 45
   27 PLUME        92.1  3/6  $   0.010803  +8.63%  $    2.4  1D= 38  12H= 76  6H= 87  4H=145  2H=144  1H=142
   28 BEAT         91.6  2/6  $   5.490700 -32.53%  $  105.8  1D=139  12H=122  6H= 37  4H= 34  2H= 30  1H= 40
   29 FIDA         91.1  4/6  $   0.023210  +0.79%  $    2.5  1D= 82  12H= 96  6H=105  4H= 81  2H= 75  1H= 90
   30 ICNT         91.0  3/6  $   0.214400  -0.14%  $    1.0  1D= 78  12H= 75  6H= 76  4H=114  2H=111  1H=123
   31 ASTER        90.8  2/6  $   0.635000  -0.03%  $   10.3  1D= 54  12H= 89  6H= 92  4H= 96  2H=144  1H=104
   32 MITO         90.8  3/6  $   0.021370 -15.85%  $    3.8  1D= 90  12H=107  6H= 92  4H=115  2H= 65  1H= 33
   33 LDO          90.7  3/6  $   0.268800  +3.50%  $    3.5  1D= 78  12H= 57  6H= 69  4H=122  2H=142  1H=118
   34 TRX          89.1  3/6  $   0.321560  +0.98%  $   10.1  1D= 39  12H= 56  6H=100  4H=109  2H=151  1H=125
   35 ENJ          89.0  3/6  $   0.030933  -0.50%  $    1.4  1D= 92  12H= 77  6H= 89  4H= 79  2H= 72  1H=110
   36 ZORA         89.0  2/6  $   0.008570  +4.36%  $    1.3  1D= 39  12H= 98  6H= 89  4H=106  2H=124  1H=143
   37 ALGO         88.4  2/6  $   0.092500  +2.91%  $    5.6  1D= 44  12H= 85  6H= 80  4H=114  2H=132  1H=141
   38 IP           87.8  3/6  $   0.303000  +6.06%  $    9.6  1D= 42  12H= 67  6H= 93  4H=119  2H=129  1H=134
   39 M            85.4  3/6  $   2.982300  -1.18%  $    1.3  1D= 59  12H=100  6H= 90  4H= 88  2H= 98  1H= 64
   40 ID           85.0  4/6  $   0.028360  -3.67%  $    2.2  1D= 75  12H=108  6H= 65  4H= 57  2H= 69  1H= 78
   41 AVAX         84.9  3/6  $   6.786000  +1.86%  $   31.6  1D= 53  12H= 60  6H= 91  4H=113  2H=121  1H=129
   42 MIRA         83.2  2/6  $   0.055900  +0.36%  $    4.1  1D= 75  12H= 83  6H= 63  4H= 97  2H=104  1H= 71
   43 ARC          82.5  2/6  $   0.081540  -8.80%  $    1.4  1D=148  12H= 99  6H= 42  4H= 38  2H= 46  1H= 37
   44 POL          82.1  2/6  $   0.076900  +2.87%  $    3.8  1D= 26  12H= 70  6H= 78  4H=102  2H=147  1H=142
   45 MELANIA      81.5  3/6  $   0.081080  -2.50%  $    4.4  1D= 80  12H= 70  6H= 75  4H= 70  2H= 58  1H=114
   46 DEXE         80.8  3/6  $  17.882000  +6.50%  $    3.1  1D= 93  12H= 43  6H= 26  4H= 84  2H=115  1H=139
   47 INJ          79.6  2/6  $   5.227000  +1.63%  $   15.9  1D= 82  12H= 56  6H= 80  4H= 98  2H= 67  1H=107
   48 AIO          79.1  1/6  $   0.113250  -8.99%  $    1.4  1D=131  12H= 67  6H= 34  4H= 47  2H= 64  1H= 72
   49 XLM          76.4  2/6  $   0.190820  +2.45%  $   23.6  1D= 63  12H= 48  6H= 66  4H= 73  2H=112  1H=149
   50 POWER        76.4  3/6  $   0.076800  -9.42%  $    1.3  1D=109  12H= 67  6H= 38  4H= 42  2H= 50  1H= 75

================================================================================
2026-06-15 09:39:12,146 [INFO]   Saved → trend_v3_LATEST.txt, trend_v3_LATEST.json, trend_v3_20260615_093912.txt
2026-06-15 14:55:44,339 [INFO] ================================================================
2026-06-15 14:55:44,341 [INFO] TREND SCANNER v3.0
2026-06-15 14:55:44,341 [INFO] ================================================================
2026-06-15 14:55:44,342 [INFO] Building universe (Bybit perps)...
2026-06-15 14:55:44,923 [INFO]   Universe (post-filter): 250 coins
2026-06-15 14:55:44,924 [INFO] Fetching BTC 1D for regime detection...
2026-06-15 14:55:45,462 [INFO]   Regime: BULL  |  BTC 7d +3.81%  |  24h +2.00%
2026-06-15 14:55:45,464 [INFO] Scanning 250 coins across 6 timeframes...
2026-06-15 14:55:45,465 [INFO] (this is the slowest scanner — first run ~10min, subsequent ~2-3min)
2026-06-15 14:56:22,492 [INFO]   ...20/250  (surfaced: 19)
2026-06-15 14:56:59,704 [INFO]   ...40/250  (surfaced: 37)
2026-06-15 14:57:38,319 [INFO]   ...60/250  (surfaced: 54)
2026-06-15 14:58:16,869 [INFO]   ...80/250  (surfaced: 73)
2026-06-15 14:58:54,251 [INFO]   ...100/250  (surfaced: 88)
2026-06-15 14:59:29,366 [INFO]   ...120/250  (surfaced: 105)
2026-06-15 15:00:40,688 [INFO]   ...160/250  (surfaced: 130)
2026-06-15 15:01:16,630 [INFO]   ...180/250  (surfaced: 146)
2026-06-15 15:01:51,626 [INFO]   ...200/250  (surfaced: 160)
2026-06-15 15:02:26,007 [INFO]   ...220/250  (surfaced: 175)
2026-06-15 15:03:00,559 [INFO]   ...240/250  (surfaced: 187)
2026-06-15 15:03:18,953 [INFO] Done in 455s  |  scanned=218  failed=32  strong=35  long=50  watch=38
2026-06-15 15:03:18,964 [INFO] 
================================================================================
  TREND SCANNER v3.0  —  multi-timeframe confirmation + trade plans
  Generated  : 2026-06-15 15:03:18
  Universe   : 250 Bybit perps  |  Scanned: 218
  Scan time  : 455s
================================================================================

  Regime     : 🟢 BULL
               BTC 7d +3.81%  |  24h +2.00%  |  $65,746

  Account    : $100,000  |  Risk/trade: 1.5%

  Tiers (bull):  STRONG ≥ 130 & ST≥4  |  LONG ≥ 100 & ST≥3  |  WATCH ≥ 70

  TF weights : 1D×0.28 · 12H×0.2 · 6H×0.15 · 4H×0.15 · 2H×0.12 · 1H×0.1

--------------------------------------------------------------------------------
  STRONG  —  35 coin(s)  (highest conviction, full position)
--------------------------------------------------------------------------------

  [ 1] EVAA        score= 156.1  ST=6/6  price=$0.711600      24h=+90.82%  vol=$ 60.6M
       TF:  1D=129  12H=154  6H=147  4H=152  2H=146  1H=168
       Bonuses: RSI div 1D (bullish) | RS vs BTC 7d +104.9%  (+10 pts)
       Entry: $0.711600  |  Stop: $0.604860 (-15.00%)  |  Risk: $1500 (1.50% acct)
       Position: $10000 (10.00% acct, qty 14052.8387)
       TP1: $0.871710 (+22.5%, 1.5R, sell 40%)
       TP2: $1.031820 (+45.0%, 3.0R, sell 35%)
       TP3: $1.245300 (+75.0%, 5.0R, sell 25%)

  [ 2] MEME        score= 155.5  ST=6/6  price=$0.000632      24h= +1.29%  vol=$  4.2M
       TF:  1D=147  12H=151  6H=146  4H=156  2H=145  1H=114
       Bonuses: RSI div 1D (hidden_bullish) | 1H pre-pump (obv_stealth_accum) | RS vs BTC 7d +3.3%  (+10 pts)
       Entry: $0.000632  |  Stop: $0.000538 (-15.00%)  |  Risk: $1500 (1.50% acct)
       Position: $10000 (10.00% acct, qty 15812776.7236)
       TP1: $0.000775 (+22.5%, 1.5R, sell 40%)
       TP2: $0.000917 (+45.0%, 3.0R, sell 35%)
       TP3: $0.001107 (+75.0%, 5.0R, sell 25%)

  [ 3] IO          score= 155.2  ST=6/6  price=$0.178730      24h= +8.39%  vol=$  3.8M
       TF:  1D=141  12H=139  6H=162  4H=160  2H=144  1H=153
       Bonuses: 1H pre-pump (obv_divergence) | RS vs BTC 7d +25.8%  (+7 pts)
       Entry: $0.178730  |  Stop: $0.151921 (-15.00%)  |  Risk: $1500 (1.50% acct)
       Position: $10000 (10.00% acct, qty 55950.3161)
       TP1: $0.218944 (+22.5%, 1.5R, sell 40%)
       TP2: $0.259159 (+45.0%, 3.0R, sell 35%)
       TP3: $0.312777 (+75.0%, 5.0R, sell 25%)

  [ 4] CLO         score= 154.5  ST=6/6  price=$0.191270      24h=+39.68%  vol=$ 28.8M
       TF:  1D=154  12H=157  6H=162  4H=155  2H=142  1H=154
       Entry: $0.191270  |  Stop: $0.162579 (-15.00%)  |  Risk: $1500 (1.50% acct)
       Position: $10000 (10.00% acct, qty 52282.1143)
       TP1: $0.234306 (+22.5%, 1.5R, sell 40%)
       TP2: $0.277342 (+45.0%, 3.0R, sell 35%)
       TP3: $0.334722 (+75.0%, 5.0R, sell 25%)

  [ 5] LIT         score= 153.3  ST=6/6  price=$1.685400      24h= +6.15%  vol=$ 11.0M
       TF:  1D=135  12H=149  6H=141  4H=155  2H=168  1H=141
       Bonuses: 1H pre-pump (obv_divergence) | RS vs BTC 7d +13.9%  (+7 pts)
       Entry: $1.685400  |  Stop: $1.432590 (-15.00%)  |  Risk: $1500 (1.50% acct)
       Position: $10000 (10.00% acct, qty 5933.3096)
       TP1: $2.064615 (+22.5%, 1.5R, sell 40%)
       TP2: $2.443830 (+45.0%, 3.0R, sell 35%)
       TP3: $2.949450 (+75.0%, 5.0R, sell 25%)

  [ 6] UAI         score= 152.6  ST=6/6  price=$0.299290      24h=+30.62%  vol=$ 12.1M
       TF:  1D=149  12H=175  6H=152  4H=150  2H=148  1H=128
       Entry: $0.299290  |  Stop: $0.254397 (-15.00%)  |  Risk: $1500 (1.50% acct)
       Position: $10000 (10.00% acct, qty 33412.4094)
       TP1: $0.366630 (+22.5%, 1.5R, sell 40%)
       TP2: $0.433970 (+45.0%, 3.0R, sell 35%)
       TP3: $0.523757 (+75.0%, 5.0R, sell 25%)

  [ 7] WLD         score= 150.9  ST=6/6  price=$0.523000      24h=+21.58%  vol=$205.6M
       TF:  1D=137  12H=135  6H=157  4H=144  2H=152  1H=142
       Bonuses: RSI div 1D (hidden_bullish) | RS vs BTC 7d +7.2%  (+8 pts)
       Entry: $0.523000  |  Stop: $0.444550 (-15.00%)  |  Risk: $1500 (1.50% acct)
       Position: $10000 (10.00% acct, qty 19120.4589)
       TP1: $0.640675 (+22.5%, 1.5R, sell 40%)
       TP2: $0.758350 (+45.0%, 3.0R, sell 35%)
       TP3: $0.915250 (+75.0%, 5.0R, sell 25%)

  [ 8] AKT         score= 149.8  ST=6/6  price=$0.804100      24h= +7.57%  vol=$  5.6M
       TF:  1D=148  12H=132  6H=159  4H=145  2H=175  1H=104
       Bonuses: RS vs BTC 7d +23.8%  (+5 pts)
       Entry: $0.804100  |  Stop: $0.686489 (-14.63%)  |  Risk: $1500 (1.50% acct)
       Position: $10255 (10.26% acct, qty 12753.9401)
       TP1: $0.980516 (+21.9%, 1.5R, sell 40%)
       TP2: $1.156932 (+43.9%, 3.0R, sell 35%)
       TP3: $1.392154 (+73.1%, 5.0R, sell 25%)

  [ 9] SQD         score= 148.8  ST=6/6  price=$0.041070      24h= +8.00%  vol=$  1.7M
       TF:  1D=117  12H=150  6H=165  4H=129  2H=138  1H=134
       Bonuses: RSI div 1D (bullish) | 1H pre-pump (obv_stealth_accum) | RS vs BTC 7d +20.0%  (+12 pts)
       Entry: $0.041070  |  Stop: $0.034910 (-15.00%)  |  Risk: $1500 (1.50% acct)
       Position: $10000 (10.00% acct, qty 243486.7300)
       TP1: $0.050311 (+22.5%, 1.5R, sell 40%)
       TP2: $0.059552 (+45.0%, 3.0R, sell 35%)
       TP3: $0.071873 (+75.0%, 5.0R, sell 25%)

  [10] GPS         score= 146.5  ST=6/6  price=$0.008002      24h=+18.11%  vol=$  1.8M
       TF:  1D=114  12H=139  6H=159  4H=152  2H=151  1H=140
       Bonuses: RSI div 1D (hidden_bullish) | RS vs BTC 7d +2.8%  (+8 pts)
       Entry: $0.008002  |  Stop: $0.006802 (-15.00%)  |  Risk: $1500 (1.50% acct)
       Position: $10000 (10.00% acct, qty 1249687.5781)
       TP1: $0.009802 (+22.5%, 1.5R, sell 40%)
       TP2: $0.011603 (+45.0%, 3.0R, sell 35%)
       TP3: $0.014004 (+75.0%, 5.0R, sell 25%)

  [11] ESP         score= 146.2  ST=6/6  price=$0.072150      24h= +7.73%  vol=$  1.0M
       TF:  1D=129  12H=140  6H=158  4H=155  2H=139  1H=134
       Bonuses: RS vs BTC 7d +4.2%  (+5 pts)
       Entry: $0.072150  |  Stop: $0.061825 (-14.31%)  |  Risk: $1500 (1.50% acct)
       Position: $10481 (10.48% acct, qty 145273.4253)
       TP1: $0.087638 (+21.5%, 1.5R, sell 40%)
       TP2: $0.103126 (+42.9%, 3.0R, sell 35%)
       TP3: $0.123777 (+71.5%, 5.0R, sell 25%)

  [12] NEAR        score= 141.9  ST=4/6  price=$2.216200      24h=+17.23%  vol=$148.9M
       TF:  1D=116  12H=110  6H=139  4H=155  2H=154  1H=148
       Bonuses: RSI div 1D (hidden_bullish) | 1H pre-pump (obv_divergence) | RS vs BTC 7d +3.9%  (+10 pts)
       Entry: $2.216200  |  Stop: $1.883770 (-15.00%)  |  Risk: $1500 (1.50% acct)
       Position: $10000 (10.00% acct, qty 4512.2281)
       TP1: $2.714845 (+22.5%, 1.5R, sell 40%)
       TP2: $3.213490 (+45.0%, 3.0R, sell 35%)
       TP3: $3.878350 (+75.0%, 5.0R, sell 25%)

  [13] TAO         score= 139.2  ST=6/6  price=$270.840000    24h= +4.91%  vol=$168.8M
       TF:  1D=122  12H=142  6H=145  4H=139  2H=141  1H=121
       Bonuses: RS vs BTC 7d +22.8%  (+5 pts)
       Entry: $270.840000  |  Stop: $236.513571 (-12.67%)  |  Risk: $1500 (1.50% acct)
       Position: $11835 (11.84% acct, qty 43.6981)
       TP1: $322.329643 (+19.0%, 1.5R, sell 40%)
       TP2: $373.819286 (+38.0%, 3.0R, sell 35%)
       TP3: $442.472143 (+63.4%, 5.0R, sell 25%)

  [14] BIO         score= 139.2  ST=4/6  price=$0.032680      24h= +4.45%  vol=$  4.3M
       TF:  1D= 87  12H=119  6H=165  4H=144  2H=140  1H=159
       Bonuses: RSI div 1D (bullish) | 1H pre-pump (obv_stealth_accum) | RS vs BTC 7d +12.2%  (+12 pts)
       Entry: $0.032680  |  Stop: $0.027778 (-15.00%)  |  Risk: $1500 (1.50% acct)
       Position: $10000 (10.00% acct, qty 305997.5520)
       TP1: $0.040033 (+22.5%, 1.5R, sell 40%)
       TP2: $0.047386 (+45.0%, 3.0R, sell 35%)
       TP3: $0.057190 (+75.0%, 5.0R, sell 25%)

  [15] ATOM        score= 138.9  ST=6/6  price=$2.005900      24h= +3.54%  vol=$ 11.5M
       TF:  1D=115  12H=127  6H=114  4H=132  2H=169  1H=171
       Bonuses: 1H pre-pump (obv_stealth_accum) | RS vs BTC 7d +13.3%  (+7 pts)
       Entry: $2.005900  |  Stop: $1.811854 (-9.67%)  |  Risk: $1500 (1.50% acct)
       Position: $15506 (15.51% acct, qty 7730.1088)
       TP1: $2.296970 (+14.5%, 1.5R, sell 40%)
       TP2: $2.588039 (+29.0%, 3.0R, sell 35%)
       TP3: $2.976132 (+48.4%, 5.0R, sell 25%)

  [16] PUFFER      score= 138.5  ST=6/6  price=$0.018330      24h=+34.14%  vol=$  9.8M
       TF:  1D=128  12H=119  6H=122  4H=150  2H=142  1H=130
       Bonuses: RS vs BTC 7d +19.4% | funding -0.0336%/8h  (+8 pts)
       Entry: $0.018330  |  Stop: $0.015581 (-15.00%)  |  Risk: $1500 (1.50% acct)
       Position: $10000 (10.00% acct, qty 545553.7370)
       TP1: $0.022454 (+22.5%, 1.5R, sell 40%)
       TP2: $0.026579 (+45.0%, 3.0R, sell 35%)
       TP3: $0.032078 (+75.0%, 5.0R, sell 25%)

  [17] HYPE        score= 138.4  ST=5/6  price=$63.857000     24h= +9.93%  vol=$407.0M
       TF:  1D= 98  12H=133  6H=151  4H=159  2H=154  1H=144
       Bonuses: RS vs BTC 7d +3.1%  (+5 pts)
       Entry: $63.857000  |  Stop: $54.278450 (-15.00%)  |  Risk: $1500 (1.50% acct)
       Position: $10000 (10.00% acct, qty 156.5999)
       TP1: $78.224825 (+22.5%, 1.5R, sell 40%)
       TP2: $92.592650 (+45.0%, 3.0R, sell 35%)
       TP3: $111.749750 (+75.0%, 5.0R, sell 25%)

  [18] MEGA        score= 138.3  ST=6/6  price=$0.062870      24h= +7.04%  vol=$ 17.4M
       TF:  1D=108  12H=110  6H=146  4H=140  2H=152  1H=149
       Bonuses: RSI div 1D (bullish) | RS vs BTC 7d +25.9%  (+10 pts)
       Entry: $0.062870  |  Stop: $0.053440 (-15.00%)  |  Risk: $1500 (1.50% acct)
       Position: $10000 (10.00% acct, qty 159058.3744)
       TP1: $0.077016 (+22.5%, 1.5R, sell 40%)
       TP2: $0.091162 (+45.0%, 3.0R, sell 35%)
       TP3: $0.110022 (+75.0%, 5.0R, sell 25%)

  [19] GRASS       score= 137.3  ST=5/6  price=$0.433800      24h=+24.84%  vol=$ 13.4M
       TF:  1D= 83  12H=129  6H=154  4H=154  2H=140  1H=173
       Bonuses: RSI div 1D (hidden_bullish) | RS vs BTC 7d +22.3%  (+8 pts)
       Entry: $0.433800  |  Stop: $0.368730 (-15.00%)  |  Risk: $1500 (1.50% acct)
       Position: $10000 (10.00% acct, qty 23052.0977)
       TP1: $0.531405 (+22.5%, 1.5R, sell 40%)
       TP2: $0.629010 (+45.0%, 3.0R, sell 35%)
       TP3: $0.759150 (+75.0%, 5.0R, sell 25%)

  [20] XPL         score= 135.4  ST=5/6  price=$0.089470      24h= +6.71%  vol=$ 29.1M
       TF:  1D=105  12H=110  6H=145  4H=136  2H=162  1H=154
       Bonuses: 1H pre-pump (obv_divergence) | RS vs BTC 7d +25.4%  (+7 pts)
       Entry: $0.089470  |  Stop: $0.076050 (-15.00%)  |  Risk: $1500 (1.50% acct)
       Position: $10000 (10.00% acct, qty 111769.3081)
       TP1: $0.109601 (+22.5%, 1.5R, sell 40%)
       TP2: $0.129731 (+45.0%, 3.0R, sell 35%)
       TP3: $0.156573 (+75.0%, 5.0R, sell 25%)

  [21] CRV         score= 135.2  ST=5/6  price=$0.235700      24h= +3.76%  vol=$  8.3M
       TF:  1D=121  12H=141  6H=133  4H=129  2H=108  1H=159
       Bonuses: RS vs BTC 7d +16.1%  (+5 pts)
       Entry: $0.235700  |  Stop: $0.207061 (-12.15%)  |  Risk: $1500 (1.50% acct)
       Position: $12345 (12.34% acct, qty 52375.6079)
       TP1: $0.278659 (+18.2%, 1.5R, sell 40%)
       TP2: $0.321618 (+36.5%, 3.0R, sell 35%)
       TP3: $0.378896 (+60.8%, 5.0R, sell 25%)

  [22] WLFI        score= 135.0  ST=5/6  price=$0.059790      24h= +2.21%  vol=$  9.6M
       TF:  1D=109  12H=126  6H=141  4H=114  2H=135  1H=158
       Bonuses: 1H pre-pump (obv_divergence, obv_stealth_accum) | RS vs BTC 7d +0.7%  (+9 pts)
       Entry: $0.059790  |  Stop: $0.053540 (-10.45%)  |  Risk: $1500 (1.50% acct)
       Position: $14350 (14.35% acct, qty 240013.7151)
       TP1: $0.069164 (+15.7%, 1.5R, sell 40%)
       TP2: $0.078539 (+31.4%, 3.0R, sell 35%)
       TP3: $0.091038 (+52.3%, 5.0R, sell 25%)

  [23] SPX         score= 134.8  ST=4/6  price=$0.337000      24h= +6.32%  vol=$  3.9M
       TF:  1D= 87  12H=106  6H=160  4H=151  2H=182  1H=157
       Bonuses: RS vs BTC 7d +2.3%  (+5 pts)
       Entry: $0.337000  |  Stop: $0.291089 (-13.62%)  |  Risk: $1500 (1.50% acct)
       Position: $11010 (11.01% acct, qty 32672.1120)
       TP1: $0.405866 (+20.4%, 1.5R, sell 40%)
       TP2: $0.474732 (+40.9%, 3.0R, sell 35%)
       TP3: $0.566554 (+68.1%, 5.0R, sell 25%)

  [24] EIGEN       score= 134.6  ST=4/6  price=$0.203290      24h=+10.63%  vol=$ 10.7M
       TF:  1D=106  12H=100  6H=156  4H=150  2H=162  1H=146
       Bonuses: RS vs BTC 7d +9.3%  (+5 pts)
       Entry: $0.203290  |  Stop: $0.172796 (-15.00%)  |  Risk: $1500 (1.50% acct)
       Position: $10000 (10.00% acct, qty 49190.8112)
       TP1: $0.249030 (+22.5%, 1.5R, sell 40%)
       TP2: $0.294770 (+45.0%, 3.0R, sell 35%)
       TP3: $0.355758 (+75.0%, 5.0R, sell 25%)

  [25] APEX        score= 133.7  ST=5/6  price=$0.298200      24h=+12.08%  vol=$  1.5M
       TF:  1D= 77  12H=139  6H=147  4H=142  2H=167  1H=159
       Bonuses: RS vs BTC 7d +10.7%  (+5 pts)
       Entry: $0.298200  |  Stop: $0.269025 (-9.78%)  |  Risk: $1500 (1.50% acct)
       Position: $15332 (15.33% acct, qty 51413.8817)
       TP1: $0.341963 (+14.7%, 1.5R, sell 40%)
       TP2: $0.385725 (+29.4%, 3.0R, sell 35%)
       TP3: $0.444075 (+48.9%, 5.0R, sell 25%)

  [26] VIRTUAL     score= 133.3  ST=5/6  price=$0.641600      24h= +8.16%  vol=$ 21.7M
       TF:  1D= 85  12H=107  6H=156  4H=160  2H=152  1H=155
       Bonuses: 1H pre-pump (obv_stealth_accum) | RS vs BTC 7d +6.8%  (+7 pts)
       Entry: $0.641600  |  Stop: $0.547796 (-14.62%)  |  Risk: $1500 (1.50% acct)
       Position: $10260 (10.26% acct, qty 15990.8624)
       TP1: $0.782305 (+21.9%, 1.5R, sell 40%)
       TP2: $0.923011 (+43.9%, 3.0R, sell 35%)
       TP3: $1.110618 (+73.1%, 5.0R, sell 25%)

  [27] BABY        score= 132.4  ST=6/6  price=$0.017766      24h=+26.55%  vol=$ 11.9M
       TF:  1D=103  12H=105  6H=133  4H=138  2H=163  1H=173
       Bonuses: RS vs BTC 7d +2.0%  (+5 pts)
       Entry: $0.017766  |  Stop: $0.015101 (-15.00%)  |  Risk: $1500 (1.50% acct)
       Position: $10000 (10.00% acct, qty 562872.9033)
       TP1: $0.021763 (+22.5%, 1.5R, sell 40%)
       TP2: $0.025761 (+45.0%, 3.0R, sell 35%)
       TP3: $0.031091 (+75.0%, 5.0R, sell 25%)

  [28] JTO         score= 132.1  ST=6/6  price=$0.558400      24h=+22.40%  vol=$ 16.4M
       TF:  1D=118  12H=131  6H=142  4H=123  2H=143  1H=159
       Entry: $0.558400  |  Stop: $0.474640 (-15.00%)  |  Risk: $1500 (1.50% acct)
       Position: $10000 (10.00% acct, qty 17908.3095)
       TP1: $0.684040 (+22.5%, 1.5R, sell 40%)
       TP2: $0.809680 (+45.0%, 3.0R, sell 35%)
       TP3: $0.977200 (+75.0%, 5.0R, sell 25%)

  [29] CC          score= 131.9  ST=6/6  price=$0.161420      24h= +3.80%  vol=$  2.1M
       TF:  1D=123  12H=153  6H=131  4H=107  2H=125  1H=142
       Bonuses: 1H pre-pump (obv_stealth_accum)  (+2 pts)
       Entry: $0.161420  |  Stop: $0.145193 (-10.05%)  |  Risk: $1500 (1.50% acct)
       Position: $14922 (14.92% acct, qty 92439.7491)
       TP1: $0.185760 (+15.1%, 1.5R, sell 40%)
       TP2: $0.210100 (+30.2%, 3.0R, sell 35%)
       TP3: $0.242554 (+50.3%, 5.0R, sell 25%)

  [30] BRETT       score= 131.9  ST=5/6  price=$0.006678      24h= +3.40%  vol=$  1.2M
       TF:  1D= 90  12H=119  6H=140  4H=141  2H=169  1H=155
       Bonuses: RS vs BTC 7d +13.3%  (+5 pts)
       Entry: $0.006678  |  Stop: $0.005676 (-15.00%)  |  Risk: $1500 (1.50% acct)
       Position: $10000 (10.00% acct, qty 1497454.3276)
       TP1: $0.008181 (+22.5%, 1.5R, sell 40%)
       TP2: $0.009683 (+45.0%, 3.0R, sell 35%)
       TP3: $0.011687 (+75.0%, 5.0R, sell 25%)

  [31] KAS         score= 131.3  ST=5/6  price=$0.032270      24h= +5.73%  vol=$  3.7M
       TF:  1D= 98  12H=121  6H=156  4H=150  2H=155  1H=152
       Entry: $0.032270  |  Stop: $0.028834 (-10.65%)  |  Risk: $1500 (1.50% acct)
       Position: $14087 (14.09% acct, qty 436545.0577)
       TP1: $0.037424 (+16.0%, 1.5R, sell 40%)
       TP2: $0.042578 (+31.9%, 3.0R, sell 35%)
       TP3: $0.049450 (+53.2%, 5.0R, sell 25%)

  [32] AERO        score= 130.9  ST=5/6  price=$0.377900      24h=+19.49%  vol=$  9.8M
       TF:  1D= 75  12H=131  6H=154  4H=154  2H=144  1H=152
       Bonuses: RS vs BTC 7d +8.5%  (+5 pts)
       Entry: $0.377900  |  Stop: $0.337357 (-10.73%)  |  Risk: $1500 (1.50% acct)
       Position: $13982 (13.98% acct, qty 36997.8858)
       TP1: $0.438714 (+16.1%, 1.5R, sell 40%)
       TP2: $0.499529 (+32.2%, 3.0R, sell 35%)
       TP3: $0.580614 (+53.6%, 5.0R, sell 25%)

  [33] BLUAI       score= 130.3  ST=5/6  price=$0.014084      24h= +0.06%  vol=$  1.9M
       TF:  1D=117  12H=128  6H=100  4H=121  2H=147  1H=111
       Bonuses: RSI div 1D (hidden_bullish) | 1H pre-pump (bb_squeeze) | RS vs BTC 7d +9.5%  (+10 pts)
       Entry: $0.014084  |  Stop: $0.011971 (-15.00%)  |  Risk: $1500 (1.50% acct)
       Position: $10000 (10.00% acct, qty 710025.5609)
       TP1: $0.017253 (+22.5%, 1.5R, sell 40%)
       TP2: $0.020422 (+45.0%, 3.0R, sell 35%)
       TP3: $0.024647 (+75.0%, 5.0R, sell 25%)

  [34] ZEC         score= 130.2  ST=5/6  price=$472.100000    24h=+24.47%  vol=$300.1M
       TF:  1D= 69  12H=127  6H=151  4H=149  2H=147  1H=148
       Bonuses: RSI div 1D (hidden_bullish) | RS vs BTC 7d +3.4%  (+8 pts)
       Entry: $472.100000  |  Stop: $401.285000 (-15.00%)  |  Risk: $1500 (1.50% acct)
       Position: $10000 (10.00% acct, qty 21.1820)
       TP1: $578.322500 (+22.5%, 1.5R, sell 40%)
       TP2: $684.545000 (+45.0%, 3.0R, sell 35%)
       TP3: $826.175000 (+75.0%, 5.0R, sell 25%)

  [35] BASED       score= 130.0  ST=5/6  price=$0.071790      24h=+27.52%  vol=$  3.9M
       TF:  1D= 79  12H=158  6H=144  4H=141  2H=147  1H=159
       Entry: $0.071790  |  Stop: $0.061021 (-15.00%)  |  Risk: $1500 (1.50% acct)
       Position: $10000 (10.00% acct, qty 139295.1665)
       TP1: $0.087943 (+22.5%, 1.5R, sell 40%)
       TP2: $0.104095 (+45.0%, 3.0R, sell 35%)
       TP3: $0.125633 (+75.0%, 5.0R, sell 25%)

--------------------------------------------------------------------------------
  LONG  —  50 coin(s)  (tradeable trend)
--------------------------------------------------------------------------------

  [ 1] FHE         score= 128.6  ST=5/6  price=$0.023720      24h=+16.53%  vol=$  1.9M
       TF:  1D= 59  12H=134  6H=162  4H=139  2H=129  1H=146
       Bonuses: RSI div 1D (bullish) | RS vs BTC 7d +20.5%  (+10 pts)
       Entry: $0.023720  |  Stop: $0.020162 (-15.00%)  |  Risk: $1500 (1.50% acct)
       Position: $10000 (10.00% acct, qty 421585.1602)
       TP1: $0.029057 (+22.5%, 1.5R, sell 40%)
       TP2: $0.034394 (+45.0%, 3.0R, sell 35%)
       TP3: $0.041510 (+75.0%, 5.0R, sell 25%)

  [ 2] PYTH        score= 128.4  ST=5/6  price=$0.039430      24h= +3.84%  vol=$  4.5M
       TF:  1D= 87  12H=121  6H=146  4H=137  2H=157  1H=135
       Bonuses: RS vs BTC 7d +19.7%  (+5 pts)
       Entry: $0.039430  |  Stop: $0.034144 (-13.41%)  |  Risk: $1500 (1.50% acct)
       Position: $11188 (11.19% acct, qty 283745.4398)
       TP1: $0.047360 (+20.1%, 1.5R, sell 40%)
       TP2: $0.055289 (+40.2%, 3.0R, sell 35%)
       TP3: $0.065862 (+67.0%, 5.0R, sell 25%)

  [ 3] KITE        score= 128.0  ST=5/6  price=$0.192600      24h= +4.00%  vol=$  1.7M
       TF:  1D=110  12H= 87  6H=145  4H=165  2H=136  1H=150
       Bonuses: 1H pre-pump (obv_stealth_accum)  (+2 pts)
       Entry: $0.192600  |  Stop: $0.171079 (-11.17%)  |  Risk: $1500 (1.50% acct)
       Position: $13424 (13.42% acct, qty 69700.2888)
       TP1: $0.224881 (+16.8%, 1.5R, sell 40%)
       TP2: $0.257162 (+33.5%, 3.0R, sell 35%)
       TP3: $0.300204 (+55.9%, 5.0R, sell 25%)

  [ 4] TRUTH       score= 127.9  ST=4/6  price=$0.012483      24h=+13.20%  vol=$  1.5M
       TF:  1D= 98  12H=155  6H=126  4H=113  2H= 97  1H=140
       Bonuses: RSI div 1D (hidden_bullish) | RS vs BTC 7d +7.2%  (+8 pts)
       Entry: $0.012483  |  Stop: $0.010611 (-15.00%)  |  Risk: $1500 (1.50% acct)
       Position: $10000 (10.00% acct, qty 801089.4817)
       TP1: $0.015292 (+22.5%, 1.5R, sell 40%)
       TP2: $0.018100 (+45.0%, 3.0R, sell 35%)
       TP3: $0.021845 (+75.0%, 5.0R, sell 25%)

  [ 5] API3        score= 127.4  ST=4/6  price=$0.269800      24h= +7.40%  vol=$  1.1M
       TF:  1D=102  12H= 91  6H=137  4H=142  2H=141  1H=149
       Bonuses: 1H pre-pump (obv_stealth_accum) | RS vs BTC 7d +0.9%  (+7 pts)
       Entry: $0.269800  |  Stop: $0.240700 (-10.79%)  |  Risk: $1500 (1.50% acct)
       Position: $13907 (13.91% acct, qty 51546.3918)
       TP1: $0.313450 (+16.2%, 1.5R, sell 40%)
       TP2: $0.357100 (+32.4%, 3.0R, sell 35%)
       TP3: $0.415300 (+53.9%, 5.0R, sell 25%)

  [ 6] CAKE        score= 127.3  ST=5/6  price=$1.387800      24h= +4.49%  vol=$  1.0M
       TF:  1D= 81  12H=114  6H=142  4H=135  2H=149  1H=154
       Bonuses: 1H pre-pump (obv_stealth_accum) | RS vs BTC 7d +5.7%  (+7 pts)
       Entry: $1.387800  |  Stop: $1.267446 (-8.67%)  |  Risk: $1500 (1.50% acct)
       Position: $17297 (17.30% acct, qty 12463.2778)
       TP1: $1.568330 (+13.0%, 1.5R, sell 40%)
       TP2: $1.748861 (+26.0%, 3.0R, sell 35%)
       TP3: $1.989568 (+43.4%, 5.0R, sell 25%)

  [ 7] JASMY       score= 127.2  ST=5/6  price=$0.005274      24h= -1.22%  vol=$  4.4M
       TF:  1D= 81  12H=135  6H=139  4H=143  2H=131  1H=125
       Bonuses: 1H pre-pump (obv_stealth_accum) | RS vs BTC 7d +4.7%  (+7 pts)
       Entry: $0.005274  |  Stop: $0.004698 (-10.93%)  |  Risk: $1500 (1.50% acct)
       Position: $13729 (13.73% acct, qty 2603198.2149)
       TP1: $0.006138 (+16.4%, 1.5R, sell 40%)
       TP2: $0.007003 (+32.8%, 3.0R, sell 35%)
       TP3: $0.008155 (+54.6%, 5.0R, sell 25%)

  [ 8] JUP         score= 125.7  ST=5/6  price=$0.179400      24h=+14.56%  vol=$ 10.3M
       TF:  1D= 74  12H=118  6H=136  4H=154  2H=146  1H=154
       Bonuses: RS vs BTC 7d +10.8%  (+5 pts)
       Entry: $0.179400  |  Stop: $0.154151 (-14.07%)  |  Risk: $1500 (1.50% acct)
       Position: $10658 (10.66% acct, qty 59407.6211)
       TP1: $0.217274 (+21.1%, 1.5R, sell 40%)
       TP2: $0.255148 (+42.2%, 3.0R, sell 35%)
       TP3: $0.305646 (+70.4%, 5.0R, sell 25%)

  [ 9] ZRO         score= 125.3  ST=5/6  price=$0.956900      24h=+25.90%  vol=$ 17.0M
       TF:  1D= 75  12H=123  6H=139  4H=154  2H=142  1H=137
       Bonuses: RS vs BTC 7d +2.5%  (+5 pts)
       Entry: $0.956900  |  Stop: $0.813365 (-15.00%)  |  Risk: $1500 (1.50% acct)
       Position: $10000 (10.00% acct, qty 10450.4128)
       TP1: $1.172203 (+22.5%, 1.5R, sell 40%)
       TP2: $1.387505 (+45.0%, 3.0R, sell 35%)
       TP3: $1.674575 (+75.0%, 5.0R, sell 25%)

  [10] ARKM        score= 125.2  ST=4/6  price=$0.131440      24h= +9.58%  vol=$  5.3M
       TF:  1D= 73  12H=100  6H=154  4H=150  2H=151  1H=160
       Bonuses: RS vs BTC 7d +7.7%  (+5 pts)
       Entry: $0.131440  |  Stop: $0.111724 (-15.00%)  |  Risk: $1500 (1.50% acct)
       Position: $10000 (10.00% acct, qty 76080.3408)
       TP1: $0.161014 (+22.5%, 1.5R, sell 40%)
       TP2: $0.190588 (+45.0%, 3.0R, sell 35%)
       TP3: $0.230020 (+75.0%, 5.0R, sell 25%)

  [11] CHIP        score= 125.1  ST=4/6  price=$0.037070      24h=+13.02%  vol=$ 16.1M
       TF:  1D=102  12H= 85  6H=132  4H=151  2H=153  1H=117
       Bonuses: 1H pre-pump (obv_stealth_accum) | RS vs BTC 7d +14.8%  (+7 pts)
       Entry: $0.037070  |  Stop: $0.031510 (-15.00%)  |  Risk: $1500 (1.50% acct)
       Position: $10000 (10.00% acct, qty 269759.9137)
       TP1: $0.045411 (+22.5%, 1.5R, sell 40%)
       TP2: $0.053752 (+45.0%, 3.0R, sell 35%)
       TP3: $0.064872 (+75.0%, 5.0R, sell 25%)

  [12] XCN         score= 125.1  ST=4/6  price=$0.004107      24h= +3.64%  vol=$  1.2M
       TF:  1D= 75  12H= 78  6H=148  4H=129  2H=137  1H=135
       Bonuses: RSI div 1D (bullish) | 1H pre-pump (obv_divergence, obv_stealth_accum) | RS vs BTC 7d +4.9% | funding -0.0724%/8h  (+17 pts)
       Entry: $0.004107  |  Stop: $0.003659 (-10.91%)  |  Risk: $1500 (1.50% acct)
       Position: $13746 (13.75% acct, qty 3346880.2295)
       TP1: $0.004779 (+16.4%, 1.5R, sell 40%)
       TP2: $0.005452 (+32.7%, 3.0R, sell 35%)
       TP3: $0.006348 (+54.6%, 5.0R, sell 25%)

  [13] ALT         score= 124.8  ST=4/6  price=$0.006658      24h= +3.17%  vol=$  1.7M
       TF:  1D= 79  12H= 79  6H=156  4H=126  2H=170  1H=172
       Bonuses: 1H pre-pump (obv_stealth_accum) | RS vs BTC 7d +13.7%  (+7 pts)
       Entry: $0.006658  |  Stop: $0.005760 (-13.48%)  |  Risk: $1500 (1.50% acct)
       Position: $11124 (11.12% acct, qty 1670843.7761)
       TP1: $0.008005 (+20.2%, 1.5R, sell 40%)
       TP2: $0.009351 (+40.5%, 3.0R, sell 35%)
       TP3: $0.011147 (+67.4%, 5.0R, sell 25%)

  [14] PNUT        score= 124.6  ST=4/6  price=$0.045390      24h= +5.73%  vol=$  1.5M
       TF:  1D= 85  12H= 82  6H=148  4H=135  2H=151  1H=158
       Bonuses: RS vs BTC 7d +4.2% | funding -0.0100%/8h  (+8 pts)
       Entry: $0.045390  |  Stop: $0.039598 (-12.76%)  |  Risk: $1500 (1.50% acct)
       Position: $11755 (11.75% acct, qty 258971.5131)
       TP1: $0.054078 (+19.1%, 1.5R, sell 40%)
       TP2: $0.062766 (+38.3%, 3.0R, sell 35%)
       TP3: $0.074351 (+63.8%, 5.0R, sell 25%)

  [15] ORCA        score= 124.5  ST=6/6  price=$1.146400      24h= +4.79%  vol=$  2.1M
       TF:  1D=119  12H=109  6H=111  4H= 99  2H=143  1H=137
       Bonuses: 1H pre-pump (obv_divergence) | RS vs BTC 7d +5.9%  (+7 pts)
       Entry: $1.146400  |  Stop: $0.994911 (-13.21%)  |  Risk: $1500 (1.50% acct)
       Position: $11351 (11.35% acct, qty 9901.6904)
       TP1: $1.373634 (+19.8%, 1.5R, sell 40%)
       TP2: $1.600868 (+39.6%, 3.0R, sell 35%)
       TP3: $1.903846 (+66.1%, 5.0R, sell 25%)

  [16] MNT         score= 124.3  ST=5/6  price=$0.568400      24h= +5.59%  vol=$  7.6M
       TF:  1D= 66  12H=102  6H=141  4H=154  2H=175  1H=152
       Bonuses: RS vs BTC 7d +0.8%  (+5 pts)
       Entry: $0.568400  |  Stop: $0.526282 (-7.41%)  |  Risk: $1482 (1.48% acct)
       Position: $20000 (20.00% acct, qty 35186.4884)
       TP1: $0.631577 (+11.1%, 1.5R, sell 40%)
       TP2: $0.694754 (+22.2%, 3.0R, sell 35%)
       TP3: $0.778989 (+37.0%, 5.0R, sell 25%)

  [17] ONDO        score= 124.2  ST=3/6  price=$0.367600      24h=+10.94%  vol=$ 58.4M
       TF:  1D= 91  12H= 89  6H=128  4H=136  2H=149  1H=154
       Bonuses: RSI div 1D (hidden_bullish) | RS vs BTC 7d +1.5%  (+8 pts)
       Entry: $0.367600  |  Stop: $0.312460 (-15.00%)  |  Risk: $1500 (1.50% acct)
       Position: $10000 (10.00% acct, qty 27203.4820)
       TP1: $0.450310 (+22.5%, 1.5R, sell 40%)
       TP2: $0.533020 (+45.0%, 3.0R, sell 35%)
       TP3: $0.643300 (+75.0%, 5.0R, sell 25%)

  [18] EUL         score= 124.1  ST=5/6  price=$1.023500      24h=+10.98%  vol=$  1.4M
       TF:  1D= 70  12H=109  6H=134  4H=154  2H=164  1H=148
       Bonuses: RS vs BTC 7d +10.5%  (+5 pts)
       Entry: $1.023500  |  Stop: $0.873971 (-14.61%)  |  Risk: $1500 (1.50% acct)
       Position: $10267 (10.27% acct, qty 10031.5277)
       TP1: $1.247793 (+21.9%, 1.5R, sell 40%)
       TP2: $1.472086 (+43.8%, 3.0R, sell 35%)
       TP3: $1.771143 (+73.0%, 5.0R, sell 25%)

  [19] RENDER      score= 124.0  ST=5/6  price=$1.804400      24h= +5.88%  vol=$ 15.1M
       TF:  1D= 68  12H=107  6H=115  4H=154  2H=157  1H=144
       Bonuses: 1H pre-pump (obv_stealth_accum) | RS vs BTC 7d +3.6% | funding -0.0131%/8h  (+10 pts)
       Entry: $1.804400  |  Stop: $1.533740 (-15.00%)  |  Risk: $1500 (1.50% acct)
       Position: $10000 (10.00% acct, qty 5542.0084)
       TP1: $2.210390 (+22.5%, 1.5R, sell 40%)
       TP2: $2.616380 (+45.0%, 3.0R, sell 35%)
       TP3: $3.157700 (+75.0%, 5.0R, sell 25%)

  [20] USELESS     score= 123.7  ST=4/6  price=$0.073940      24h=+22.36%  vol=$  6.3M
       TF:  1D= 96  12H=101  6H=132  4H=140  2H=145  1H=134
       Bonuses: RS vs BTC 7d +6.4%  (+5 pts)
       Entry: $0.073940  |  Stop: $0.062849 (-15.00%)  |  Risk: $1500 (1.50% acct)
       Position: $10000 (10.00% acct, qty 135244.7931)
       TP1: $0.090577 (+22.5%, 1.5R, sell 40%)
       TP2: $0.107213 (+45.0%, 3.0R, sell 35%)
       TP3: $0.129395 (+75.0%, 5.0R, sell 25%)

  [21] SUI         score= 123.6  ST=4/6  price=$0.802600      24h= +8.49%  vol=$ 66.1M
       TF:  1D= 73  12H= 82  6H=145  4H=150  2H=161  1H=162
       Bonuses: 1H pre-pump (obv_stealth_accum) | RS vs BTC 7d +2.1%  (+7 pts)
       Entry: $0.802600  |  Stop: $0.717957 (-10.55%)  |  Risk: $1500 (1.50% acct)
       Position: $14223 (14.22% acct, qty 17721.5190)
       TP1: $0.929564 (+15.8%, 1.5R, sell 40%)
       TP2: $1.056529 (+31.6%, 3.0R, sell 35%)
       TP3: $1.225814 (+52.7%, 5.0R, sell 25%)

  [22] ICP         score= 123.0  ST=5/6  price=$2.520000      24h= +5.69%  vol=$ 16.4M
       TF:  1D= 68  12H=107  6H=147  4H=135  2H=144  1H=160
       Bonuses: 1H pre-pump (obv_stealth_accum) | RS vs BTC 7d +2.2%  (+7 pts)
       Entry: $2.520000  |  Stop: $2.142000 (-15.00%)  |  Risk: $1500 (1.50% acct)
       Position: $10000 (10.00% acct, qty 3968.2540)
       TP1: $3.087000 (+22.5%, 1.5R, sell 40%)
       TP2: $3.654000 (+45.0%, 3.0R, sell 35%)
       TP3: $4.410000 (+75.0%, 5.0R, sell 25%)

  [23] ORDI        score= 123.0  ST=4/6  price=$3.395000      24h= +7.31%  vol=$  6.9M
       TF:  1D= 69  12H= 95  6H=146  4H=150  2H=147  1H=126
       Bonuses: RSI div 1D (bullish) | RS vs BTC 7d +10.2%  (+10 pts)
       Entry: $3.395000  |  Stop: $2.885750 (-15.00%)  |  Risk: $1500 (1.50% acct)
       Position: $10000 (10.00% acct, qty 2945.5081)
       TP1: $4.158875 (+22.5%, 1.5R, sell 40%)
       TP2: $4.922750 (+45.0%, 3.0R, sell 35%)
       TP3: $5.941250 (+75.0%, 5.0R, sell 25%)

  [24] H           score= 122.6  ST=3/6  price=$0.477760      24h=+11.62%  vol=$365.7M
       TF:  1D=116  12H=141  6H=132  4H=132  2H=100  1H= 53
       Bonuses: 1H pre-pump (obv_divergence) | funding -0.3605%/8h  (+5 pts)
       Entry: $0.477760  |  Stop: $0.406096 (-15.00%)  |  Risk: $1500 (1.50% acct)
       Position: $10000 (10.00% acct, qty 20931.0114)
       TP1: $0.585256 (+22.5%, 1.5R, sell 40%)
       TP2: $0.692752 (+45.0%, 3.0R, sell 35%)
       TP3: $0.836080 (+75.0%, 5.0R, sell 25%)

  [25] RUNE        score= 122.6  ST=5/6  price=$0.392700      24h= +8.05%  vol=$  1.3M
       TF:  1D= 77  12H=118  6H=152  4H=130  2H=131  1H=144
       Bonuses: RS vs BTC 7d +9.8%  (+5 pts)
       Entry: $0.392700  |  Stop: $0.340393 (-13.32%)  |  Risk: $1500 (1.50% acct)
       Position: $11261 (11.26% acct, qty 28676.7718)
       TP1: $0.471161 (+20.0%, 1.5R, sell 40%)
       TP2: $0.549621 (+40.0%, 3.0R, sell 35%)
       TP3: $0.654236 (+66.6%, 5.0R, sell 25%)

  [26] HOLO        score= 122.3  ST=5/6  price=$0.072890      24h= +5.15%  vol=$  1.3M
       TF:  1D= 98  12H=136  6H=141  4H=124  2H=119  1H= 86
       Bonuses: RS vs BTC 7d +18.4%  (+5 pts)
       Entry: $0.072890  |  Stop: $0.064228 (-11.88%)  |  Risk: $1500 (1.50% acct)
       Position: $12622 (12.62% acct, qty 173160.1732)
       TP1: $0.085884 (+17.8%, 1.5R, sell 40%)
       TP2: $0.098877 (+35.6%, 3.0R, sell 35%)
       TP3: $0.116203 (+59.4%, 5.0R, sell 25%)

  [27] LTC         score= 121.9  ST=4/6  price=$45.360000     24h= +5.03%  vol=$ 30.4M
       TF:  1D= 67  12H= 76  6H=139  4H=147  2H=174  1H=172
       Bonuses: 1H pre-pump (obv_stealth_accum) | RS vs BTC 7d +2.2%  (+7 pts)
       Entry: $45.360000  |  Stop: $41.810357 (-7.83%)  |  Risk: $1500 (1.50% acct)
       Position: $19168 (19.17% acct, qty 422.5777)
       TP1: $50.684464 (+11.7%, 1.5R, sell 40%)
       TP2: $56.008929 (+23.5%, 3.0R, sell 35%)
       TP3: $63.108214 (+39.1%, 5.0R, sell 25%)

  [28] AAVE        score= 121.7  ST=5/6  price=$68.280000     24h=+14.02%  vol=$ 31.2M
       TF:  1D= 57  12H=114  6H=149  4H=154  2H=144  1H=152
       Bonuses: RS vs BTC 7d +3.4%  (+5 pts)
       Entry: $68.280000  |  Stop: $60.642857 (-11.19%)  |  Risk: $1500 (1.50% acct)
       Position: $13411 (13.41% acct, qty 196.4085)
       TP1: $79.735714 (+16.8%, 1.5R, sell 40%)
       TP2: $91.191429 (+33.6%, 3.0R, sell 35%)
       TP3: $106.465714 (+55.9%, 5.0R, sell 25%)

  [29] TRUMP       score= 121.6  ST=6/6  price=$2.069000      24h= -1.08%  vol=$ 68.0M
       TF:  1D=123  12H=143  6H=108  4H= 89  2H= 98  1H= 92
       Bonuses: RS vs BTC 7d +20.4% | funding -0.0126%/8h  (+8 pts)
       Entry: $2.069000  |  Stop: $1.778643 (-14.03%)  |  Risk: $1500 (1.50% acct)
       Position: $10689 (10.69% acct, qty 5166.0517)
       TP1: $2.504536 (+21.1%, 1.5R, sell 40%)
       TP2: $2.940071 (+42.1%, 3.0R, sell 35%)
       TP3: $3.520786 (+70.2%, 5.0R, sell 25%)

  [30] SOL         score= 120.8  ST=4/6  price=$71.230000     24h= +8.76%  vol=$779.2M
       TF:  1D= 75  12H= 78  6H=137  4H=160  2H=149  1H=148
       Bonuses: 1H pre-pump (obv_stealth_accum) | RS vs BTC 7d +3.4%  (+7 pts)
       Entry: $71.230000  |  Stop: $64.073929 (-10.05%)  |  Risk: $1500 (1.50% acct)
       Position: $14931 (14.93% acct, qty 209.6122)
       TP1: $81.964107 (+15.1%, 1.5R, sell 40%)
       TP2: $92.698214 (+30.1%, 3.0R, sell 35%)
       TP3: $107.010357 (+50.2%, 5.0R, sell 25%)

  [31] PENDLE      score= 120.8  ST=4/6  price=$1.385500      24h= +7.61%  vol=$  5.1M
       TF:  1D= 77  12H= 89  6H=145  4H=155  2H=139  1H=148
       Bonuses: RS vs BTC 7d +5.4%  (+5 pts)
       Entry: $1.385500  |  Stop: $1.215175 (-12.29%)  |  Risk: $1500 (1.50% acct)
       Position: $12202 (12.20% acct, qty 8806.6931)
       TP1: $1.640988 (+18.4%, 1.5R, sell 40%)
       TP2: $1.896475 (+36.9%, 3.0R, sell 35%)
       TP3: $2.237125 (+61.5%, 5.0R, sell 25%)

  [32] OP          score= 120.7  ST=5/6  price=$0.108410      24h= +3.70%  vol=$ 10.7M
       TF:  1D= 78  12H=102  6H=139  4H=130  2H=125  1H=161
       Bonuses: 1H pre-pump (obv_stealth_accum) | RS vs BTC 7d +7.5%  (+7 pts)
       Entry: $0.108410  |  Stop: $0.092148 (-15.00%)  |  Risk: $1500 (1.50% acct)
       Position: $10000 (10.00% acct, qty 92242.4131)
       TP1: $0.132802 (+22.5%, 1.5R, sell 40%)
       TP2: $0.157194 (+45.0%, 3.0R, sell 35%)
       TP3: $0.189718 (+75.0%, 5.0R, sell 25%)

  [33] JCT         score= 120.2  ST=6/6  price=$0.006069      24h=-11.57%  vol=$  5.5M
       TF:  1D=153  12H=141  6H=126  4H= 91  2H= 55  1H= 50
       Bonuses: RS vs BTC 7d +22.9%  (+5 pts)
       Entry: $0.006069  |  Stop: $0.005159 (-15.00%)  |  Risk: $1500 (1.50% acct)
       Position: $10000 (10.00% acct, qty 1647636.4655)
       TP1: $0.007435 (+22.5%, 1.5R, sell 40%)
       TP2: $0.008800 (+45.0%, 3.0R, sell 35%)
       TP3: $0.010621 (+75.0%, 5.0R, sell 25%)

  [34] ENS         score= 120.1  ST=5/6  price=$5.153000      24h= +9.51%  vol=$  1.6M
       TF:  1D= 68  12H= 96  6H=131  4H=164  2H=155  1H=140
       Bonuses: RS vs BTC 7d +5.5%  (+5 pts)
       Entry: $5.153000  |  Stop: $4.625857 (-10.23%)  |  Risk: $1500 (1.50% acct)
       Position: $14663 (14.66% acct, qty 2845.5285)
       TP1: $5.943714 (+15.3%, 1.5R, sell 40%)
       TP2: $6.734429 (+30.7%, 3.0R, sell 35%)
       TP3: $7.788714 (+51.1%, 5.0R, sell 25%)

  [35] WIF         score= 119.8  ST=4/6  price=$0.164680      24h= +9.38%  vol=$ 16.0M
       TF:  1D= 67  12H= 82  6H=137  4H=168  2H=142  1H=148
       Bonuses: 1H pre-pump (obv_divergence) | RS vs BTC 7d +0.0%  (+7 pts)
       Entry: $0.164680  |  Stop: $0.142236 (-13.63%)  |  Risk: $1500 (1.50% acct)
       Position: $11006 (11.01% acct, qty 66832.1558)
       TP1: $0.198346 (+20.4%, 1.5R, sell 40%)
       TP2: $0.232013 (+40.9%, 3.0R, sell 35%)
       TP3: $0.276901 (+68.2%, 5.0R, sell 25%)

  [36] UNI         score= 119.7  ST=4/6  price=$2.590000      24h= +7.23%  vol=$ 10.7M
       TF:  1D= 80  12H= 78  6H=141  4H=139  2H=145  1H=143
       Bonuses: RSI div 1D (bullish) | funding -0.0143%/8h  (+8 pts)
       Entry: $2.590000  |  Stop: $2.337143 (-9.76%)  |  Risk: $1500 (1.50% acct)
       Position: $15364 (15.36% acct, qty 5932.2034)
       TP1: $2.969286 (+14.6%, 1.5R, sell 40%)
       TP2: $3.348571 (+29.3%, 3.0R, sell 35%)
       TP3: $3.854286 (+48.8%, 5.0R, sell 25%)

  [37] FARTCOIN    score= 119.1  ST=4/6  price=$0.127180      24h=+19.19%  vol=$ 47.2M
       TF:  1D= 77  12H= 78  6H=127  4H=147  2H=141  1H=169
       Bonuses: 1H pre-pump (obv_stealth_accum) | RS vs BTC 7d +6.3%  (+7 pts)
       Entry: $0.127180  |  Stop: $0.108103 (-15.00%)  |  Risk: $1500 (1.50% acct)
       Position: $10000 (10.00% acct, qty 78628.7152)
       TP1: $0.155796 (+22.5%, 1.5R, sell 40%)
       TP2: $0.184411 (+45.0%, 3.0R, sell 35%)
       TP3: $0.222565 (+75.0%, 5.0R, sell 25%)

  [38] VVV         score= 118.7  ST=4/6  price=$16.776000     24h= +3.57%  vol=$ 19.6M
       TF:  1D=113  12H= 99  6H=120  4H=116  2H=116  1H=139
       Bonuses: 1H pre-pump (obv_divergence, obv_stealth_accum)  (+4 pts)
       Entry: $16.776000  |  Stop: $14.259600 (-15.00%)  |  Risk: $1500 (1.50% acct)
       Position: $10000 (10.00% acct, qty 596.0897)
       TP1: $20.550600 (+22.5%, 1.5R, sell 40%)
       TP2: $24.325200 (+45.0%, 3.0R, sell 35%)
       TP3: $29.358000 (+75.0%, 5.0R, sell 25%)

  [39] 1000BONK    score= 118.6  ST=4/6  price=$0.004656      24h=+14.42%  vol=$ 12.0M
       TF:  1D= 65  12H= 82  6H=127  4H=150  2H=144  1H=152
       Bonuses: 1H pre-pump (obv_divergence) | RS vs BTC 7d +1.2% | funding -0.0208%/8h  (+10 pts)
       Entry: $0.004656  |  Stop: $0.004136 (-11.18%)  |  Risk: $1500 (1.50% acct)
       Position: $13421 (13.42% acct, qty 2882437.7188)
       TP1: $0.005437 (+16.8%, 1.5R, sell 40%)
       TP2: $0.006217 (+33.5%, 3.0R, sell 35%)
       TP3: $0.007258 (+55.9%, 5.0R, sell 25%)

  [40] EGLD        score= 118.3  ST=4/6  price=$2.965000      24h= +9.23%  vol=$  3.6M
       TF:  1D= 84  12H= 89  6H=126  4H=133  2H=143  1H=140
       Bonuses: RSI div 1D (bullish) | 1H pre-pump (obv_divergence)  (+7 pts)
       Entry: $2.965000  |  Stop: $2.651929 (-10.56%)  |  Risk: $1500 (1.50% acct)
       Position: $14206 (14.21% acct, qty 4791.2389)
       TP1: $3.434607 (+15.8%, 1.5R, sell 40%)
       TP2: $3.904214 (+31.7%, 3.0R, sell 35%)
       TP3: $4.530357 (+52.8%, 5.0R, sell 25%)

  [41] S           score= 118.1  ST=4/6  price=$0.032220      24h=+12.77%  vol=$  2.2M
       TF:  1D= 75  12H= 97  6H=115  4H=136  2H=151  1H=129
       Bonuses: 1H pre-pump (obv_divergence, obv_stealth_accum) | RS vs BTC 7d +4.3%  (+9 pts)
       Entry: $0.032220  |  Stop: $0.027980 (-13.16%)  |  Risk: $1500 (1.50% acct)
       Position: $11400 (11.40% acct, qty 353803.3864)
       TP1: $0.038579 (+19.7%, 1.5R, sell 40%)
       TP2: $0.044939 (+39.5%, 3.0R, sell 35%)
       TP3: $0.053418 (+65.8%, 5.0R, sell 25%)

  [42] MORPHO      score= 117.9  ST=5/6  price=$1.961500      24h= +2.34%  vol=$  1.9M
       TF:  1D= 87  12H= 99  6H=122  4H=130  2H=166  1H=110
       Bonuses: RS vs BTC 7d +10.5%  (+5 pts)
       Entry: $1.961500  |  Stop: $1.704207 (-13.12%)  |  Risk: $1500 (1.50% acct)
       Position: $11435 (11.44% acct, qty 5829.9325)
       TP1: $2.347439 (+19.7%, 1.5R, sell 40%)
       TP2: $2.733379 (+39.4%, 3.0R, sell 35%)
       TP3: $3.247964 (+65.6%, 5.0R, sell 25%)

  [43] LINK        score= 117.7  ST=4/6  price=$8.175000      24h= +7.67%  vol=$ 42.9M
       TF:  1D= 80  12H= 82  6H=145  4H=154  2H=144  1H=148
       Bonuses: 1H pre-pump (obv_stealth_accum)  (+2 pts)
       Entry: $8.175000  |  Stop: $7.438286 (-9.01%)  |  Risk: $1500 (1.50% acct)
       Position: $16645 (16.64% acct, qty 2036.0675)
       TP1: $9.280071 (+13.5%, 1.5R, sell 40%)
       TP2: $10.385143 (+27.0%, 3.0R, sell 35%)
       TP3: $11.858571 (+45.1%, 5.0R, sell 25%)

  [44] SHIB1000    score= 117.6  ST=4/6  price=$0.005041      24h= +4.07%  vol=$  8.8M
       TF:  1D= 63  12H= 82  6H=161  4H=159  2H=151  1H=124
       Bonuses: RS vs BTC 7d +3.0%  (+5 pts)
       Entry: $0.005041  |  Stop: $0.004630 (-8.14%)  |  Risk: $1500 (1.50% acct)
       Position: $18417 (18.42% acct, qty 3653444.6764)
       TP1: $0.005657 (+12.2%, 1.5R, sell 40%)
       TP2: $0.006273 (+24.4%, 3.0R, sell 35%)
       TP3: $0.007094 (+40.7%, 5.0R, sell 25%)

  [45] APE         score= 117.6  ST=4/6  price=$0.130440      24h= +7.29%  vol=$  3.1M
       TF:  1D= 66  12H= 85  6H=131  4H=160  2H=142  1H=144
       Bonuses: 1H pre-pump (obv_stealth_accum) | RS vs BTC 7d +3.8%  (+7 pts)
       Entry: $0.130440  |  Stop: $0.112424 (-13.81%)  |  Risk: $1500 (1.50% acct)
       Position: $10860 (10.86% acct, qty 83258.9949)
       TP1: $0.157464 (+20.7%, 1.5R, sell 40%)
       TP2: $0.184488 (+41.4%, 3.0R, sell 35%)
       TP3: $0.220520 (+69.1%, 5.0R, sell 25%)

  [46] XRP         score= 117.5  ST=4/6  price=$1.185200      24h= +9.22%  vol=$388.8M
       TF:  1D= 74  12H= 88  6H=147  4H=160  2H=149  1H=152
       Entry: $1.185200  |  Stop: $1.088718 (-8.14%)  |  Risk: $1500 (1.50% acct)
       Position: $18426 (18.43% acct, qty 15546.9184)
       TP1: $1.329923 (+12.2%, 1.5R, sell 40%)
       TP2: $1.474646 (+24.4%, 3.0R, sell 35%)
       TP3: $1.667611 (+40.7%, 5.0R, sell 25%)

  [47] STX         score= 117.5  ST=4/6  price=$0.194900      24h= +7.35%  vol=$  1.8M
       TF:  1D= 64  12H= 89  6H=133  4H=128  2H=166  1H=157
       Bonuses: 1H pre-pump (obv_stealth_accum) | RS vs BTC 7d +0.3%  (+7 pts)
       Entry: $0.194900  |  Stop: $0.173150 (-11.16%)  |  Risk: $1500 (1.50% acct)
       Position: $13441 (13.44% acct, qty 68965.5172)
       TP1: $0.227525 (+16.7%, 1.5R, sell 40%)
       TP2: $0.260150 (+33.5%, 3.0R, sell 35%)
       TP3: $0.303650 (+55.8%, 5.0R, sell 25%)

  [48] BOME        score= 117.5  ST=4/6  price=$0.000448      24h=+11.92%  vol=$  1.6M
       TF:  1D= 63  12H= 82  6H=145  4H=140  2H=149  1H=148
       Bonuses: RSI div 1D (hidden_bullish) | RS vs BTC 7d +4.5%  (+8 pts)
       Entry: $0.000448  |  Stop: $0.000391 (-12.79%)  |  Risk: $1500 (1.50% acct)
       Position: $11723 (11.72% acct, qty 26168224.2991)
       TP1: $0.000534 (+19.2%, 1.5R, sell 40%)
       TP2: $0.000620 (+38.4%, 3.0R, sell 35%)
       TP3: $0.000735 (+64.0%, 5.0R, sell 25%)

  [49] DASH        score= 117.4  ST=4/6  price=$38.300000     24h=+11.49%  vol=$  7.0M
       TF:  1D= 74  12H= 87  6H=145  4H=149  2H=140  1H=164
       Bonuses: 1H pre-pump (obv_divergence)  (+2 pts)
       Entry: $38.300000  |  Stop: $33.296429 (-13.06%)  |  Risk: $1500 (1.50% acct)
       Position: $11482 (11.48% acct, qty 299.7859)
       TP1: $45.805357 (+19.6%, 1.5R, sell 40%)
       TP2: $53.310714 (+39.2%, 3.0R, sell 35%)
       TP3: $63.317857 (+65.3%, 5.0R, sell 25%)

  [50] MET         score= 117.3  ST=3/6  price=$0.109290      24h=+13.45%  vol=$  2.2M
       TF:  1D= 72  12H= 81  6H=130  4H=160  2H=153  1H=141
       Bonuses: RS vs BTC 7d +6.1%  (+5 pts)
       Entry: $0.109290  |  Stop: $0.094131 (-13.87%)  |  Risk: $1500 (1.50% acct)
       Position: $10815 (10.81% acct, qty 98953.9157)
       TP1: $0.132028 (+20.8%, 1.5R, sell 40%)
       TP2: $0.154766 (+41.6%, 3.0R, sell 35%)
       TP3: $0.185083 (+69.3%, 5.0R, sell 25%)

--------------------------------------------------------------------------------
  WATCH  —  38 coin(s)  (worth tracking)
--------------------------------------------------------------------------------
  #   Symbol      Score  ST         Price    24h%   Vol $M  TF breakdown
  ------------------------------------------------------------------------------
    1 JELLYJELLY  117.7  2/6  $   0.077790 -13.15%  $   30.4  1D=158  12H=136  6H=114  4H=103  2H= 58  1H= 18
    2 ASTER       107.2  2/6  $   0.635000  +3.42%  $   12.6  1D= 54  12H= 81  6H=120  4H=142  2H=159  1H=155
    3 GENIUS      106.1  2/6  $   0.493900  +3.12%  $    3.0  1D= 87  12H= 81  6H= 90  4H=147  2H=136  1H= 87
    4 ONT         103.4  2/6  $   0.048900  +4.78%  $    1.5  1D= 74  12H= 84  6H=133  4H=140  2H=117  1H= 89
    5 ETHBTC       99.3  4/6  $   0.026259  +5.27%  $    1.5  1D= 20  12H=104  6H=131  4H=120  2H=149  1H=154
    6 INJ          99.1  4/6  $   5.227000  +6.30%  $   21.5  1D= 82  12H= 86  6H= 92  4H=102  2H=136  1H=135
    7 HBAR         98.9  3/6  $   0.081140  +6.18%  $   17.2  1D= 54  12H= 88  6H= 91  4H=126  2H=131  1H=159
    8 SPK          98.7  3/6  $   0.020056  +4.24%  $    1.4  1D= 70  12H= 81  6H=100  4H=101  2H=134  1H=117
    9 ROSE         98.4  3/6  $   0.006492 +14.40%  $    1.5  1D= 53  12H= 77  6H=112  4H=122  2H=149  1H=152
   10 FIGHT        98.2  3/6  $   0.004130 +14.19%  $    2.6  1D= 58  12H=107  6H=148  4H=  0  2H=143  1H=142
   11 LAB          98.1  4/6  $  11.204000  +1.75%  $   25.4  1D=133  12H= 81  6H= 93  4H=110  2H= 90  1H= 34
   12 COAI         98.0  2/6  $   0.345300  -9.82%  $   10.9  1D=131  12H=116  6H= 86  4H= 65  2H= 29  1H= 40
   13 RESOLV       98.0  3/6  $   0.017860  +7.72%  $    1.1  1D= 60  12H= 82  6H= 92  4H=130  2H=139  1H=148
   14 AVAX         97.2  4/6  $   6.786000  +5.84%  $   37.8  1D= 53  12H= 63  6H=136  4H=124  2H=140  1H=140
   15 MON          94.9  2/6  $   0.022489  +6.91%  $    2.7  1D= 79  12H= 93  6H=128  4H=  0  2H=147  1H=153
   16 SKY          93.5  2/6  $   0.057530  +0.84%  $    2.4  1D= 43  12H= 71  6H= 92  4H=136  2H=171  1H=125
   17 IP           93.2  3/6  $   0.303000 +11.56%  $   12.7  1D= 42  12H= 74  6H= 98  4H=129  2H=111  1H=163
   18 PEAQ         93.2  3/6  $   0.022231  +7.39%  $    1.1  1D= 56  12H= 76  6H= 86  4H=101  2H=138  1H=157
   19 RECALL       92.4  4/6  $   0.036050 +10.45%  $    1.1  1D= 21  12H= 86  6H=119  4H=121  2H=155  1H=147
   20 POL          91.3  3/6  $   0.076900  +3.92%  $    4.4  1D= 26  12H= 80  6H= 89  4H=127  2H=148  1H=159
   21 ZORA         91.0  2/6  $   0.008570  +4.25%  $    1.4  1D= 39  12H= 90  6H= 89  4H=111  2H=138  1H=135
   22 NIGHT        89.8  3/6  $   0.032000  +9.29%  $    1.2  1D= 44  12H= 82  6H= 87  4H= 73  2H=136  1H=158
   23 MIRA         89.5  2/6  $   0.055900  -1.40%  $    2.2  1D= 75  12H= 78  6H= 74  4H=101  2H=139  1H=100
   24 MOVE         87.0  3/6  $   0.012030  +3.23%  $    1.4  1D= 74  12H= 89  6H= 57  4H= 86  2H=117  1H=130
   25 MITO         87.0  3/6  $   0.021370  -5.73%  $    1.3  1D= 90  12H= 96  6H= 99  4H=108  2H= 68  1H= 34
   26 TRX          86.6  3/6  $   0.321560  +1.10%  $   10.5  1D= 39  12H= 60  6H= 93  4H=117  2H=139  1H=135
   27 DEXE         85.9  3/6  $  17.882000  +4.56%  $    3.0  1D= 93  12H= 82  6H= 51  4H= 75  2H=102  1H=123
   28 SKR          85.3  2/6  $   0.009819  -3.14%  $    2.6  1D= 71  12H= 92  6H=112  4H=122  2H=  0  1H= 69
   29 HNT          80.6  1/6  $   0.304900  +6.62%  $    1.2  1D= 42  12H= 58  6H= 85  4H=102  2H= 96  1H=157
   30 VELVET       80.4  0/6  $   0.361680 -16.66%  $   22.1  1D=121  12H= 63  6H= 34  4H= 53  2H= 39  1H= 42
   31 OPEN         78.9  4/6  $   0.249640  +0.15%  $    2.8  1D=140  12H=  0  6H=  0  4H=124  2H= 60  1H= 89
   32 BEAT         78.8  1/6  $   5.490700 -26.07%  $   90.4  1D=139  12H= 86  6H= 23  4H= 34  2H= 28  1H= 28
   33 EPIC         77.5  4/6  $   0.512600  -3.70%  $    1.0  1D=102  12H= 93  6H= 56  4H= 61  2H= 45  1H= 54
   34 ZBT          77.3  1/6  $   0.115180  -5.74%  $    2.0  1D= 88  12H= 71  6H= 52  4H= 42  2H= 78  1H= 80
   35 ARC          77.1  1/6  $   0.081540  -5.68%  $    1.5  1D=148  12H= 56  6H= 30  4H= 34  2H= 38  1H= 83
   36 ID           75.9  4/6  $   0.028360  -0.25%  $    2.3  1D= 75  12H=113  6H= 42  4H= 51  2H= 31  1H= 66
   37 ESPORTS      71.9  1/6  $   0.059570  -8.59%  $   39.4  1D=105  12H= 68  6H= 29  4H= 56  2H= 67  1H= 81
   38 HMSTR        71.2  1/6  $   0.000166  -4.05%  $    4.0  1D=112  12H= 51  6H= 39  4H= 54  2H= 58  1H= 57

================================================================================
2026-06-15 15:03:19,116 [INFO]   Saved → trend_v3_LATEST.txt, trend_v3_LATEST.json, trend_v3_20260615_150318.txt
2026-06-15 15:38:05,853 [INFO] ================================================================
2026-06-15 15:38:05,855 [INFO] TREND SCANNER v3.0
2026-06-15 15:38:05,856 [INFO] ================================================================
2026-06-15 15:38:05,856 [INFO] Building universe (Bybit perps)...
2026-06-15 15:38:06,924 [INFO]   Universe (post-filter): 249 coins
2026-06-15 15:38:06,925 [INFO] Fetching BTC 1D for regime detection...
2026-06-15 15:38:06,951 [INFO]   Regime: BULL  |  BTC 7d +3.81%  |  24h +2.00%
2026-06-15 15:38:06,953 [INFO] Scanning 249 coins across 6 timeframes...
2026-06-15 15:38:06,954 [INFO] (this is the slowest scanner — first run ~10min, subsequent ~2-3min)
2026-06-15 15:38:12,750 [INFO]   ...20/249  (surfaced: 19)
2026-06-15 15:38:17,937 [INFO]   ...40/249  (surfaced: 36)
2026-06-15 15:38:23,405 [INFO]   ...60/249  (surfaced: 53)
2026-06-15 15:38:28,256 [INFO]   ...80/249  (surfaced: 71)
2026-06-15 15:38:33,936 [INFO]   ...100/249  (surfaced: 87)
2026-06-15 15:38:39,478 [INFO]   ...120/249  (surfaced: 104)
2026-06-15 15:38:54,417 [INFO]   ...160/249  (surfaced: 130)
2026-06-15 15:39:00,673 [INFO]   ...180/249  (surfaced: 149)
2026-06-15 15:39:06,514 [INFO]   ...200/249  (surfaced: 161)
2026-06-15 15:39:12,504 [INFO]   ...220/249  (surfaced: 175)
2026-06-15 15:39:17,533 [INFO]   ...240/249  (surfaced: 188)
2026-06-15 15:39:20,070 [INFO] Done in 74s  |  scanned=220  failed=29  strong=37  long=50  watch=34
2026-06-15 15:39:20,076 [INFO] 
================================================================================
  TREND SCANNER v3.0  —  multi-timeframe confirmation + trade plans
  Generated  : 2026-06-15 15:39:20
  Universe   : 249 Bybit perps  |  Scanned: 220
  Scan time  : 74s
================================================================================

  Regime     : 🟢 BULL
               BTC 7d +3.81%  |  24h +2.00%  |  $65,746

  Account    : $100,000  |  Risk/trade: 1.5%

  Tiers (bull):  STRONG ≥ 130 & ST≥4  |  LONG ≥ 100 & ST≥3  |  WATCH ≥ 70

  TF weights : 1D×0.28 · 12H×0.2 · 6H×0.15 · 4H×0.15 · 2H×0.12 · 1H×0.1

--------------------------------------------------------------------------------
  STRONG  —  37 coin(s)  (highest conviction, full position)
--------------------------------------------------------------------------------

  [ 1] EVAA        score= 156.1  ST=6/6  price=$0.711600      24h=+112.02%  vol=$ 63.0M
       TF:  1D=129  12H=154  6H=147  4H=152  2H=146  1H=168
       Bonuses: RSI div 1D (bullish) | RS vs BTC 7d +104.9%  (+10 pts)
       Entry: $0.711600  |  Stop: $0.604860 (-15.00%)  |  Risk: $1500 (1.50% acct)
       Position: $10000 (10.00% acct, qty 14052.8387)
       TP1: $0.871710 (+22.5%, 1.5R, sell 40%)
       TP2: $1.031820 (+45.0%, 3.0R, sell 35%)
       TP3: $1.245300 (+75.0%, 5.0R, sell 25%)

  [ 2] MEME        score= 155.5  ST=6/6  price=$0.000632      24h= +2.44%  vol=$  4.1M
       TF:  1D=147  12H=151  6H=146  4H=156  2H=145  1H=114
       Bonuses: RSI div 1D (hidden_bullish) | 1H pre-pump (obv_stealth_accum) | RS vs BTC 7d +3.3%  (+10 pts)
       Entry: $0.000632  |  Stop: $0.000538 (-15.00%)  |  Risk: $1500 (1.50% acct)
       Position: $10000 (10.00% acct, qty 15812776.7236)
       TP1: $0.000775 (+22.5%, 1.5R, sell 40%)
       TP2: $0.000917 (+45.0%, 3.0R, sell 35%)
       TP3: $0.001107 (+75.0%, 5.0R, sell 25%)

  [ 3] IO          score= 155.2  ST=6/6  price=$0.178730      24h=+11.51%  vol=$  3.8M
       TF:  1D=141  12H=139  6H=162  4H=160  2H=144  1H=153
       Bonuses: 1H pre-pump (obv_divergence) | RS vs BTC 7d +25.8%  (+7 pts)
       Entry: $0.178730  |  Stop: $0.151921 (-15.00%)  |  Risk: $1500 (1.50% acct)
       Position: $10000 (10.00% acct, qty 55950.3161)
       TP1: $0.218944 (+22.5%, 1.5R, sell 40%)
       TP2: $0.259159 (+45.0%, 3.0R, sell 35%)
       TP3: $0.312777 (+75.0%, 5.0R, sell 25%)

  [ 4] CLO         score= 154.5  ST=6/6  price=$0.191270      24h=+36.88%  vol=$ 29.3M
       TF:  1D=154  12H=157  6H=162  4H=155  2H=142  1H=154
       Entry: $0.191270  |  Stop: $0.162579 (-15.00%)  |  Risk: $1500 (1.50% acct)
       Position: $10000 (10.00% acct, qty 52282.1143)
       TP1: $0.234306 (+22.5%, 1.5R, sell 40%)
       TP2: $0.277342 (+45.0%, 3.0R, sell 35%)
       TP3: $0.334722 (+75.0%, 5.0R, sell 25%)

  [ 5] LIT         score= 153.3  ST=6/6  price=$1.685400      24h= +7.33%  vol=$ 11.5M
       TF:  1D=135  12H=149  6H=141  4H=155  2H=168  1H=141
       Bonuses: 1H pre-pump (obv_divergence) | RS vs BTC 7d +13.9%  (+7 pts)
       Entry: $1.685400  |  Stop: $1.432590 (-15.00%)  |  Risk: $1500 (1.50% acct)
       Position: $10000 (10.00% acct, qty 5933.3096)
       TP1: $2.064615 (+22.5%, 1.5R, sell 40%)
       TP2: $2.443830 (+45.0%, 3.0R, sell 35%)
       TP3: $2.949450 (+75.0%, 5.0R, sell 25%)

  [ 6] UAI         score= 152.6  ST=6/6  price=$0.299290      24h=+30.17%  vol=$ 12.3M
       TF:  1D=149  12H=175  6H=152  4H=150  2H=148  1H=128
       Entry: $0.299290  |  Stop: $0.254397 (-15.00%)  |  Risk: $1500 (1.50% acct)
       Position: $10000 (10.00% acct, qty 33412.4094)
       TP1: $0.366630 (+22.5%, 1.5R, sell 40%)
       TP2: $0.433970 (+45.0%, 3.0R, sell 35%)
       TP3: $0.523757 (+75.0%, 5.0R, sell 25%)

  [ 7] WLD         score= 150.9  ST=6/6  price=$0.523000      24h=+23.04%  vol=$206.8M
       TF:  1D=137  12H=135  6H=157  4H=144  2H=152  1H=142
       Bonuses: RSI div 1D (hidden_bullish) | RS vs BTC 7d +7.2%  (+8 pts)
       Entry: $0.523000  |  Stop: $0.444550 (-15.00%)  |  Risk: $1500 (1.50% acct)
       Position: $10000 (10.00% acct, qty 19120.4589)
       TP1: $0.640675 (+22.5%, 1.5R, sell 40%)
       TP2: $0.758350 (+45.0%, 3.0R, sell 35%)
       TP3: $0.915250 (+75.0%, 5.0R, sell 25%)

  [ 8] AKT         score= 149.8  ST=6/6  price=$0.804100      24h= +5.88%  vol=$  5.7M
       TF:  1D=148  12H=132  6H=159  4H=145  2H=175  1H=104
       Bonuses: RS vs BTC 7d +23.8%  (+5 pts)
       Entry: $0.804100  |  Stop: $0.686489 (-14.63%)  |  Risk: $1500 (1.50% acct)
       Position: $10255 (10.26% acct, qty 12753.9401)
       TP1: $0.980516 (+21.9%, 1.5R, sell 40%)
       TP2: $1.156932 (+43.9%, 3.0R, sell 35%)
       TP3: $1.392154 (+73.1%, 5.0R, sell 25%)

  [ 9] SQD         score= 148.8  ST=6/6  price=$0.041070      24h= +5.72%  vol=$  1.8M
       TF:  1D=117  12H=150  6H=165  4H=129  2H=138  1H=134
       Bonuses: RSI div 1D (bullish) | 1H pre-pump (obv_stealth_accum) | RS vs BTC 7d +20.0%  (+12 pts)
       Entry: $0.041070  |  Stop: $0.034910 (-15.00%)  |  Risk: $1500 (1.50% acct)
       Position: $10000 (10.00% acct, qty 243486.7300)
       TP1: $0.050311 (+22.5%, 1.5R, sell 40%)
       TP2: $0.059552 (+45.0%, 3.0R, sell 35%)
       TP3: $0.071873 (+75.0%, 5.0R, sell 25%)

  [10] GPS         score= 146.5  ST=6/6  price=$0.008002      24h=+19.51%  vol=$  1.9M
       TF:  1D=114  12H=139  6H=159  4H=152  2H=151  1H=140
       Bonuses: RSI div 1D (hidden_bullish) | RS vs BTC 7d +2.8%  (+8 pts)
       Entry: $0.008002  |  Stop: $0.006802 (-15.00%)  |  Risk: $1500 (1.50% acct)
       Position: $10000 (10.00% acct, qty 1249687.5781)
       TP1: $0.009802 (+22.5%, 1.5R, sell 40%)
       TP2: $0.011603 (+45.0%, 3.0R, sell 35%)
       TP3: $0.014004 (+75.0%, 5.0R, sell 25%)

  [11] ESP         score= 146.2  ST=6/6  price=$0.072150      24h= +7.68%  vol=$  1.0M
       TF:  1D=129  12H=140  6H=158  4H=155  2H=139  1H=134
       Bonuses: RS vs BTC 7d +4.2%  (+5 pts)
       Entry: $0.072150  |  Stop: $0.061825 (-14.31%)  |  Risk: $1500 (1.50% acct)
       Position: $10481 (10.48% acct, qty 145273.4253)
       TP1: $0.087638 (+21.5%, 1.5R, sell 40%)
       TP2: $0.103126 (+42.9%, 3.0R, sell 35%)
       TP3: $0.123777 (+71.5%, 5.0R, sell 25%)

  [12] NEAR        score= 141.9  ST=4/6  price=$2.216200      24h=+20.76%  vol=$150.3M
       TF:  1D=116  12H=110  6H=139  4H=155  2H=154  1H=148
       Bonuses: RSI div 1D (hidden_bullish) | 1H pre-pump (obv_divergence) | RS vs BTC 7d +3.9%  (+10 pts)
       Entry: $2.216200  |  Stop: $1.883770 (-15.00%)  |  Risk: $1500 (1.50% acct)
       Position: $10000 (10.00% acct, qty 4512.2281)
       TP1: $2.714845 (+22.5%, 1.5R, sell 40%)
       TP2: $3.213490 (+45.0%, 3.0R, sell 35%)
       TP3: $3.878350 (+75.0%, 5.0R, sell 25%)

  [13] TAO         score= 139.2  ST=6/6  price=$270.840000    24h= +6.51%  vol=$168.1M
       TF:  1D=122  12H=142  6H=145  4H=139  2H=141  1H=121
       Bonuses: RS vs BTC 7d +22.8%  (+5 pts)
       Entry: $270.840000  |  Stop: $236.513571 (-12.67%)  |  Risk: $1500 (1.50% acct)
       Position: $11835 (11.84% acct, qty 43.6981)
       TP1: $322.329643 (+19.0%, 1.5R, sell 40%)
       TP2: $373.819286 (+38.0%, 3.0R, sell 35%)
       TP3: $442.472143 (+63.4%, 5.0R, sell 25%)

  [14] BIO         score= 139.2  ST=4/6  price=$0.032680      24h= +6.29%  vol=$  4.3M
       TF:  1D= 87  12H=119  6H=165  4H=144  2H=140  1H=159
       Bonuses: RSI div 1D (bullish) | 1H pre-pump (obv_stealth_accum) | RS vs BTC 7d +12.2%  (+12 pts)
       Entry: $0.032680  |  Stop: $0.027778 (-15.00%)  |  Risk: $1500 (1.50% acct)
       Position: $10000 (10.00% acct, qty 305997.5520)
       TP1: $0.040033 (+22.5%, 1.5R, sell 40%)
       TP2: $0.047386 (+45.0%, 3.0R, sell 35%)
       TP3: $0.057190 (+75.0%, 5.0R, sell 25%)

  [15] ATOM        score= 138.9  ST=6/6  price=$2.005900      24h= +2.87%  vol=$ 11.9M
       TF:  1D=115  12H=127  6H=114  4H=132  2H=169  1H=171
       Bonuses: 1H pre-pump (obv_stealth_accum) | RS vs BTC 7d +13.3%  (+7 pts)
       Entry: $2.005900  |  Stop: $1.811854 (-9.67%)  |  Risk: $1500 (1.50% acct)
       Position: $15506 (15.51% acct, qty 7730.1088)
       TP1: $2.296970 (+14.5%, 1.5R, sell 40%)
       TP2: $2.588039 (+29.0%, 3.0R, sell 35%)
       TP3: $2.976132 (+48.4%, 5.0R, sell 25%)

  [16] PUFFER      score= 138.5  ST=6/6  price=$0.018330      24h=+33.83%  vol=$  9.9M
       TF:  1D=128  12H=119  6H=122  4H=150  2H=142  1H=130
       Bonuses: RS vs BTC 7d +19.4% | funding -0.1127%/8h  (+8 pts)
       Entry: $0.018330  |  Stop: $0.015581 (-15.00%)  |  Risk: $1500 (1.50% acct)
       Position: $10000 (10.00% acct, qty 545553.7370)
       TP1: $0.022454 (+22.5%, 1.5R, sell 40%)
       TP2: $0.026579 (+45.0%, 3.0R, sell 35%)
       TP3: $0.032078 (+75.0%, 5.0R, sell 25%)

  [17] HYPE        score= 138.4  ST=5/6  price=$63.857000     24h=+12.05%  vol=$411.9M
       TF:  1D= 98  12H=133  6H=151  4H=159  2H=154  1H=144
       Bonuses: RS vs BTC 7d +3.1%  (+5 pts)
       Entry: $63.857000  |  Stop: $54.278450 (-15.00%)  |  Risk: $1500 (1.50% acct)
       Position: $10000 (10.00% acct, qty 156.5999)
       TP1: $78.224825 (+22.5%, 1.5R, sell 40%)
       TP2: $92.592650 (+45.0%, 3.0R, sell 35%)
       TP3: $111.749750 (+75.0%, 5.0R, sell 25%)

  [18] MEGA        score= 138.3  ST=6/6  price=$0.062870      24h=+10.39%  vol=$ 17.3M
       TF:  1D=108  12H=110  6H=146  4H=140  2H=152  1H=149
       Bonuses: RSI div 1D (bullish) | RS vs BTC 7d +25.9%  (+10 pts)
       Entry: $0.062870  |  Stop: $0.053440 (-15.00%)  |  Risk: $1500 (1.50% acct)
       Position: $10000 (10.00% acct, qty 159058.3744)
       TP1: $0.077016 (+22.5%, 1.5R, sell 40%)
       TP2: $0.091162 (+45.0%, 3.0R, sell 35%)
       TP3: $0.110022 (+75.0%, 5.0R, sell 25%)

  [19] GRASS       score= 137.3  ST=5/6  price=$0.433800      24h=+26.13%  vol=$ 13.5M
       TF:  1D= 83  12H=129  6H=154  4H=154  2H=140  1H=173
       Bonuses: RSI div 1D (hidden_bullish) | RS vs BTC 7d +22.3%  (+8 pts)
       Entry: $0.433800  |  Stop: $0.368730 (-15.00%)  |  Risk: $1500 (1.50% acct)
       Position: $10000 (10.00% acct, qty 23052.0977)
       TP1: $0.531405 (+22.5%, 1.5R, sell 40%)
       TP2: $0.629010 (+45.0%, 3.0R, sell 35%)
       TP3: $0.759150 (+75.0%, 5.0R, sell 25%)

  [20] XPL         score= 135.4  ST=5/6  price=$0.089470      24h= +9.83%  vol=$ 29.2M
       TF:  1D=105  12H=110  6H=145  4H=136  2H=162  1H=154
       Bonuses: 1H pre-pump (obv_divergence) | RS vs BTC 7d +25.4%  (+7 pts)
       Entry: $0.089470  |  Stop: $0.076050 (-15.00%)  |  Risk: $1500 (1.50% acct)
       Position: $10000 (10.00% acct, qty 111769.3081)
       TP1: $0.109601 (+22.5%, 1.5R, sell 40%)
       TP2: $0.129731 (+45.0%, 3.0R, sell 35%)
       TP3: $0.156573 (+75.0%, 5.0R, sell 25%)

  [21] OPEN        score= 135.3  ST=6/6  price=$0.249640      24h= -2.43%  vol=$  3.3M
       TF:  1D=140  12H=163  6H=159  4H=124  2H= 60  1H= 89
       Bonuses: RS vs BTC 7d +17.6%  (+5 pts)
       Entry: $0.249640  |  Stop: $0.213784 (-14.36%)  |  Risk: $1500 (1.50% acct)
       Position: $10443 (10.44% acct, qty 41833.5027)
       TP1: $0.303425 (+21.5%, 1.5R, sell 40%)
       TP2: $0.357209 (+43.1%, 3.0R, sell 35%)
       TP3: $0.428922 (+71.8%, 5.0R, sell 25%)

  [22] CRV         score= 135.2  ST=5/6  price=$0.235700      24h= +3.23%  vol=$  8.2M
       TF:  1D=121  12H=141  6H=133  4H=129  2H=108  1H=159
       Bonuses: RS vs BTC 7d +16.1%  (+5 pts)
       Entry: $0.235700  |  Stop: $0.207061 (-12.15%)  |  Risk: $1500 (1.50% acct)
       Position: $12345 (12.34% acct, qty 52375.6079)
       TP1: $0.278659 (+18.2%, 1.5R, sell 40%)
       TP2: $0.321618 (+36.5%, 3.0R, sell 35%)
       TP3: $0.378896 (+60.8%, 5.0R, sell 25%)

  [23] WLFI        score= 135.0  ST=5/6  price=$0.059790      24h= +4.25%  vol=$  8.1M
       TF:  1D=109  12H=126  6H=141  4H=114  2H=135  1H=158
       Bonuses: 1H pre-pump (obv_divergence, obv_stealth_accum) | RS vs BTC 7d +0.7%  (+9 pts)
       Entry: $0.059790  |  Stop: $0.053540 (-10.45%)  |  Risk: $1500 (1.50% acct)
       Position: $14350 (14.35% acct, qty 240013.7151)
       TP1: $0.069164 (+15.7%, 1.5R, sell 40%)
       TP2: $0.078539 (+31.4%, 3.0R, sell 35%)
       TP3: $0.091038 (+52.3%, 5.0R, sell 25%)

  [24] CC          score= 134.9  ST=6/6  price=$0.161420      24h= +4.64%  vol=$  2.2M
       TF:  1D=123  12H=153  6H=131  4H=107  2H=125  1H=142
       Bonuses: 1H pre-pump (obv_stealth_accum) | funding -0.0155%/8h  (+5 pts)
       Entry: $0.161420  |  Stop: $0.145193 (-10.05%)  |  Risk: $1500 (1.50% acct)
       Position: $14922 (14.92% acct, qty 92439.7491)
       TP1: $0.185760 (+15.1%, 1.5R, sell 40%)
       TP2: $0.210100 (+30.2%, 3.0R, sell 35%)
       TP3: $0.242554 (+50.3%, 5.0R, sell 25%)

  [25] SPX         score= 134.8  ST=4/6  price=$0.337000      24h= +6.68%  vol=$  4.1M
       TF:  1D= 87  12H=106  6H=160  4H=151  2H=182  1H=157
       Bonuses: RS vs BTC 7d +2.3%  (+5 pts)
       Entry: $0.337000  |  Stop: $0.291089 (-13.62%)  |  Risk: $1500 (1.50% acct)
       Position: $11010 (11.01% acct, qty 32672.1120)
       TP1: $0.405866 (+20.4%, 1.5R, sell 40%)
       TP2: $0.474732 (+40.9%, 3.0R, sell 35%)
       TP3: $0.566554 (+68.1%, 5.0R, sell 25%)

  [26] KAITO       score= 134.7  ST=4/6  price=$0.474000      24h= +2.91%  vol=$  2.5M
       TF:  1D= 99  12H=122  6H=124  4H=140  2H=142  1H=139
       Bonuses: RSI div 1D (bullish) | 1H pre-pump (obv_stealth_accum) | RS vs BTC 7d +0.7%  (+12 pts)
       Entry: $0.474000  |  Stop: $0.421254 (-11.13%)  |  Risk: $1500 (1.50% acct)
       Position: $13480 (13.48% acct, qty 28437.9443)
       TP1: $0.553120 (+16.7%, 1.5R, sell 40%)
       TP2: $0.632239 (+33.4%, 3.0R, sell 35%)
       TP3: $0.737732 (+55.6%, 5.0R, sell 25%)

  [27] EIGEN       score= 134.6  ST=4/6  price=$0.203290      24h=+16.56%  vol=$ 11.2M
       TF:  1D=106  12H=100  6H=156  4H=150  2H=162  1H=146
       Bonuses: RS vs BTC 7d +9.3%  (+5 pts)
       Entry: $0.203290  |  Stop: $0.172796 (-15.00%)  |  Risk: $1500 (1.50% acct)
       Position: $10000 (10.00% acct, qty 49190.8112)
       TP1: $0.249030 (+22.5%, 1.5R, sell 40%)
       TP2: $0.294770 (+45.0%, 3.0R, sell 35%)
       TP3: $0.355758 (+75.0%, 5.0R, sell 25%)

  [28] APEX        score= 133.7  ST=5/6  price=$0.298200      24h=+12.93%  vol=$  1.5M
       TF:  1D= 77  12H=139  6H=147  4H=142  2H=167  1H=159
       Bonuses: RS vs BTC 7d +10.7%  (+5 pts)
       Entry: $0.298200  |  Stop: $0.269025 (-9.78%)  |  Risk: $1500 (1.50% acct)
       Position: $15332 (15.33% acct, qty 51413.8817)
       TP1: $0.341963 (+14.7%, 1.5R, sell 40%)
       TP2: $0.385725 (+29.4%, 3.0R, sell 35%)
       TP3: $0.444075 (+48.9%, 5.0R, sell 25%)

  [29] VIRTUAL     score= 133.3  ST=5/6  price=$0.641600      24h= +8.77%  vol=$ 22.0M
       TF:  1D= 85  12H=107  6H=156  4H=160  2H=152  1H=155
       Bonuses: 1H pre-pump (obv_stealth_accum) | RS vs BTC 7d +6.8%  (+7 pts)
       Entry: $0.641600  |  Stop: $0.547796 (-14.62%)  |  Risk: $1500 (1.50% acct)
       Position: $10260 (10.26% acct, qty 15990.8624)
       TP1: $0.782305 (+21.9%, 1.5R, sell 40%)
       TP2: $0.923011 (+43.9%, 3.0R, sell 35%)
       TP3: $1.110618 (+73.1%, 5.0R, sell 25%)

  [30] BABY        score= 132.4  ST=6/6  price=$0.017766      24h=+22.40%  vol=$ 12.3M
       TF:  1D=103  12H=105  6H=133  4H=138  2H=163  1H=173
       Bonuses: RS vs BTC 7d +2.0%  (+5 pts)
       Entry: $0.017766  |  Stop: $0.015101 (-15.00%)  |  Risk: $1500 (1.50% acct)
       Position: $10000 (10.00% acct, qty 562872.9033)
       TP1: $0.021763 (+22.5%, 1.5R, sell 40%)
       TP2: $0.025761 (+45.0%, 3.0R, sell 35%)
       TP3: $0.031091 (+75.0%, 5.0R, sell 25%)

  [31] JTO         score= 132.1  ST=6/6  price=$0.558400      24h=+40.75%  vol=$ 23.5M
       TF:  1D=118  12H=131  6H=142  4H=123  2H=143  1H=159
       Entry: $0.558400  |  Stop: $0.474640 (-15.00%)  |  Risk: $1500 (1.50% acct)
       Position: $10000 (10.00% acct, qty 17908.3095)
       TP1: $0.684040 (+22.5%, 1.5R, sell 40%)
       TP2: $0.809680 (+45.0%, 3.0R, sell 35%)
       TP3: $0.977200 (+75.0%, 5.0R, sell 25%)

  [32] BRETT       score= 131.9  ST=5/6  price=$0.006678      24h= +4.29%  vol=$  1.2M
       TF:  1D= 90  12H=119  6H=140  4H=141  2H=169  1H=155
       Bonuses: RS vs BTC 7d +13.3%  (+5 pts)
       Entry: $0.006678  |  Stop: $0.005676 (-15.00%)  |  Risk: $1500 (1.50% acct)
       Position: $10000 (10.00% acct, qty 1497454.3276)
       TP1: $0.008181 (+22.5%, 1.5R, sell 40%)
       TP2: $0.009683 (+45.0%, 3.0R, sell 35%)
       TP3: $0.011687 (+75.0%, 5.0R, sell 25%)

  [33] KAS         score= 131.3  ST=5/6  price=$0.032270      24h= +6.19%  vol=$  3.8M
       TF:  1D= 98  12H=121  6H=156  4H=150  2H=155  1H=152
       Entry: $0.032270  |  Stop: $0.028834 (-10.65%)  |  Risk: $1500 (1.50% acct)
       Position: $14087 (14.09% acct, qty 436545.0577)
       TP1: $0.037424 (+16.0%, 1.5R, sell 40%)
       TP2: $0.042578 (+31.9%, 3.0R, sell 35%)
       TP3: $0.049450 (+53.2%, 5.0R, sell 25%)

  [34] AERO        score= 130.9  ST=5/6  price=$0.377900      24h=+22.39%  vol=$ 10.3M
       TF:  1D= 75  12H=131  6H=154  4H=154  2H=144  1H=152
       Bonuses: RS vs BTC 7d +8.5%  (+5 pts)
       Entry: $0.377900  |  Stop: $0.337357 (-10.73%)  |  Risk: $1500 (1.50% acct)
       Position: $13982 (13.98% acct, qty 36997.8858)
       TP1: $0.438714 (+16.1%, 1.5R, sell 40%)
       TP2: $0.499529 (+32.2%, 3.0R, sell 35%)
       TP3: $0.580614 (+53.6%, 5.0R, sell 25%)

  [35] BLUAI       score= 130.3  ST=5/6  price=$0.014084      24h= +0.38%  vol=$  1.8M
       TF:  1D=117  12H=128  6H=100  4H=121  2H=147  1H=111
       Bonuses: RSI div 1D (hidden_bullish) | 1H pre-pump (bb_squeeze) | RS vs BTC 7d +9.5%  (+10 pts)
       Entry: $0.014084  |  Stop: $0.011971 (-15.00%)  |  Risk: $1500 (1.50% acct)
       Position: $10000 (10.00% acct, qty 710025.5609)
       TP1: $0.017253 (+22.5%, 1.5R, sell 40%)
       TP2: $0.020422 (+45.0%, 3.0R, sell 35%)
       TP3: $0.024647 (+75.0%, 5.0R, sell 25%)

  [36] ZEC         score= 130.2  ST=5/6  price=$472.100000    24h=+25.17%  vol=$311.9M
       TF:  1D= 69  12H=127  6H=151  4H=149  2H=147  1H=148
       Bonuses: RSI div 1D (hidden_bullish) | RS vs BTC 7d +3.4%  (+8 pts)
       Entry: $472.100000  |  Stop: $401.285000 (-15.00%)  |  Risk: $1500 (1.50% acct)
       Position: $10000 (10.00% acct, qty 21.1820)
       TP1: $578.322500 (+22.5%, 1.5R, sell 40%)
       TP2: $684.545000 (+45.0%, 3.0R, sell 35%)
       TP3: $826.175000 (+75.0%, 5.0R, sell 25%)

  [37] BASED       score= 130.0  ST=5/6  price=$0.071790      24h=+27.49%  vol=$  4.3M
       TF:  1D= 79  12H=158  6H=144  4H=141  2H=147  1H=159
       Entry: $0.071790  |  Stop: $0.061021 (-15.00%)  |  Risk: $1500 (1.50% acct)
       Position: $10000 (10.00% acct, qty 139295.1665)
       TP1: $0.087943 (+22.5%, 1.5R, sell 40%)
       TP2: $0.104095 (+45.0%, 3.0R, sell 35%)
       TP3: $0.125633 (+75.0%, 5.0R, sell 25%)

--------------------------------------------------------------------------------
  LONG  —  50 coin(s)  (tradeable trend)
--------------------------------------------------------------------------------

  [ 1] FHE         score= 128.6  ST=5/6  price=$0.023720      24h=+20.78%  vol=$  1.9M
       TF:  1D= 59  12H=134  6H=162  4H=139  2H=129  1H=146
       Bonuses: RSI div 1D (bullish) | RS vs BTC 7d +20.5%  (+10 pts)
       Entry: $0.023720  |  Stop: $0.020162 (-15.00%)  |  Risk: $1500 (1.50% acct)
       Position: $10000 (10.00% acct, qty 421585.1602)
       TP1: $0.029057 (+22.5%, 1.5R, sell 40%)
       TP2: $0.034394 (+45.0%, 3.0R, sell 35%)
       TP3: $0.041510 (+75.0%, 5.0R, sell 25%)

  [ 2] PYTH        score= 128.4  ST=5/6  price=$0.039430      24h= +5.49%  vol=$  4.3M
       TF:  1D= 87  12H=121  6H=146  4H=137  2H=157  1H=135
       Bonuses: RS vs BTC 7d +19.7%  (+5 pts)
       Entry: $0.039430  |  Stop: $0.034144 (-13.41%)  |  Risk: $1500 (1.50% acct)
       Position: $11188 (11.19% acct, qty 283745.4398)
       TP1: $0.047360 (+20.1%, 1.5R, sell 40%)
       TP2: $0.055289 (+40.2%, 3.0R, sell 35%)
       TP3: $0.065862 (+67.0%, 5.0R, sell 25%)

  [ 3] WET         score= 128.0  ST=5/6  price=$0.059700      24h= +9.14%  vol=$  2.3M
       TF:  1D= 92  12H=107  6H=139  4H=150  2H=145  1H=101
       Bonuses: RSI div 1D (bullish) | RS vs BTC 7d +0.7%  (+10 pts)
       Entry: $0.059700  |  Stop: $0.053193 (-10.90%)  |  Risk: $1500 (1.50% acct)
       Position: $13763 (13.76% acct, qty 230528.5691)
       TP1: $0.069460 (+16.4%, 1.5R, sell 40%)
       TP2: $0.079220 (+32.7%, 3.0R, sell 35%)
       TP3: $0.092234 (+54.5%, 5.0R, sell 25%)

  [ 4] KITE        score= 128.0  ST=5/6  price=$0.192600      24h= +4.97%  vol=$  1.7M
       TF:  1D=110  12H= 87  6H=145  4H=165  2H=136  1H=150
       Bonuses: 1H pre-pump (obv_stealth_accum)  (+2 pts)
       Entry: $0.192600  |  Stop: $0.171079 (-11.17%)  |  Risk: $1500 (1.50% acct)
       Position: $13424 (13.42% acct, qty 69700.2888)
       TP1: $0.224881 (+16.8%, 1.5R, sell 40%)
       TP2: $0.257162 (+33.5%, 3.0R, sell 35%)
       TP3: $0.300204 (+55.9%, 5.0R, sell 25%)

  [ 5] TRUTH       score= 127.9  ST=4/6  price=$0.012483      24h= +8.17%  vol=$  1.4M
       TF:  1D= 98  12H=155  6H=126  4H=113  2H= 97  1H=140
       Bonuses: RSI div 1D (hidden_bullish) | RS vs BTC 7d +7.2%  (+8 pts)
       Entry: $0.012483  |  Stop: $0.010611 (-15.00%)  |  Risk: $1500 (1.50% acct)
       Position: $10000 (10.00% acct, qty 801089.4817)
       TP1: $0.015292 (+22.5%, 1.5R, sell 40%)
       TP2: $0.018100 (+45.0%, 3.0R, sell 35%)
       TP3: $0.021845 (+75.0%, 5.0R, sell 25%)

  [ 6] API3        score= 127.4  ST=4/6  price=$0.269800      24h= +7.88%  vol=$  1.1M
       TF:  1D=102  12H= 91  6H=137  4H=142  2H=141  1H=149
       Bonuses: 1H pre-pump (obv_stealth_accum) | RS vs BTC 7d +0.9%  (+7 pts)
       Entry: $0.269800  |  Stop: $0.240700 (-10.79%)  |  Risk: $1500 (1.50% acct)
       Position: $13907 (13.91% acct, qty 51546.3918)
       TP1: $0.313450 (+16.2%, 1.5R, sell 40%)
       TP2: $0.357100 (+32.4%, 3.0R, sell 35%)
       TP3: $0.415300 (+53.9%, 5.0R, sell 25%)

  [ 7] CAKE        score= 127.3  ST=5/6  price=$1.387800      24h= +4.93%  vol=$  1.1M
       TF:  1D= 81  12H=114  6H=142  4H=135  2H=149  1H=154
       Bonuses: 1H pre-pump (obv_stealth_accum) | RS vs BTC 7d +5.7%  (+7 pts)
       Entry: $1.387800  |  Stop: $1.267446 (-8.67%)  |  Risk: $1500 (1.50% acct)
       Position: $17297 (17.30% acct, qty 12463.2778)
       TP1: $1.568330 (+13.0%, 1.5R, sell 40%)
       TP2: $1.748861 (+26.0%, 3.0R, sell 35%)
       TP3: $1.989568 (+43.4%, 5.0R, sell 25%)

  [ 8] JASMY       score= 127.2  ST=5/6  price=$0.005274      24h= -2.03%  vol=$  4.2M
       TF:  1D= 81  12H=135  6H=139  4H=143  2H=131  1H=125
       Bonuses: 1H pre-pump (obv_stealth_accum) | RS vs BTC 7d +4.7%  (+7 pts)
       Entry: $0.005274  |  Stop: $0.004698 (-10.93%)  |  Risk: $1500 (1.50% acct)
       Position: $13729 (13.73% acct, qty 2603198.2149)
       TP1: $0.006138 (+16.4%, 1.5R, sell 40%)
       TP2: $0.007003 (+32.8%, 3.0R, sell 35%)
       TP3: $0.008155 (+54.6%, 5.0R, sell 25%)

  [ 9] JUP         score= 125.7  ST=5/6  price=$0.179400      24h=+16.19%  vol=$ 10.4M
       TF:  1D= 74  12H=118  6H=136  4H=154  2H=146  1H=154
       Bonuses: RS vs BTC 7d +10.8%  (+5 pts)
       Entry: $0.179400  |  Stop: $0.154151 (-14.07%)  |  Risk: $1500 (1.50% acct)
       Position: $10658 (10.66% acct, qty 59407.6211)
       TP1: $0.217274 (+21.1%, 1.5R, sell 40%)
       TP2: $0.255148 (+42.2%, 3.0R, sell 35%)
       TP3: $0.305646 (+70.4%, 5.0R, sell 25%)

  [10] ZRO         score= 125.3  ST=5/6  price=$0.956900      24h=+29.73%  vol=$ 18.4M
       TF:  1D= 75  12H=123  6H=139  4H=154  2H=142  1H=137
       Bonuses: RS vs BTC 7d +2.5%  (+5 pts)
       Entry: $0.956900  |  Stop: $0.813365 (-15.00%)  |  Risk: $1500 (1.50% acct)
       Position: $10000 (10.00% acct, qty 10450.4128)
       TP1: $1.172203 (+22.5%, 1.5R, sell 40%)
       TP2: $1.387505 (+45.0%, 3.0R, sell 35%)
       TP3: $1.674575 (+75.0%, 5.0R, sell 25%)

  [11] ARKM        score= 125.2  ST=4/6  price=$0.131440      24h=+11.62%  vol=$  5.4M
       TF:  1D= 73  12H=100  6H=154  4H=150  2H=151  1H=160
       Bonuses: RS vs BTC 7d +7.7%  (+5 pts)
       Entry: $0.131440  |  Stop: $0.111724 (-15.00%)  |  Risk: $1500 (1.50% acct)
       Position: $10000 (10.00% acct, qty 76080.3408)
       TP1: $0.161014 (+22.5%, 1.5R, sell 40%)
       TP2: $0.190588 (+45.0%, 3.0R, sell 35%)
       TP3: $0.230020 (+75.0%, 5.0R, sell 25%)

  [12] CHIP        score= 125.1  ST=4/6  price=$0.037070      24h=+17.92%  vol=$ 15.8M
       TF:  1D=102  12H= 85  6H=132  4H=151  2H=153  1H=117
       Bonuses: 1H pre-pump (obv_stealth_accum) | RS vs BTC 7d +14.8%  (+7 pts)
       Entry: $0.037070  |  Stop: $0.031510 (-15.00%)  |  Risk: $1500 (1.50% acct)
       Position: $10000 (10.00% acct, qty 269759.9137)
       TP1: $0.045411 (+22.5%, 1.5R, sell 40%)
       TP2: $0.053752 (+45.0%, 3.0R, sell 35%)
       TP3: $0.064872 (+75.0%, 5.0R, sell 25%)

  [13] XCN         score= 125.1  ST=4/6  price=$0.004107      24h= +4.93%  vol=$  1.2M
       TF:  1D= 75  12H= 78  6H=148  4H=129  2H=137  1H=135
       Bonuses: RSI div 1D (bullish) | 1H pre-pump (obv_divergence, obv_stealth_accum) | RS vs BTC 7d +4.9% | funding -0.0417%/8h  (+17 pts)
       Entry: $0.004107  |  Stop: $0.003659 (-10.91%)  |  Risk: $1500 (1.50% acct)
       Position: $13746 (13.75% acct, qty 3346880.2295)
       TP1: $0.004779 (+16.4%, 1.5R, sell 40%)
       TP2: $0.005452 (+32.7%, 3.0R, sell 35%)
       TP3: $0.006348 (+54.6%, 5.0R, sell 25%)

  [14] ALT         score= 124.8  ST=4/6  price=$0.006658      24h= +5.93%  vol=$  1.7M
       TF:  1D= 79  12H= 79  6H=156  4H=126  2H=170  1H=172
       Bonuses: 1H pre-pump (obv_stealth_accum) | RS vs BTC 7d +13.7%  (+7 pts)
       Entry: $0.006658  |  Stop: $0.005760 (-13.48%)  |  Risk: $1500 (1.50% acct)
       Position: $11124 (11.12% acct, qty 1670843.7761)
       TP1: $0.008005 (+20.2%, 1.5R, sell 40%)
       TP2: $0.009351 (+40.5%, 3.0R, sell 35%)
       TP3: $0.011147 (+67.4%, 5.0R, sell 25%)

  [15] ORCA        score= 124.5  ST=6/6  price=$1.146400      24h= +6.42%  vol=$  2.2M
       TF:  1D=119  12H=109  6H=111  4H= 99  2H=143  1H=137
       Bonuses: 1H pre-pump (obv_divergence) | RS vs BTC 7d +5.9%  (+7 pts)
       Entry: $1.146400  |  Stop: $0.994911 (-13.21%)  |  Risk: $1500 (1.50% acct)
       Position: $11351 (11.35% acct, qty 9901.6904)
       TP1: $1.373634 (+19.8%, 1.5R, sell 40%)
       TP2: $1.600868 (+39.6%, 3.0R, sell 35%)
       TP3: $1.903846 (+66.1%, 5.0R, sell 25%)

  [16] MNT         score= 124.3  ST=5/6  price=$0.568400      24h= +4.14%  vol=$  9.2M
       TF:  1D= 66  12H=102  6H=141  4H=154  2H=175  1H=152
       Bonuses: RS vs BTC 7d +0.8%  (+5 pts)
       Entry: $0.568400  |  Stop: $0.526282 (-7.41%)  |  Risk: $1482 (1.48% acct)
       Position: $20000 (20.00% acct, qty 35186.4884)
       TP1: $0.631577 (+11.1%, 1.5R, sell 40%)
       TP2: $0.694754 (+22.2%, 3.0R, sell 35%)
       TP3: $0.778989 (+37.0%, 5.0R, sell 25%)

  [17] ONDO        score= 124.2  ST=3/6  price=$0.367600      24h=+13.31%  vol=$ 57.6M
       TF:  1D= 91  12H= 89  6H=128  4H=136  2H=149  1H=154
       Bonuses: RSI div 1D (hidden_bullish) | RS vs BTC 7d +1.5%  (+8 pts)
       Entry: $0.367600  |  Stop: $0.312460 (-15.00%)  |  Risk: $1500 (1.50% acct)
       Position: $10000 (10.00% acct, qty 27203.4820)
       TP1: $0.450310 (+22.5%, 1.5R, sell 40%)
       TP2: $0.533020 (+45.0%, 3.0R, sell 35%)
       TP3: $0.643300 (+75.0%, 5.0R, sell 25%)

  [18] EUL         score= 124.1  ST=5/6  price=$1.023500      24h= +9.53%  vol=$  1.4M
       TF:  1D= 70  12H=109  6H=134  4H=154  2H=164  1H=148
       Bonuses: RS vs BTC 7d +10.5%  (+5 pts)
       Entry: $1.023500  |  Stop: $0.873971 (-14.61%)  |  Risk: $1500 (1.50% acct)
       Position: $10267 (10.27% acct, qty 10031.5277)
       TP1: $1.247793 (+21.9%, 1.5R, sell 40%)
       TP2: $1.472086 (+43.8%, 3.0R, sell 35%)
       TP3: $1.771143 (+73.0%, 5.0R, sell 25%)

  [19] RENDER      score= 124.0  ST=5/6  price=$1.804400      24h= +7.19%  vol=$ 15.0M
       TF:  1D= 68  12H=107  6H=115  4H=154  2H=157  1H=144
       Bonuses: 1H pre-pump (obv_stealth_accum) | RS vs BTC 7d +3.6% | funding -0.0108%/8h  (+10 pts)
       Entry: $1.804400  |  Stop: $1.533740 (-15.00%)  |  Risk: $1500 (1.50% acct)
       Position: $10000 (10.00% acct, qty 5542.0084)
       TP1: $2.210390 (+22.5%, 1.5R, sell 40%)
       TP2: $2.616380 (+45.0%, 3.0R, sell 35%)
       TP3: $3.157700 (+75.0%, 5.0R, sell 25%)

  [20] USELESS     score= 123.7  ST=4/6  price=$0.073940      24h=+25.62%  vol=$  6.7M
       TF:  1D= 96  12H=101  6H=132  4H=140  2H=145  1H=134
       Bonuses: RS vs BTC 7d +6.4%  (+5 pts)
       Entry: $0.073940  |  Stop: $0.062849 (-15.00%)  |  Risk: $1500 (1.50% acct)
       Position: $10000 (10.00% acct, qty 135244.7931)
       TP1: $0.090577 (+22.5%, 1.5R, sell 40%)
       TP2: $0.107213 (+45.0%, 3.0R, sell 35%)
       TP3: $0.129395 (+75.0%, 5.0R, sell 25%)

  [21] SUI         score= 123.6  ST=4/6  price=$0.802600      24h= +9.09%  vol=$ 65.6M
       TF:  1D= 73  12H= 82  6H=145  4H=150  2H=161  1H=162
       Bonuses: 1H pre-pump (obv_stealth_accum) | RS vs BTC 7d +2.1%  (+7 pts)
       Entry: $0.802600  |  Stop: $0.717957 (-10.55%)  |  Risk: $1500 (1.50% acct)
       Position: $14223 (14.22% acct, qty 17721.5190)
       TP1: $0.929564 (+15.8%, 1.5R, sell 40%)
       TP2: $1.056529 (+31.6%, 3.0R, sell 35%)
       TP3: $1.225814 (+52.7%, 5.0R, sell 25%)

  [22] ICP         score= 123.0  ST=5/6  price=$2.520000      24h= +5.10%  vol=$ 16.8M
       TF:  1D= 68  12H=107  6H=147  4H=135  2H=144  1H=160
       Bonuses: 1H pre-pump (obv_stealth_accum) | RS vs BTC 7d +2.2%  (+7 pts)
       Entry: $2.520000  |  Stop: $2.142000 (-15.00%)  |  Risk: $1500 (1.50% acct)
       Position: $10000 (10.00% acct, qty 3968.2540)
       TP1: $3.087000 (+22.5%, 1.5R, sell 40%)
       TP2: $3.654000 (+45.0%, 3.0R, sell 35%)
       TP3: $4.410000 (+75.0%, 5.0R, sell 25%)

  [23] ORDI        score= 123.0  ST=4/6  price=$3.395000      24h= +9.31%  vol=$  7.1M
       TF:  1D= 69  12H= 95  6H=146  4H=150  2H=147  1H=126
       Bonuses: RSI div 1D (bullish) | RS vs BTC 7d +10.2%  (+10 pts)
       Entry: $3.395000  |  Stop: $2.885750 (-15.00%)  |  Risk: $1500 (1.50% acct)
       Position: $10000 (10.00% acct, qty 2945.5081)
       TP1: $4.158875 (+22.5%, 1.5R, sell 40%)
       TP2: $4.922750 (+45.0%, 3.0R, sell 35%)
       TP3: $5.941250 (+75.0%, 5.0R, sell 25%)

  [24] H           score= 122.6  ST=3/6  price=$0.477760      24h= +5.47%  vol=$348.0M
       TF:  1D=116  12H=141  6H=132  4H=132  2H=100  1H= 53
       Bonuses: 1H pre-pump (obv_divergence) | funding -0.1290%/8h  (+5 pts)
       Entry: $0.477760  |  Stop: $0.406096 (-15.00%)  |  Risk: $1500 (1.50% acct)
       Position: $10000 (10.00% acct, qty 20931.0114)
       TP1: $0.585256 (+22.5%, 1.5R, sell 40%)
       TP2: $0.692752 (+45.0%, 3.0R, sell 35%)
       TP3: $0.836080 (+75.0%, 5.0R, sell 25%)

  [25] RUNE        score= 122.6  ST=5/6  price=$0.392700      24h= +9.22%  vol=$  1.3M
       TF:  1D= 77  12H=118  6H=152  4H=130  2H=131  1H=144
       Bonuses: RS vs BTC 7d +9.8%  (+5 pts)
       Entry: $0.392700  |  Stop: $0.340393 (-13.32%)  |  Risk: $1500 (1.50% acct)
       Position: $11261 (11.26% acct, qty 28676.7718)
       TP1: $0.471161 (+20.0%, 1.5R, sell 40%)
       TP2: $0.549621 (+40.0%, 3.0R, sell 35%)
       TP3: $0.654236 (+66.6%, 5.0R, sell 25%)

  [26] HOLO        score= 122.3  ST=5/6  price=$0.072890      24h= +6.32%  vol=$  1.3M
       TF:  1D= 98  12H=136  6H=141  4H=124  2H=119  1H= 86
       Bonuses: RS vs BTC 7d +18.4%  (+5 pts)
       Entry: $0.072890  |  Stop: $0.064228 (-11.88%)  |  Risk: $1500 (1.50% acct)
       Position: $12622 (12.62% acct, qty 173160.1732)
       TP1: $0.085884 (+17.8%, 1.5R, sell 40%)
       TP2: $0.098877 (+35.6%, 3.0R, sell 35%)
       TP3: $0.116203 (+59.4%, 5.0R, sell 25%)

  [27] LTC         score= 121.9  ST=4/6  price=$45.360000     24h= +4.82%  vol=$ 31.3M
       TF:  1D= 67  12H= 76  6H=139  4H=147  2H=174  1H=172
       Bonuses: 1H pre-pump (obv_stealth_accum) | RS vs BTC 7d +2.2%  (+7 pts)
       Entry: $45.360000  |  Stop: $41.810357 (-7.83%)  |  Risk: $1500 (1.50% acct)
       Position: $19168 (19.17% acct, qty 422.5777)
       TP1: $50.684464 (+11.7%, 1.5R, sell 40%)
       TP2: $56.008929 (+23.5%, 3.0R, sell 35%)
       TP3: $63.108214 (+39.1%, 5.0R, sell 25%)

  [28] AAVE        score= 121.7  ST=5/6  price=$68.280000     24h=+15.91%  vol=$ 32.6M
       TF:  1D= 57  12H=114  6H=149  4H=154  2H=144  1H=152
       Bonuses: RS vs BTC 7d +3.4%  (+5 pts)
       Entry: $68.280000  |  Stop: $60.642857 (-11.19%)  |  Risk: $1500 (1.50% acct)
       Position: $13411 (13.41% acct, qty 196.4085)
       TP1: $79.735714 (+16.8%, 1.5R, sell 40%)
       TP2: $91.191429 (+33.6%, 3.0R, sell 35%)
       TP3: $106.465714 (+55.9%, 5.0R, sell 25%)

  [29] TRUMP       score= 121.6  ST=6/6  price=$2.069000      24h= +0.55%  vol=$ 66.9M
       TF:  1D=123  12H=143  6H=108  4H= 89  2H= 98  1H= 92
       Bonuses: RS vs BTC 7d +20.4% | funding -0.0349%/8h  (+8 pts)
       Entry: $2.069000  |  Stop: $1.778643 (-14.03%)  |  Risk: $1500 (1.50% acct)
       Position: $10689 (10.69% acct, qty 5166.0517)
       TP1: $2.504536 (+21.1%, 1.5R, sell 40%)
       TP2: $2.940071 (+42.1%, 3.0R, sell 35%)
       TP3: $3.520786 (+70.2%, 5.0R, sell 25%)

  [30] PNUT        score= 121.6  ST=4/6  price=$0.045390      24h= +7.27%  vol=$  1.5M
       TF:  1D= 85  12H= 82  6H=148  4H=135  2H=151  1H=158
       Bonuses: RS vs BTC 7d +4.2%  (+5 pts)
       Entry: $0.045390  |  Stop: $0.039598 (-12.76%)  |  Risk: $1500 (1.50% acct)
       Position: $11755 (11.75% acct, qty 258971.5131)
       TP1: $0.054078 (+19.1%, 1.5R, sell 40%)
       TP2: $0.062766 (+38.3%, 3.0R, sell 35%)
       TP3: $0.074351 (+63.8%, 5.0R, sell 25%)

  [31] SOL         score= 120.8  ST=4/6  price=$71.230000     24h= +9.73%  vol=$785.4M
       TF:  1D= 75  12H= 78  6H=137  4H=160  2H=149  1H=148
       Bonuses: 1H pre-pump (obv_stealth_accum) | RS vs BTC 7d +3.4%  (+7 pts)
       Entry: $71.230000  |  Stop: $64.073929 (-10.05%)  |  Risk: $1500 (1.50% acct)
       Position: $14931 (14.93% acct, qty 209.6122)
       TP1: $81.964107 (+15.1%, 1.5R, sell 40%)
       TP2: $92.698214 (+30.1%, 3.0R, sell 35%)
       TP3: $107.010357 (+50.2%, 5.0R, sell 25%)

  [32] PENDLE      score= 120.8  ST=4/6  price=$1.385500      24h= +8.19%  vol=$  5.1M
       TF:  1D= 77  12H= 89  6H=145  4H=155  2H=139  1H=148
       Bonuses: RS vs BTC 7d +5.4%  (+5 pts)
       Entry: $1.385500  |  Stop: $1.215175 (-12.29%)  |  Risk: $1500 (1.50% acct)
       Position: $12202 (12.20% acct, qty 8806.6931)
       TP1: $1.640988 (+18.4%, 1.5R, sell 40%)
       TP2: $1.896475 (+36.9%, 3.0R, sell 35%)
       TP3: $2.237125 (+61.5%, 5.0R, sell 25%)

  [33] OP          score= 120.7  ST=5/6  price=$0.108410      24h= +6.19%  vol=$ 10.8M
       TF:  1D= 78  12H=102  6H=139  4H=130  2H=125  1H=161
       Bonuses: 1H pre-pump (obv_stealth_accum) | RS vs BTC 7d +7.5%  (+7 pts)
       Entry: $0.108410  |  Stop: $0.092148 (-15.00%)  |  Risk: $1500 (1.50% acct)
       Position: $10000 (10.00% acct, qty 92242.4131)
       TP1: $0.132802 (+22.5%, 1.5R, sell 40%)
       TP2: $0.157194 (+45.0%, 3.0R, sell 35%)
       TP3: $0.189718 (+75.0%, 5.0R, sell 25%)

  [34] JCT         score= 120.2  ST=6/6  price=$0.006069      24h= -7.20%  vol=$  4.8M
       TF:  1D=153  12H=141  6H=126  4H= 91  2H= 55  1H= 50
       Bonuses: RS vs BTC 7d +22.9%  (+5 pts)
       Entry: $0.006069  |  Stop: $0.005159 (-15.00%)  |  Risk: $1500 (1.50% acct)
       Position: $10000 (10.00% acct, qty 1647636.4655)
       TP1: $0.007435 (+22.5%, 1.5R, sell 40%)
       TP2: $0.008800 (+45.0%, 3.0R, sell 35%)
       TP3: $0.010621 (+75.0%, 5.0R, sell 25%)

  [35] ENS         score= 120.1  ST=5/6  price=$5.153000      24h= +9.87%  vol=$  1.6M
       TF:  1D= 68  12H= 96  6H=131  4H=164  2H=155  1H=140
       Bonuses: RS vs BTC 7d +5.5%  (+5 pts)
       Entry: $5.153000  |  Stop: $4.625857 (-10.23%)  |  Risk: $1500 (1.50% acct)
       Position: $14663 (14.66% acct, qty 2845.5285)
       TP1: $5.943714 (+15.3%, 1.5R, sell 40%)
       TP2: $6.734429 (+30.7%, 3.0R, sell 35%)
       TP3: $7.788714 (+51.1%, 5.0R, sell 25%)

  [36] WIF         score= 119.8  ST=4/6  price=$0.164680      24h=+11.75%  vol=$ 16.9M
       TF:  1D= 67  12H= 82  6H=137  4H=168  2H=142  1H=148
       Bonuses: 1H pre-pump (obv_divergence) | RS vs BTC 7d +0.0%  (+7 pts)
       Entry: $0.164680  |  Stop: $0.142236 (-13.63%)  |  Risk: $1500 (1.50% acct)
       Position: $11006 (11.01% acct, qty 66832.1558)
       TP1: $0.198346 (+20.4%, 1.5R, sell 40%)
       TP2: $0.232013 (+40.9%, 3.0R, sell 35%)
       TP3: $0.276901 (+68.2%, 5.0R, sell 25%)

  [37] BSB         score= 119.5  ST=5/6  price=$0.271400      24h=+37.87%  vol=$ 28.6M
       TF:  1D= 82  12H=119  6H=114  4H=125  2H=168  1H=167
       Entry: $0.271400  |  Stop: $0.230690 (-15.00%)  |  Risk: $1500 (1.50% acct)
       Position: $10000 (10.00% acct, qty 36845.9838)
       TP1: $0.332465 (+22.5%, 1.5R, sell 40%)
       TP2: $0.393530 (+45.0%, 3.0R, sell 35%)
       TP3: $0.474950 (+75.0%, 5.0R, sell 25%)

  [38] FARTCOIN    score= 119.1  ST=4/6  price=$0.127180      24h=+23.95%  vol=$ 50.3M
       TF:  1D= 77  12H= 78  6H=127  4H=147  2H=141  1H=169
       Bonuses: 1H pre-pump (obv_stealth_accum) | RS vs BTC 7d +6.3%  (+7 pts)
       Entry: $0.127180  |  Stop: $0.108103 (-15.00%)  |  Risk: $1500 (1.50% acct)
       Position: $10000 (10.00% acct, qty 78628.7152)
       TP1: $0.155796 (+22.5%, 1.5R, sell 40%)
       TP2: $0.184411 (+45.0%, 3.0R, sell 35%)
       TP3: $0.222565 (+75.0%, 5.0R, sell 25%)

  [39] ME          score= 119.1  ST=4/6  price=$0.063000      24h=+11.11%  vol=$  2.6M
       TF:  1D= 82  12H= 74  6H=125  4H=149  2H=142  1H=152
       Bonuses: RS vs BTC 7d +0.7% | funding -0.0536%/8h  (+8 pts)
       Entry: $0.063000  |  Stop: $0.054092 (-14.14%)  |  Risk: $1500 (1.50% acct)
       Position: $10609 (10.61% acct, qty 168390.6663)
       TP1: $0.076362 (+21.2%, 1.5R, sell 40%)
       TP2: $0.089724 (+42.4%, 3.0R, sell 35%)
       TP3: $0.107539 (+70.7%, 5.0R, sell 25%)

  [40] VVV         score= 118.7  ST=4/6  price=$16.776000     24h= +5.18%  vol=$ 19.8M
       TF:  1D=113  12H= 99  6H=120  4H=116  2H=116  1H=139
       Bonuses: 1H pre-pump (obv_divergence, obv_stealth_accum)  (+4 pts)
       Entry: $16.776000  |  Stop: $14.259600 (-15.00%)  |  Risk: $1500 (1.50% acct)
       Position: $10000 (10.00% acct, qty 596.0897)
       TP1: $20.550600 (+22.5%, 1.5R, sell 40%)
       TP2: $24.325200 (+45.0%, 3.0R, sell 35%)
       TP3: $29.358000 (+75.0%, 5.0R, sell 25%)

  [41] 1000BONK    score= 118.6  ST=4/6  price=$0.004656      24h=+16.10%  vol=$ 13.4M
       TF:  1D= 65  12H= 82  6H=127  4H=150  2H=144  1H=152
       Bonuses: 1H pre-pump (obv_divergence) | RS vs BTC 7d +1.2% | funding -0.0221%/8h  (+10 pts)
       Entry: $0.004656  |  Stop: $0.004136 (-11.18%)  |  Risk: $1500 (1.50% acct)
       Position: $13421 (13.42% acct, qty 2882437.7188)
       TP1: $0.005437 (+16.8%, 1.5R, sell 40%)
       TP2: $0.006217 (+33.5%, 3.0R, sell 35%)
       TP3: $0.007258 (+55.9%, 5.0R, sell 25%)

  [42] EGLD        score= 118.3  ST=4/6  price=$2.965000      24h=+10.23%  vol=$  3.6M
       TF:  1D= 84  12H= 89  6H=126  4H=133  2H=143  1H=140
       Bonuses: RSI div 1D (bullish) | 1H pre-pump (obv_divergence)  (+7 pts)
       Entry: $2.965000  |  Stop: $2.651929 (-10.56%)  |  Risk: $1500 (1.50% acct)
       Position: $14206 (14.21% acct, qty 4791.2389)
       TP1: $3.434607 (+15.8%, 1.5R, sell 40%)
       TP2: $3.904214 (+31.7%, 3.0R, sell 35%)
       TP3: $4.530357 (+52.8%, 5.0R, sell 25%)

  [43] FIGHT       score= 118.3  ST=4/6  price=$0.004130      24h=+18.32%  vol=$  2.6M
       TF:  1D= 58  12H=107  6H=148  4H=134  2H=143  1H=142
       Bonuses: 1H pre-pump (obv_stealth_accum) | RS vs BTC 7d +17.2%  (+7 pts)
       Entry: $0.004130  |  Stop: $0.003511 (-15.00%)  |  Risk: $1500 (1.50% acct)
       Position: $10000 (10.00% acct, qty 2421307.5061)
       TP1: $0.005059 (+22.5%, 1.5R, sell 40%)
       TP2: $0.005988 (+45.0%, 3.0R, sell 35%)
       TP3: $0.007228 (+75.0%, 5.0R, sell 25%)

  [44] S           score= 118.1  ST=4/6  price=$0.032220      24h=+12.24%  vol=$  2.2M
       TF:  1D= 75  12H= 97  6H=115  4H=136  2H=151  1H=129
       Bonuses: 1H pre-pump (obv_divergence, obv_stealth_accum) | RS vs BTC 7d +4.3%  (+9 pts)
       Entry: $0.032220  |  Stop: $0.027980 (-13.16%)  |  Risk: $1500 (1.50% acct)
       Position: $11400 (11.40% acct, qty 353803.3864)
       TP1: $0.038579 (+19.7%, 1.5R, sell 40%)
       TP2: $0.044939 (+39.5%, 3.0R, sell 35%)
       TP3: $0.053418 (+65.8%, 5.0R, sell 25%)

  [45] MORPHO      score= 117.9  ST=5/6  price=$1.961500      24h= +2.44%  vol=$  1.9M
       TF:  1D= 87  12H= 99  6H=122  4H=130  2H=166  1H=110
       Bonuses: RS vs BTC 7d +10.5%  (+5 pts)
       Entry: $1.961500  |  Stop: $1.704207 (-13.12%)  |  Risk: $1500 (1.50% acct)
       Position: $11435 (11.44% acct, qty 5829.9325)
       TP1: $2.347439 (+19.7%, 1.5R, sell 40%)
       TP2: $2.733379 (+39.4%, 3.0R, sell 35%)
       TP3: $3.247964 (+65.6%, 5.0R, sell 25%)

  [46] LINK        score= 117.7  ST=4/6  price=$8.175000      24h= +7.91%  vol=$ 43.3M
       TF:  1D= 80  12H= 82  6H=145  4H=154  2H=144  1H=148
       Bonuses: 1H pre-pump (obv_stealth_accum)  (+2 pts)
       Entry: $8.175000  |  Stop: $7.438286 (-9.01%)  |  Risk: $1500 (1.50% acct)
       Position: $16645 (16.64% acct, qty 2036.0675)
       TP1: $9.280071 (+13.5%, 1.5R, sell 40%)
       TP2: $10.385143 (+27.0%, 3.0R, sell 35%)
       TP3: $11.858571 (+45.1%, 5.0R, sell 25%)

  [47] SHIB1000    score= 117.6  ST=4/6  price=$0.005041      24h= +4.54%  vol=$  9.2M
       TF:  1D= 63  12H= 82  6H=161  4H=159  2H=151  1H=124
       Bonuses: RS vs BTC 7d +3.0%  (+5 pts)
       Entry: $0.005041  |  Stop: $0.004630 (-8.14%)  |  Risk: $1500 (1.50% acct)
       Position: $18417 (18.42% acct, qty 3653444.6764)
       TP1: $0.005657 (+12.2%, 1.5R, sell 40%)
       TP2: $0.006273 (+24.4%, 3.0R, sell 35%)
       TP3: $0.007094 (+40.7%, 5.0R, sell 25%)

  [48] APE         score= 117.6  ST=4/6  price=$0.130440      24h= +8.49%  vol=$  3.0M
       TF:  1D= 66  12H= 85  6H=131  4H=160  2H=142  1H=144
       Bonuses: 1H pre-pump (obv_stealth_accum) | RS vs BTC 7d +3.8%  (+7 pts)
       Entry: $0.130440  |  Stop: $0.112424 (-13.81%)  |  Risk: $1500 (1.50% acct)
       Position: $10860 (10.86% acct, qty 83258.9949)
       TP1: $0.157464 (+20.7%, 1.5R, sell 40%)
       TP2: $0.184488 (+41.4%, 3.0R, sell 35%)
       TP3: $0.220520 (+69.1%, 5.0R, sell 25%)

  [49] XRP         score= 117.5  ST=4/6  price=$1.185200      24h= +9.66%  vol=$394.6M
       TF:  1D= 74  12H= 88  6H=147  4H=160  2H=149  1H=152
       Entry: $1.185200  |  Stop: $1.088718 (-8.14%)  |  Risk: $1500 (1.50% acct)
       Position: $18426 (18.43% acct, qty 15546.9184)
       TP1: $1.329923 (+12.2%, 1.5R, sell 40%)
       TP2: $1.474646 (+24.4%, 3.0R, sell 35%)
       TP3: $1.667611 (+40.7%, 5.0R, sell 25%)

  [50] STX         score= 117.5  ST=4/6  price=$0.194900      24h= +7.94%  vol=$  1.8M
       TF:  1D= 64  12H= 89  6H=133  4H=128  2H=166  1H=157
       Bonuses: 1H pre-pump (obv_stealth_accum) | RS vs BTC 7d +0.3%  (+7 pts)
       Entry: $0.194900  |  Stop: $0.173150 (-11.16%)  |  Risk: $1500 (1.50% acct)
       Position: $13441 (13.44% acct, qty 68965.5172)
       TP1: $0.227525 (+16.7%, 1.5R, sell 40%)
       TP2: $0.260150 (+33.5%, 3.0R, sell 35%)
       TP3: $0.303650 (+55.8%, 5.0R, sell 25%)

--------------------------------------------------------------------------------
  WATCH  —  34 coin(s)  (worth tracking)
--------------------------------------------------------------------------------
  #   Symbol      Score  ST         Price    24h%   Vol $M  TF breakdown
  ------------------------------------------------------------------------------
    1 JELLYJELLY  117.7  2/6  $   0.077790 -14.62%  $   29.3  1D=158  12H=136  6H=114  4H=103  2H= 58  1H= 18
    2 ASTER       107.2  2/6  $   0.635000  +4.97%  $   13.9  1D= 54  12H= 81  6H=120  4H=142  2H=159  1H=155
    3 GENIUS      106.1  2/6  $   0.493900  +1.75%  $    2.9  1D= 87  12H= 81  6H= 90  4H=147  2H=136  1H= 87
    4 ONT         103.4  2/6  $   0.048900  +5.74%  $    1.5  1D= 74  12H= 84  6H=133  4H=140  2H=117  1H= 89
    5 ETHBTC       99.3  4/6  $   0.026259  +5.13%  $    1.5  1D= 20  12H=104  6H=131  4H=120  2H=149  1H=154
    6 INJ          99.1  4/6  $   5.227000 +11.65%  $   22.8  1D= 82  12H= 86  6H= 92  4H=102  2H=136  1H=135
    7 HBAR         98.9  3/6  $   0.081140  +7.23%  $   17.4  1D= 54  12H= 88  6H= 91  4H=126  2H=131  1H=159
    8 SPK          98.7  3/6  $   0.020056  +6.66%  $    1.4  1D= 70  12H= 81  6H=100  4H=101  2H=134  1H=117
    9 ROSE         98.4  3/6  $   0.006492 +14.52%  $    1.6  1D= 53  12H= 77  6H=112  4H=122  2H=149  1H=152
   10 LAB          98.1  4/6  $  11.204000  -1.00%  $   25.5  1D=133  12H= 81  6H= 93  4H=110  2H= 90  1H= 34
   11 COAI         98.0  2/6  $   0.345300 -11.88%  $   10.2  1D=131  12H=116  6H= 86  4H= 65  2H= 29  1H= 40
   12 RESOLV       98.0  3/6  $   0.017860 +10.66%  $    1.1  1D= 60  12H= 82  6H= 92  4H=130  2H=139  1H=148
   13 SKR          97.3  3/6  $   0.009819  -3.32%  $    2.5  1D= 71  12H= 92  6H=112  4H=122  2H=100  1H= 69
   14 AVAX         97.2  4/6  $   6.786000  +6.59%  $   39.2  1D= 53  12H= 63  6H=136  4H=124  2H=140  1H=140
   15 SKY          93.5  2/6  $   0.057530  +2.62%  $    2.3  1D= 43  12H= 71  6H= 92  4H=136  2H=171  1H=125
   16 PEAQ         93.2  3/6  $   0.022231  +7.68%  $    1.2  1D= 56  12H= 76  6H= 86  4H=101  2H=138  1H=157
   17 RECALL       92.4  4/6  $   0.036050 +12.09%  $    1.1  1D= 21  12H= 86  6H=119  4H=121  2H=155  1H=147
   18 POL          91.3  3/6  $   0.076900  +4.89%  $    4.3  1D= 26  12H= 80  6H= 89  4H=127  2H=148  1H=159
   19 ZORA         91.0  2/6  $   0.008570  +4.89%  $    1.3  1D= 39  12H= 90  6H= 89  4H=111  2H=138  1H=135
   20 IP           90.2  3/6  $   0.303000 +12.90%  $   12.7  1D= 42  12H= 74  6H= 98  4H=129  2H=111  1H=163
   21 NIGHT        89.8  3/6  $   0.032000 +10.96%  $    1.1  1D= 44  12H= 82  6H= 87  4H= 73  2H=136  1H=158
   22 TRX          89.6  3/6  $   0.321560  +0.70%  $   11.6  1D= 39  12H= 60  6H= 93  4H=117  2H=139  1H=135
   23 MIRA         89.5  2/6  $   0.055900  -1.67%  $    2.1  1D= 75  12H= 78  6H= 74  4H=101  2H=139  1H=100
   24 MOVE         87.0  3/6  $   0.012030  +3.61%  $    1.4  1D= 74  12H= 89  6H= 57  4H= 86  2H=117  1H=130
   25 MITO         87.0  3/6  $   0.021370  -0.39%  $    1.2  1D= 90  12H= 96  6H= 99  4H=108  2H= 68  1H= 34
   26 DEXE         85.9  3/6  $  17.882000  +4.38%  $    3.0  1D= 93  12H= 82  6H= 51  4H= 75  2H=102  1H=123
   27 DYDX         81.0  2/6  $   0.123550  +9.38%  $    2.7  1D= 25  12H= 67  6H= 82  4H= 88  2H=140  1H=163
   28 HNT          80.6  1/6  $   0.304900  +5.62%  $    1.6  1D= 42  12H= 58  6H= 85  4H=102  2H= 96  1H=157
   29 VELVET       80.4  0/6  $   0.361680 -13.28%  $   21.5  1D=121  12H= 63  6H= 34  4H= 53  2H= 39  1H= 42
   30 BEAT         78.8  1/6  $   5.490700 -27.95%  $   86.8  1D=139  12H= 86  6H= 23  4H= 34  2H= 28  1H= 28
   31 ZBT          77.3  1/6  $   0.115180  -0.65%  $    2.0  1D= 88  12H= 71  6H= 52  4H= 42  2H= 78  1H= 80
   32 ARC          77.1  1/6  $   0.081540  -6.01%  $    1.5  1D=148  12H= 56  6H= 30  4H= 34  2H= 38  1H= 83
   33 ID           75.9  4/6  $   0.028360  +0.79%  $    2.3  1D= 75  12H=113  6H= 42  4H= 51  2H= 31  1H= 66
   34 HMSTR        71.2  1/6  $   0.000166  -5.06%  $    3.9  1D=112  12H= 51  6H= 39  4H= 54  2H= 58  1H= 57

================================================================================
2026-06-15 15:39:20,182 [INFO]   Saved → trend_v3_LATEST.txt, trend_v3_LATEST.json, trend_v3_20260615_153920.txt
2026-06-15 16:11:05,727 [INFO] ================================================================
2026-06-15 16:11:05,729 [INFO] TREND SCANNER v3.0
2026-06-15 16:11:05,731 [INFO] ================================================================
2026-06-15 16:11:05,732 [INFO] Building universe (Bybit perps)...
2026-06-15 16:11:06,307 [INFO]   Universe (post-filter): 252 coins
2026-06-15 16:11:06,309 [INFO] Fetching BTC 1D for regime detection...
2026-06-15 16:11:06,879 [INFO]   Regime: BULL  |  BTC 7d +3.81%  |  24h +2.00%
2026-06-15 16:11:06,881 [INFO] Scanning 252 coins across 6 timeframes...
2026-06-15 16:11:06,883 [INFO] (this is the slowest scanner — first run ~10min, subsequent ~2-3min)
2026-06-15 16:11:15,872 [INFO]   ...20/252  (surfaced: 19)
2026-06-15 16:11:34,511 [INFO]   ...60/252  (surfaced: 53)
2026-06-15 16:11:41,929 [INFO]   ...80/252  (surfaced: 71)
2026-06-15 16:11:54,367 [INFO]   ...100/252  (surfaced: 87)
2026-06-15 16:12:04,390 [INFO]   ...120/252  (surfaced: 104)
2026-06-15 16:12:29,353 [INFO]   ...160/252  (surfaced: 129)
2026-06-15 16:12:43,316 [INFO]   ...180/252  (surfaced: 147)
2026-06-15 16:12:53,287 [INFO]   ...200/252  (surfaced: 160)
2026-06-15 16:13:02,442 [INFO]   ...220/252  (surfaced: 174)
2026-06-15 16:13:12,941 [INFO]   ...240/252  (surfaced: 188)
2026-06-15 16:13:20,444 [INFO] Done in 135s  |  scanned=222  failed=30  strong=37  long=50  watch=34
2026-06-15 16:13:20,453 [INFO] 
================================================================================
  TREND SCANNER v3.0  —  multi-timeframe confirmation + trade plans
  Generated  : 2026-06-15 16:13:20
  Universe   : 252 Bybit perps  |  Scanned: 222
  Scan time  : 135s
================================================================================

  Regime     : 🟢 BULL
               BTC 7d +3.81%  |  24h +2.00%  |  $65,746

  Account    : $100,000  |  Risk/trade: 1.5%

  Tiers (bull):  STRONG ≥ 130 & ST≥4  |  LONG ≥ 100 & ST≥3  |  WATCH ≥ 70

  TF weights : 1D×0.28 · 12H×0.2 · 6H×0.15 · 4H×0.15 · 2H×0.12 · 1H×0.1

--------------------------------------------------------------------------------
  STRONG  —  37 coin(s)  (highest conviction, full position)
--------------------------------------------------------------------------------

  [ 1] EVAA        score= 156.1  ST=6/6  price=$0.711600      24h=+98.46%  vol=$ 63.6M
       TF:  1D=129  12H=154  6H=147  4H=152  2H=146  1H=168
       Bonuses: RSI div 1D (bullish) | RS vs BTC 7d +104.9%  (+10 pts)
       Entry: $0.711600  |  Stop: $0.604860 (-15.00%)  |  Risk: $1500 (1.50% acct)
       Position: $10000 (10.00% acct, qty 14052.8387)
       TP1: $0.871710 (+22.5%, 1.5R, sell 40%)
       TP2: $1.031820 (+45.0%, 3.0R, sell 35%)
       TP3: $1.245300 (+75.0%, 5.0R, sell 25%)

  [ 2] MEME        score= 155.5  ST=6/6  price=$0.000632      24h= +0.00%  vol=$  4.1M
       TF:  1D=147  12H=151  6H=146  4H=156  2H=145  1H=114
       Bonuses: RSI div 1D (hidden_bullish) | 1H pre-pump (obv_stealth_accum) | RS vs BTC 7d +3.3%  (+10 pts)
       Entry: $0.000632  |  Stop: $0.000538 (-15.00%)  |  Risk: $1500 (1.50% acct)
       Position: $10000 (10.00% acct, qty 15812776.7236)
       TP1: $0.000775 (+22.5%, 1.5R, sell 40%)
       TP2: $0.000917 (+45.0%, 3.0R, sell 35%)
       TP3: $0.001107 (+75.0%, 5.0R, sell 25%)

  [ 3] IO          score= 155.2  ST=6/6  price=$0.178730      24h=+10.06%  vol=$  3.8M
       TF:  1D=141  12H=139  6H=162  4H=160  2H=144  1H=153
       Bonuses: 1H pre-pump (obv_divergence) | RS vs BTC 7d +25.8%  (+7 pts)
       Entry: $0.178730  |  Stop: $0.151921 (-15.00%)  |  Risk: $1500 (1.50% acct)
       Position: $10000 (10.00% acct, qty 55950.3161)
       TP1: $0.218944 (+22.5%, 1.5R, sell 40%)
       TP2: $0.259159 (+45.0%, 3.0R, sell 35%)
       TP3: $0.312777 (+75.0%, 5.0R, sell 25%)

  [ 4] CLO         score= 154.5  ST=6/6  price=$0.191270      24h=+49.00%  vol=$ 28.7M
       TF:  1D=154  12H=157  6H=162  4H=155  2H=142  1H=154
       Entry: $0.191270  |  Stop: $0.162579 (-15.00%)  |  Risk: $1500 (1.50% acct)
       Position: $10000 (10.00% acct, qty 52282.1143)
       TP1: $0.234306 (+22.5%, 1.5R, sell 40%)
       TP2: $0.277342 (+45.0%, 3.0R, sell 35%)
       TP3: $0.334722 (+75.0%, 5.0R, sell 25%)

  [ 5] LIT         score= 153.3  ST=6/6  price=$1.685400      24h= +7.36%  vol=$ 11.6M
       TF:  1D=135  12H=149  6H=141  4H=155  2H=168  1H=141
       Bonuses: 1H pre-pump (obv_divergence) | RS vs BTC 7d +13.9%  (+7 pts)
       Entry: $1.685400  |  Stop: $1.432590 (-15.00%)  |  Risk: $1500 (1.50% acct)
       Position: $10000 (10.00% acct, qty 5933.3096)
       TP1: $2.064615 (+22.5%, 1.5R, sell 40%)
       TP2: $2.443830 (+45.0%, 3.0R, sell 35%)
       TP3: $2.949450 (+75.0%, 5.0R, sell 25%)

  [ 6] UAI         score= 152.6  ST=6/6  price=$0.299290      24h=+23.73%  vol=$ 12.6M
       TF:  1D=149  12H=175  6H=152  4H=150  2H=148  1H=128
       Entry: $0.299290  |  Stop: $0.254397 (-15.00%)  |  Risk: $1500 (1.50% acct)
       Position: $10000 (10.00% acct, qty 33412.4094)
       TP1: $0.366630 (+22.5%, 1.5R, sell 40%)
       TP2: $0.433970 (+45.0%, 3.0R, sell 35%)
       TP3: $0.523757 (+75.0%, 5.0R, sell 25%)

  [ 7] WLD         score= 150.9  ST=6/6  price=$0.523000      24h=+22.33%  vol=$207.6M
       TF:  1D=137  12H=135  6H=157  4H=144  2H=152  1H=142
       Bonuses: RSI div 1D (hidden_bullish) | RS vs BTC 7d +7.2%  (+8 pts)
       Entry: $0.523000  |  Stop: $0.444550 (-15.00%)  |  Risk: $1500 (1.50% acct)
       Position: $10000 (10.00% acct, qty 19120.4589)
       TP1: $0.640675 (+22.5%, 1.5R, sell 40%)
       TP2: $0.758350 (+45.0%, 3.0R, sell 35%)
       TP3: $0.915250 (+75.0%, 5.0R, sell 25%)

  [ 8] AKT         score= 149.8  ST=6/6  price=$0.804100      24h= +7.25%  vol=$  5.7M
       TF:  1D=148  12H=132  6H=159  4H=145  2H=175  1H=104
       Bonuses: RS vs BTC 7d +23.8%  (+5 pts)
       Entry: $0.804100  |  Stop: $0.686489 (-14.63%)  |  Risk: $1500 (1.50% acct)
       Position: $10255 (10.26% acct, qty 12753.9401)
       TP1: $0.980516 (+21.9%, 1.5R, sell 40%)
       TP2: $1.156932 (+43.9%, 3.0R, sell 35%)
       TP3: $1.392154 (+73.1%, 5.0R, sell 25%)

  [ 9] SQD         score= 148.8  ST=6/6  price=$0.041070      24h= +5.87%  vol=$  1.8M
       TF:  1D=117  12H=150  6H=165  4H=129  2H=138  1H=134
       Bonuses: RSI div 1D (bullish) | 1H pre-pump (obv_stealth_accum) | RS vs BTC 7d +20.0%  (+12 pts)
       Entry: $0.041070  |  Stop: $0.034910 (-15.00%)  |  Risk: $1500 (1.50% acct)
       Position: $10000 (10.00% acct, qty 243486.7300)
       TP1: $0.050311 (+22.5%, 1.5R, sell 40%)
       TP2: $0.059552 (+45.0%, 3.0R, sell 35%)
       TP3: $0.071873 (+75.0%, 5.0R, sell 25%)

  [10] GPS         score= 146.5  ST=6/6  price=$0.008002      24h=+18.62%  vol=$  1.9M
       TF:  1D=114  12H=139  6H=159  4H=152  2H=151  1H=140
       Bonuses: RSI div 1D (hidden_bullish) | RS vs BTC 7d +2.8%  (+8 pts)
       Entry: $0.008002  |  Stop: $0.006802 (-15.00%)  |  Risk: $1500 (1.50% acct)
       Position: $10000 (10.00% acct, qty 1249687.5781)
       TP1: $0.009802 (+22.5%, 1.5R, sell 40%)
       TP2: $0.011603 (+45.0%, 3.0R, sell 35%)
       TP3: $0.014004 (+75.0%, 5.0R, sell 25%)

  [11] ESP         score= 146.2  ST=6/6  price=$0.072150      24h= +6.96%  vol=$  1.0M
       TF:  1D=129  12H=140  6H=158  4H=155  2H=139  1H=134
       Bonuses: RS vs BTC 7d +4.2%  (+5 pts)
       Entry: $0.072150  |  Stop: $0.061825 (-14.31%)  |  Risk: $1500 (1.50% acct)
       Position: $10481 (10.48% acct, qty 145273.4253)
       TP1: $0.087638 (+21.5%, 1.5R, sell 40%)
       TP2: $0.103126 (+42.9%, 3.0R, sell 35%)
       TP3: $0.123777 (+71.5%, 5.0R, sell 25%)

  [12] NEAR        score= 141.9  ST=4/6  price=$2.216200      24h=+21.72%  vol=$156.7M
       TF:  1D=116  12H=110  6H=139  4H=155  2H=154  1H=148
       Bonuses: RSI div 1D (hidden_bullish) | 1H pre-pump (obv_divergence) | RS vs BTC 7d +3.9%  (+10 pts)
       Entry: $2.216200  |  Stop: $1.883770 (-15.00%)  |  Risk: $1500 (1.50% acct)
       Position: $10000 (10.00% acct, qty 4512.2281)
       TP1: $2.714845 (+22.5%, 1.5R, sell 40%)
       TP2: $3.213490 (+45.0%, 3.0R, sell 35%)
       TP3: $3.878350 (+75.0%, 5.0R, sell 25%)

  [13] ATOM        score= 141.9  ST=6/6  price=$2.005900      24h= +0.93%  vol=$ 11.8M
       TF:  1D=115  12H=127  6H=114  4H=132  2H=169  1H=171
       Bonuses: 1H pre-pump (obv_stealth_accum) | RS vs BTC 7d +13.3% | funding -0.0105%/8h  (+10 pts)
       Entry: $2.005900  |  Stop: $1.811854 (-9.67%)  |  Risk: $1500 (1.50% acct)
       Position: $15506 (15.51% acct, qty 7730.1088)
       TP1: $2.296970 (+14.5%, 1.5R, sell 40%)
       TP2: $2.588039 (+29.0%, 3.0R, sell 35%)
       TP3: $2.976132 (+48.4%, 5.0R, sell 25%)

  [14] TAO         score= 139.2  ST=6/6  price=$270.840000    24h= +3.65%  vol=$167.0M
       TF:  1D=122  12H=142  6H=145  4H=139  2H=141  1H=121
       Bonuses: RS vs BTC 7d +22.8%  (+5 pts)
       Entry: $270.840000  |  Stop: $236.513571 (-12.67%)  |  Risk: $1500 (1.50% acct)
       Position: $11835 (11.84% acct, qty 43.6981)
       TP1: $322.329643 (+19.0%, 1.5R, sell 40%)
       TP2: $373.819286 (+38.0%, 3.0R, sell 35%)
       TP3: $442.472143 (+63.4%, 5.0R, sell 25%)

  [15] BIO         score= 139.2  ST=4/6  price=$0.032680      24h= +5.90%  vol=$  4.3M
       TF:  1D= 87  12H=119  6H=165  4H=144  2H=140  1H=159
       Bonuses: RSI div 1D (bullish) | 1H pre-pump (obv_stealth_accum) | RS vs BTC 7d +12.2%  (+12 pts)
       Entry: $0.032680  |  Stop: $0.027778 (-15.00%)  |  Risk: $1500 (1.50% acct)
       Position: $10000 (10.00% acct, qty 305997.5520)
       TP1: $0.040033 (+22.5%, 1.5R, sell 40%)
       TP2: $0.047386 (+45.0%, 3.0R, sell 35%)
       TP3: $0.057190 (+75.0%, 5.0R, sell 25%)

  [16] PUFFER      score= 138.5  ST=6/6  price=$0.018330      24h=+29.60%  vol=$ 10.1M
       TF:  1D=128  12H=119  6H=122  4H=150  2H=142  1H=130
       Bonuses: RS vs BTC 7d +19.4% | funding -0.1943%/8h  (+8 pts)
       Entry: $0.018330  |  Stop: $0.015581 (-15.00%)  |  Risk: $1500 (1.50% acct)
       Position: $10000 (10.00% acct, qty 545553.7370)
       TP1: $0.022454 (+22.5%, 1.5R, sell 40%)
       TP2: $0.026579 (+45.0%, 3.0R, sell 35%)
       TP3: $0.032078 (+75.0%, 5.0R, sell 25%)

  [17] HYPE        score= 138.4  ST=5/6  price=$63.857000     24h=+11.91%  vol=$412.1M
       TF:  1D= 98  12H=133  6H=151  4H=159  2H=154  1H=144
       Bonuses: RS vs BTC 7d +3.1%  (+5 pts)
       Entry: $63.857000  |  Stop: $54.278450 (-15.00%)  |  Risk: $1500 (1.50% acct)
       Position: $10000 (10.00% acct, qty 156.5999)
       TP1: $78.224825 (+22.5%, 1.5R, sell 40%)
       TP2: $92.592650 (+45.0%, 3.0R, sell 35%)
       TP3: $111.749750 (+75.0%, 5.0R, sell 25%)

  [18] MEGA        score= 138.3  ST=6/6  price=$0.062870      24h=+15.26%  vol=$ 17.6M
       TF:  1D=108  12H=110  6H=146  4H=140  2H=152  1H=149
       Bonuses: RSI div 1D (bullish) | RS vs BTC 7d +25.9%  (+10 pts)
       Entry: $0.062870  |  Stop: $0.053440 (-15.00%)  |  Risk: $1500 (1.50% acct)
       Position: $10000 (10.00% acct, qty 159058.3744)
       TP1: $0.077016 (+22.5%, 1.5R, sell 40%)
       TP2: $0.091162 (+45.0%, 3.0R, sell 35%)
       TP3: $0.110022 (+75.0%, 5.0R, sell 25%)

  [19] GRASS       score= 137.3  ST=5/6  price=$0.433800      24h=+23.07%  vol=$ 13.7M
       TF:  1D= 83  12H=129  6H=154  4H=154  2H=140  1H=173
       Bonuses: RSI div 1D (hidden_bullish) | RS vs BTC 7d +22.3%  (+8 pts)
       Entry: $0.433800  |  Stop: $0.368730 (-15.00%)  |  Risk: $1500 (1.50% acct)
       Position: $10000 (10.00% acct, qty 23052.0977)
       TP1: $0.531405 (+22.5%, 1.5R, sell 40%)
       TP2: $0.629010 (+45.0%, 3.0R, sell 35%)
       TP3: $0.759150 (+75.0%, 5.0R, sell 25%)

  [20] VIRTUAL     score= 136.3  ST=5/6  price=$0.641600      24h= +7.62%  vol=$ 21.5M
       TF:  1D= 85  12H=107  6H=156  4H=160  2H=152  1H=155
       Bonuses: 1H pre-pump (obv_stealth_accum) | RS vs BTC 7d +6.8% | funding -0.0105%/8h  (+10 pts)
       Entry: $0.641600  |  Stop: $0.547796 (-14.62%)  |  Risk: $1500 (1.50% acct)
       Position: $10260 (10.26% acct, qty 15990.8624)
       TP1: $0.782305 (+21.9%, 1.5R, sell 40%)
       TP2: $0.923011 (+43.9%, 3.0R, sell 35%)
       TP3: $1.110618 (+73.1%, 5.0R, sell 25%)

  [21] XPL         score= 135.4  ST=5/6  price=$0.089470      24h=+10.71%  vol=$ 29.4M
       TF:  1D=105  12H=110  6H=145  4H=136  2H=162  1H=154
       Bonuses: 1H pre-pump (obv_divergence) | RS vs BTC 7d +25.4%  (+7 pts)
       Entry: $0.089470  |  Stop: $0.076050 (-15.00%)  |  Risk: $1500 (1.50% acct)
       Position: $10000 (10.00% acct, qty 111769.3081)
       TP1: $0.109601 (+22.5%, 1.5R, sell 40%)
       TP2: $0.129731 (+45.0%, 3.0R, sell 35%)
       TP3: $0.156573 (+75.0%, 5.0R, sell 25%)

  [22] OPEN        score= 135.3  ST=6/6  price=$0.249640      24h= -2.12%  vol=$  3.3M
       TF:  1D=140  12H=163  6H=159  4H=124  2H= 60  1H= 89
       Bonuses: RS vs BTC 7d +17.6%  (+5 pts)
       Entry: $0.249640  |  Stop: $0.213784 (-14.36%)  |  Risk: $1500 (1.50% acct)
       Position: $10443 (10.44% acct, qty 41833.5027)
       TP1: $0.303425 (+21.5%, 1.5R, sell 40%)
       TP2: $0.357209 (+43.1%, 3.0R, sell 35%)
       TP3: $0.428922 (+71.8%, 5.0R, sell 25%)

  [23] CRV         score= 135.2  ST=5/6  price=$0.235700      24h= +2.95%  vol=$  8.2M
       TF:  1D=121  12H=141  6H=133  4H=129  2H=108  1H=159
       Bonuses: RS vs BTC 7d +16.1%  (+5 pts)
       Entry: $0.235700  |  Stop: $0.207061 (-12.15%)  |  Risk: $1500 (1.50% acct)
       Position: $12345 (12.34% acct, qty 52375.6079)
       TP1: $0.278659 (+18.2%, 1.5R, sell 40%)
       TP2: $0.321618 (+36.5%, 3.0R, sell 35%)
       TP3: $0.378896 (+60.8%, 5.0R, sell 25%)

  [24] WLFI        score= 135.0  ST=5/6  price=$0.059790      24h= +4.94%  vol=$  8.0M
       TF:  1D=109  12H=126  6H=141  4H=114  2H=135  1H=158
       Bonuses: 1H pre-pump (obv_divergence, obv_stealth_accum) | RS vs BTC 7d +0.7%  (+9 pts)
       Entry: $0.059790  |  Stop: $0.053540 (-10.45%)  |  Risk: $1500 (1.50% acct)
       Position: $14350 (14.35% acct, qty 240013.7151)
       TP1: $0.069164 (+15.7%, 1.5R, sell 40%)
       TP2: $0.078539 (+31.4%, 3.0R, sell 35%)
       TP3: $0.091038 (+52.3%, 5.0R, sell 25%)

  [25] CC          score= 134.9  ST=6/6  price=$0.161420      24h= +5.75%  vol=$  2.3M
       TF:  1D=123  12H=153  6H=131  4H=107  2H=125  1H=142
       Bonuses: 1H pre-pump (obv_stealth_accum) | funding -0.0166%/8h  (+5 pts)
       Entry: $0.161420  |  Stop: $0.145193 (-10.05%)  |  Risk: $1500 (1.50% acct)
       Position: $14922 (14.92% acct, qty 92439.7491)
       TP1: $0.185760 (+15.1%, 1.5R, sell 40%)
       TP2: $0.210100 (+30.2%, 3.0R, sell 35%)
       TP3: $0.242554 (+50.3%, 5.0R, sell 25%)

  [26] SPX         score= 134.8  ST=4/6  price=$0.337000      24h= +5.03%  vol=$  4.1M
       TF:  1D= 87  12H=106  6H=160  4H=151  2H=182  1H=157
       Bonuses: RS vs BTC 7d +2.3%  (+5 pts)
       Entry: $0.337000  |  Stop: $0.291089 (-13.62%)  |  Risk: $1500 (1.50% acct)
       Position: $11010 (11.01% acct, qty 32672.1120)
       TP1: $0.405866 (+20.4%, 1.5R, sell 40%)
       TP2: $0.474732 (+40.9%, 3.0R, sell 35%)
       TP3: $0.566554 (+68.1%, 5.0R, sell 25%)

  [27] KAITO       score= 134.7  ST=4/6  price=$0.474000      24h= +2.78%  vol=$  2.4M
       TF:  1D= 99  12H=122  6H=124  4H=140  2H=142  1H=139
       Bonuses: RSI div 1D (bullish) | 1H pre-pump (obv_stealth_accum) | RS vs BTC 7d +0.7%  (+12 pts)
       Entry: $0.474000  |  Stop: $0.421254 (-11.13%)  |  Risk: $1500 (1.50% acct)
       Position: $13480 (13.48% acct, qty 28437.9443)
       TP1: $0.553120 (+16.7%, 1.5R, sell 40%)
       TP2: $0.632239 (+33.4%, 3.0R, sell 35%)
       TP3: $0.737732 (+55.6%, 5.0R, sell 25%)

  [28] EIGEN       score= 134.6  ST=4/6  price=$0.203290      24h=+17.06%  vol=$ 11.9M
       TF:  1D=106  12H=100  6H=156  4H=150  2H=162  1H=146
       Bonuses: RS vs BTC 7d +9.3%  (+5 pts)
       Entry: $0.203290  |  Stop: $0.172796 (-15.00%)  |  Risk: $1500 (1.50% acct)
       Position: $10000 (10.00% acct, qty 49190.8112)
       TP1: $0.249030 (+22.5%, 1.5R, sell 40%)
       TP2: $0.294770 (+45.0%, 3.0R, sell 35%)
       TP3: $0.355758 (+75.0%, 5.0R, sell 25%)

  [29] APEX        score= 133.7  ST=5/6  price=$0.298200      24h=+13.40%  vol=$  1.5M
       TF:  1D= 77  12H=139  6H=147  4H=142  2H=167  1H=159
       Bonuses: RS vs BTC 7d +10.7%  (+5 pts)
       Entry: $0.298200  |  Stop: $0.269025 (-9.78%)  |  Risk: $1500 (1.50% acct)
       Position: $15332 (15.33% acct, qty 51413.8817)
       TP1: $0.341963 (+14.7%, 1.5R, sell 40%)
       TP2: $0.385725 (+29.4%, 3.0R, sell 35%)
       TP3: $0.444075 (+48.9%, 5.0R, sell 25%)

  [30] BABY        score= 132.4  ST=6/6  price=$0.017766      24h=+14.83%  vol=$ 12.6M
       TF:  1D=103  12H=105  6H=133  4H=138  2H=163  1H=173
       Bonuses: RS vs BTC 7d +2.0%  (+5 pts)
       Entry: $0.017766  |  Stop: $0.015101 (-15.00%)  |  Risk: $1500 (1.50% acct)
       Position: $10000 (10.00% acct, qty 562872.9033)
       TP1: $0.021763 (+22.5%, 1.5R, sell 40%)
       TP2: $0.025761 (+45.0%, 3.0R, sell 35%)
       TP3: $0.031091 (+75.0%, 5.0R, sell 25%)

  [31] JTO         score= 132.1  ST=6/6  price=$0.558400      24h=+42.62%  vol=$ 27.5M
       TF:  1D=118  12H=131  6H=142  4H=123  2H=143  1H=159
       Entry: $0.558400  |  Stop: $0.474640 (-15.00%)  |  Risk: $1500 (1.50% acct)
       Position: $10000 (10.00% acct, qty 17908.3095)
       TP1: $0.684040 (+22.5%, 1.5R, sell 40%)
       TP2: $0.809680 (+45.0%, 3.0R, sell 35%)
       TP3: $0.977200 (+75.0%, 5.0R, sell 25%)

  [32] BRETT       score= 131.9  ST=5/6  price=$0.006678      24h= +3.50%  vol=$  1.2M
       TF:  1D= 90  12H=119  6H=140  4H=141  2H=169  1H=155
       Bonuses: RS vs BTC 7d +13.3%  (+5 pts)
       Entry: $0.006678  |  Stop: $0.005676 (-15.00%)  |  Risk: $1500 (1.50% acct)
       Position: $10000 (10.00% acct, qty 1497454.3276)
       TP1: $0.008181 (+22.5%, 1.5R, sell 40%)
       TP2: $0.009683 (+45.0%, 3.0R, sell 35%)
       TP3: $0.011687 (+75.0%, 5.0R, sell 25%)

  [33] KAS         score= 131.3  ST=5/6  price=$0.032270      24h= +5.44%  vol=$  3.8M
       TF:  1D= 98  12H=121  6H=156  4H=150  2H=155  1H=152
       Entry: $0.032270  |  Stop: $0.028834 (-10.65%)  |  Risk: $1500 (1.50% acct)
       Position: $14087 (14.09% acct, qty 436545.0577)
       TP1: $0.037424 (+16.0%, 1.5R, sell 40%)
       TP2: $0.042578 (+31.9%, 3.0R, sell 35%)
       TP3: $0.049450 (+53.2%, 5.0R, sell 25%)

  [34] AERO        score= 130.9  ST=5/6  price=$0.377900      24h=+19.36%  vol=$ 10.5M
       TF:  1D= 75  12H=131  6H=154  4H=154  2H=144  1H=152
       Bonuses: RS vs BTC 7d +8.5%  (+5 pts)
       Entry: $0.377900  |  Stop: $0.337357 (-10.73%)  |  Risk: $1500 (1.50% acct)
       Position: $13982 (13.98% acct, qty 36997.8858)
       TP1: $0.438714 (+16.1%, 1.5R, sell 40%)
       TP2: $0.499529 (+32.2%, 3.0R, sell 35%)
       TP3: $0.580614 (+53.6%, 5.0R, sell 25%)

  [35] BLUAI       score= 130.3  ST=5/6  price=$0.014084      24h= +0.25%  vol=$  1.7M
       TF:  1D=117  12H=128  6H=100  4H=121  2H=147  1H=111
       Bonuses: RSI div 1D (hidden_bullish) | 1H pre-pump (bb_squeeze) | RS vs BTC 7d +9.5%  (+10 pts)
       Entry: $0.014084  |  Stop: $0.011971 (-15.00%)  |  Risk: $1500 (1.50% acct)
       Position: $10000 (10.00% acct, qty 710025.5609)
       TP1: $0.017253 (+22.5%, 1.5R, sell 40%)
       TP2: $0.020422 (+45.0%, 3.0R, sell 35%)
       TP3: $0.024647 (+75.0%, 5.0R, sell 25%)

  [36] ZEC         score= 130.2  ST=5/6  price=$472.100000    24h=+25.26%  vol=$316.8M
       TF:  1D= 69  12H=127  6H=151  4H=149  2H=147  1H=148
       Bonuses: RSI div 1D (hidden_bullish) | RS vs BTC 7d +3.4%  (+8 pts)
       Entry: $472.100000  |  Stop: $401.285000 (-15.00%)  |  Risk: $1500 (1.50% acct)
       Position: $10000 (10.00% acct, qty 21.1820)
       TP1: $578.322500 (+22.5%, 1.5R, sell 40%)
       TP2: $684.545000 (+45.0%, 3.0R, sell 35%)
       TP3: $826.175000 (+75.0%, 5.0R, sell 25%)

  [37] BASED       score= 130.0  ST=5/6  price=$0.071790      24h=+26.54%  vol=$  4.3M
       TF:  1D= 79  12H=158  6H=144  4H=141  2H=147  1H=159
       Entry: $0.071790  |  Stop: $0.061021 (-15.00%)  |  Risk: $1500 (1.50% acct)
       Position: $10000 (10.00% acct, qty 139295.1665)
       TP1: $0.087943 (+22.5%, 1.5R, sell 40%)
       TP2: $0.104095 (+45.0%, 3.0R, sell 35%)
       TP3: $0.125633 (+75.0%, 5.0R, sell 25%)

--------------------------------------------------------------------------------
  LONG  —  50 coin(s)  (tradeable trend)
--------------------------------------------------------------------------------

  [ 1] FHE         score= 128.6  ST=5/6  price=$0.023720      24h=+20.05%  vol=$  2.0M
       TF:  1D= 59  12H=134  6H=162  4H=139  2H=129  1H=146
       Bonuses: RSI div 1D (bullish) | RS vs BTC 7d +20.5%  (+10 pts)
       Entry: $0.023720  |  Stop: $0.020162 (-15.00%)  |  Risk: $1500 (1.50% acct)
       Position: $10000 (10.00% acct, qty 421585.1602)
       TP1: $0.029057 (+22.5%, 1.5R, sell 40%)
       TP2: $0.034394 (+45.0%, 3.0R, sell 35%)
       TP3: $0.041510 (+75.0%, 5.0R, sell 25%)

  [ 2] PYTH        score= 128.4  ST=5/6  price=$0.039430      24h= +4.19%  vol=$  4.3M
       TF:  1D= 87  12H=121  6H=146  4H=137  2H=157  1H=135
       Bonuses: RS vs BTC 7d +19.7%  (+5 pts)
       Entry: $0.039430  |  Stop: $0.034144 (-13.41%)  |  Risk: $1500 (1.50% acct)
       Position: $11188 (11.19% acct, qty 283745.4398)
       TP1: $0.047360 (+20.1%, 1.5R, sell 40%)
       TP2: $0.055289 (+40.2%, 3.0R, sell 35%)
       TP3: $0.065862 (+67.0%, 5.0R, sell 25%)

  [ 3] WET         score= 128.0  ST=5/6  price=$0.059700      24h= +9.02%  vol=$  2.3M
       TF:  1D= 92  12H=107  6H=139  4H=150  2H=145  1H=101
       Bonuses: RSI div 1D (bullish) | RS vs BTC 7d +0.7%  (+10 pts)
       Entry: $0.059700  |  Stop: $0.053193 (-10.90%)  |  Risk: $1500 (1.50% acct)
       Position: $13763 (13.76% acct, qty 230528.5691)
       TP1: $0.069460 (+16.4%, 1.5R, sell 40%)
       TP2: $0.079220 (+32.7%, 3.0R, sell 35%)
       TP3: $0.092234 (+54.5%, 5.0R, sell 25%)

  [ 4] KITE        score= 128.0  ST=5/6  price=$0.192600      24h= +5.07%  vol=$  1.7M
       TF:  1D=110  12H= 87  6H=145  4H=165  2H=136  1H=150
       Bonuses: 1H pre-pump (obv_stealth_accum)  (+2 pts)
       Entry: $0.192600  |  Stop: $0.171079 (-11.17%)  |  Risk: $1500 (1.50% acct)
       Position: $13424 (13.42% acct, qty 69700.2888)
       TP1: $0.224881 (+16.8%, 1.5R, sell 40%)
       TP2: $0.257162 (+33.5%, 3.0R, sell 35%)
       TP3: $0.300204 (+55.9%, 5.0R, sell 25%)

  [ 5] TRUTH       score= 127.9  ST=4/6  price=$0.012483      24h= +6.98%  vol=$  1.3M
       TF:  1D= 98  12H=155  6H=126  4H=113  2H= 97  1H=140
       Bonuses: RSI div 1D (hidden_bullish) | RS vs BTC 7d +7.2%  (+8 pts)
       Entry: $0.012483  |  Stop: $0.010611 (-15.00%)  |  Risk: $1500 (1.50% acct)
       Position: $10000 (10.00% acct, qty 801089.4817)
       TP1: $0.015292 (+22.5%, 1.5R, sell 40%)
       TP2: $0.018100 (+45.0%, 3.0R, sell 35%)
       TP3: $0.021845 (+75.0%, 5.0R, sell 25%)

  [ 6] API3        score= 127.4  ST=4/6  price=$0.269800      24h= +7.71%  vol=$  1.1M
       TF:  1D=102  12H= 91  6H=137  4H=142  2H=141  1H=149
       Bonuses: 1H pre-pump (obv_stealth_accum) | RS vs BTC 7d +0.9%  (+7 pts)
       Entry: $0.269800  |  Stop: $0.240700 (-10.79%)  |  Risk: $1500 (1.50% acct)
       Position: $13907 (13.91% acct, qty 51546.3918)
       TP1: $0.313450 (+16.2%, 1.5R, sell 40%)
       TP2: $0.357100 (+32.4%, 3.0R, sell 35%)
       TP3: $0.415300 (+53.9%, 5.0R, sell 25%)

  [ 7] CAKE        score= 127.3  ST=5/6  price=$1.387800      24h= +4.47%  vol=$  1.0M
       TF:  1D= 81  12H=114  6H=142  4H=135  2H=149  1H=154
       Bonuses: 1H pre-pump (obv_stealth_accum) | RS vs BTC 7d +5.7%  (+7 pts)
       Entry: $1.387800  |  Stop: $1.267446 (-8.67%)  |  Risk: $1500 (1.50% acct)
       Position: $17297 (17.30% acct, qty 12463.2778)
       TP1: $1.568330 (+13.0%, 1.5R, sell 40%)
       TP2: $1.748861 (+26.0%, 3.0R, sell 35%)
       TP3: $1.989568 (+43.4%, 5.0R, sell 25%)

  [ 8] JASMY       score= 127.2  ST=5/6  price=$0.005274      24h= -0.40%  vol=$  4.0M
       TF:  1D= 81  12H=135  6H=139  4H=143  2H=131  1H=125
       Bonuses: 1H pre-pump (obv_stealth_accum) | RS vs BTC 7d +4.7%  (+7 pts)
       Entry: $0.005274  |  Stop: $0.004698 (-10.93%)  |  Risk: $1500 (1.50% acct)
       Position: $13729 (13.73% acct, qty 2603198.2149)
       TP1: $0.006138 (+16.4%, 1.5R, sell 40%)
       TP2: $0.007003 (+32.8%, 3.0R, sell 35%)
       TP3: $0.008155 (+54.6%, 5.0R, sell 25%)

  [ 9] JUP         score= 125.7  ST=5/6  price=$0.179400      24h=+13.89%  vol=$ 10.7M
       TF:  1D= 74  12H=118  6H=136  4H=154  2H=146  1H=154
       Bonuses: RS vs BTC 7d +10.8%  (+5 pts)
       Entry: $0.179400  |  Stop: $0.154151 (-14.07%)  |  Risk: $1500 (1.50% acct)
       Position: $10658 (10.66% acct, qty 59407.6211)
       TP1: $0.217274 (+21.1%, 1.5R, sell 40%)
       TP2: $0.255148 (+42.2%, 3.0R, sell 35%)
       TP3: $0.305646 (+70.4%, 5.0R, sell 25%)

  [10] ZRO         score= 125.3  ST=5/6  price=$0.956900      24h=+28.98%  vol=$ 19.8M
       TF:  1D= 75  12H=123  6H=139  4H=154  2H=142  1H=137
       Bonuses: RS vs BTC 7d +2.5%  (+5 pts)
       Entry: $0.956900  |  Stop: $0.813365 (-15.00%)  |  Risk: $1500 (1.50% acct)
       Position: $10000 (10.00% acct, qty 10450.4128)
       TP1: $1.172203 (+22.5%, 1.5R, sell 40%)
       TP2: $1.387505 (+45.0%, 3.0R, sell 35%)
       TP3: $1.674575 (+75.0%, 5.0R, sell 25%)

  [11] ARKM        score= 125.2  ST=4/6  price=$0.131440      24h=+10.80%  vol=$  5.5M
       TF:  1D= 73  12H=100  6H=154  4H=150  2H=151  1H=160
       Bonuses: RS vs BTC 7d +7.7%  (+5 pts)
       Entry: $0.131440  |  Stop: $0.111724 (-15.00%)  |  Risk: $1500 (1.50% acct)
       Position: $10000 (10.00% acct, qty 76080.3408)
       TP1: $0.161014 (+22.5%, 1.5R, sell 40%)
       TP2: $0.190588 (+45.0%, 3.0R, sell 35%)
       TP3: $0.230020 (+75.0%, 5.0R, sell 25%)

  [12] CHIP        score= 125.1  ST=4/6  price=$0.037070      24h=+15.61%  vol=$ 15.8M
       TF:  1D=102  12H= 85  6H=132  4H=151  2H=153  1H=117
       Bonuses: 1H pre-pump (obv_stealth_accum) | RS vs BTC 7d +14.8%  (+7 pts)
       Entry: $0.037070  |  Stop: $0.031510 (-15.00%)  |  Risk: $1500 (1.50% acct)
       Position: $10000 (10.00% acct, qty 269759.9137)
       TP1: $0.045411 (+22.5%, 1.5R, sell 40%)
       TP2: $0.053752 (+45.0%, 3.0R, sell 35%)
       TP3: $0.064872 (+75.0%, 5.0R, sell 25%)

  [13] XCN         score= 125.1  ST=4/6  price=$0.004107      24h= +4.37%  vol=$  1.2M
       TF:  1D= 75  12H= 78  6H=148  4H=129  2H=137  1H=135
       Bonuses: RSI div 1D (bullish) | 1H pre-pump (obv_divergence, obv_stealth_accum) | RS vs BTC 7d +4.9% | funding -0.0273%/8h  (+17 pts)
       Entry: $0.004107  |  Stop: $0.003659 (-10.91%)  |  Risk: $1500 (1.50% acct)
       Position: $13746 (13.75% acct, qty 3346880.2295)
       TP1: $0.004779 (+16.4%, 1.5R, sell 40%)
       TP2: $0.005452 (+32.7%, 3.0R, sell 35%)
       TP3: $0.006348 (+54.6%, 5.0R, sell 25%)

  [14] ALT         score= 124.8  ST=4/6  price=$0.006658      24h= +5.82%  vol=$  1.6M
       TF:  1D= 79  12H= 79  6H=156  4H=126  2H=170  1H=172
       Bonuses: 1H pre-pump (obv_stealth_accum) | RS vs BTC 7d +13.7%  (+7 pts)
       Entry: $0.006658  |  Stop: $0.005760 (-13.48%)  |  Risk: $1500 (1.50% acct)
       Position: $11124 (11.12% acct, qty 1670843.7761)
       TP1: $0.008005 (+20.2%, 1.5R, sell 40%)
       TP2: $0.009351 (+40.5%, 3.0R, sell 35%)
       TP3: $0.011147 (+67.4%, 5.0R, sell 25%)

  [15] ORCA        score= 124.5  ST=6/6  price=$1.146400      24h= +6.02%  vol=$  2.2M
       TF:  1D=119  12H=109  6H=111  4H= 99  2H=143  1H=137
       Bonuses: 1H pre-pump (obv_divergence) | RS vs BTC 7d +5.9%  (+7 pts)
       Entry: $1.146400  |  Stop: $0.994911 (-13.21%)  |  Risk: $1500 (1.50% acct)
       Position: $11351 (11.35% acct, qty 9901.6904)
       TP1: $1.373634 (+19.8%, 1.5R, sell 40%)
       TP2: $1.600868 (+39.6%, 3.0R, sell 35%)
       TP3: $1.903846 (+66.1%, 5.0R, sell 25%)

  [16] MNT         score= 124.3  ST=5/6  price=$0.568400      24h= +4.21%  vol=$  9.4M
       TF:  1D= 66  12H=102  6H=141  4H=154  2H=175  1H=152
       Bonuses: RS vs BTC 7d +0.8%  (+5 pts)
       Entry: $0.568400  |  Stop: $0.526282 (-7.41%)  |  Risk: $1482 (1.48% acct)
       Position: $20000 (20.00% acct, qty 35186.4884)
       TP1: $0.631577 (+11.1%, 1.5R, sell 40%)
       TP2: $0.694754 (+22.2%, 3.0R, sell 35%)
       TP3: $0.778989 (+37.0%, 5.0R, sell 25%)

  [17] ONDO        score= 124.2  ST=3/6  price=$0.367600      24h=+11.61%  vol=$ 57.5M
       TF:  1D= 91  12H= 89  6H=128  4H=136  2H=149  1H=154
       Bonuses: RSI div 1D (hidden_bullish) | RS vs BTC 7d +1.5%  (+8 pts)
       Entry: $0.367600  |  Stop: $0.312460 (-15.00%)  |  Risk: $1500 (1.50% acct)
       Position: $10000 (10.00% acct, qty 27203.4820)
       TP1: $0.450310 (+22.5%, 1.5R, sell 40%)
       TP2: $0.533020 (+45.0%, 3.0R, sell 35%)
       TP3: $0.643300 (+75.0%, 5.0R, sell 25%)

  [18] EUL         score= 124.1  ST=5/6  price=$1.023500      24h= +9.82%  vol=$  1.4M
       TF:  1D= 70  12H=109  6H=134  4H=154  2H=164  1H=148
       Bonuses: RS vs BTC 7d +10.5%  (+5 pts)
       Entry: $1.023500  |  Stop: $0.873971 (-14.61%)  |  Risk: $1500 (1.50% acct)
       Position: $10267 (10.27% acct, qty 10031.5277)
       TP1: $1.247793 (+21.9%, 1.5R, sell 40%)
       TP2: $1.472086 (+43.8%, 3.0R, sell 35%)
       TP3: $1.771143 (+73.0%, 5.0R, sell 25%)

  [19] USELESS     score= 123.7  ST=4/6  price=$0.073940      24h=+27.70%  vol=$  6.8M
       TF:  1D= 96  12H=101  6H=132  4H=140  2H=145  1H=134
       Bonuses: RS vs BTC 7d +6.4%  (+5 pts)
       Entry: $0.073940  |  Stop: $0.062849 (-15.00%)  |  Risk: $1500 (1.50% acct)
       Position: $10000 (10.00% acct, qty 135244.7931)
       TP1: $0.090577 (+22.5%, 1.5R, sell 40%)
       TP2: $0.107213 (+45.0%, 3.0R, sell 35%)
       TP3: $0.129395 (+75.0%, 5.0R, sell 25%)

  [20] SUI         score= 123.6  ST=4/6  price=$0.802600      24h= +8.74%  vol=$ 65.6M
       TF:  1D= 73  12H= 82  6H=145  4H=150  2H=161  1H=162
       Bonuses: 1H pre-pump (obv_stealth_accum) | RS vs BTC 7d +2.1%  (+7 pts)
       Entry: $0.802600  |  Stop: $0.717957 (-10.55%)  |  Risk: $1500 (1.50% acct)
       Position: $14223 (14.22% acct, qty 17721.5190)
       TP1: $0.929564 (+15.8%, 1.5R, sell 40%)
       TP2: $1.056529 (+31.6%, 3.0R, sell 35%)
       TP3: $1.225814 (+52.7%, 5.0R, sell 25%)

  [21] ICP         score= 123.0  ST=5/6  price=$2.520000      24h= +3.38%  vol=$ 17.6M
       TF:  1D= 68  12H=107  6H=147  4H=135  2H=144  1H=160
       Bonuses: 1H pre-pump (obv_stealth_accum) | RS vs BTC 7d +2.2%  (+7 pts)
       Entry: $2.520000  |  Stop: $2.142000 (-15.00%)  |  Risk: $1500 (1.50% acct)
       Position: $10000 (10.00% acct, qty 3968.2540)
       TP1: $3.087000 (+22.5%, 1.5R, sell 40%)
       TP2: $3.654000 (+45.0%, 3.0R, sell 35%)
       TP3: $4.410000 (+75.0%, 5.0R, sell 25%)

  [22] ORDI        score= 123.0  ST=4/6  price=$3.395000      24h= +7.70%  vol=$  7.1M
       TF:  1D= 69  12H= 95  6H=146  4H=150  2H=147  1H=126
       Bonuses: RSI div 1D (bullish) | RS vs BTC 7d +10.2%  (+10 pts)
       Entry: $3.395000  |  Stop: $2.885750 (-15.00%)  |  Risk: $1500 (1.50% acct)
       Position: $10000 (10.00% acct, qty 2945.5081)
       TP1: $4.158875 (+22.5%, 1.5R, sell 40%)
       TP2: $4.922750 (+45.0%, 3.0R, sell 35%)
       TP3: $5.941250 (+75.0%, 5.0R, sell 25%)

  [23] H           score= 122.6  ST=3/6  price=$0.477760      24h= -8.52%  vol=$338.7M
       TF:  1D=116  12H=141  6H=132  4H=132  2H=100  1H= 53
       Bonuses: 1H pre-pump (obv_divergence) | funding -0.2432%/8h  (+5 pts)
       Entry: $0.477760  |  Stop: $0.406096 (-15.00%)  |  Risk: $1500 (1.50% acct)
       Position: $10000 (10.00% acct, qty 20931.0114)
       TP1: $0.585256 (+22.5%, 1.5R, sell 40%)
       TP2: $0.692752 (+45.0%, 3.0R, sell 35%)
       TP3: $0.836080 (+75.0%, 5.0R, sell 25%)

  [24] RUNE        score= 122.6  ST=5/6  price=$0.392700      24h= +8.22%  vol=$  1.3M
       TF:  1D= 77  12H=118  6H=152  4H=130  2H=131  1H=144
       Bonuses: RS vs BTC 7d +9.8%  (+5 pts)
       Entry: $0.392700  |  Stop: $0.340393 (-13.32%)  |  Risk: $1500 (1.50% acct)
       Position: $11261 (11.26% acct, qty 28676.7718)
       TP1: $0.471161 (+20.0%, 1.5R, sell 40%)
       TP2: $0.549621 (+40.0%, 3.0R, sell 35%)
       TP3: $0.654236 (+66.6%, 5.0R, sell 25%)

  [25] HOLO        score= 122.3  ST=5/6  price=$0.072890      24h= +6.11%  vol=$  1.3M
       TF:  1D= 98  12H=136  6H=141  4H=124  2H=119  1H= 86
       Bonuses: RS vs BTC 7d +18.4%  (+5 pts)
       Entry: $0.072890  |  Stop: $0.064228 (-11.88%)  |  Risk: $1500 (1.50% acct)
       Position: $12622 (12.62% acct, qty 173160.1732)
       TP1: $0.085884 (+17.8%, 1.5R, sell 40%)
       TP2: $0.098877 (+35.6%, 3.0R, sell 35%)
       TP3: $0.116203 (+59.4%, 5.0R, sell 25%)

  [26] LTC         score= 121.9  ST=4/6  price=$45.360000     24h= +3.66%  vol=$ 32.5M
       TF:  1D= 67  12H= 76  6H=139  4H=147  2H=174  1H=172
       Bonuses: 1H pre-pump (obv_stealth_accum) | RS vs BTC 7d +2.2%  (+7 pts)
       Entry: $45.360000  |  Stop: $41.810357 (-7.83%)  |  Risk: $1500 (1.50% acct)
       Position: $19168 (19.17% acct, qty 422.5777)
       TP1: $50.684464 (+11.7%, 1.5R, sell 40%)
       TP2: $56.008929 (+23.5%, 3.0R, sell 35%)
       TP3: $63.108214 (+39.1%, 5.0R, sell 25%)

  [27] AAVE        score= 121.7  ST=5/6  price=$68.280000     24h=+16.19%  vol=$ 33.3M
       TF:  1D= 57  12H=114  6H=149  4H=154  2H=144  1H=152
       Bonuses: RS vs BTC 7d +3.4%  (+5 pts)
       Entry: $68.280000  |  Stop: $60.642857 (-11.19%)  |  Risk: $1500 (1.50% acct)
       Position: $13411 (13.41% acct, qty 196.4085)
       TP1: $79.735714 (+16.8%, 1.5R, sell 40%)
       TP2: $91.191429 (+33.6%, 3.0R, sell 35%)
       TP3: $106.465714 (+55.9%, 5.0R, sell 25%)

  [28] TRUMP       score= 121.6  ST=6/6  price=$2.069000      24h= -0.50%  vol=$ 65.9M
       TF:  1D=123  12H=143  6H=108  4H= 89  2H= 98  1H= 92
       Bonuses: RS vs BTC 7d +20.4% | funding -0.0452%/8h  (+8 pts)
       Entry: $2.069000  |  Stop: $1.778643 (-14.03%)  |  Risk: $1500 (1.50% acct)
       Position: $10689 (10.69% acct, qty 5166.0517)
       TP1: $2.504536 (+21.1%, 1.5R, sell 40%)
       TP2: $2.940071 (+42.1%, 3.0R, sell 35%)
       TP3: $3.520786 (+70.2%, 5.0R, sell 25%)

  [29] PNUT        score= 121.6  ST=4/6  price=$0.045390      24h= +6.49%  vol=$  1.5M
       TF:  1D= 85  12H= 82  6H=148  4H=135  2H=151  1H=158
       Bonuses: RS vs BTC 7d +4.2%  (+5 pts)
       Entry: $0.045390  |  Stop: $0.039598 (-12.76%)  |  Risk: $1500 (1.50% acct)
       Position: $11755 (11.75% acct, qty 258971.5131)
       TP1: $0.054078 (+19.1%, 1.5R, sell 40%)
       TP2: $0.062766 (+38.3%, 3.0R, sell 35%)
       TP3: $0.074351 (+63.8%, 5.0R, sell 25%)

  [30] RENDER      score= 121.0  ST=5/6  price=$1.804400      24h= +6.30%  vol=$ 14.9M
       TF:  1D= 68  12H=107  6H=115  4H=154  2H=157  1H=144
       Bonuses: 1H pre-pump (obv_stealth_accum) | RS vs BTC 7d +3.6%  (+7 pts)
       Entry: $1.804400  |  Stop: $1.533740 (-15.00%)  |  Risk: $1500 (1.50% acct)
       Position: $10000 (10.00% acct, qty 5542.0084)
       TP1: $2.210390 (+22.5%, 1.5R, sell 40%)
       TP2: $2.616380 (+45.0%, 3.0R, sell 35%)
       TP3: $3.157700 (+75.0%, 5.0R, sell 25%)

  [31] SOL         score= 120.8  ST=4/6  price=$71.230000     24h= +9.71%  vol=$788.2M
       TF:  1D= 75  12H= 78  6H=137  4H=160  2H=149  1H=148
       Bonuses: 1H pre-pump (obv_stealth_accum) | RS vs BTC 7d +3.4%  (+7 pts)
       Entry: $71.230000  |  Stop: $64.073929 (-10.05%)  |  Risk: $1500 (1.50% acct)
       Position: $14931 (14.93% acct, qty 209.6122)
       TP1: $81.964107 (+15.1%, 1.5R, sell 40%)
       TP2: $92.698214 (+30.1%, 3.0R, sell 35%)
       TP3: $107.010357 (+50.2%, 5.0R, sell 25%)

  [32] PENDLE      score= 120.8  ST=4/6  price=$1.385500      24h= +8.69%  vol=$  5.1M
       TF:  1D= 77  12H= 89  6H=145  4H=155  2H=139  1H=148
       Bonuses: RS vs BTC 7d +5.4%  (+5 pts)
       Entry: $1.385500  |  Stop: $1.215175 (-12.29%)  |  Risk: $1500 (1.50% acct)
       Position: $12202 (12.20% acct, qty 8806.6931)
       TP1: $1.640988 (+18.4%, 1.5R, sell 40%)
       TP2: $1.896475 (+36.9%, 3.0R, sell 35%)
       TP3: $2.237125 (+61.5%, 5.0R, sell 25%)

  [33] OP          score= 120.7  ST=5/6  price=$0.108410      24h= +4.34%  vol=$ 10.8M
       TF:  1D= 78  12H=102  6H=139  4H=130  2H=125  1H=161
       Bonuses: 1H pre-pump (obv_stealth_accum) | RS vs BTC 7d +7.5%  (+7 pts)
       Entry: $0.108410  |  Stop: $0.092148 (-15.00%)  |  Risk: $1500 (1.50% acct)
       Position: $10000 (10.00% acct, qty 92242.4131)
       TP1: $0.132802 (+22.5%, 1.5R, sell 40%)
       TP2: $0.157194 (+45.0%, 3.0R, sell 35%)
       TP3: $0.189718 (+75.0%, 5.0R, sell 25%)

  [34] JCT         score= 120.2  ST=6/6  price=$0.006069      24h= -6.78%  vol=$  4.5M
       TF:  1D=153  12H=141  6H=126  4H= 91  2H= 55  1H= 50
       Bonuses: RS vs BTC 7d +22.9%  (+5 pts)
       Entry: $0.006069  |  Stop: $0.005159 (-15.00%)  |  Risk: $1500 (1.50% acct)
       Position: $10000 (10.00% acct, qty 1647636.4655)
       TP1: $0.007435 (+22.5%, 1.5R, sell 40%)
       TP2: $0.008800 (+45.0%, 3.0R, sell 35%)
       TP3: $0.010621 (+75.0%, 5.0R, sell 25%)

  [35] ENS         score= 120.1  ST=5/6  price=$5.153000      24h=+10.16%  vol=$  1.7M
       TF:  1D= 68  12H= 96  6H=131  4H=164  2H=155  1H=140
       Bonuses: RS vs BTC 7d +5.5%  (+5 pts)
       Entry: $5.153000  |  Stop: $4.625857 (-10.23%)  |  Risk: $1500 (1.50% acct)
       Position: $14663 (14.66% acct, qty 2845.5285)
       TP1: $5.943714 (+15.3%, 1.5R, sell 40%)
       TP2: $6.734429 (+30.7%, 3.0R, sell 35%)
       TP3: $7.788714 (+51.1%, 5.0R, sell 25%)

  [36] WIF         score= 119.8  ST=4/6  price=$0.164680      24h=+10.36%  vol=$ 17.2M
       TF:  1D= 67  12H= 82  6H=137  4H=168  2H=142  1H=148
       Bonuses: 1H pre-pump (obv_divergence) | RS vs BTC 7d +0.0%  (+7 pts)
       Entry: $0.164680  |  Stop: $0.142236 (-13.63%)  |  Risk: $1500 (1.50% acct)
       Position: $11006 (11.01% acct, qty 66832.1558)
       TP1: $0.198346 (+20.4%, 1.5R, sell 40%)
       TP2: $0.232013 (+40.9%, 3.0R, sell 35%)
       TP3: $0.276901 (+68.2%, 5.0R, sell 25%)

  [37] BSB         score= 119.5  ST=5/6  price=$0.271400      24h=+40.34%  vol=$ 29.6M
       TF:  1D= 82  12H=119  6H=114  4H=125  2H=168  1H=167
       Entry: $0.271400  |  Stop: $0.230690 (-15.00%)  |  Risk: $1500 (1.50% acct)
       Position: $10000 (10.00% acct, qty 36845.9838)
       TP1: $0.332465 (+22.5%, 1.5R, sell 40%)
       TP2: $0.393530 (+45.0%, 3.0R, sell 35%)
       TP3: $0.474950 (+75.0%, 5.0R, sell 25%)

  [38] FARTCOIN    score= 119.1  ST=4/6  price=$0.127180      24h=+21.13%  vol=$ 51.6M
       TF:  1D= 77  12H= 78  6H=127  4H=147  2H=141  1H=169
       Bonuses: 1H pre-pump (obv_stealth_accum) | RS vs BTC 7d +6.3%  (+7 pts)
       Entry: $0.127180  |  Stop: $0.108103 (-15.00%)  |  Risk: $1500 (1.50% acct)
       Position: $10000 (10.00% acct, qty 78628.7152)
       TP1: $0.155796 (+22.5%, 1.5R, sell 40%)
       TP2: $0.184411 (+45.0%, 3.0R, sell 35%)
       TP3: $0.222565 (+75.0%, 5.0R, sell 25%)

  [39] ME          score= 119.1  ST=4/6  price=$0.063000      24h=+10.46%  vol=$  2.7M
       TF:  1D= 82  12H= 74  6H=125  4H=149  2H=142  1H=152
       Bonuses: RS vs BTC 7d +0.7% | funding -0.0506%/8h  (+8 pts)
       Entry: $0.063000  |  Stop: $0.054092 (-14.14%)  |  Risk: $1500 (1.50% acct)
       Position: $10609 (10.61% acct, qty 168390.6663)
       TP1: $0.076362 (+21.2%, 1.5R, sell 40%)
       TP2: $0.089724 (+42.4%, 3.0R, sell 35%)
       TP3: $0.107539 (+70.7%, 5.0R, sell 25%)

  [40] VVV         score= 118.7  ST=4/6  price=$16.776000     24h= +4.25%  vol=$ 19.7M
       TF:  1D=113  12H= 99  6H=120  4H=116  2H=116  1H=139
       Bonuses: 1H pre-pump (obv_divergence, obv_stealth_accum)  (+4 pts)
       Entry: $16.776000  |  Stop: $14.259600 (-15.00%)  |  Risk: $1500 (1.50% acct)
       Position: $10000 (10.00% acct, qty 596.0897)
       TP1: $20.550600 (+22.5%, 1.5R, sell 40%)
       TP2: $24.325200 (+45.0%, 3.0R, sell 35%)
       TP3: $29.358000 (+75.0%, 5.0R, sell 25%)

  [41] 1000BONK    score= 118.6  ST=4/6  price=$0.004656      24h=+14.25%  vol=$ 13.7M
       TF:  1D= 65  12H= 82  6H=127  4H=150  2H=144  1H=152
       Bonuses: 1H pre-pump (obv_divergence) | RS vs BTC 7d +1.2% | funding -0.0237%/8h  (+10 pts)
       Entry: $0.004656  |  Stop: $0.004136 (-11.18%)  |  Risk: $1500 (1.50% acct)
       Position: $13421 (13.42% acct, qty 2882437.7188)
       TP1: $0.005437 (+16.8%, 1.5R, sell 40%)
       TP2: $0.006217 (+33.5%, 3.0R, sell 35%)
       TP3: $0.007258 (+55.9%, 5.0R, sell 25%)

  [42] EGLD        score= 118.3  ST=4/6  price=$2.965000      24h= +9.67%  vol=$  3.5M
       TF:  1D= 84  12H= 89  6H=126  4H=133  2H=143  1H=140
       Bonuses: RSI div 1D (bullish) | 1H pre-pump (obv_divergence)  (+7 pts)
       Entry: $2.965000  |  Stop: $2.651929 (-10.56%)  |  Risk: $1500 (1.50% acct)
       Position: $14206 (14.21% acct, qty 4791.2389)
       TP1: $3.434607 (+15.8%, 1.5R, sell 40%)
       TP2: $3.904214 (+31.7%, 3.0R, sell 35%)
       TP3: $4.530357 (+52.8%, 5.0R, sell 25%)

  [43] FIGHT       score= 118.3  ST=4/6  price=$0.004130      24h=+18.63%  vol=$  2.7M
       TF:  1D= 58  12H=107  6H=148  4H=134  2H=143  1H=142
       Bonuses: 1H pre-pump (obv_stealth_accum) | RS vs BTC 7d +17.2%  (+7 pts)
       Entry: $0.004130  |  Stop: $0.003511 (-15.00%)  |  Risk: $1500 (1.50% acct)
       Position: $10000 (10.00% acct, qty 2421307.5061)
       TP1: $0.005059 (+22.5%, 1.5R, sell 40%)
       TP2: $0.005988 (+45.0%, 3.0R, sell 35%)
       TP3: $0.007228 (+75.0%, 5.0R, sell 25%)

  [44] S           score= 118.1  ST=4/6  price=$0.032220      24h=+11.06%  vol=$  2.2M
       TF:  1D= 75  12H= 97  6H=115  4H=136  2H=151  1H=129
       Bonuses: 1H pre-pump (obv_divergence, obv_stealth_accum) | RS vs BTC 7d +4.3%  (+9 pts)
       Entry: $0.032220  |  Stop: $0.027980 (-13.16%)  |  Risk: $1500 (1.50% acct)
       Position: $11400 (11.40% acct, qty 353803.3864)
       TP1: $0.038579 (+19.7%, 1.5R, sell 40%)
       TP2: $0.044939 (+39.5%, 3.0R, sell 35%)
       TP3: $0.053418 (+65.8%, 5.0R, sell 25%)

  [45] MORPHO      score= 117.9  ST=5/6  price=$1.961500      24h= +3.21%  vol=$  1.8M
       TF:  1D= 87  12H= 99  6H=122  4H=130  2H=166  1H=110
       Bonuses: RS vs BTC 7d +10.5%  (+5 pts)
       Entry: $1.961500  |  Stop: $1.704207 (-13.12%)  |  Risk: $1500 (1.50% acct)
       Position: $11435 (11.44% acct, qty 5829.9325)
       TP1: $2.347439 (+19.7%, 1.5R, sell 40%)
       TP2: $2.733379 (+39.4%, 3.0R, sell 35%)
       TP3: $3.247964 (+65.6%, 5.0R, sell 25%)

  [46] LINK        score= 117.7  ST=4/6  price=$8.175000      24h= +7.74%  vol=$ 43.4M
       TF:  1D= 80  12H= 82  6H=145  4H=154  2H=144  1H=148
       Bonuses: 1H pre-pump (obv_stealth_accum)  (+2 pts)
       Entry: $8.175000  |  Stop: $7.438286 (-9.01%)  |  Risk: $1500 (1.50% acct)
       Position: $16645 (16.64% acct, qty 2036.0675)
       TP1: $9.280071 (+13.5%, 1.5R, sell 40%)
       TP2: $10.385143 (+27.0%, 3.0R, sell 35%)
       TP3: $11.858571 (+45.1%, 5.0R, sell 25%)

  [47] SHIB1000    score= 117.6  ST=4/6  price=$0.005041      24h= +4.68%  vol=$  9.0M
       TF:  1D= 63  12H= 82  6H=161  4H=159  2H=151  1H=124
       Bonuses: RS vs BTC 7d +3.0%  (+5 pts)
       Entry: $0.005041  |  Stop: $0.004630 (-8.14%)  |  Risk: $1500 (1.50% acct)
       Position: $18417 (18.42% acct, qty 3653444.6764)
       TP1: $0.005657 (+12.2%, 1.5R, sell 40%)
       TP2: $0.006273 (+24.4%, 3.0R, sell 35%)
       TP3: $0.007094 (+40.7%, 5.0R, sell 25%)

  [48] APE         score= 117.6  ST=4/6  price=$0.130440      24h= +7.37%  vol=$  3.0M
       TF:  1D= 66  12H= 85  6H=131  4H=160  2H=142  1H=144
       Bonuses: 1H pre-pump (obv_stealth_accum) | RS vs BTC 7d +3.8%  (+7 pts)
       Entry: $0.130440  |  Stop: $0.112424 (-13.81%)  |  Risk: $1500 (1.50% acct)
       Position: $10860 (10.86% acct, qty 83258.9949)
       TP1: $0.157464 (+20.7%, 1.5R, sell 40%)
       TP2: $0.184488 (+41.4%, 3.0R, sell 35%)
       TP3: $0.220520 (+69.1%, 5.0R, sell 25%)

  [49] XRP         score= 117.5  ST=4/6  price=$1.185200      24h= +9.93%  vol=$399.7M
       TF:  1D= 74  12H= 88  6H=147  4H=160  2H=149  1H=152
       Entry: $1.185200  |  Stop: $1.088718 (-8.14%)  |  Risk: $1500 (1.50% acct)
       Position: $18426 (18.43% acct, qty 15546.9184)
       TP1: $1.329923 (+12.2%, 1.5R, sell 40%)
       TP2: $1.474646 (+24.4%, 3.0R, sell 35%)
       TP3: $1.667611 (+40.7%, 5.0R, sell 25%)

  [50] STX         score= 117.5  ST=4/6  price=$0.194900      24h= +7.27%  vol=$  1.8M
       TF:  1D= 64  12H= 89  6H=133  4H=128  2H=166  1H=157
       Bonuses: 1H pre-pump (obv_stealth_accum) | RS vs BTC 7d +0.3%  (+7 pts)
       Entry: $0.194900  |  Stop: $0.173150 (-11.16%)  |  Risk: $1500 (1.50% acct)
       Position: $13441 (13.44% acct, qty 68965.5172)
       TP1: $0.227525 (+16.7%, 1.5R, sell 40%)
       TP2: $0.260150 (+33.5%, 3.0R, sell 35%)
       TP3: $0.303650 (+55.8%, 5.0R, sell 25%)

--------------------------------------------------------------------------------
  WATCH  —  34 coin(s)  (worth tracking)
--------------------------------------------------------------------------------
  #   Symbol      Score  ST         Price    24h%   Vol $M  TF breakdown
  ------------------------------------------------------------------------------
    1 JELLYJELLY  117.7  2/6  $   0.077790 -11.61%  $   28.7  1D=158  12H=136  6H=114  4H=103  2H= 58  1H= 18
    2 ASTER       107.2  2/6  $   0.635000  +4.87%  $   14.5  1D= 54  12H= 81  6H=120  4H=142  2H=159  1H=155
    3 GENIUS      106.1  2/6  $   0.493900  -0.07%  $    2.9  1D= 87  12H= 81  6H= 90  4H=147  2H=136  1H= 87
    4 ONT         103.4  2/6  $   0.048900  +4.76%  $    1.5  1D= 74  12H= 84  6H=133  4H=140  2H=117  1H= 89
    5 ETHBTC       99.3  4/6  $   0.026259  +4.92%  $    1.5  1D= 20  12H=104  6H=131  4H=120  2H=149  1H=154
    6 INJ          99.1  4/6  $   5.227000 +12.64%  $   23.0  1D= 82  12H= 86  6H= 92  4H=102  2H=136  1H=135
    7 HBAR         98.9  3/6  $   0.081140  +6.94%  $   17.3  1D= 54  12H= 88  6H= 91  4H=126  2H=131  1H=159
    8 SPK          98.7  3/6  $   0.020056  +6.02%  $    1.4  1D= 70  12H= 81  6H=100  4H=101  2H=134  1H=117
    9 ROSE         98.4  3/6  $   0.006492 +12.58%  $    1.7  1D= 53  12H= 77  6H=112  4H=122  2H=149  1H=152
   10 LAB          98.1  4/6  $  11.204000  -0.75%  $   25.5  1D=133  12H= 81  6H= 93  4H=110  2H= 90  1H= 34
   11 COAI         98.0  2/6  $   0.345300 -10.51%  $    9.9  1D=131  12H=116  6H= 86  4H= 65  2H= 29  1H= 40
   12 RESOLV       98.0  3/6  $   0.017860  +8.68%  $    1.1  1D= 60  12H= 82  6H= 92  4H=130  2H=139  1H=148
   13 SKR          97.3  3/6  $   0.009819  -5.23%  $    2.4  1D= 71  12H= 92  6H=112  4H=122  2H=100  1H= 69
   14 AVAX         97.2  4/6  $   6.786000  +6.32%  $   39.0  1D= 53  12H= 63  6H=136  4H=124  2H=140  1H=140
   15 SKY          93.5  2/6  $   0.057530  +1.27%  $    2.2  1D= 43  12H= 71  6H= 92  4H=136  2H=171  1H=125
   16 PEAQ         93.2  3/6  $   0.022231  +7.33%  $    1.2  1D= 56  12H= 76  6H= 86  4H=101  2H=138  1H=157
   17 RECALL       92.4  4/6  $   0.036050  +8.78%  $    1.1  1D= 21  12H= 86  6H=119  4H=121  2H=155  1H=147
   18 POL          91.3  3/6  $   0.076900  +4.45%  $    4.2  1D= 26  12H= 80  6H= 89  4H=127  2H=148  1H=159
   19 ZORA         91.0  2/6  $   0.008570  +3.86%  $    1.3  1D= 39  12H= 90  6H= 89  4H=111  2H=138  1H=135
   20 IP           90.2  3/6  $   0.303000 +12.76%  $   12.6  1D= 42  12H= 74  6H= 98  4H=129  2H=111  1H=163
   21 NIGHT        89.8  3/6  $   0.032000 +10.08%  $    1.1  1D= 44  12H= 82  6H= 87  4H= 73  2H=136  1H=158
   22 TRX          89.6  3/6  $   0.321560  +0.34%  $   11.5  1D= 39  12H= 60  6H= 93  4H=117  2H=139  1H=135
   23 MIRA         89.5  2/6  $   0.055900  -1.74%  $    2.1  1D= 75  12H= 78  6H= 74  4H=101  2H=139  1H=100
   24 MOVE         87.0  3/6  $   0.012030  +3.94%  $    1.3  1D= 74  12H= 89  6H= 57  4H= 86  2H=117  1H=130
   25 MITO         87.0  3/6  $   0.021370  -0.29%  $    1.2  1D= 90  12H= 96  6H= 99  4H=108  2H= 68  1H= 34
   26 DEXE         85.9  3/6  $  17.882000  +4.66%  $    3.0  1D= 93  12H= 82  6H= 51  4H= 75  2H=102  1H=123
   27 DYDX         81.0  2/6  $   0.123550  +8.91%  $    2.6  1D= 25  12H= 67  6H= 82  4H= 88  2H=140  1H=163
   28 HNT          80.6  1/6  $   0.304900  +3.50%  $    1.7  1D= 42  12H= 58  6H= 85  4H=102  2H= 96  1H=157
   29 VELVET       80.4  0/6  $   0.361680 -14.07%  $   21.2  1D=121  12H= 63  6H= 34  4H= 53  2H= 39  1H= 42
   30 BEAT         78.8  1/6  $   5.490700 -28.38%  $   87.5  1D=139  12H= 86  6H= 23  4H= 34  2H= 28  1H= 28
   31 ZBT          77.3  1/6  $   0.115180  +1.13%  $    2.1  1D= 88  12H= 71  6H= 52  4H= 42  2H= 78  1H= 80
   32 ARC          77.1  1/6  $   0.081540  -5.72%  $    1.5  1D=148  12H= 56  6H= 30  4H= 34  2H= 38  1H= 83
   33 ID           75.9  4/6  $   0.028360  +0.32%  $    2.3  1D= 75  12H=113  6H= 42  4H= 51  2H= 31  1H= 66
   34 HMSTR        71.2  1/6  $   0.000166  -6.15%  $    3.9  1D=112  12H= 51  6H= 39  4H= 54  2H= 58  1H= 57

================================================================================
2026-06-15 16:13:20,575 [INFO]   Saved → trend_v3_LATEST.txt, trend_v3_LATEST.json, trend_v3_20260615_161320.txt
2026-06-15 17:29:30,676 [INFO] ================================================================
2026-06-15 17:29:30,676 [INFO] TREND SCANNER v3.0
2026-06-15 17:29:30,676 [INFO] ================================================================
2026-06-15 17:29:30,676 [INFO] Building universe (Bybit perps)...
2026-06-15 17:29:31,462 [INFO]   Universe (post-filter): 256 coins
2026-06-15 17:29:31,465 [INFO] Fetching BTC 1D for regime detection...
2026-06-15 17:29:32,079 [INFO]   Regime: BULL  |  BTC 7d +3.81%  |  24h +2.00%
2026-06-15 17:29:32,081 [INFO] Scanning 256 coins across 6 timeframes...
2026-06-15 17:29:32,083 [INFO] (this is the slowest scanner — first run ~10min, subsequent ~2-3min)
2026-06-15 17:30:09,275 [INFO]   ...20/256  (surfaced: 19)
2026-06-15 17:30:47,946 [INFO]   ...40/256  (surfaced: 36)
2026-06-15 17:31:24,588 [INFO]   ...60/256  (surfaced: 53)
2026-06-15 17:32:00,351 [INFO]   ...80/256  (surfaced: 71)
2026-06-15 17:32:35,803 [INFO]   ...100/256  (surfaced: 87)
2026-06-15 17:33:09,346 [INFO]   ...120/256  (surfaced: 102)
2026-06-15 17:33:49,876 [INFO]   ...140/256  (surfaced: 117)
2026-06-15 18:21:03,919 [INFO]   ...160/256  (surfaced: 131)
2026-06-15 18:21:43,434 [INFO]   ...180/256  (surfaced: 149)
2026-06-15 18:22:59,137 [INFO]   ...220/256  (surfaced: 178)
2026-06-15 18:23:41,854 [INFO]   ...240/256  (surfaced: 193)
2026-06-15 18:24:19,387 [INFO] Done in 3289s  |  scanned=225  failed=31  strong=38  long=50  watch=38
2026-06-15 18:24:19,398 [INFO] 
================================================================================
  TREND SCANNER v3.0  —  multi-timeframe confirmation + trade plans
  Generated  : 2026-06-15 18:24:19
  Universe   : 256 Bybit perps  |  Scanned: 225
  Scan time  : 3289s
================================================================================

  Regime     : 🟢 BULL
               BTC 7d +3.81%  |  24h +2.00%  |  $65,746

  Account    : $100,000  |  Risk/trade: 1.5%

  Tiers (bull):  STRONG ≥ 130 & ST≥4  |  LONG ≥ 100 & ST≥3  |  WATCH ≥ 70

  TF weights : 1D×0.28 · 12H×0.2 · 6H×0.15 · 4H×0.15 · 2H×0.12 · 1H×0.1

--------------------------------------------------------------------------------
  STRONG  —  38 coin(s)  (highest conviction, full position)
--------------------------------------------------------------------------------

  [ 1] SQD         score= 157.9  ST=6/6  price=$0.041070      24h= +0.48%  vol=$  1.6M
       TF:  1D=117  12H=150  6H=165  4H=165  2H=148  1H=159
       Bonuses: RSI div 1D (bullish) | 1H pre-pump (obv_stealth_accum) | RS vs BTC 7d +20.0%  (+12 pts)
       Entry: $0.041070  |  Stop: $0.034910 (-15.00%)  |  Risk: $1500 (1.50% acct)
       Position: $10000 (10.00% acct, qty 243486.7300)
       TP1: $0.050311 (+22.5%, 1.5R, sell 40%)
       TP2: $0.059552 (+45.0%, 3.0R, sell 35%)
       TP3: $0.071873 (+75.0%, 5.0R, sell 25%)

  [ 2] LIT         score= 157.1  ST=6/6  price=$1.685400      24h= +7.05%  vol=$ 12.7M
       TF:  1D=135  12H=149  6H=141  4H=152  2H=155  1H=159
       Bonuses: 1H pre-pump (bb_squeeze, obv_divergence, obv_stealth_accum) | RS vs BTC 7d +13.9%  (+11 pts)
       Entry: $1.685400  |  Stop: $1.432590 (-15.00%)  |  Risk: $1500 (1.50% acct)
       Position: $10000 (10.00% acct, qty 5933.3096)
       TP1: $2.064615 (+22.5%, 1.5R, sell 40%)
       TP2: $2.443830 (+45.0%, 3.0R, sell 35%)
       TP3: $2.949450 (+75.0%, 5.0R, sell 25%)

  [ 3] MEME        score= 154.7  ST=6/6  price=$0.000632      24h= -6.33%  vol=$  3.5M
       TF:  1D=147  12H=151  6H=146  4H=166  2H=134  1H=105
       Bonuses: RSI div 1D (hidden_bullish) | 1H pre-pump (bb_squeeze) | RS vs BTC 7d +3.3%  (+10 pts)
       Entry: $0.000632  |  Stop: $0.000538 (-15.00%)  |  Risk: $1500 (1.50% acct)
       Position: $10000 (10.00% acct, qty 15812776.7236)
       TP1: $0.000775 (+22.5%, 1.5R, sell 40%)
       TP2: $0.000917 (+45.0%, 3.0R, sell 35%)
       TP3: $0.001107 (+75.0%, 5.0R, sell 25%)

  [ 4] IO          score= 154.2  ST=6/6  price=$0.178730      24h= +8.87%  vol=$  4.0M
       TF:  1D=141  12H=139  6H=162  4H=168  2H=145  1H=130
       Bonuses: 1H pre-pump (obv_divergence) | RS vs BTC 7d +25.8%  (+7 pts)
       Entry: $0.178730  |  Stop: $0.151921 (-15.00%)  |  Risk: $1500 (1.50% acct)
       Position: $10000 (10.00% acct, qty 55950.3161)
       TP1: $0.218944 (+22.5%, 1.5R, sell 40%)
       TP2: $0.259159 (+45.0%, 3.0R, sell 35%)
       TP3: $0.312777 (+75.0%, 5.0R, sell 25%)

  [ 5] WLD         score= 153.6  ST=6/6  price=$0.523000      24h=+15.19%  vol=$236.8M
       TF:  1D=137  12H=135  6H=157  4H=139  2H=142  1H=168
       Bonuses: RSI div 1D (hidden_bullish) | 1H pre-pump (obv_stealth_accum) | RS vs BTC 7d +7.2%  (+10 pts)
       Entry: $0.523000  |  Stop: $0.444550 (-15.00%)  |  Risk: $1500 (1.50% acct)
       Position: $10000 (10.00% acct, qty 19120.4589)
       TP1: $0.640675 (+22.5%, 1.5R, sell 40%)
       TP2: $0.758350 (+45.0%, 3.0R, sell 35%)
       TP3: $0.915250 (+75.0%, 5.0R, sell 25%)

  [ 6] CLO         score= 153.0  ST=6/6  price=$0.191270      24h=+24.66%  vol=$ 30.1M
       TF:  1D=154  12H=157  6H=162  4H=153  2H=177  1H=100
       Entry: $0.191270  |  Stop: $0.162579 (-15.00%)  |  Risk: $1500 (1.50% acct)
       Position: $10000 (10.00% acct, qty 52282.1143)
       TP1: $0.234306 (+22.5%, 1.5R, sell 40%)
       TP2: $0.277342 (+45.0%, 3.0R, sell 35%)
       TP3: $0.334722 (+75.0%, 5.0R, sell 25%)

  [ 7] UAI         score= 152.6  ST=6/6  price=$0.299290      24h=+30.89%  vol=$ 13.0M
       TF:  1D=149  12H=175  6H=152  4H=143  2H=136  1H=153
       Entry: $0.299290  |  Stop: $0.254397 (-15.00%)  |  Risk: $1500 (1.50% acct)
       Position: $10000 (10.00% acct, qty 33412.4094)
       TP1: $0.366630 (+22.5%, 1.5R, sell 40%)
       TP2: $0.433970 (+45.0%, 3.0R, sell 35%)
       TP3: $0.523757 (+75.0%, 5.0R, sell 25%)

  [ 8] EVAA        score= 149.9  ST=6/6  price=$0.711600      24h=+94.45%  vol=$ 65.3M
       TF:  1D=129  12H=154  6H=147  4H=152  2H=139  1H=145
       Bonuses: RSI div 1D (bullish) | RS vs BTC 7d +104.9%  (+7 pts)
       Entry: $0.711600  |  Stop: $0.604860 (-15.00%)  |  Risk: $1500 (1.50% acct)
       Position: $10000 (10.00% acct, qty 14052.8387)
       TP1: $0.871710 (+22.5%, 1.5R, sell 40%)
       TP2: $1.031820 (+45.0%, 3.0R, sell 35%)
       TP3: $1.245300 (+75.0%, 5.0R, sell 25%)

  [ 9] GPS         score= 146.6  ST=6/6  price=$0.008002      24h=+18.66%  vol=$  1.9M
       TF:  1D=114  12H=139  6H=159  4H=152  2H=136  1H=159
       Bonuses: RSI div 1D (hidden_bullish) | RS vs BTC 7d +2.8%  (+8 pts)
       Entry: $0.008002  |  Stop: $0.006802 (-15.00%)  |  Risk: $1500 (1.50% acct)
       Position: $10000 (10.00% acct, qty 1249687.5781)
       TP1: $0.009802 (+22.5%, 1.5R, sell 40%)
       TP2: $0.011603 (+45.0%, 3.0R, sell 35%)
       TP3: $0.014004 (+75.0%, 5.0R, sell 25%)

  [10] US          score= 142.0  ST=6/6  price=$0.012334      24h=+15.10%  vol=$  1.0M
       TF:  1D=133  12H=115  6H=151  4H=154  2H=143  1H=139
       Bonuses: RSI div 1D (hidden_bullish) | 1H pre-pump (obv_divergence)  (+5 pts)
       Entry: $0.012334  |  Stop: $0.010484 (-15.00%)  |  Risk: $1500 (1.50% acct)
       Position: $10000 (10.00% acct, qty 810766.9856)
       TP1: $0.015109 (+22.5%, 1.5R, sell 40%)
       TP2: $0.017884 (+45.0%, 3.0R, sell 35%)
       TP3: $0.021584 (+75.0%, 5.0R, sell 25%)

  [11] ATOM        score= 141.3  ST=6/6  price=$2.005900      24h= +1.50%  vol=$ 11.8M
       TF:  1D=115  12H=127  6H=114  4H=129  2H=168  1H=171
       Bonuses: 1H pre-pump (obv_stealth_accum) | RS vs BTC 7d +13.3% | funding -0.0369%/8h  (+10 pts)
       Entry: $2.005900  |  Stop: $1.811854 (-9.67%)  |  Risk: $1500 (1.50% acct)
       Position: $15506 (15.51% acct, qty 7730.1088)
       TP1: $2.296970 (+14.5%, 1.5R, sell 40%)
       TP2: $2.588039 (+29.0%, 3.0R, sell 35%)
       TP3: $2.976132 (+48.4%, 5.0R, sell 25%)

  [12] AKT         score= 140.9  ST=6/6  price=$0.804100      24h= +7.23%  vol=$  5.7M
       TF:  1D=148  12H=132  6H=159  4H=141  2H=119  1H= 88
       Bonuses: RS vs BTC 7d +23.8%  (+5 pts)
       Entry: $0.804100  |  Stop: $0.686489 (-14.63%)  |  Risk: $1500 (1.50% acct)
       Position: $10255 (10.26% acct, qty 12753.9401)
       TP1: $0.980516 (+21.9%, 1.5R, sell 40%)
       TP2: $1.156932 (+43.9%, 3.0R, sell 35%)
       TP3: $1.392154 (+73.1%, 5.0R, sell 25%)

  [13] BIO         score= 140.7  ST=4/6  price=$0.032680      24h= +4.91%  vol=$  4.5M
       TF:  1D= 87  12H=119  6H=165  4H=141  2H=139  1H=180
       Bonuses: RSI div 1D (bullish) | 1H pre-pump (obv_stealth_accum) | RS vs BTC 7d +12.2%  (+12 pts)
       Entry: $0.032680  |  Stop: $0.027778 (-15.00%)  |  Risk: $1500 (1.50% acct)
       Position: $10000 (10.00% acct, qty 305997.5520)
       TP1: $0.040033 (+22.5%, 1.5R, sell 40%)
       TP2: $0.047386 (+45.0%, 3.0R, sell 35%)
       TP3: $0.057190 (+75.0%, 5.0R, sell 25%)

  [14] GRASS       score= 140.3  ST=5/6  price=$0.433800      24h=+23.92%  vol=$ 15.0M
       TF:  1D= 83  12H=129  6H=154  4H=152  2H=160  1H=182
       Bonuses: RSI div 1D (hidden_bullish) | RS vs BTC 7d +22.3%  (+8 pts)
       Entry: $0.433800  |  Stop: $0.368730 (-15.00%)  |  Risk: $1500 (1.50% acct)
       Position: $10000 (10.00% acct, qty 23052.0977)
       TP1: $0.531405 (+22.5%, 1.5R, sell 40%)
       TP2: $0.629010 (+45.0%, 3.0R, sell 35%)
       TP3: $0.759150 (+75.0%, 5.0R, sell 25%)

  [15] NEAR        score= 139.6  ST=4/6  price=$2.216200      24h=+19.47%  vol=$170.3M
       TF:  1D=116  12H=110  6H=139  4H=148  2H=147  1H=144
       Bonuses: RSI div 1D (hidden_bullish) | 1H pre-pump (obv_divergence) | RS vs BTC 7d +3.9%  (+10 pts)
       Entry: $2.216200  |  Stop: $1.883770 (-15.00%)  |  Risk: $1500 (1.50% acct)
       Position: $10000 (10.00% acct, qty 4512.2281)
       TP1: $2.714845 (+22.5%, 1.5R, sell 40%)
       TP2: $3.213490 (+45.0%, 3.0R, sell 35%)
       TP3: $3.878350 (+75.0%, 5.0R, sell 25%)

  [16] MEGA        score= 138.6  ST=6/6  price=$0.062870      24h= +1.25%  vol=$ 18.2M
       TF:  1D=108  12H=110  6H=146  4H=137  2H=129  1H=154
       Bonuses: RSI div 1D (bullish) | RS vs BTC 7d +25.9% | funding -0.0105%/8h  (+13 pts)
       Entry: $0.062870  |  Stop: $0.053440 (-15.00%)  |  Risk: $1500 (1.50% acct)
       Position: $10000 (10.00% acct, qty 159058.3744)
       TP1: $0.077016 (+22.5%, 1.5R, sell 40%)
       TP2: $0.091162 (+45.0%, 3.0R, sell 35%)
       TP3: $0.110022 (+75.0%, 5.0R, sell 25%)

  [17] XPL         score= 138.1  ST=5/6  price=$0.089470      24h= +6.23%  vol=$ 30.5M
       TF:  1D=105  12H=110  6H=145  4H=139  2H=164  1H=174
       Bonuses: 1H pre-pump (obv_divergence) | RS vs BTC 7d +25.4%  (+7 pts)
       Entry: $0.089470  |  Stop: $0.076050 (-15.00%)  |  Risk: $1500 (1.50% acct)
       Position: $10000 (10.00% acct, qty 111769.3081)
       TP1: $0.109601 (+22.5%, 1.5R, sell 40%)
       TP2: $0.129731 (+45.0%, 3.0R, sell 35%)
       TP3: $0.156573 (+75.0%, 5.0R, sell 25%)

  [18] CC          score= 138.1  ST=6/6  price=$0.161420      24h= +5.90%  vol=$  2.8M
       TF:  1D=123  12H=153  6H=131  4H=123  2H=143  1H=148
       Bonuses: funding -0.0418%/8h  (+3 pts)
       Entry: $0.161420  |  Stop: $0.145193 (-10.05%)  |  Risk: $1500 (1.50% acct)
       Position: $14922 (14.92% acct, qty 92439.7491)
       TP1: $0.185760 (+15.1%, 1.5R, sell 40%)
       TP2: $0.210100 (+30.2%, 3.0R, sell 35%)
       TP3: $0.242554 (+50.3%, 5.0R, sell 25%)

  [19] JTO         score= 137.6  ST=6/6  price=$0.558400      24h=+47.71%  vol=$ 42.8M
       TF:  1D=118  12H=131  6H=142  4H=147  2H=147  1H=144
       Bonuses: funding -0.0421%/8h  (+3 pts)
       Entry: $0.558400  |  Stop: $0.474640 (-15.00%)  |  Risk: $1500 (1.50% acct)
       Position: $10000 (10.00% acct, qty 17908.3095)
       TP1: $0.684040 (+22.5%, 1.5R, sell 40%)
       TP2: $0.809680 (+45.0%, 3.0R, sell 35%)
       TP3: $0.977200 (+75.0%, 5.0R, sell 25%)

  [20] WLFI        score= 137.0  ST=5/6  price=$0.059790      24h= +6.07%  vol=$ 10.4M
       TF:  1D=109  12H=126  6H=141  4H=132  2H=133  1H=174
       Bonuses: 1H pre-pump (obv_stealth_accum) | RS vs BTC 7d +0.7%  (+7 pts)
       Entry: $0.059790  |  Stop: $0.053540 (-10.45%)  |  Risk: $1500 (1.50% acct)
       Position: $14350 (14.35% acct, qty 240013.7151)
       TP1: $0.069164 (+15.7%, 1.5R, sell 40%)
       TP2: $0.078539 (+31.4%, 3.0R, sell 35%)
       TP3: $0.091038 (+52.3%, 5.0R, sell 25%)

  [21] EIGEN       score= 136.1  ST=4/6  price=$0.203290      24h=+12.02%  vol=$ 12.7M
       TF:  1D=106  12H=100  6H=156  4H=154  2H=155  1H=163
       Bonuses: RS vs BTC 7d +9.3%  (+5 pts)
       Entry: $0.203290  |  Stop: $0.172796 (-15.00%)  |  Risk: $1500 (1.50% acct)
       Position: $10000 (10.00% acct, qty 49190.8112)
       TP1: $0.249030 (+22.5%, 1.5R, sell 40%)
       TP2: $0.294770 (+45.0%, 3.0R, sell 35%)
       TP3: $0.355758 (+75.0%, 5.0R, sell 25%)

  [22] BRETT       score= 135.9  ST=5/6  price=$0.006678      24h= +3.77%  vol=$  1.2M
       TF:  1D= 90  12H=119  6H=140  4H=153  2H=156  1H=172
       Bonuses: 1H pre-pump (bb_squeeze) | RS vs BTC 7d +13.3%  (+7 pts)
       Entry: $0.006678  |  Stop: $0.005676 (-15.00%)  |  Risk: $1500 (1.50% acct)
       Position: $10000 (10.00% acct, qty 1497454.3276)
       TP1: $0.008181 (+22.5%, 1.5R, sell 40%)
       TP2: $0.009683 (+45.0%, 3.0R, sell 35%)
       TP3: $0.011687 (+75.0%, 5.0R, sell 25%)

  [23] TAO         score= 135.7  ST=6/6  price=$270.840000    24h= +2.42%  vol=$168.9M
       TF:  1D=122  12H=142  6H=145  4H=133  2H=134  1H=104
       Bonuses: RS vs BTC 7d +22.8%  (+5 pts)
       Entry: $270.840000  |  Stop: $236.513571 (-12.67%)  |  Risk: $1500 (1.50% acct)
       Position: $11835 (11.84% acct, qty 43.6981)
       TP1: $322.329643 (+19.0%, 1.5R, sell 40%)
       TP2: $373.819286 (+38.0%, 3.0R, sell 35%)
       TP3: $442.472143 (+63.4%, 5.0R, sell 25%)

  [24] VIRTUAL     score= 135.2  ST=5/6  price=$0.641600      24h= +8.98%  vol=$ 22.5M
       TF:  1D= 85  12H=107  6H=156  4H=149  2H=157  1H=154
       Bonuses: 1H pre-pump (obv_stealth_accum) | RS vs BTC 7d +6.8% | funding -0.0415%/8h  (+10 pts)
       Entry: $0.641600  |  Stop: $0.547796 (-14.62%)  |  Risk: $1500 (1.50% acct)
       Position: $10260 (10.26% acct, qty 15990.8624)
       TP1: $0.782305 (+21.9%, 1.5R, sell 40%)
       TP2: $0.923011 (+43.9%, 3.0R, sell 35%)
       TP3: $1.110618 (+73.1%, 5.0R, sell 25%)

  [25] HYPE        score= 135.0  ST=5/6  price=$63.857000     24h=+12.84%  vol=$429.8M
       TF:  1D= 98  12H=133  6H=151  4H=155  2H=143  1H=129
       Bonuses: RS vs BTC 7d +3.1%  (+5 pts)
       Entry: $63.857000  |  Stop: $54.278450 (-15.00%)  |  Risk: $1500 (1.50% acct)
       Position: $10000 (10.00% acct, qty 156.5999)
       TP1: $78.224825 (+22.5%, 1.5R, sell 40%)
       TP2: $92.592650 (+45.0%, 3.0R, sell 35%)
       TP3: $111.749750 (+75.0%, 5.0R, sell 25%)

  [26] BABY        score= 134.7  ST=6/6  price=$0.017766      24h=+18.02%  vol=$ 13.0M
       TF:  1D=103  12H=105  6H=133  4H=138  2H=172  1H=166
       Bonuses: 1H pre-pump (obv_stealth_accum) | RS vs BTC 7d +2.0%  (+7 pts)
       Entry: $0.017766  |  Stop: $0.015101 (-15.00%)  |  Risk: $1500 (1.50% acct)
       Position: $10000 (10.00% acct, qty 562872.9033)
       TP1: $0.021763 (+22.5%, 1.5R, sell 40%)
       TP2: $0.025761 (+45.0%, 3.0R, sell 35%)
       TP3: $0.031091 (+75.0%, 5.0R, sell 25%)

  [27] CRV         score= 133.4  ST=5/6  price=$0.235700      24h= +2.82%  vol=$  7.9M
       TF:  1D=121  12H=141  6H=133  4H=121  2H=109  1H=151
       Bonuses: RS vs BTC 7d +16.1%  (+5 pts)
       Entry: $0.235700  |  Stop: $0.207061 (-12.15%)  |  Risk: $1500 (1.50% acct)
       Position: $12345 (12.34% acct, qty 52375.6079)
       TP1: $0.278659 (+18.2%, 1.5R, sell 40%)
       TP2: $0.321618 (+36.5%, 3.0R, sell 35%)
       TP3: $0.378896 (+60.8%, 5.0R, sell 25%)

  [28] APEX        score= 132.5  ST=5/6  price=$0.298200      24h=+13.96%  vol=$  1.6M
       TF:  1D= 77  12H=139  6H=147  4H=142  2H=163  1H=152
       Bonuses: RS vs BTC 7d +10.7%  (+5 pts)
       Entry: $0.298200  |  Stop: $0.269025 (-9.78%)  |  Risk: $1500 (1.50% acct)
       Position: $15332 (15.33% acct, qty 51413.8817)
       TP1: $0.341963 (+14.7%, 1.5R, sell 40%)
       TP2: $0.385725 (+29.4%, 3.0R, sell 35%)
       TP3: $0.444075 (+48.9%, 5.0R, sell 25%)

  [29] BLUAI       score= 132.2  ST=5/6  price=$0.014084      24h= -0.30%  vol=$  1.7M
       TF:  1D=117  12H=128  6H=100  4H=129  2H=147  1H=118
       Bonuses: RSI div 1D (hidden_bullish) | 1H pre-pump (bb_squeeze) | RS vs BTC 7d +9.5%  (+10 pts)
       Entry: $0.014084  |  Stop: $0.011971 (-15.00%)  |  Risk: $1500 (1.50% acct)
       Position: $10000 (10.00% acct, qty 710025.5609)
       TP1: $0.017253 (+22.5%, 1.5R, sell 40%)
       TP2: $0.020422 (+45.0%, 3.0R, sell 35%)
       TP3: $0.024647 (+75.0%, 5.0R, sell 25%)

  [30] AERO        score= 132.0  ST=5/6  price=$0.377900      24h=+20.34%  vol=$ 11.1M
       TF:  1D= 75  12H=131  6H=154  4H=154  2H=154  1H=151
       Bonuses: RS vs BTC 7d +8.5%  (+5 pts)
       Entry: $0.377900  |  Stop: $0.337357 (-10.73%)  |  Risk: $1500 (1.50% acct)
       Position: $13982 (13.98% acct, qty 36997.8858)
       TP1: $0.438714 (+16.1%, 1.5R, sell 40%)
       TP2: $0.499529 (+32.2%, 3.0R, sell 35%)
       TP3: $0.580614 (+53.6%, 5.0R, sell 25%)

  [31] PUFFER      score= 131.6  ST=6/6  price=$0.018330      24h=-10.77%  vol=$  9.4M
       TF:  1D=128  12H=119  6H=122  4H=140  2H=133  1H= 87
       Bonuses: RS vs BTC 7d +19.4% | funding -0.0470%/8h  (+8 pts)
       Entry: $0.018330  |  Stop: $0.015581 (-15.00%)  |  Risk: $1500 (1.50% acct)
       Position: $10000 (10.00% acct, qty 545553.7370)
       TP1: $0.022454 (+22.5%, 1.5R, sell 40%)
       TP2: $0.026579 (+45.0%, 3.0R, sell 35%)
       TP3: $0.032078 (+75.0%, 5.0R, sell 25%)

  [32] KAITO       score= 131.6  ST=4/6  price=$0.474000      24h= +1.19%  vol=$  2.1M
       TF:  1D= 99  12H=122  6H=124  4H=140  2H=129  1H=124
       Bonuses: RSI div 1D (bullish) | 1H pre-pump (obv_stealth_accum) | RS vs BTC 7d +0.7%  (+12 pts)
       Entry: $0.474000  |  Stop: $0.421254 (-11.13%)  |  Risk: $1500 (1.50% acct)
       Position: $13480 (13.48% acct, qty 28437.9443)
       TP1: $0.553120 (+16.7%, 1.5R, sell 40%)
       TP2: $0.632239 (+33.4%, 3.0R, sell 35%)
       TP3: $0.737732 (+55.6%, 5.0R, sell 25%)

  [33] PYTH        score= 131.4  ST=5/6  price=$0.039430      24h= +4.16%  vol=$  4.3M
       TF:  1D= 87  12H=121  6H=146  4H=154  2H=151  1H=147
       Bonuses: RS vs BTC 7d +19.7%  (+5 pts)
       Entry: $0.039430  |  Stop: $0.034144 (-13.41%)  |  Risk: $1500 (1.50% acct)
       Position: $11188 (11.19% acct, qty 283745.4398)
       TP1: $0.047360 (+20.1%, 1.5R, sell 40%)
       TP2: $0.055289 (+40.2%, 3.0R, sell 35%)
       TP3: $0.065862 (+67.0%, 5.0R, sell 25%)

  [34] BASED       score= 131.3  ST=5/6  price=$0.071790      24h=+22.40%  vol=$  4.6M
       TF:  1D= 79  12H=158  6H=144  4H=147  2H=154  1H=155
       Entry: $0.071790  |  Stop: $0.061021 (-15.00%)  |  Risk: $1500 (1.50% acct)
       Position: $10000 (10.00% acct, qty 139295.1665)
       TP1: $0.087943 (+22.5%, 1.5R, sell 40%)
       TP2: $0.104095 (+45.0%, 3.0R, sell 35%)
       TP3: $0.125633 (+75.0%, 5.0R, sell 25%)

  [35] SPX         score= 130.9  ST=4/6  price=$0.337000      24h= +5.63%  vol=$  4.3M
       TF:  1D= 87  12H=106  6H=160  4H=147  2H=161  1H=150
       Bonuses: RS vs BTC 7d +2.3%  (+5 pts)
       Entry: $0.337000  |  Stop: $0.291089 (-13.62%)  |  Risk: $1500 (1.50% acct)
       Position: $11010 (11.01% acct, qty 32672.1120)
       TP1: $0.405866 (+20.4%, 1.5R, sell 40%)
       TP2: $0.474732 (+40.9%, 3.0R, sell 35%)
       TP3: $0.566554 (+68.1%, 5.0R, sell 25%)

  [36] ROAM        score= 130.8  ST=5/6  price=$0.008761      24h= +6.72%  vol=$  3.7M
       TF:  1D=100  12H=130  6H= 98  4H=135  2H=137  1H=154
       Bonuses: 1H pre-pump (obv_divergence) | RS vs BTC 7d +42.6% | funding -0.0823%/8h  (+10 pts)
       Entry: $0.008761  |  Stop: $0.007447 (-15.00%)  |  Risk: $1500 (1.50% acct)
       Position: $10000 (10.00% acct, qty 1141422.2121)
       TP1: $0.010732 (+22.5%, 1.5R, sell 40%)
       TP2: $0.012703 (+45.0%, 3.0R, sell 35%)
       TP3: $0.015332 (+75.0%, 5.0R, sell 25%)

  [37] KAS         score= 130.6  ST=5/6  price=$0.032270      24h= +4.36%  vol=$  3.7M
       TF:  1D= 98  12H=121  6H=156  4H=147  2H=147  1H=159
       Entry: $0.032270  |  Stop: $0.028834 (-10.65%)  |  Risk: $1500 (1.50% acct)
       Position: $14087 (14.09% acct, qty 436545.0577)
       TP1: $0.037424 (+16.0%, 1.5R, sell 40%)
       TP2: $0.042578 (+31.9%, 3.0R, sell 35%)
       TP3: $0.049450 (+53.2%, 5.0R, sell 25%)

  [38] TRUTH       score= 130.3  ST=4/6  price=$0.012483      24h=+11.51%  vol=$  1.3M
       TF:  1D= 98  12H=155  6H=126  4H=128  2H= 96  1H=142
       Bonuses: RSI div 1D (hidden_bullish) | RS vs BTC 7d +7.2%  (+8 pts)
       Entry: $0.012483  |  Stop: $0.010611 (-15.00%)  |  Risk: $1500 (1.50% acct)
       Position: $10000 (10.00% acct, qty 801089.4817)
       TP1: $0.015292 (+22.5%, 1.5R, sell 40%)
       TP2: $0.018100 (+45.0%, 3.0R, sell 35%)
       TP3: $0.021845 (+75.0%, 5.0R, sell 25%)

--------------------------------------------------------------------------------
  LONG  —  50 coin(s)  (tradeable trend)
--------------------------------------------------------------------------------

  [ 1] CAKE        score= 129.8  ST=5/6  price=$1.387800      24h= +5.15%  vol=$  1.2M
       TF:  1D= 81  12H=114  6H=142  4H=143  2H=147  1H=169
       Bonuses: 1H pre-pump (obv_stealth_accum) | RS vs BTC 7d +5.7%  (+7 pts)
       Entry: $1.387800  |  Stop: $1.267446 (-8.67%)  |  Risk: $1500 (1.50% acct)
       Position: $17297 (17.30% acct, qty 12463.2778)
       TP1: $1.568330 (+13.0%, 1.5R, sell 40%)
       TP2: $1.748861 (+26.0%, 3.0R, sell 35%)
       TP3: $1.989568 (+43.4%, 5.0R, sell 25%)

  [ 2] ORCA        score= 129.6  ST=6/6  price=$1.146400      24h= +5.93%  vol=$  2.3M
       TF:  1D=119  12H=109  6H=111  4H=113  2H=130  1H=163
       Bonuses: 1H pre-pump (obv_divergence, obv_stealth_accum) | RS vs BTC 7d +5.9%  (+9 pts)
       Entry: $1.146400  |  Stop: $0.994911 (-13.21%)  |  Risk: $1500 (1.50% acct)
       Position: $11351 (11.35% acct, qty 9901.6904)
       TP1: $1.373634 (+19.8%, 1.5R, sell 40%)
       TP2: $1.600868 (+39.6%, 3.0R, sell 35%)
       TP3: $1.903846 (+66.1%, 5.0R, sell 25%)

  [ 3] JUP         score= 129.2  ST=5/6  price=$0.179400      24h=+17.50%  vol=$ 11.9M
       TF:  1D= 74  12H=118  6H=136  4H=162  2H=154  1H=167
       Bonuses: RS vs BTC 7d +10.8%  (+5 pts)
       Entry: $0.179400  |  Stop: $0.154151 (-14.07%)  |  Risk: $1500 (1.50% acct)
       Position: $10658 (10.66% acct, qty 59407.6211)
       TP1: $0.217274 (+21.1%, 1.5R, sell 40%)
       TP2: $0.255148 (+42.2%, 3.0R, sell 35%)
       TP3: $0.305646 (+70.4%, 5.0R, sell 25%)

  [ 4] JASMY       score= 128.9  ST=5/6  price=$0.005274      24h= +1.89%  vol=$  3.9M
       TF:  1D= 81  12H=135  6H=139  4H=134  2H=142  1H=122
       Bonuses: 1H pre-pump (bb_squeeze, obv_stealth_accum) | RS vs BTC 7d +4.7%  (+9 pts)
       Entry: $0.005274  |  Stop: $0.004698 (-10.93%)  |  Risk: $1500 (1.50% acct)
       Position: $13729 (13.73% acct, qty 2603198.2149)
       TP1: $0.006138 (+16.4%, 1.5R, sell 40%)
       TP2: $0.007003 (+32.8%, 3.0R, sell 35%)
       TP3: $0.008155 (+54.6%, 5.0R, sell 25%)

  [ 5] ZEC         score= 128.3  ST=5/6  price=$472.100000    24h=+26.62%  vol=$339.8M
       TF:  1D= 69  12H=127  6H=151  4H=142  2H=147  1H=140
       Bonuses: RSI div 1D (hidden_bullish) | RS vs BTC 7d +3.4%  (+8 pts)
       Entry: $472.100000  |  Stop: $401.285000 (-15.00%)  |  Risk: $1500 (1.50% acct)
       Position: $10000 (10.00% acct, qty 21.1820)
       TP1: $578.322500 (+22.5%, 1.5R, sell 40%)
       TP2: $684.545000 (+45.0%, 3.0R, sell 35%)
       TP3: $826.175000 (+75.0%, 5.0R, sell 25%)

  [ 6] HOLO        score= 127.7  ST=5/6  price=$0.072890      24h= +6.50%  vol=$  1.3M
       TF:  1D= 98  12H=136  6H=141  4H=130  2H=136  1H=111
       Bonuses: RS vs BTC 7d +18.4%  (+5 pts)
       Entry: $0.072890  |  Stop: $0.064228 (-11.88%)  |  Risk: $1500 (1.50% acct)
       Position: $12622 (12.62% acct, qty 173160.1732)
       TP1: $0.085884 (+17.8%, 1.5R, sell 40%)
       TP2: $0.098877 (+35.6%, 3.0R, sell 35%)
       TP3: $0.116203 (+59.4%, 5.0R, sell 25%)

  [ 7] FHE         score= 127.5  ST=5/6  price=$0.023720      24h=+18.51%  vol=$  2.1M
       TF:  1D= 59  12H=134  6H=162  4H=142  2H=129  1H=131
       Bonuses: RSI div 1D (bullish) | RS vs BTC 7d +20.5%  (+10 pts)
       Entry: $0.023720  |  Stop: $0.020162 (-15.00%)  |  Risk: $1500 (1.50% acct)
       Position: $10000 (10.00% acct, qty 421585.1602)
       TP1: $0.029057 (+22.5%, 1.5R, sell 40%)
       TP2: $0.034394 (+45.0%, 3.0R, sell 35%)
       TP3: $0.041510 (+75.0%, 5.0R, sell 25%)

  [ 8] PENDLE      score= 127.2  ST=4/6  price=$1.385500      24h= +9.19%  vol=$  5.6M
       TF:  1D= 77  12H= 89  6H=145  4H=154  2H=154  1H=165
       Bonuses: RS vs BTC 7d +5.4% | funding -0.0116%/8h  (+8 pts)
       Entry: $1.385500  |  Stop: $1.215175 (-12.29%)  |  Risk: $1500 (1.50% acct)
       Position: $12202 (12.20% acct, qty 8806.6931)
       TP1: $1.640988 (+18.4%, 1.5R, sell 40%)
       TP2: $1.896475 (+36.9%, 3.0R, sell 35%)
       TP3: $2.237125 (+61.5%, 5.0R, sell 25%)

  [ 9] API3        score= 126.9  ST=4/6  price=$0.269800      24h= +8.44%  vol=$  1.1M
       TF:  1D=102  12H= 91  6H=137  4H=142  2H=141  1H=144
       Bonuses: 1H pre-pump (obv_stealth_accum) | RS vs BTC 7d +0.9%  (+7 pts)
       Entry: $0.269800  |  Stop: $0.240700 (-10.79%)  |  Risk: $1500 (1.50% acct)
       Position: $13907 (13.91% acct, qty 51546.3918)
       TP1: $0.313450 (+16.2%, 1.5R, sell 40%)
       TP2: $0.357100 (+32.4%, 3.0R, sell 35%)
       TP3: $0.415300 (+53.9%, 5.0R, sell 25%)

  [10] EUL         score= 125.8  ST=5/6  price=$1.023500      24h= +6.70%  vol=$  1.4M
       TF:  1D= 70  12H=109  6H=134  4H=143  2H=160  1H=166
       Bonuses: 1H pre-pump (obv_stealth_accum) | RS vs BTC 7d +10.5%  (+7 pts)
       Entry: $1.023500  |  Stop: $0.873971 (-14.61%)  |  Risk: $1500 (1.50% acct)
       Position: $10267 (10.27% acct, qty 10031.5277)
       TP1: $1.247793 (+21.9%, 1.5R, sell 40%)
       TP2: $1.472086 (+43.8%, 3.0R, sell 35%)
       TP3: $1.771143 (+73.0%, 5.0R, sell 25%)

  [11] IMX         score= 125.7  ST=4/6  price=$0.146120      24h= +8.85%  vol=$  1.0M
       TF:  1D= 77  12H= 88  6H=152  4H=164  2H=145  1H=167
       Bonuses: RS vs BTC 7d +4.0%  (+5 pts)
       Entry: $0.146120  |  Stop: $0.128616 (-11.98%)  |  Risk: $1500 (1.50% acct)
       Position: $12522 (12.52% acct, qty 85695.0480)
       TP1: $0.172376 (+18.0%, 1.5R, sell 40%)
       TP2: $0.198632 (+35.9%, 3.0R, sell 35%)
       TP3: $0.233640 (+59.9%, 5.0R, sell 25%)

  [12] USELESS     score= 125.4  ST=4/6  price=$0.073940      24h=+22.95%  vol=$  7.5M
       TF:  1D= 96  12H=101  6H=132  4H=142  2H=149  1H=173
       Bonuses: RS vs BTC 7d +6.4%  (+2 pts)
       Entry: $0.073940  |  Stop: $0.062849 (-15.00%)  |  Risk: $1500 (1.50% acct)
       Position: $10000 (10.00% acct, qty 135244.7931)
       TP1: $0.090577 (+22.5%, 1.5R, sell 40%)
       TP2: $0.107213 (+45.0%, 3.0R, sell 35%)
       TP3: $0.129395 (+75.0%, 5.0R, sell 25%)

  [13] JCT         score= 125.4  ST=6/6  price=$0.006069      24h= -6.02%  vol=$  4.4M
       TF:  1D=153  12H=141  6H=126  4H=116  2H= 69  1H= 48
       Bonuses: RS vs BTC 7d +22.9%  (+5 pts)
       Entry: $0.006069  |  Stop: $0.005159 (-15.00%)  |  Risk: $1500 (1.50% acct)
       Position: $10000 (10.00% acct, qty 1647636.4655)
       TP1: $0.007435 (+22.5%, 1.5R, sell 40%)
       TP2: $0.008800 (+45.0%, 3.0R, sell 35%)
       TP3: $0.010621 (+75.0%, 5.0R, sell 25%)

  [14] ARKM        score= 125.1  ST=4/6  price=$0.131440      24h= +9.47%  vol=$  5.8M
       TF:  1D= 73  12H=100  6H=154  4H=143  2H=157  1H=143
       Bonuses: 1H pre-pump (obv_stealth_accum) | RS vs BTC 7d +7.7%  (+7 pts)
       Entry: $0.131440  |  Stop: $0.111724 (-15.00%)  |  Risk: $1500 (1.50% acct)
       Position: $10000 (10.00% acct, qty 76080.3408)
       TP1: $0.161014 (+22.5%, 1.5R, sell 40%)
       TP2: $0.190588 (+45.0%, 3.0R, sell 35%)
       TP3: $0.230020 (+75.0%, 5.0R, sell 25%)

  [15] XCN         score= 125.0  ST=4/6  price=$0.004107      24h= +6.50%  vol=$  1.2M
       TF:  1D= 75  12H= 78  6H=148  4H=115  2H=151  1H=138
       Bonuses: RSI div 1D (bullish) | 1H pre-pump (obv_divergence, obv_stealth_accum) | RS vs BTC 7d +4.9% | funding -0.2375%/8h  (+17 pts)
       Entry: $0.004107  |  Stop: $0.003659 (-10.91%)  |  Risk: $1500 (1.50% acct)
       Position: $13746 (13.75% acct, qty 3346880.2295)
       TP1: $0.004779 (+16.4%, 1.5R, sell 40%)
       TP2: $0.005452 (+32.7%, 3.0R, sell 35%)
       TP3: $0.006348 (+54.6%, 5.0R, sell 25%)

  [16] ORDI        score= 124.3  ST=4/6  price=$3.395000      24h= +6.13%  vol=$  7.4M
       TF:  1D= 69  12H= 95  6H=146  4H=142  2H=136  1H=145
       Bonuses: RSI div 1D (bullish) | 1H pre-pump (obv_stealth_accum) | RS vs BTC 7d +10.2%  (+12 pts)
       Entry: $3.395000  |  Stop: $2.885750 (-15.00%)  |  Risk: $1500 (1.50% acct)
       Position: $10000 (10.00% acct, qty 2945.5081)
       TP1: $4.158875 (+22.5%, 1.5R, sell 40%)
       TP2: $4.922750 (+45.0%, 3.0R, sell 35%)
       TP3: $5.941250 (+75.0%, 5.0R, sell 25%)

  [17] ALT         score= 124.3  ST=4/6  price=$0.006658      24h= +4.69%  vol=$  1.7M
       TF:  1D= 79  12H= 79  6H=156  4H=139  2H=150  1H=171
       Bonuses: 1H pre-pump (obv_stealth_accum) | RS vs BTC 7d +13.7%  (+7 pts)
       Entry: $0.006658  |  Stop: $0.005760 (-13.48%)  |  Risk: $1500 (1.50% acct)
       Position: $11124 (11.12% acct, qty 1670843.7761)
       TP1: $0.008005 (+20.2%, 1.5R, sell 40%)
       TP2: $0.009351 (+40.5%, 3.0R, sell 35%)
       TP3: $0.011147 (+67.4%, 5.0R, sell 25%)

  [18] RUNE        score= 124.1  ST=5/6  price=$0.392700      24h= +7.94%  vol=$  1.3M
       TF:  1D= 77  12H=118  6H=152  4H=122  2H=127  1H=156
       Bonuses: 1H pre-pump (obv_stealth_accum) | RS vs BTC 7d +9.8%  (+7 pts)
       Entry: $0.392700  |  Stop: $0.340393 (-13.32%)  |  Risk: $1500 (1.50% acct)
       Position: $11261 (11.26% acct, qty 28676.7718)
       TP1: $0.471161 (+20.0%, 1.5R, sell 40%)
       TP2: $0.549621 (+40.0%, 3.0R, sell 35%)
       TP3: $0.654236 (+66.6%, 5.0R, sell 25%)

  [19] ZRO         score= 123.6  ST=5/6  price=$0.956900      24h=+25.68%  vol=$ 22.0M
       TF:  1D= 75  12H=123  6H=139  4H=154  2H=138  1H=125
       Bonuses: RS vs BTC 7d +2.5%  (+5 pts)
       Entry: $0.956900  |  Stop: $0.813365 (-15.00%)  |  Risk: $1500 (1.50% acct)
       Position: $10000 (10.00% acct, qty 10450.4128)
       TP1: $1.172203 (+22.5%, 1.5R, sell 40%)
       TP2: $1.387505 (+45.0%, 3.0R, sell 35%)
       TP3: $1.674575 (+75.0%, 5.0R, sell 25%)

  [20] WET         score= 123.6  ST=5/6  price=$0.059700      24h= +8.87%  vol=$  2.3M
       TF:  1D= 92  12H=107  6H=139  4H=121  2H=138  1H=109
       Bonuses: RSI div 1D (bullish) | RS vs BTC 7d +0.7%  (+10 pts)
       Entry: $0.059700  |  Stop: $0.053193 (-10.90%)  |  Risk: $1500 (1.50% acct)
       Position: $13763 (13.76% acct, qty 230528.5691)
       TP1: $0.069460 (+16.4%, 1.5R, sell 40%)
       TP2: $0.079220 (+32.7%, 3.0R, sell 35%)
       TP3: $0.092234 (+54.5%, 5.0R, sell 25%)

  [21] ENS         score= 123.6  ST=5/6  price=$5.153000      24h=+18.06%  vol=$  2.2M
       TF:  1D= 68  12H= 96  6H=131  4H=154  2H=149  1H=167
       Bonuses: RS vs BTC 7d +5.5% | funding -0.0166%/8h  (+8 pts)
       Entry: $5.153000  |  Stop: $4.625857 (-10.23%)  |  Risk: $1500 (1.50% acct)
       Position: $14663 (14.66% acct, qty 2845.5285)
       TP1: $5.943714 (+15.3%, 1.5R, sell 40%)
       TP2: $6.734429 (+30.7%, 3.0R, sell 35%)
       TP3: $7.788714 (+51.1%, 5.0R, sell 25%)

  [22] WIF         score= 123.5  ST=4/6  price=$0.164680      24h=+11.17%  vol=$ 18.6M
       TF:  1D= 67  12H= 82  6H=137  4H=160  2H=149  1H=159
       Bonuses: 1H pre-pump (obv_divergence) | RS vs BTC 7d +0.0% | funding -0.0163%/8h  (+10 pts)
       Entry: $0.164680  |  Stop: $0.142236 (-13.63%)  |  Risk: $1500 (1.50% acct)
       Position: $11006 (11.01% acct, qty 66832.1558)
       TP1: $0.198346 (+20.4%, 1.5R, sell 40%)
       TP2: $0.232013 (+40.9%, 3.0R, sell 35%)
       TP3: $0.276901 (+68.2%, 5.0R, sell 25%)

  [23] CHIP        score= 123.5  ST=4/6  price=$0.037070      24h=+10.26%  vol=$ 15.7M
       TF:  1D=102  12H= 85  6H=132  4H=142  2H=147  1H=122
       Bonuses: 1H pre-pump (obv_stealth_accum) | RS vs BTC 7d +14.8%  (+7 pts)
       Entry: $0.037070  |  Stop: $0.031510 (-15.00%)  |  Risk: $1500 (1.50% acct)
       Position: $10000 (10.00% acct, qty 269759.9137)
       TP1: $0.045411 (+22.5%, 1.5R, sell 40%)
       TP2: $0.053752 (+45.0%, 3.0R, sell 35%)
       TP3: $0.064872 (+75.0%, 5.0R, sell 25%)

  [24] OP          score= 123.4  ST=5/6  price=$0.108410      24h= +4.22%  vol=$ 11.9M
       TF:  1D= 78  12H=102  6H=139  4H=130  2H=149  1H=149
       Bonuses: RS vs BTC 7d +7.5% | funding -0.0296%/8h  (+8 pts)
       Entry: $0.108410  |  Stop: $0.092148 (-15.00%)  |  Risk: $1500 (1.50% acct)
       Position: $10000 (10.00% acct, qty 92242.4131)
       TP1: $0.132802 (+22.5%, 1.5R, sell 40%)
       TP2: $0.157194 (+45.0%, 3.0R, sell 35%)
       TP3: $0.189718 (+75.0%, 5.0R, sell 25%)

  [25] PNUT        score= 123.0  ST=4/6  price=$0.045390      24h= +6.56%  vol=$  1.5M
       TF:  1D= 85  12H= 82  6H=148  4H=135  2H=139  1H=157
       Bonuses: RS vs BTC 7d +4.2% | funding -0.0105%/8h  (+8 pts)
       Entry: $0.045390  |  Stop: $0.039598 (-12.76%)  |  Risk: $1500 (1.50% acct)
       Position: $11755 (11.75% acct, qty 258971.5131)
       TP1: $0.054078 (+19.1%, 1.5R, sell 40%)
       TP2: $0.062766 (+38.3%, 3.0R, sell 35%)
       TP3: $0.074351 (+63.8%, 5.0R, sell 25%)

  [26] COMP        score= 123.0  ST=5/6  price=$17.942000     24h= +6.80%  vol=$  1.1M
       TF:  1D= 66  12H=121  6H=105  4H=139  2H=154  1H=152
       Bonuses: RSI div 1D (bullish) | RS vs BTC 7d +5.1%  (+10 pts)
       Entry: $17.942000  |  Stop: $16.103964 (-10.24%)  |  Risk: $1500 (1.50% acct)
       Position: $14642 (14.64% acct, qty 816.0886)
       TP1: $20.699054 (+15.4%, 1.5R, sell 40%)
       TP2: $23.456107 (+30.7%, 3.0R, sell 35%)
       TP3: $27.132179 (+51.2%, 5.0R, sell 25%)

  [27] AAVE        score= 122.2  ST=5/6  price=$68.280000     24h=+16.16%  vol=$ 37.1M
       TF:  1D= 57  12H=114  6H=149  4H=154  2H=142  1H=159
       Bonuses: RS vs BTC 7d +3.4%  (+5 pts)
       Entry: $68.280000  |  Stop: $60.642857 (-11.19%)  |  Risk: $1500 (1.50% acct)
       Position: $13411 (13.41% acct, qty 196.4085)
       TP1: $79.735714 (+16.8%, 1.5R, sell 40%)
       TP2: $91.191429 (+33.6%, 3.0R, sell 35%)
       TP3: $106.465714 (+55.9%, 5.0R, sell 25%)

  [28] KITE        score= 122.2  ST=5/6  price=$0.192600      24h= +3.80%  vol=$  1.8M
       TF:  1D=110  12H= 87  6H=145  4H=160  2H=131  1H=105
       Bonuses: 1H pre-pump (obv_stealth_accum)  (+2 pts)
       Entry: $0.192600  |  Stop: $0.171079 (-11.17%)  |  Risk: $1500 (1.50% acct)
       Position: $13424 (13.42% acct, qty 69700.2888)
       TP1: $0.224881 (+16.8%, 1.5R, sell 40%)
       TP2: $0.257162 (+33.5%, 3.0R, sell 35%)
       TP3: $0.300204 (+55.9%, 5.0R, sell 25%)

  [29] HANA        score= 122.1  ST=5/6  price=$0.032048      24h=+18.03%  vol=$  1.2M
       TF:  1D=120  12H= 76  6H=115  4H=154  2H=150  1H=149
       Entry: $0.032048  |  Stop: $0.029013 (-9.47%)  |  Risk: $1500 (1.50% acct)
       Position: $15841 (15.84% acct, qty 494297.9204)
       TP1: $0.036600 (+14.2%, 1.5R, sell 40%)
       TP2: $0.041152 (+28.4%, 3.0R, sell 35%)
       TP3: $0.047221 (+47.3%, 5.0R, sell 25%)

  [30] OPEN        score= 121.7  ST=4/6  price=$0.249640      24h= -3.98%  vol=$  3.4M
       TF:  1D=140  12H=163  6H=159  4H= 96  2H= 26  1H= 35
       Bonuses: RS vs BTC 7d +17.6%  (+5 pts)
       Entry: $0.249640  |  Stop: $0.213784 (-14.36%)  |  Risk: $1500 (1.50% acct)
       Position: $10443 (10.44% acct, qty 41833.5027)
       TP1: $0.303425 (+21.5%, 1.5R, sell 40%)
       TP2: $0.357209 (+43.1%, 3.0R, sell 35%)
       TP3: $0.428922 (+71.8%, 5.0R, sell 25%)

  [31] VVV         score= 121.5  ST=4/6  price=$16.776000     24h= +1.80%  vol=$ 20.7M
       TF:  1D=113  12H= 99  6H=120  4H=136  2H=132  1H=158
       Entry: $16.776000  |  Stop: $14.259600 (-15.00%)  |  Risk: $1500 (1.50% acct)
       Position: $10000 (10.00% acct, qty 596.0897)
       TP1: $20.550600 (+22.5%, 1.5R, sell 40%)
       TP2: $24.325200 (+45.0%, 3.0R, sell 35%)
       TP3: $29.358000 (+75.0%, 5.0R, sell 25%)

  [32] STX         score= 121.5  ST=4/6  price=$0.194900      24h= +7.49%  vol=$  1.8M
       TF:  1D= 64  12H= 89  6H=133  4H=130  2H=161  1H=170
       Bonuses: 1H pre-pump (obv_stealth_accum) | RS vs BTC 7d +0.3% | funding -0.0112%/8h  (+10 pts)
       Entry: $0.194900  |  Stop: $0.173150 (-11.16%)  |  Risk: $1500 (1.50% acct)
       Position: $13441 (13.44% acct, qty 68965.5172)
       TP1: $0.227525 (+16.7%, 1.5R, sell 40%)
       TP2: $0.260150 (+33.5%, 3.0R, sell 35%)
       TP3: $0.303650 (+55.8%, 5.0R, sell 25%)

  [33] ICP         score= 121.2  ST=5/6  price=$2.520000      24h= +4.58%  vol=$ 18.0M
       TF:  1D= 68  12H=107  6H=147  4H=146  2H=149  1H=139
       Bonuses: RS vs BTC 7d +2.2%  (+5 pts)
       Entry: $2.520000  |  Stop: $2.142000 (-15.00%)  |  Risk: $1500 (1.50% acct)
       Position: $10000 (10.00% acct, qty 3968.2540)
       TP1: $3.087000 (+22.5%, 1.5R, sell 40%)
       TP2: $3.654000 (+45.0%, 3.0R, sell 35%)
       TP3: $4.410000 (+75.0%, 5.0R, sell 25%)

  [34] BOME        score= 121.0  ST=4/6  price=$0.000448      24h=+13.92%  vol=$  1.8M
       TF:  1D= 63  12H= 82  6H=145  4H=146  2H=149  1H=144
       Bonuses: RSI div 1D (hidden_bullish) | RS vs BTC 7d +4.5% | funding -0.0210%/8h  (+11 pts)
       Entry: $0.000448  |  Stop: $0.000391 (-12.79%)  |  Risk: $1500 (1.50% acct)
       Position: $11723 (11.72% acct, qty 26168224.2991)
       TP1: $0.000534 (+19.2%, 1.5R, sell 40%)
       TP2: $0.000620 (+38.4%, 3.0R, sell 35%)
       TP3: $0.000735 (+64.0%, 5.0R, sell 25%)

  [35] LTC         score= 120.7  ST=4/6  price=$45.360000     24h= +4.48%  vol=$ 34.9M
       TF:  1D= 67  12H= 76  6H=139  4H=147  2H=166  1H=169
       Bonuses: 1H pre-pump (obv_stealth_accum) | RS vs BTC 7d +2.2%  (+7 pts)
       Entry: $45.360000  |  Stop: $41.810357 (-7.83%)  |  Risk: $1500 (1.50% acct)
       Position: $19168 (19.17% acct, qty 422.5777)
       TP1: $50.684464 (+11.7%, 1.5R, sell 40%)
       TP2: $56.008929 (+23.5%, 3.0R, sell 35%)
       TP3: $63.108214 (+39.1%, 5.0R, sell 25%)

  [36] LINEA       score= 120.7  ST=4/6  price=$0.002606      24h= +7.31%  vol=$  2.2M
       TF:  1D= 94  12H= 86  6H=149  4H=141  2H=141  1H=148
       Bonuses: 1H pre-pump (obv_stealth_accum)  (+2 pts)
       Entry: $0.002606  |  Stop: $0.002263 (-13.15%)  |  Risk: $1500 (1.50% acct)
       Position: $11405 (11.40% acct, qty 4376367.6149)
       TP1: $0.003120 (+19.7%, 1.5R, sell 40%)
       TP2: $0.003634 (+39.5%, 3.0R, sell 35%)
       TP3: $0.004320 (+65.8%, 5.0R, sell 25%)

  [37] ETHFI       score= 120.3  ST=4/6  price=$0.330800      24h=+12.98%  vol=$  5.3M
       TF:  1D= 75  12H= 92  6H=127  4H=150  2H=145  1H=150
       Bonuses: 1H pre-pump (obv_divergence) | RS vs BTC 7d +6.3%  (+7 pts)
       Entry: $0.330800  |  Stop: $0.282521 (-14.59%)  |  Risk: $1500 (1.50% acct)
       Position: $10278 (10.28% acct, qty 31069.6849)
       TP1: $0.403218 (+21.9%, 1.5R, sell 40%)
       TP2: $0.475636 (+43.8%, 3.0R, sell 35%)
       TP3: $0.572193 (+73.0%, 5.0R, sell 25%)

  [38] MORPHO      score= 120.3  ST=5/6  price=$1.961500      24h= +1.66%  vol=$  2.0M
       TF:  1D= 87  12H= 99  6H=122  4H=132  2H=156  1H=123
       Bonuses: 1H pre-pump (obv_stealth_accum) | RS vs BTC 7d +10.5%  (+7 pts)
       Entry: $1.961500  |  Stop: $1.704207 (-13.12%)  |  Risk: $1500 (1.50% acct)
       Position: $11435 (11.44% acct, qty 5829.9325)
       TP1: $2.347439 (+19.7%, 1.5R, sell 40%)
       TP2: $2.733379 (+39.4%, 3.0R, sell 35%)
       TP3: $3.247964 (+65.6%, 5.0R, sell 25%)

  [39] STRK        score= 120.0  ST=4/6  price=$0.035810      24h=+10.56%  vol=$  9.2M
       TF:  1D= 74  12H= 87  6H=142  4H=141  2H=138  1H=159
       Bonuses: 1H pre-pump (obv_stealth_accum) | RS vs BTC 7d +2.3%  (+7 pts)
       Entry: $0.035810  |  Stop: $0.030845 (-13.86%)  |  Risk: $1500 (1.50% acct)
       Position: $10819 (10.82% acct, qty 302114.8036)
       TP1: $0.043257 (+20.8%, 1.5R, sell 40%)
       TP2: $0.050705 (+41.6%, 3.0R, sell 35%)
       TP3: $0.060635 (+69.3%, 5.0R, sell 25%)

  [40] SOL         score= 119.8  ST=4/6  price=$71.230000     24h=+11.83%  vol=$871.7M
       TF:  1D= 75  12H= 78  6H=137  4H=154  2H=149  1H=167
       Bonuses: RS vs BTC 7d +3.4%  (+5 pts)
       Entry: $71.230000  |  Stop: $64.073929 (-10.05%)  |  Risk: $1500 (1.50% acct)
       Position: $14931 (14.93% acct, qty 209.6122)
       TP1: $81.964107 (+15.1%, 1.5R, sell 40%)
       TP2: $92.698214 (+30.1%, 3.0R, sell 35%)
       TP3: $107.010357 (+50.2%, 5.0R, sell 25%)

  [41] SHIB1000    score= 119.7  ST=4/6  price=$0.005041      24h= +5.80%  vol=$  9.8M
       TF:  1D= 63  12H= 82  6H=161  4H=154  2H=149  1H=155
       Bonuses: RS vs BTC 7d +3.0%  (+5 pts)
       Entry: $0.005041  |  Stop: $0.004630 (-8.14%)  |  Risk: $1500 (1.50% acct)
       Position: $18417 (18.42% acct, qty 3653444.6764)
       TP1: $0.005657 (+12.2%, 1.5R, sell 40%)
       TP2: $0.006273 (+24.4%, 3.0R, sell 35%)
       TP3: $0.007094 (+40.7%, 5.0R, sell 25%)

  [42] APE         score= 119.7  ST=4/6  price=$0.130440      24h= +7.81%  vol=$  3.0M
       TF:  1D= 66  12H= 85  6H=131  4H=156  2H=146  1H=166
       Bonuses: 1H pre-pump (obv_stealth_accum) | RS vs BTC 7d +3.8%  (+7 pts)
       Entry: $0.130440  |  Stop: $0.112424 (-13.81%)  |  Risk: $1500 (1.50% acct)
       Position: $10860 (10.86% acct, qty 83258.9949)
       TP1: $0.157464 (+20.7%, 1.5R, sell 40%)
       TP2: $0.184488 (+41.4%, 3.0R, sell 35%)
       TP3: $0.220520 (+69.1%, 5.0R, sell 25%)

  [43] EGLD        score= 119.6  ST=4/6  price=$2.965000      24h= +9.62%  vol=$  3.6M
       TF:  1D= 84  12H= 89  6H=126  4H=136  2H=141  1H=151
       Bonuses: RSI div 1D (bullish) | 1H pre-pump (obv_divergence)  (+7 pts)
       Entry: $2.965000  |  Stop: $2.651929 (-10.56%)  |  Risk: $1500 (1.50% acct)
       Position: $14206 (14.21% acct, qty 4791.2389)
       TP1: $3.434607 (+15.8%, 1.5R, sell 40%)
       TP2: $3.904214 (+31.7%, 3.0R, sell 35%)
       TP3: $4.530357 (+52.8%, 5.0R, sell 25%)

  [44] GALA        score= 119.2  ST=4/6  price=$0.002737      24h= +8.00%  vol=$  9.5M
       TF:  1D= 74  12H= 95  6H=119  4H=146  2H=140  1H=159
       Bonuses: 1H pre-pump (obv_stealth_accum) | RS vs BTC 7d +0.3%  (+7 pts)
       Entry: $0.002737  |  Stop: $0.002437 (-10.98%)  |  Risk: $1500 (1.50% acct)
       Position: $13665 (13.67% acct, qty 4992867.3324)
       TP1: $0.003188 (+16.5%, 1.5R, sell 40%)
       TP2: $0.003638 (+32.9%, 3.0R, sell 35%)
       TP3: $0.004239 (+54.9%, 5.0R, sell 25%)

  [45] SUI         score= 118.9  ST=4/6  price=$0.802600      24h= +9.93%  vol=$ 68.9M
       TF:  1D= 73  12H= 82  6H=145  4H=147  2H=145  1H=159
       Bonuses: RS vs BTC 7d +2.1%  (+5 pts)
       Entry: $0.802600  |  Stop: $0.717957 (-10.55%)  |  Risk: $1500 (1.50% acct)
       Position: $14223 (14.22% acct, qty 17721.5190)
       TP1: $0.929564 (+15.8%, 1.5R, sell 40%)
       TP2: $1.056529 (+31.6%, 3.0R, sell 35%)
       TP3: $1.225814 (+52.7%, 5.0R, sell 25%)

  [46] SEI         score= 118.9  ST=5/6  price=$0.055240      24h= +4.56%  vol=$  7.4M
       TF:  1D= 62  12H=102  6H=132  4H=145  2H=143  1H=154
       Bonuses: 1H pre-pump (obv_stealth_accum) | RS vs BTC 7d +7.7%  (+7 pts)
       Entry: $0.055240  |  Stop: $0.047715 (-13.62%)  |  Risk: $1500 (1.50% acct)
       Position: $11012 (11.01% acct, qty 199345.0093)
       TP1: $0.066527 (+20.4%, 1.5R, sell 40%)
       TP2: $0.077814 (+40.9%, 3.0R, sell 35%)
       TP3: $0.092863 (+68.1%, 5.0R, sell 25%)

  [47] BERA        score= 118.8  ST=3/6  price=$0.267000      24h= +7.46%  vol=$  3.1M
       TF:  1D= 85  12H= 72  6H=106  4H=141  2H=138  1H=150
       Bonuses: RSI div 1D (bullish) | 1H pre-pump (obv_stealth_accum) | RS vs BTC 7d +5.8%  (+12 pts)
       Entry: $0.267000  |  Stop: $0.226950 (-15.00%)  |  Risk: $1500 (1.50% acct)
       Position: $10000 (10.00% acct, qty 37453.1835)
       TP1: $0.327075 (+22.5%, 1.5R, sell 40%)
       TP2: $0.387150 (+45.0%, 3.0R, sell 35%)
       TP3: $0.467250 (+75.0%, 5.0R, sell 25%)

  [48] PIEVERSE    score= 118.4  ST=4/6  price=$0.668800      24h=+12.87%  vol=$  3.8M
       TF:  1D= 68  12H= 91  6H=140  4H=160  2H=129  1H=157
       Bonuses: RS vs BTC 7d +3.7%  (+5 pts)
       Entry: $0.668800  |  Stop: $0.568480 (-15.00%)  |  Risk: $1500 (1.50% acct)
       Position: $10000 (10.00% acct, qty 14952.1531)
       TP1: $0.819280 (+22.5%, 1.5R, sell 40%)
       TP2: $0.969760 (+45.0%, 3.0R, sell 35%)
       TP3: $1.170400 (+75.0%, 5.0R, sell 25%)

  [49] TIA         score= 118.3  ST=4/6  price=$0.350500      24h=+12.19%  vol=$ 11.6M
       TF:  1D= 62  12H= 81  6H=154  4H=150  2H=149  1H=163
       Bonuses: RS vs BTC 7d +6.5%  (+5 pts)
       Entry: $0.350500  |  Stop: $0.301696 (-13.92%)  |  Risk: $1500 (1.50% acct)
       Position: $10773 (10.77% acct, qty 30735.4555)
       TP1: $0.423705 (+20.9%, 1.5R, sell 40%)
       TP2: $0.496911 (+41.8%, 3.0R, sell 35%)
       TP3: $0.594518 (+69.6%, 5.0R, sell 25%)

  [50] FIGHT       score= 118.0  ST=4/6  price=$0.004130      24h=+15.27%  vol=$  2.8M
       TF:  1D= 58  12H=107  6H=148  4H=138  2H=153  1H=121
       Bonuses: 1H pre-pump (obv_stealth_accum) | RS vs BTC 7d +17.2%  (+7 pts)
       Entry: $0.004130  |  Stop: $0.003511 (-15.00%)  |  Risk: $1500 (1.50% acct)
       Position: $10000 (10.00% acct, qty 2421307.5061)
       TP1: $0.005059 (+22.5%, 1.5R, sell 40%)
       TP2: $0.005988 (+45.0%, 3.0R, sell 35%)
       TP3: $0.007228 (+75.0%, 5.0R, sell 25%)

--------------------------------------------------------------------------------
  WATCH  —  38 coin(s)  (worth tracking)
--------------------------------------------------------------------------------
  #   Symbol      Score  ST         Price    24h%   Vol $M  TF breakdown
  ------------------------------------------------------------------------------
    1 JELLYJELLY  113.8  2/6  $   0.077790 -11.70%  $   28.1  1D=158  12H=136  6H=114  4H= 73  2H= 43  1H= 42
    2 H           105.9  2/6  $   0.477760 -27.36%  $  329.8  1D=116  12H=141  6H=132  4H=100  2H= 47  1H= 28
    3 COAI        103.9  2/6  $   0.345300  -9.33%  $    9.1  1D=131  12H=116  6H= 86  4H= 82  2H= 31  1H= 71
    4 ONT         102.9  2/6  $   0.048900  +5.89%  $    1.5  1D= 74  12H= 84  6H=133  4H=135  2H=124  1H=103
    5 ETHBTC       99.8  4/6  $   0.026259  +5.45%  $    1.6  1D= 20  12H=104  6H=131  4H=145  2H=141  1H=151
    6 HBAR         99.4  3/6  $   0.081140  +8.12%  $   19.3  1D= 54  12H= 88  6H= 91  4H=133  2H=145  1H=157
    7 SPK          99.3  3/6  $   0.020056  +5.70%  $    1.4  1D= 70  12H= 81  6H=100  4H=116  2H=111  1H=128
    8 RESOLV       97.3  3/6  $   0.017860  +9.14%  $    1.1  1D= 60  12H= 82  6H= 92  4H=129  2H=129  1H=155
    9 TRUMP        96.9  4/6  $   2.069000  +0.65%  $   67.0  1D=123  12H=143  6H=108  4H=  0  2H=  0  1H= 97
   10 XMR          96.9  3/6  $ 342.030000  -0.35%  $   19.3  1D= 82  12H= 98  6H=100  4H= 79  2H=103  1H=101
   11 ZORA         95.3  3/6  $   0.008570  +0.34%  $    1.2  1D= 39  12H= 90  6H= 89  4H=128  2H=136  1H=155
   12 WAL          95.0  4/6  $   0.034690 +11.45%  $    3.4  1D= 57  12H= 83  6H=119  4H=124  2H=127  1H=108
   13 NIGHT        93.8  3/6  $   0.032000  +7.62%  $    1.1  1D= 44  12H= 82  6H= 87  4H=116  2H=137  1H=132
   14 ZBT          93.5  2/6  $   0.115180  +0.44%  $    2.1  1D= 88  12H= 71  6H= 52  4H= 95  2H=126  1H=105
   15 POWER        92.3  4/6  $   0.076800  +8.97%  $    1.0  1D=109  12H= 80  6H= 58  4H= 64  2H= 92  1H=114
   16 MITO         91.5  3/6  $   0.021370  +0.20%  $    1.1  1D= 90  12H= 96  6H= 99  4H=107  2H= 72  1H= 56
   17 GENIUS       91.2  2/6  $   0.493900  -1.88%  $    3.0  1D= 87  12H= 81  6H= 90  4H=119  2H= 83  1H= 43
   18 PEAQ         91.1  3/6  $   0.022231  +5.52%  $    1.1  1D= 56  12H= 76  6H= 86  4H= 97  2H=151  1H=146
   19 MOVE         91.0  4/6  $   0.012030  +4.79%  $    1.4  1D= 74  12H= 89  6H= 57  4H=104  2H=115  1H=145
   20 POL          90.9  3/6  $   0.076900  +4.93%  $    4.4  1D= 26  12H= 80  6H= 89  4H=132  2H=141  1H=155
   21 IP           90.3  3/6  $   0.303000  +9.57%  $   11.7  1D= 42  12H= 74  6H= 98  4H=136  2H=129  1H=132
   22 SKR          90.1  3/6  $   0.009819  -2.41%  $    2.3  1D= 71  12H= 92  6H=112  4H=106  2H= 73  1H= 54
   23 RECALL       90.0  4/6  $   0.036050  +7.95%  $    1.0  1D= 21  12H= 86  6H=119  4H=127  2H=134  1H=139
   24 ID           89.1  4/6  $   0.028360  +1.33%  $    2.3  1D= 75  12H=113  6H= 42  4H= 88  2H= 65  1H=102
   25 M            88.4  3/6  $   2.982300  -0.52%  $    2.0  1D= 59  12H= 75  6H= 97  4H=103  2H=109  1H=118
   26 BCH          88.3  3/6  $ 210.600000 +12.07%  $   56.6  1D= 61  12H= 74  6H=  0  4H=139  2H=138  1H=140
   27 MIRA         86.1  2/6  $   0.055900  -0.05%  $    1.8  1D= 75  12H= 78  6H= 74  4H= 94  2H=112  1H=109
   28 TRX          85.5  3/6  $   0.321560  +0.12%  $   13.2  1D= 39  12H= 60  6H= 93  4H=130  2H=139  1H= 94
   29 DYDX         84.6  3/6  $   0.123550 +10.49%  $    2.7  1D= 25  12H= 67  6H= 82  4H=110  2H=142  1H=164
   30 DEXE         83.2  3/6  $  17.882000  +3.71%  $    2.9  1D= 93  12H= 82  6H= 51  4H= 70  2H= 79  1H=131
   31 CHZ          82.5  2/6  $   0.025720  +3.12%  $    3.3  1D= 52  12H= 80  6H= 50  4H=112  2H= 90  1H= 98
   32 VELVET       80.8  0/6  $   0.361680 -14.12%  $   20.5  1D=121  12H= 63  6H= 34  4H= 58  2H= 46  1H= 50
   33 BEAT         79.2  1/6  $   5.490700 -32.55%  $   88.5  1D=139  12H= 86  6H= 23  4H= 24  2H= 32  1H= 42
   34 ESPORTS      76.9  1/6  $   0.059570 -14.20%  $   37.2  1D=105  12H= 68  6H= 29  4H= 54  2H= 79  1H=100
   35 ARC          75.5  1/6  $   0.081540  -3.49%  $    1.5  1D=148  12H= 56  6H= 30  4H= 25  2H= 38  1H= 80
   36 AIO          72.6  1/6  $   0.113250  -1.06%  $    1.2  1D=131  12H= 59  6H= 36  4H= 34  2H= 71  1H= 51
   37 HMSTR        71.4  1/6  $   0.000166  -4.69%  $    3.7  1D=112  12H= 51  6H= 39  4H= 24  2H= 44  1H=101
   38 HNT          71.4  1/6  $   0.304900  +5.63%  $    1.7  1D= 42  12H= 58  6H= 85  4H= 95  2H= 84  1H=110

================================================================================
2026-06-15 18:24:19,538 [INFO]   Saved → trend_v3_LATEST.txt, trend_v3_LATEST.json, trend_v3_20260615_182419.txt
2026-06-15 19:28:32,428 [INFO] ================================================================
2026-06-15 19:28:32,432 [INFO] TREND SCANNER v3.0
2026-06-15 19:28:32,434 [INFO] ================================================================
2026-06-15 19:28:32,435 [INFO] Building universe (Bybit perps)...
2026-06-15 19:28:33,031 [INFO]   Universe (post-filter): 260 coins
2026-06-15 19:28:33,032 [INFO] Fetching BTC 1D for regime detection...
2026-06-15 19:28:33,618 [INFO]   Regime: BULL  |  BTC 7d +3.81%  |  24h +2.00%
2026-06-15 19:28:33,619 [INFO] Scanning 260 coins across 6 timeframes...
2026-06-15 19:28:33,620 [INFO] (this is the slowest scanner — first run ~10min, subsequent ~2-3min)
2026-06-15 19:29:08,437 [INFO]   ...20/260  (surfaced: 19)
2026-06-15 19:29:41,695 [INFO]   ...40/260  (surfaced: 36)
2026-06-15 19:30:18,017 [INFO]   ...60/260  (surfaced: 55)
2026-06-15 19:30:53,780 [INFO]   ...80/260  (surfaced: 72)
2026-06-15 19:31:31,118 [INFO]   ...100/260  (surfaced: 89)
2026-06-15 19:32:05,664 [INFO]   ...120/260  (surfaced: 104)
2026-06-15 19:32:38,748 [INFO]   ...140/260  (surfaced: 120)
2026-06-15 19:32:51,914 [INFO]   ...160/260  (surfaced: 134)
2026-06-15 19:33:01,941 [INFO]   ...180/260  (surfaced: 152)
2026-06-15 19:33:22,207 [INFO]   ...220/260  (surfaced: 181)
2026-06-15 19:33:34,424 [INFO]   ...240/260  (surfaced: 199)
2026-06-15 19:33:48,435 [INFO]   ...260/260  (surfaced: 215)
2026-06-15 19:33:48,435 [INFO] Done in 316s  |  scanned=229  failed=31  strong=34  long=50  watch=43
2026-06-15 19:33:48,444 [INFO] 
================================================================================
  TREND SCANNER v3.0  —  multi-timeframe confirmation + trade plans
  Generated  : 2026-06-15 19:33:48
  Universe   : 260 Bybit perps  |  Scanned: 229
  Scan time  : 316s
================================================================================

  Regime     : 🟢 BULL
               BTC 7d +3.81%  |  24h +2.00%  |  $65,746

  Account    : $100,000  |  Risk/trade: 1.5%

  Tiers (bull):  STRONG ≥ 130 & ST≥4  |  LONG ≥ 100 & ST≥3  |  WATCH ≥ 70

  TF weights : 1D×0.28 · 12H×0.2 · 6H×0.15 · 4H×0.15 · 2H×0.12 · 1H×0.1

--------------------------------------------------------------------------------
  STRONG  —  34 coin(s)  (highest conviction, full position)
--------------------------------------------------------------------------------

  [ 1] LIT         score= 160.3  ST=6/6  price=$1.685400      24h= +8.58%  vol=$ 13.6M
       TF:  1D=135  12H=149  6H=160  4H=152  2H=163  1H=153
       Bonuses: 1H pre-pump (bb_squeeze, obv_divergence, obv_stealth_accum) | RS vs BTC 7d +13.9%  (+11 pts)
       Entry: $1.685400  |  Stop: $1.432590 (-15.00%)  |  Risk: $1500 (1.50% acct)
       Position: $10000 (10.00% acct, qty 5933.3096)
       TP1: $2.064615 (+22.5%, 1.5R, sell 40%)
       TP2: $2.443830 (+45.0%, 3.0R, sell 35%)
       TP3: $2.949450 (+75.0%, 5.0R, sell 25%)

  [ 2] SQD         score= 158.2  ST=6/6  price=$0.041070      24h= +6.96%  vol=$  1.7M
       TF:  1D=117  12H=150  6H=165  4H=165  2H=148  1H=142
       Bonuses: RSI div 1D (bullish) | 1H pre-pump (bb_squeeze, obv_stealth_accum) | RS vs BTC 7d +20.0%  (+14 pts)
       Entry: $0.041070  |  Stop: $0.034910 (-15.00%)  |  Risk: $1500 (1.50% acct)
       Position: $10000 (10.00% acct, qty 243486.7300)
       TP1: $0.050311 (+22.5%, 1.5R, sell 40%)
       TP2: $0.059552 (+45.0%, 3.0R, sell 35%)
       TP3: $0.071873 (+75.0%, 5.0R, sell 25%)

  [ 3] EVAA        score= 155.9  ST=6/6  price=$0.711600      24h=+103.05%  vol=$ 68.2M
       TF:  1D=129  12H=154  6H=147  4H=152  2H=154  1H=157
       Bonuses: RSI div 1D (bullish) | RS vs BTC 7d +104.9%  (+10 pts)
       Entry: $0.711600  |  Stop: $0.604860 (-15.00%)  |  Risk: $1500 (1.50% acct)
       Position: $10000 (10.00% acct, qty 14052.8387)
       TP1: $0.871710 (+22.5%, 1.5R, sell 40%)
       TP2: $1.031820 (+45.0%, 3.0R, sell 35%)
       TP3: $1.245300 (+75.0%, 5.0R, sell 25%)

  [ 4] WLD         score= 149.3  ST=6/6  price=$0.523000      24h=+15.44%  vol=$244.5M
       TF:  1D=137  12H=135  6H=167  4H=139  2H=164  1H=104
       Bonuses: RSI div 1D (hidden_bullish) | RS vs BTC 7d +7.2%  (+8 pts)
       Entry: $0.523000  |  Stop: $0.444550 (-15.00%)  |  Risk: $1500 (1.50% acct)
       Position: $10000 (10.00% acct, qty 19120.4589)
       TP1: $0.640675 (+22.5%, 1.5R, sell 40%)
       TP2: $0.758350 (+45.0%, 3.0R, sell 35%)
       TP3: $0.915250 (+75.0%, 5.0R, sell 25%)

  [ 5] MEME        score= 148.3  ST=6/6  price=$0.000632      24h= -2.08%  vol=$  2.9M
       TF:  1D=147  12H=151  6H=142  4H=166  2H=114  1H= 71
       Bonuses: RSI div 1D (hidden_bullish) | 1H pre-pump (bb_squeeze) | RS vs BTC 7d +3.3%  (+10 pts)
       Entry: $0.000632  |  Stop: $0.000538 (-15.00%)  |  Risk: $1500 (1.50% acct)
       Position: $10000 (10.00% acct, qty 15812776.7236)
       TP1: $0.000775 (+22.5%, 1.5R, sell 40%)
       TP2: $0.000917 (+45.0%, 3.0R, sell 35%)
       TP3: $0.001107 (+75.0%, 5.0R, sell 25%)

  [ 6] IO          score= 146.5  ST=6/6  price=$0.178730      24h= +6.75%  vol=$  4.2M
       TF:  1D=141  12H=139  6H=158  4H=168  2H=137  1H= 89
       Bonuses: RS vs BTC 7d +25.8%  (+5 pts)
       Entry: $0.178730  |  Stop: $0.151921 (-15.00%)  |  Risk: $1500 (1.50% acct)
       Position: $10000 (10.00% acct, qty 55950.3161)
       TP1: $0.218944 (+22.5%, 1.5R, sell 40%)
       TP2: $0.259159 (+45.0%, 3.0R, sell 35%)
       TP3: $0.312777 (+75.0%, 5.0R, sell 25%)

  [ 7] GPS         score= 145.9  ST=6/6  price=$0.008002      24h=+20.51%  vol=$  2.2M
       TF:  1D=114  12H=139  6H=159  4H=152  2H=136  1H=152
       Bonuses: RSI div 1D (hidden_bullish) | RS vs BTC 7d +2.8%  (+8 pts)
       Entry: $0.008002  |  Stop: $0.006802 (-15.00%)  |  Risk: $1500 (1.50% acct)
       Position: $10000 (10.00% acct, qty 1249687.5781)
       TP1: $0.009802 (+22.5%, 1.5R, sell 40%)
       TP2: $0.011603 (+45.0%, 3.0R, sell 35%)
       TP3: $0.014004 (+75.0%, 5.0R, sell 25%)

  [ 8] AKT         score= 145.8  ST=6/6  price=$0.804100      24h= +9.28%  vol=$  5.5M
       TF:  1D=148  12H=132  6H=159  4H=141  2H=136  1H=116
       Bonuses: RS vs BTC 7d +23.8%  (+5 pts)
       Entry: $0.804100  |  Stop: $0.686489 (-14.63%)  |  Risk: $1500 (1.50% acct)
       Position: $10255 (10.26% acct, qty 12753.9401)
       TP1: $0.980516 (+21.9%, 1.5R, sell 40%)
       TP2: $1.156932 (+43.9%, 3.0R, sell 35%)
       TP3: $1.392154 (+73.1%, 5.0R, sell 25%)

  [ 9] US          score= 143.2  ST=6/6  price=$0.012334      24h=+15.72%  vol=$  1.1M
       TF:  1D=133  12H=115  6H=151  4H=154  2H=143  1H=151
       Bonuses: RSI div 1D (hidden_bullish) | 1H pre-pump (obv_divergence)  (+5 pts)
       Entry: $0.012334  |  Stop: $0.010484 (-15.00%)  |  Risk: $1500 (1.50% acct)
       Position: $10000 (10.00% acct, qty 810766.9856)
       TP1: $0.015109 (+22.5%, 1.5R, sell 40%)
       TP2: $0.017884 (+45.0%, 3.0R, sell 35%)
       TP3: $0.021584 (+75.0%, 5.0R, sell 25%)

  [10] CC          score= 141.5  ST=6/6  price=$0.161420      24h= +5.86%  vol=$  3.4M
       TF:  1D=123  12H=153  6H=131  4H=123  2H=143  1H=162
       Bonuses: 1H pre-pump (obv_stealth_accum) | funding -0.0174%/8h  (+5 pts)
       Entry: $0.161420  |  Stop: $0.145193 (-10.05%)  |  Risk: $1500 (1.50% acct)
       Position: $14922 (14.92% acct, qty 92439.7491)
       TP1: $0.185760 (+15.1%, 1.5R, sell 40%)
       TP2: $0.210100 (+30.2%, 3.0R, sell 35%)
       TP3: $0.242554 (+50.3%, 5.0R, sell 25%)

  [11] ROAM        score= 141.2  ST=6/6  price=$0.008761      24h=+19.87%  vol=$  5.0M
       TF:  1D=100  12H=130  6H=153  4H=135  2H=163  1H=144
       Bonuses: 1H pre-pump (obv_divergence) | RS vs BTC 7d +42.6% | funding -0.1248%/8h  (+10 pts)
       Entry: $0.008761  |  Stop: $0.007447 (-15.00%)  |  Risk: $1500 (1.50% acct)
       Position: $10000 (10.00% acct, qty 1141422.2121)
       TP1: $0.010732 (+22.5%, 1.5R, sell 40%)
       TP2: $0.012703 (+45.0%, 3.0R, sell 35%)
       TP3: $0.015332 (+75.0%, 5.0R, sell 25%)

  [12] TAO         score= 140.9  ST=6/6  price=$270.840000    24h= +4.85%  vol=$165.3M
       TF:  1D=122  12H=142  6H=159  4H=133  2H=144  1H=103
       Bonuses: 1H pre-pump (obv_divergence) | RS vs BTC 7d +22.8%  (+7 pts)
       Entry: $270.840000  |  Stop: $236.513571 (-12.67%)  |  Risk: $1500 (1.50% acct)
       Position: $11835 (11.84% acct, qty 43.6981)
       TP1: $322.329643 (+19.0%, 1.5R, sell 40%)
       TP2: $373.819286 (+38.0%, 3.0R, sell 35%)
       TP3: $442.472143 (+63.4%, 5.0R, sell 25%)

  [13] ATOM        score= 140.5  ST=6/6  price=$2.005900      24h= +0.79%  vol=$ 11.8M
       TF:  1D=115  12H=127  6H=153  4H=129  2H=139  1H=119
       Bonuses: 1H pre-pump (bb_squeeze, obv_stealth_accum) | RS vs BTC 7d +13.3% | funding -0.0116%/8h  (+12 pts)
       Entry: $2.005900  |  Stop: $1.811854 (-9.67%)  |  Risk: $1500 (1.50% acct)
       Position: $15506 (15.51% acct, qty 7730.1088)
       TP1: $2.296970 (+14.5%, 1.5R, sell 40%)
       TP2: $2.588039 (+29.0%, 3.0R, sell 35%)
       TP3: $2.976132 (+48.4%, 5.0R, sell 25%)

  [14] CLO         score= 140.1  ST=5/6  price=$0.191270      24h= +2.80%  vol=$ 32.4M
       TF:  1D=154  12H=157  6H=159  4H=153  2H=120  1H= 44
       Entry: $0.191270  |  Stop: $0.162579 (-15.00%)  |  Risk: $1500 (1.50% acct)
       Position: $10000 (10.00% acct, qty 52282.1143)
       TP1: $0.234306 (+22.5%, 1.5R, sell 40%)
       TP2: $0.277342 (+45.0%, 3.0R, sell 35%)
       TP3: $0.334722 (+75.0%, 5.0R, sell 25%)

  [15] ESP         score= 139.8  ST=5/6  price=$0.072150      24h= +5.51%  vol=$  1.1M
       TF:  1D=129  12H=140  6H=141  4H=153  2H=151  1H= 85
       Bonuses: RS vs BTC 7d +4.2%  (+5 pts)
       Entry: $0.072150  |  Stop: $0.061825 (-14.31%)  |  Risk: $1500 (1.50% acct)
       Position: $10481 (10.48% acct, qty 145273.4253)
       TP1: $0.087638 (+21.5%, 1.5R, sell 40%)
       TP2: $0.103126 (+42.9%, 3.0R, sell 35%)
       TP3: $0.123777 (+71.5%, 5.0R, sell 25%)

  [16] WLFI        score= 139.7  ST=5/6  price=$0.059790      24h= +5.42%  vol=$ 13.3M
       TF:  1D=109  12H=126  6H=158  4H=132  2H=150  1H=155
       Bonuses: 1H pre-pump (obv_stealth_accum) | RS vs BTC 7d +0.7%  (+7 pts)
       Entry: $0.059790  |  Stop: $0.053540 (-10.45%)  |  Risk: $1500 (1.50% acct)
       Position: $14350 (14.35% acct, qty 240013.7151)
       TP1: $0.069164 (+15.7%, 1.5R, sell 40%)
       TP2: $0.078539 (+31.4%, 3.0R, sell 35%)
       TP3: $0.091038 (+52.3%, 5.0R, sell 25%)

  [17] NEAR        score= 139.3  ST=4/6  price=$2.216200      24h=+18.89%  vol=$176.1M
       TF:  1D=116  12H=110  6H=145  4H=148  2H=131  1H=152
       Bonuses: RSI div 1D (hidden_bullish) | 1H pre-pump (obv_divergence) | RS vs BTC 7d +3.9%  (+10 pts)
       Entry: $2.216200  |  Stop: $1.883770 (-15.00%)  |  Risk: $1500 (1.50% acct)
       Position: $10000 (10.00% acct, qty 4512.2281)
       TP1: $2.714845 (+22.5%, 1.5R, sell 40%)
       TP2: $3.213490 (+45.0%, 3.0R, sell 35%)
       TP3: $3.878350 (+75.0%, 5.0R, sell 25%)

  [18] CRV         score= 138.0  ST=5/6  price=$0.235700      24h= +4.03%  vol=$  8.0M
       TF:  1D=121  12H=141  6H=114  4H=121  2H=126  1H=155
       Bonuses: 1H pre-pump (bb_squeeze) | RS vs BTC 7d +16.1% | funding -0.0178%/8h  (+10 pts)
       Entry: $0.235700  |  Stop: $0.207061 (-12.15%)  |  Risk: $1500 (1.50% acct)
       Position: $12345 (12.34% acct, qty 52375.6079)
       TP1: $0.278659 (+18.2%, 1.5R, sell 40%)
       TP2: $0.321618 (+36.5%, 3.0R, sell 35%)
       TP3: $0.378896 (+60.8%, 5.0R, sell 25%)

  [19] JTO         score= 137.2  ST=6/6  price=$0.558400      24h=+40.85%  vol=$ 53.5M
       TF:  1D=118  12H=131  6H=154  4H=147  2H=147  1H=152
       Entry: $0.558400  |  Stop: $0.474640 (-15.00%)  |  Risk: $1500 (1.50% acct)
       Position: $10000 (10.00% acct, qty 17908.3095)
       TP1: $0.684040 (+22.5%, 1.5R, sell 40%)
       TP2: $0.809680 (+45.0%, 3.0R, sell 35%)
       TP3: $0.977200 (+75.0%, 5.0R, sell 25%)

  [20] MEGA        score= 135.9  ST=6/6  price=$0.062870      24h= +1.18%  vol=$ 17.0M
       TF:  1D=108  12H=110  6H=149  4H=137  2H=141  1H= 88
       Bonuses: RSI div 1D (bullish) | 1H pre-pump (obv_stealth_accum) | RS vs BTC 7d +25.9% | funding -0.0101%/8h  (+15 pts)
       Entry: $0.062870  |  Stop: $0.053440 (-15.00%)  |  Risk: $1500 (1.50% acct)
       Position: $10000 (10.00% acct, qty 159058.3744)
       TP1: $0.077016 (+22.5%, 1.5R, sell 40%)
       TP2: $0.091162 (+45.0%, 3.0R, sell 35%)
       TP3: $0.110022 (+75.0%, 5.0R, sell 25%)

  [21] HYPE        score= 135.6  ST=5/6  price=$63.857000     24h=+13.11%  vol=$452.6M
       TF:  1D= 98  12H=133  6H=145  4H=155  2H=135  1H=154
       Bonuses: RS vs BTC 7d +3.1%  (+5 pts)
       Entry: $63.857000  |  Stop: $54.278450 (-15.00%)  |  Risk: $1500 (1.50% acct)
       Position: $10000 (10.00% acct, qty 156.5999)
       TP1: $78.224825 (+22.5%, 1.5R, sell 40%)
       TP2: $92.592650 (+45.0%, 3.0R, sell 35%)
       TP3: $111.749750 (+75.0%, 5.0R, sell 25%)

  [22] KAITO       score= 134.5  ST=4/6  price=$0.474000      24h= +2.88%  vol=$  2.0M
       TF:  1D= 99  12H=122  6H=124  4H=140  2H=129  1H=133
       Bonuses: RSI div 1D (bullish) | 1H pre-pump (bb_squeeze, obv_stealth_accum) | RS vs BTC 7d +0.7%  (+14 pts)
       Entry: $0.474000  |  Stop: $0.421254 (-11.13%)  |  Risk: $1500 (1.50% acct)
       Position: $13480 (13.48% acct, qty 28437.9443)
       TP1: $0.553120 (+16.7%, 1.5R, sell 40%)
       TP2: $0.632239 (+33.4%, 3.0R, sell 35%)
       TP3: $0.737732 (+55.6%, 5.0R, sell 25%)

  [23] XPL         score= 133.8  ST=5/6  price=$0.089470      24h= +6.35%  vol=$ 29.3M
       TF:  1D=105  12H=110  6H=142  4H=139  2H=148  1H=155
       Bonuses: 1H pre-pump (obv_divergence) | RS vs BTC 7d +25.4%  (+7 pts)
       Entry: $0.089470  |  Stop: $0.076050 (-15.00%)  |  Risk: $1500 (1.50% acct)
       Position: $10000 (10.00% acct, qty 111769.3081)
       TP1: $0.109601 (+22.5%, 1.5R, sell 40%)
       TP2: $0.129731 (+45.0%, 3.0R, sell 35%)
       TP3: $0.156573 (+75.0%, 5.0R, sell 25%)

  [24] BLUAI       score= 133.7  ST=5/6  price=$0.014084      24h= +0.56%  vol=$  1.2M
       TF:  1D=117  12H=128  6H=100  4H=129  2H=147  1H=133
       Bonuses: RSI div 1D (hidden_bullish) | 1H pre-pump (bb_squeeze) | RS vs BTC 7d +9.5%  (+10 pts)
       Entry: $0.014084  |  Stop: $0.011971 (-15.00%)  |  Risk: $1500 (1.50% acct)
       Position: $10000 (10.00% acct, qty 710025.5609)
       TP1: $0.017253 (+22.5%, 1.5R, sell 40%)
       TP2: $0.020422 (+45.0%, 3.0R, sell 35%)
       TP3: $0.024647 (+75.0%, 5.0R, sell 25%)

  [25] SPX         score= 133.5  ST=4/6  price=$0.337000      24h= +6.42%  vol=$  4.3M
       TF:  1D= 87  12H=106  6H=164  4H=147  2H=162  1H=169
       Bonuses: RS vs BTC 7d +2.3%  (+5 pts)
       Entry: $0.337000  |  Stop: $0.291089 (-13.62%)  |  Risk: $1500 (1.50% acct)
       Position: $11010 (11.01% acct, qty 32672.1120)
       TP1: $0.405866 (+20.4%, 1.5R, sell 40%)
       TP2: $0.474732 (+40.9%, 3.0R, sell 35%)
       TP3: $0.566554 (+68.1%, 5.0R, sell 25%)

  [26] BASED       score= 133.1  ST=5/6  price=$0.071790      24h=+14.30%  vol=$  5.1M
       TF:  1D= 79  12H=158  6H=153  4H=147  2H=145  1H=170
       Entry: $0.071790  |  Stop: $0.061021 (-15.00%)  |  Risk: $1500 (1.50% acct)
       Position: $10000 (10.00% acct, qty 139295.1665)
       TP1: $0.087943 (+22.5%, 1.5R, sell 40%)
       TP2: $0.104095 (+45.0%, 3.0R, sell 35%)
       TP3: $0.125633 (+75.0%, 5.0R, sell 25%)

  [27] APEX        score= 133.1  ST=5/6  price=$0.298200      24h= +7.83%  vol=$  1.4M
       TF:  1D= 77  12H=139  6H=147  4H=142  2H=163  1H=158
       Bonuses: RS vs BTC 7d +10.7%  (+5 pts)
       Entry: $0.298200  |  Stop: $0.269025 (-9.78%)  |  Risk: $1500 (1.50% acct)
       Position: $15332 (15.33% acct, qty 51413.8817)
       TP1: $0.341963 (+14.7%, 1.5R, sell 40%)
       TP2: $0.385725 (+29.4%, 3.0R, sell 35%)
       TP3: $0.444075 (+48.9%, 5.0R, sell 25%)

  [28] VIRTUAL     score= 132.9  ST=5/6  price=$0.641600      24h= +7.84%  vol=$ 22.6M
       TF:  1D= 85  12H=107  6H=131  4H=149  2H=153  1H=173
       Bonuses: 1H pre-pump (obv_stealth_accum) | RS vs BTC 7d +6.8% | funding -0.0258%/8h  (+10 pts)
       Entry: $0.641600  |  Stop: $0.547796 (-14.62%)  |  Risk: $1500 (1.50% acct)
       Position: $10260 (10.26% acct, qty 15990.8624)
       TP1: $0.782305 (+21.9%, 1.5R, sell 40%)
       TP2: $0.923011 (+43.9%, 3.0R, sell 35%)
       TP3: $1.110618 (+73.1%, 5.0R, sell 25%)

  [29] JCT         score= 132.9  ST=6/6  price=$0.006069      24h= -1.54%  vol=$  4.1M
       TF:  1D=153  12H=141  6H=131  4H=116  2H= 83  1H= 99
       Bonuses: RS vs BTC 7d +22.9%  (+5 pts)
       Entry: $0.006069  |  Stop: $0.005159 (-15.00%)  |  Risk: $1500 (1.50% acct)
       Position: $10000 (10.00% acct, qty 1647636.4655)
       TP1: $0.007435 (+22.5%, 1.5R, sell 40%)
       TP2: $0.008800 (+45.0%, 3.0R, sell 35%)
       TP3: $0.010621 (+75.0%, 5.0R, sell 25%)

  [30] KAS         score= 132.7  ST=5/6  price=$0.032270      24h= +5.40%  vol=$  3.6M
       TF:  1D= 98  12H=121  6H=160  4H=147  2H=147  1H=154
       Bonuses: 1H pre-pump (obv_stealth_accum)  (+2 pts)
       Entry: $0.032270  |  Stop: $0.028834 (-10.65%)  |  Risk: $1500 (1.50% acct)
       Position: $14087 (14.09% acct, qty 436545.0577)
       TP1: $0.037424 (+16.0%, 1.5R, sell 40%)
       TP2: $0.042578 (+31.9%, 3.0R, sell 35%)
       TP3: $0.049450 (+53.2%, 5.0R, sell 25%)

  [31] BABY        score= 132.0  ST=6/6  price=$0.017766      24h=+14.14%  vol=$ 13.1M
       TF:  1D=103  12H=105  6H=132  4H=138  2H=157  1H=178
       Bonuses: RS vs BTC 7d +2.0%  (+5 pts)
       Entry: $0.017766  |  Stop: $0.015101 (-15.00%)  |  Risk: $1500 (1.50% acct)
       Position: $10000 (10.00% acct, qty 562872.9033)
       TP1: $0.021763 (+22.5%, 1.5R, sell 40%)
       TP2: $0.025761 (+45.0%, 3.0R, sell 35%)
       TP3: $0.031091 (+75.0%, 5.0R, sell 25%)

  [32] TRUTH       score= 131.8  ST=4/6  price=$0.012483      24h= +5.83%  vol=$  1.1M
       TF:  1D= 98  12H=155  6H=126  4H=128  2H= 96  1H=157
       Bonuses: RSI div 1D (hidden_bullish) | RS vs BTC 7d +7.2%  (+8 pts)
       Entry: $0.012483  |  Stop: $0.010611 (-15.00%)  |  Risk: $1500 (1.50% acct)
       Position: $10000 (10.00% acct, qty 801089.4817)
       TP1: $0.015292 (+22.5%, 1.5R, sell 40%)
       TP2: $0.018100 (+45.0%, 3.0R, sell 35%)
       TP3: $0.021845 (+75.0%, 5.0R, sell 25%)

  [33] EIGEN       score= 131.1  ST=4/6  price=$0.203290      24h=+12.59%  vol=$ 12.5M
       TF:  1D=106  12H=100  6H=150  4H=154  2H=147  1H=132
       Bonuses: RS vs BTC 7d +9.3%  (+5 pts)
       Entry: $0.203290  |  Stop: $0.172796 (-15.00%)  |  Risk: $1500 (1.50% acct)
       Position: $10000 (10.00% acct, qty 49190.8112)
       TP1: $0.249030 (+22.5%, 1.5R, sell 40%)
       TP2: $0.294770 (+45.0%, 3.0R, sell 35%)
       TP3: $0.355758 (+75.0%, 5.0R, sell 25%)

  [34] ORCA        score= 130.8  ST=6/6  price=$1.146400      24h= +5.73%  vol=$  2.4M
       TF:  1D=119  12H=109  6H=111  4H=113  2H=130  1H=155
       Bonuses: 1H pre-pump (bb_squeeze, obv_divergence, obv_stealth_accum) | RS vs BTC 7d +5.9%  (+11 pts)
       Entry: $1.146400  |  Stop: $0.994911 (-13.21%)  |  Risk: $1500 (1.50% acct)
       Position: $11351 (11.35% acct, qty 9901.6904)
       TP1: $1.373634 (+19.8%, 1.5R, sell 40%)
       TP2: $1.600868 (+39.6%, 3.0R, sell 35%)
       TP3: $1.903846 (+66.1%, 5.0R, sell 25%)

--------------------------------------------------------------------------------
  LONG  —  50 coin(s)  (tradeable trend)
--------------------------------------------------------------------------------

  [ 1] UAI         score= 129.9  ST=5/6  price=$0.299290      24h=+22.95%  vol=$ 14.4M
       TF:  1D=149  12H=175  6H=  0  4H=143  2H=140  1H=149
       Entry: $0.299290  |  Stop: $0.254397 (-15.00%)  |  Risk: $1500 (1.50% acct)
       Position: $10000 (10.00% acct, qty 33412.4094)
       TP1: $0.366630 (+22.5%, 1.5R, sell 40%)
       TP2: $0.433970 (+45.0%, 3.0R, sell 35%)
       TP3: $0.523757 (+75.0%, 5.0R, sell 25%)

  [ 2] PYTH        score= 129.8  ST=5/6  price=$0.039430      24h= +5.30%  vol=$  4.1M
       TF:  1D= 87  12H=121  6H=136  4H=154  2H=128  1H=154
       Bonuses: 1H pre-pump (obv_stealth_accum) | RS vs BTC 7d +19.7%  (+7 pts)
       Entry: $0.039430  |  Stop: $0.034144 (-13.41%)  |  Risk: $1500 (1.50% acct)
       Position: $11188 (11.19% acct, qty 283745.4398)
       TP1: $0.047360 (+20.1%, 1.5R, sell 40%)
       TP2: $0.055289 (+40.2%, 3.0R, sell 35%)
       TP3: $0.065862 (+67.0%, 5.0R, sell 25%)

  [ 3] CAKE        score= 129.4  ST=5/6  price=$1.387800      24h= +5.08%  vol=$  1.2M
       TF:  1D= 81  12H=114  6H=142  4H=143  2H=147  1H=165
       Bonuses: 1H pre-pump (obv_stealth_accum) | RS vs BTC 7d +5.7%  (+7 pts)
       Entry: $1.387800  |  Stop: $1.267446 (-8.67%)  |  Risk: $1500 (1.50% acct)
       Position: $17297 (17.30% acct, qty 12463.2778)
       TP1: $1.568330 (+13.0%, 1.5R, sell 40%)
       TP2: $1.748861 (+26.0%, 3.0R, sell 35%)
       TP3: $1.989568 (+43.4%, 5.0R, sell 25%)

  [ 4] ONDO        score= 129.2  ST=3/6  price=$0.367600      24h=+11.23%  vol=$ 58.4M
       TF:  1D= 91  12H= 89  6H=128  4H=150  2H=151  1H=161
       Bonuses: RSI div 1D (hidden_bullish) | 1H pre-pump (obv_stealth_accum) | RS vs BTC 7d +1.5%  (+10 pts)
       Entry: $0.367600  |  Stop: $0.312460 (-15.00%)  |  Risk: $1500 (1.50% acct)
       Position: $10000 (10.00% acct, qty 27203.4820)
       TP1: $0.450310 (+22.5%, 1.5R, sell 40%)
       TP2: $0.533020 (+45.0%, 3.0R, sell 35%)
       TP3: $0.643300 (+75.0%, 5.0R, sell 25%)

  [ 5] CHIP        score= 129.2  ST=4/6  price=$0.037070      24h=+14.84%  vol=$ 15.2M
       TF:  1D=102  12H= 85  6H=137  4H=142  2H=162  1H=144
       Bonuses: RS vs BTC 7d +14.8% | funding -0.0246%/8h  (+8 pts)
       Entry: $0.037070  |  Stop: $0.031510 (-15.00%)  |  Risk: $1500 (1.50% acct)
       Position: $10000 (10.00% acct, qty 269759.9137)
       TP1: $0.045411 (+22.5%, 1.5R, sell 40%)
       TP2: $0.053752 (+45.0%, 3.0R, sell 35%)
       TP3: $0.064872 (+75.0%, 5.0R, sell 25%)

  [ 6] AERO        score= 128.7  ST=5/6  price=$0.377900      24h=+22.79%  vol=$ 11.6M
       TF:  1D= 75  12H=131  6H=154  4H=154  2H=139  1H=136
       Bonuses: RS vs BTC 7d +8.5%  (+5 pts)
       Entry: $0.377900  |  Stop: $0.337357 (-10.73%)  |  Risk: $1500 (1.50% acct)
       Position: $13982 (13.98% acct, qty 36997.8858)
       TP1: $0.438714 (+16.1%, 1.5R, sell 40%)
       TP2: $0.499529 (+32.2%, 3.0R, sell 35%)
       TP3: $0.580614 (+53.6%, 5.0R, sell 25%)

  [ 7] USELESS     score= 128.4  ST=4/6  price=$0.073940      24h=+19.09%  vol=$  8.2M
       TF:  1D= 96  12H=101  6H=130  4H=142  2H=152  1H=173
       Bonuses: RS vs BTC 7d +6.4%  (+5 pts)
       Entry: $0.073940  |  Stop: $0.062849 (-15.00%)  |  Risk: $1500 (1.50% acct)
       Position: $10000 (10.00% acct, qty 135244.7931)
       TP1: $0.090577 (+22.5%, 1.5R, sell 40%)
       TP2: $0.107213 (+45.0%, 3.0R, sell 35%)
       TP3: $0.129395 (+75.0%, 5.0R, sell 25%)

  [ 8] BRETT       score= 128.0  ST=5/6  price=$0.006678      24h= +3.31%  vol=$  1.3M
       TF:  1D= 90  12H=119  6H=140  4H=153  2H=156  1H= 93
       Bonuses: 1H pre-pump (bb_squeeze) | RS vs BTC 7d +13.3%  (+7 pts)
       Entry: $0.006678  |  Stop: $0.005676 (-15.00%)  |  Risk: $1500 (1.50% acct)
       Position: $10000 (10.00% acct, qty 1497454.3276)
       TP1: $0.008181 (+22.5%, 1.5R, sell 40%)
       TP2: $0.009683 (+45.0%, 3.0R, sell 35%)
       TP3: $0.011687 (+75.0%, 5.0R, sell 25%)

  [ 9] JASMY       score= 127.9  ST=5/6  price=$0.005274      24h= -1.54%  vol=$  3.4M
       TF:  1D= 81  12H=135  6H=151  4H=134  2H=124  1H=116
       Bonuses: 1H pre-pump (bb_squeeze, obv_stealth_accum) | RS vs BTC 7d +4.7%  (+9 pts)
       Entry: $0.005274  |  Stop: $0.004698 (-10.93%)  |  Risk: $1500 (1.50% acct)
       Position: $13729 (13.73% acct, qty 2603198.2149)
       TP1: $0.006138 (+16.4%, 1.5R, sell 40%)
       TP2: $0.007003 (+32.8%, 3.0R, sell 35%)
       TP3: $0.008155 (+54.6%, 5.0R, sell 25%)

  [10] PENDLE      score= 127.8  ST=4/6  price=$1.385500      24h= +7.58%  vol=$  6.0M
       TF:  1D= 77  12H= 89  6H=153  4H=154  2H=160  1H=152
       Bonuses: RS vs BTC 7d +5.4% | funding -0.0105%/8h  (+8 pts)
       Entry: $1.385500  |  Stop: $1.215175 (-12.29%)  |  Risk: $1500 (1.50% acct)
       Position: $12202 (12.20% acct, qty 8806.6931)
       TP1: $1.640988 (+18.4%, 1.5R, sell 40%)
       TP2: $1.896475 (+36.9%, 3.0R, sell 35%)
       TP3: $2.237125 (+61.5%, 5.0R, sell 25%)

  [11] JUP         score= 127.3  ST=5/6  price=$0.179400      24h=+18.68%  vol=$ 12.3M
       TF:  1D= 74  12H=118  6H=144  4H=162  2H=147  1H=144
       Bonuses: RS vs BTC 7d +10.8%  (+5 pts)
       Entry: $0.179400  |  Stop: $0.154151 (-14.07%)  |  Risk: $1500 (1.50% acct)
       Position: $10658 (10.66% acct, qty 59407.6211)
       TP1: $0.217274 (+21.1%, 1.5R, sell 40%)
       TP2: $0.255148 (+42.2%, 3.0R, sell 35%)
       TP3: $0.305646 (+70.4%, 5.0R, sell 25%)

  [12] ZEC         score= 126.9  ST=5/6  price=$472.100000    24h=+26.12%  vol=$347.6M
       TF:  1D= 69  12H=127  6H=151  4H=142  2H=131  1H=145
       Bonuses: RSI div 1D (hidden_bullish) | RS vs BTC 7d +3.4%  (+8 pts)
       Entry: $472.100000  |  Stop: $401.285000 (-15.00%)  |  Risk: $1500 (1.50% acct)
       Position: $10000 (10.00% acct, qty 21.1820)
       TP1: $578.322500 (+22.5%, 1.5R, sell 40%)
       TP2: $684.545000 (+45.0%, 3.0R, sell 35%)
       TP3: $826.175000 (+75.0%, 5.0R, sell 25%)

  [13] FHE         score= 126.8  ST=5/6  price=$0.023720      24h=+14.55%  vol=$  2.2M
       TF:  1D= 59  12H=134  6H=162  4H=142  2H=129  1H=124
       Bonuses: RSI div 1D (bullish) | RS vs BTC 7d +20.5%  (+10 pts)
       Entry: $0.023720  |  Stop: $0.020162 (-15.00%)  |  Risk: $1500 (1.50% acct)
       Position: $10000 (10.00% acct, qty 421585.1602)
       TP1: $0.029057 (+22.5%, 1.5R, sell 40%)
       TP2: $0.034394 (+45.0%, 3.0R, sell 35%)
       TP3: $0.041510 (+75.0%, 5.0R, sell 25%)

  [14] XCN         score= 126.3  ST=4/6  price=$0.004107      24h= +6.94%  vol=$  1.5M
       TF:  1D= 75  12H= 78  6H=148  4H=115  2H=151  1H=151
       Bonuses: RSI div 1D (bullish) | 1H pre-pump (obv_divergence, obv_stealth_accum) | RS vs BTC 7d +4.9% | funding -0.0486%/8h  (+17 pts)
       Entry: $0.004107  |  Stop: $0.003659 (-10.91%)  |  Risk: $1500 (1.50% acct)
       Position: $13746 (13.75% acct, qty 3346880.2295)
       TP1: $0.004779 (+16.4%, 1.5R, sell 40%)
       TP2: $0.005452 (+32.7%, 3.0R, sell 35%)
       TP3: $0.006348 (+54.6%, 5.0R, sell 25%)

  [15] BIO         score= 126.2  ST=4/6  price=$0.032680      24h= +2.81%  vol=$  4.4M
       TF:  1D= 87  12H=119  6H=150  4H=141  2H=127  1H= 72
       Bonuses: RSI div 1D (bullish) | 1H pre-pump (bb_squeeze) | RS vs BTC 7d +12.2%  (+12 pts)
       Entry: $0.032680  |  Stop: $0.027778 (-15.00%)  |  Risk: $1500 (1.50% acct)
       Position: $10000 (10.00% acct, qty 305997.5520)
       TP1: $0.040033 (+22.5%, 1.5R, sell 40%)
       TP2: $0.047386 (+45.0%, 3.0R, sell 35%)
       TP3: $0.057190 (+75.0%, 5.0R, sell 25%)

  [16] HOLO        score= 125.1  ST=5/6  price=$0.072890      24h= +5.08%  vol=$  1.3M
       TF:  1D= 98  12H=136  6H=141  4H=130  2H=136  1H= 65
       Bonuses: 1H pre-pump (obv_stealth_accum) | RS vs BTC 7d +18.4%  (+7 pts)
       Entry: $0.072890  |  Stop: $0.064228 (-11.88%)  |  Risk: $1500 (1.50% acct)
       Position: $12622 (12.62% acct, qty 173160.1732)
       TP1: $0.085884 (+17.8%, 1.5R, sell 40%)
       TP2: $0.098877 (+35.6%, 3.0R, sell 35%)
       TP3: $0.116203 (+59.4%, 5.0R, sell 25%)

  [17] IMX         score= 125.0  ST=4/6  price=$0.146120      24h= +7.36%  vol=$  1.1M
       TF:  1D= 77  12H= 88  6H=152  4H=164  2H=145  1H=140
       Bonuses: 1H pre-pump (obv_stealth_accum) | RS vs BTC 7d +4.0%  (+7 pts)
       Entry: $0.146120  |  Stop: $0.128616 (-11.98%)  |  Risk: $1500 (1.50% acct)
       Position: $12522 (12.52% acct, qty 85695.0480)
       TP1: $0.172376 (+18.0%, 1.5R, sell 40%)
       TP2: $0.198632 (+35.9%, 3.0R, sell 35%)
       TP3: $0.233640 (+59.9%, 5.0R, sell 25%)

  [18] API3        score= 124.1  ST=4/6  price=$0.269800      24h=+10.44%  vol=$  1.2M
       TF:  1D=102  12H= 91  6H=137  4H=142  2H=141  1H=136
       Bonuses: RS vs BTC 7d +0.9%  (+5 pts)
       Entry: $0.269800  |  Stop: $0.240700 (-10.79%)  |  Risk: $1500 (1.50% acct)
       Position: $13907 (13.91% acct, qty 51546.3918)
       TP1: $0.313450 (+16.2%, 1.5R, sell 40%)
       TP2: $0.357100 (+32.4%, 3.0R, sell 35%)
       TP3: $0.415300 (+53.9%, 5.0R, sell 25%)

  [19] COMP        score= 124.1  ST=5/6  price=$17.942000     24h= +5.91%  vol=$  1.1M
       TF:  1D= 66  12H=121  6H=105  4H=139  2H=154  1H=143
       Bonuses: RSI div 1D (bullish) | 1H pre-pump (obv_stealth_accum) | RS vs BTC 7d +5.1%  (+12 pts)
       Entry: $17.942000  |  Stop: $16.103964 (-10.24%)  |  Risk: $1500 (1.50% acct)
       Position: $14642 (14.64% acct, qty 816.0886)
       TP1: $20.699054 (+15.4%, 1.5R, sell 40%)
       TP2: $23.456107 (+30.7%, 3.0R, sell 35%)
       TP3: $27.132179 (+51.2%, 5.0R, sell 25%)

  [20] ZRO         score= 122.6  ST=5/6  price=$0.956900      24h=+21.82%  vol=$ 24.3M
       TF:  1D= 75  12H=123  6H=125  4H=154  2H=126  1H=150
       Bonuses: RS vs BTC 7d +2.5%  (+5 pts)
       Entry: $0.956900  |  Stop: $0.813365 (-15.00%)  |  Risk: $1500 (1.50% acct)
       Position: $10000 (10.00% acct, qty 10450.4128)
       TP1: $1.172203 (+22.5%, 1.5R, sell 40%)
       TP2: $1.387505 (+45.0%, 3.0R, sell 35%)
       TP3: $1.674575 (+75.0%, 5.0R, sell 25%)

  [21] ORDI        score= 122.5  ST=4/6  price=$3.395000      24h= +4.18%  vol=$  7.3M
       TF:  1D= 69  12H= 95  6H=144  4H=142  2H=164  1H= 96
       Bonuses: RSI div 1D (bullish) | 1H pre-pump (obv_stealth_accum) | RS vs BTC 7d +10.2%  (+12 pts)
       Entry: $3.395000  |  Stop: $2.885750 (-15.00%)  |  Risk: $1500 (1.50% acct)
       Position: $10000 (10.00% acct, qty 2945.5081)
       TP1: $4.158875 (+22.5%, 1.5R, sell 40%)
       TP2: $4.922750 (+45.0%, 3.0R, sell 35%)
       TP3: $5.941250 (+75.0%, 5.0R, sell 25%)

  [22] ENS         score= 122.4  ST=5/6  price=$5.153000      24h=+13.86%  vol=$  3.1M
       TF:  1D= 68  12H= 96  6H=131  4H=154  2H=149  1H=155
       Bonuses: RS vs BTC 7d +5.5% | funding -0.0170%/8h  (+8 pts)
       Entry: $5.153000  |  Stop: $4.625857 (-10.23%)  |  Risk: $1500 (1.50% acct)
       Position: $14663 (14.66% acct, qty 2845.5285)
       TP1: $5.943714 (+15.3%, 1.5R, sell 40%)
       TP2: $6.734429 (+30.7%, 3.0R, sell 35%)
       TP3: $7.788714 (+51.1%, 5.0R, sell 25%)

  [23] HANA        score= 121.7  ST=5/6  price=$0.032048      24h=+20.60%  vol=$  1.4M
       TF:  1D=120  12H= 76  6H=115  4H=154  2H=150  1H=145
       Entry: $0.032048  |  Stop: $0.029013 (-9.47%)  |  Risk: $1500 (1.50% acct)
       Position: $15841 (15.84% acct, qty 494297.9204)
       TP1: $0.036600 (+14.2%, 1.5R, sell 40%)
       TP2: $0.041152 (+28.4%, 3.0R, sell 35%)
       TP3: $0.047221 (+47.3%, 5.0R, sell 25%)

  [24] SUI         score= 121.6  ST=4/6  price=$0.802600      24h= +8.50%  vol=$ 71.3M
       TF:  1D= 73  12H= 82  6H=149  4H=147  2H=146  1H=158
       Bonuses: 1H pre-pump (obv_stealth_accum) | RS vs BTC 7d +2.1%  (+7 pts)
       Entry: $0.802600  |  Stop: $0.717957 (-10.55%)  |  Risk: $1500 (1.50% acct)
       Position: $14223 (14.22% acct, qty 17721.5190)
       TP1: $0.929564 (+15.8%, 1.5R, sell 40%)
       TP2: $1.056529 (+31.6%, 3.0R, sell 35%)
       TP3: $1.225814 (+52.7%, 5.0R, sell 25%)

  [25] SEI         score= 121.4  ST=5/6  price=$0.055240      24h= +3.61%  vol=$  7.6M
       TF:  1D= 62  12H=102  6H=119  4H=145  2H=150  1H=170
       Bonuses: 1H pre-pump (bb_squeeze, obv_stealth_accum) | RS vs BTC 7d +7.7%  (+9 pts)
       Entry: $0.055240  |  Stop: $0.047715 (-13.62%)  |  Risk: $1500 (1.50% acct)
       Position: $11012 (11.01% acct, qty 199345.0093)
       TP1: $0.066527 (+20.4%, 1.5R, sell 40%)
       TP2: $0.077814 (+40.9%, 3.0R, sell 35%)
       TP3: $0.092863 (+68.1%, 5.0R, sell 25%)

  [26] ALT         score= 121.3  ST=4/6  price=$0.006658      24h= +4.75%  vol=$  1.5M
       TF:  1D= 79  12H= 79  6H=156  4H=139  2H=150  1H=121
       Bonuses: 1H pre-pump (bb_squeeze, obv_stealth_accum) | RS vs BTC 7d +13.7%  (+9 pts)
       Entry: $0.006658  |  Stop: $0.005760 (-13.48%)  |  Risk: $1500 (1.50% acct)
       Position: $11124 (11.12% acct, qty 1670843.7761)
       TP1: $0.008005 (+20.2%, 1.5R, sell 40%)
       TP2: $0.009351 (+40.5%, 3.0R, sell 35%)
       TP3: $0.011147 (+67.4%, 5.0R, sell 25%)

  [27] OPEN        score= 121.1  ST=4/6  price=$0.249640      24h= -1.84%  vol=$  3.4M
       TF:  1D=140  12H=163  6H=132  4H= 96  2H= 51  1H= 40
       Bonuses: RS vs BTC 7d +17.6%  (+5 pts)
       Entry: $0.249640  |  Stop: $0.213784 (-14.36%)  |  Risk: $1500 (1.50% acct)
       Position: $10443 (10.44% acct, qty 41833.5027)
       TP1: $0.303425 (+21.5%, 1.5R, sell 40%)
       TP2: $0.357209 (+43.1%, 3.0R, sell 35%)
       TP3: $0.428922 (+71.8%, 5.0R, sell 25%)

  [28] ENSO        score= 121.1  ST=4/6  price=$0.641500      24h= +7.47%  vol=$  1.7M
       TF:  1D= 87  12H= 86  6H=152  4H=127  2H=140  1H=159
       Bonuses: RS vs BTC 7d +8.0%  (+5 pts)
       Entry: $0.641500  |  Stop: $0.555529 (-13.40%)  |  Risk: $1500 (1.50% acct)
       Position: $11193 (11.19% acct, qty 17447.6570)
       TP1: $0.770457 (+20.1%, 1.5R, sell 40%)
       TP2: $0.899414 (+40.2%, 3.0R, sell 35%)
       TP3: $1.071357 (+67.0%, 5.0R, sell 25%)

  [29] AAVE        score= 121.0  ST=5/6  price=$68.280000     24h=+16.12%  vol=$ 39.5M
       TF:  1D= 57  12H=114  6H=149  4H=154  2H=142  1H=147
       Bonuses: RS vs BTC 7d +3.4%  (+5 pts)
       Entry: $68.280000  |  Stop: $60.642857 (-11.19%)  |  Risk: $1500 (1.50% acct)
       Position: $13411 (13.41% acct, qty 196.4085)
       TP1: $79.735714 (+16.8%, 1.5R, sell 40%)
       TP2: $91.191429 (+33.6%, 3.0R, sell 35%)
       TP3: $106.465714 (+55.9%, 5.0R, sell 25%)

  [30] PUFFER      score= 121.0  ST=6/6  price=$0.018330      24h= -6.00%  vol=$  8.8M
       TF:  1D=128  12H=119  6H=117  4H=140  2H= 90  1H= 70
       Bonuses: RS vs BTC 7d +19.4%  (+5 pts)
       Entry: $0.018330  |  Stop: $0.015581 (-15.00%)  |  Risk: $1500 (1.50% acct)
       Position: $10000 (10.00% acct, qty 545553.7370)
       TP1: $0.022454 (+22.5%, 1.5R, sell 40%)
       TP2: $0.026579 (+45.0%, 3.0R, sell 35%)
       TP3: $0.032078 (+75.0%, 5.0R, sell 25%)

  [31] PNUT        score= 121.0  ST=4/6  price=$0.045390      24h= +7.53%  vol=$  1.5M
       TF:  1D= 85  12H= 82  6H=148  4H=135  2H=139  1H=147
       Bonuses: 1H pre-pump (obv_stealth_accum) | RS vs BTC 7d +4.2%  (+7 pts)
       Entry: $0.045390  |  Stop: $0.039598 (-12.76%)  |  Risk: $1500 (1.50% acct)
       Position: $11755 (11.75% acct, qty 258971.5131)
       TP1: $0.054078 (+19.1%, 1.5R, sell 40%)
       TP2: $0.062766 (+38.3%, 3.0R, sell 35%)
       TP3: $0.074351 (+63.8%, 5.0R, sell 25%)

  [32] STRK        score= 120.9  ST=4/6  price=$0.035810      24h= +9.99%  vol=$  9.6M
       TF:  1D= 74  12H= 87  6H=144  4H=141  2H=147  1H=124
       Bonuses: 1H pre-pump (obv_stealth_accum) | RS vs BTC 7d +2.3% | funding -0.0109%/8h  (+10 pts)
       Entry: $0.035810  |  Stop: $0.030845 (-13.86%)  |  Risk: $1500 (1.50% acct)
       Position: $10819 (10.82% acct, qty 302114.8036)
       TP1: $0.043257 (+20.8%, 1.5R, sell 40%)
       TP2: $0.050705 (+41.6%, 3.0R, sell 35%)
       TP3: $0.060635 (+69.3%, 5.0R, sell 25%)

  [33] SHIB1000    score= 120.5  ST=4/6  price=$0.005041      24h= +4.94%  vol=$ 10.3M
       TF:  1D= 63  12H= 82  6H=170  4H=154  2H=147  1H=132
       Bonuses: 1H pre-pump (obv_stealth_accum) | RS vs BTC 7d +3.0%  (+7 pts)
       Entry: $0.005041  |  Stop: $0.004630 (-8.14%)  |  Risk: $1500 (1.50% acct)
       Position: $18417 (18.42% acct, qty 3653444.6764)
       TP1: $0.005657 (+12.2%, 1.5R, sell 40%)
       TP2: $0.006273 (+24.4%, 3.0R, sell 35%)
       TP3: $0.007094 (+40.7%, 5.0R, sell 25%)

  [34] FARTCOIN    score= 120.4  ST=4/6  price=$0.127180      24h=+20.73%  vol=$ 65.4M
       TF:  1D= 77  12H= 78  6H=149  4H=153  2H=142  1H=159
       Bonuses: RS vs BTC 7d +6.3%  (+5 pts)
       Entry: $0.127180  |  Stop: $0.108103 (-15.00%)  |  Risk: $1500 (1.50% acct)
       Position: $10000 (10.00% acct, qty 78628.7152)
       TP1: $0.155796 (+22.5%, 1.5R, sell 40%)
       TP2: $0.184411 (+45.0%, 3.0R, sell 35%)
       TP3: $0.222565 (+75.0%, 5.0R, sell 25%)

  [35] VVV         score= 120.4  ST=4/6  price=$16.776000     24h= +3.42%  vol=$ 21.1M
       TF:  1D=113  12H= 99  6H=124  4H=136  2H=116  1H=130
       Bonuses: funding -0.0176%/8h  (+3 pts)
       Entry: $16.776000  |  Stop: $14.259600 (-15.00%)  |  Risk: $1500 (1.50% acct)
       Position: $10000 (10.00% acct, qty 596.0897)
       TP1: $20.550600 (+22.5%, 1.5R, sell 40%)
       TP2: $24.325200 (+45.0%, 3.0R, sell 35%)
       TP3: $29.358000 (+75.0%, 5.0R, sell 25%)

  [36] ETHFI       score= 120.0  ST=4/6  price=$0.330800      24h=+12.05%  vol=$  5.4M
       TF:  1D= 75  12H= 92  6H=145  4H=150  2H=118  1H=152
       Bonuses: 1H pre-pump (obv_stealth_accum) | RS vs BTC 7d +6.3%  (+7 pts)
       Entry: $0.330800  |  Stop: $0.282521 (-14.59%)  |  Risk: $1500 (1.50% acct)
       Position: $10278 (10.28% acct, qty 31069.6849)
       TP1: $0.403218 (+21.9%, 1.5R, sell 40%)
       TP2: $0.475636 (+43.8%, 3.0R, sell 35%)
       TP3: $0.572193 (+73.0%, 5.0R, sell 25%)

  [37] LTC         score= 119.8  ST=4/6  price=$45.360000     24h= +4.32%  vol=$ 36.8M
       TF:  1D= 67  12H= 76  6H=139  4H=147  2H=154  1H=175
       Bonuses: 1H pre-pump (obv_stealth_accum) | RS vs BTC 7d +2.2%  (+7 pts)
       Entry: $45.360000  |  Stop: $41.810357 (-7.83%)  |  Risk: $1500 (1.50% acct)
       Position: $19168 (19.17% acct, qty 422.5777)
       TP1: $50.684464 (+11.7%, 1.5R, sell 40%)
       TP2: $56.008929 (+23.5%, 3.0R, sell 35%)
       TP3: $63.108214 (+39.1%, 5.0R, sell 25%)

  [38] MNT         score= 119.7  ST=4/6  price=$0.568400      24h= +5.17%  vol=$ 10.6M
       TF:  1D= 66  12H=102  6H=149  4H=143  2H=168  1H=119
       Bonuses: RS vs BTC 7d +0.8%  (+5 pts)
       Entry: $0.568400  |  Stop: $0.526282 (-7.41%)  |  Risk: $1482 (1.48% acct)
       Position: $20000 (20.00% acct, qty 35186.4884)
       TP1: $0.631577 (+11.1%, 1.5R, sell 40%)
       TP2: $0.694754 (+22.2%, 3.0R, sell 35%)
       TP3: $0.778989 (+37.0%, 5.0R, sell 25%)

  [39] SOL         score= 119.6  ST=4/6  price=$71.230000     24h=+12.17%  vol=$942.4M
       TF:  1D= 75  12H= 78  6H=149  4H=154  2H=142  1H=155
       Bonuses: RS vs BTC 7d +3.4%  (+5 pts)
       Entry: $71.230000  |  Stop: $64.073929 (-10.05%)  |  Risk: $1500 (1.50% acct)
       Position: $14931 (14.93% acct, qty 209.6122)
       TP1: $81.964107 (+15.1%, 1.5R, sell 40%)
       TP2: $92.698214 (+30.1%, 3.0R, sell 35%)
       TP3: $107.010357 (+50.2%, 5.0R, sell 25%)

  [40] RUNE        score= 119.5  ST=5/6  price=$0.392700      24h= +7.80%  vol=$  1.3M
       TF:  1D= 77  12H=118  6H=152  4H=122  2H=127  1H=130
       Bonuses: RS vs BTC 7d +9.8%  (+5 pts)
       Entry: $0.392700  |  Stop: $0.340393 (-13.32%)  |  Risk: $1500 (1.50% acct)
       Position: $11261 (11.26% acct, qty 28676.7718)
       TP1: $0.471161 (+20.0%, 1.5R, sell 40%)
       TP2: $0.549621 (+40.0%, 3.0R, sell 35%)
       TP3: $0.654236 (+66.6%, 5.0R, sell 25%)

  [41] BSB         score= 119.3  ST=5/6  price=$0.271400      24h=+31.54%  vol=$ 41.7M
       TF:  1D= 82  12H=119  6H=130  4H=144  2H=154  1H=130
       Entry: $0.271400  |  Stop: $0.230690 (-15.00%)  |  Risk: $1500 (1.50% acct)
       Position: $10000 (10.00% acct, qty 36845.9838)
       TP1: $0.332465 (+22.5%, 1.5R, sell 40%)
       TP2: $0.393530 (+45.0%, 3.0R, sell 35%)
       TP3: $0.474950 (+75.0%, 5.0R, sell 25%)

  [42] PIEVERSE    score= 119.2  ST=4/6  price=$0.668800      24h=+14.12%  vol=$  4.0M
       TF:  1D= 68  12H= 91  6H=138  4H=160  2H=130  1H=147
       Bonuses: 1H pre-pump (obv_stealth_accum) | RS vs BTC 7d +3.7%  (+7 pts)
       Entry: $0.668800  |  Stop: $0.568480 (-15.00%)  |  Risk: $1500 (1.50% acct)
       Position: $10000 (10.00% acct, qty 14952.1531)
       TP1: $0.819280 (+22.5%, 1.5R, sell 40%)
       TP2: $0.969760 (+45.0%, 3.0R, sell 35%)
       TP3: $1.170400 (+75.0%, 5.0R, sell 25%)

  [43] WET         score= 118.8  ST=5/6  price=$0.059700      24h= +9.53%  vol=$  2.3M
       TF:  1D= 92  12H=107  6H=139  4H=121  2H=138  1H= 61
       Bonuses: RSI div 1D (bullish) | RS vs BTC 7d +0.7%  (+10 pts)
       Entry: $0.059700  |  Stop: $0.053193 (-10.90%)  |  Risk: $1500 (1.50% acct)
       Position: $13763 (13.76% acct, qty 230528.5691)
       TP1: $0.069460 (+16.4%, 1.5R, sell 40%)
       TP2: $0.079220 (+32.7%, 3.0R, sell 35%)
       TP3: $0.092234 (+54.5%, 5.0R, sell 25%)

  [44] TRUMP       score= 118.6  ST=6/6  price=$2.069000      24h= +1.98%  vol=$ 65.3M
       TF:  1D=123  12H=143  6H=108  4H= 75  2H= 76  1H=110
       Bonuses: RS vs BTC 7d +20.4% | funding -0.0600%/8h  (+8 pts)
       Entry: $2.069000  |  Stop: $1.778643 (-14.03%)  |  Risk: $1500 (1.50% acct)
       Position: $10689 (10.69% acct, qty 5166.0517)
       TP1: $2.504536 (+21.1%, 1.5R, sell 40%)
       TP2: $2.940071 (+42.1%, 3.0R, sell 35%)
       TP3: $3.520786 (+70.2%, 5.0R, sell 25%)

  [45] ZK          score= 118.5  ST=4/6  price=$0.011790      24h= +7.89%  vol=$  3.9M
       TF:  1D= 68  12H= 84  6H=147  4H=144  2H=153  1H=157
       Bonuses: RS vs BTC 7d +9.1%  (+5 pts)
       Entry: $0.011790  |  Stop: $0.010118 (-14.18%)  |  Risk: $1500 (1.50% acct)
       Position: $10575 (10.57% acct, qty 896918.4445)
       TP1: $0.014299 (+21.3%, 1.5R, sell 40%)
       TP2: $0.016807 (+42.5%, 3.0R, sell 35%)
       TP3: $0.020152 (+70.9%, 5.0R, sell 25%)

  [46] OP          score= 118.3  ST=5/6  price=$0.108410      24h= +5.50%  vol=$ 12.1M
       TF:  1D= 78  12H=102  6H=118  4H=130  2H=145  1H=135
       Bonuses: RS vs BTC 7d +7.5% | funding -0.0252%/8h  (+8 pts)
       Entry: $0.108410  |  Stop: $0.092148 (-15.00%)  |  Risk: $1500 (1.50% acct)
       Position: $10000 (10.00% acct, qty 92242.4131)
       TP1: $0.132802 (+22.5%, 1.5R, sell 40%)
       TP2: $0.157194 (+45.0%, 3.0R, sell 35%)
       TP3: $0.189718 (+75.0%, 5.0R, sell 25%)

  [47] ARB         score= 118.3  ST=4/6  price=$0.085750      24h= +8.80%  vol=$ 12.0M
       TF:  1D= 70  12H= 69  6H=141  4H=164  2H=134  1H=161
       Bonuses: RSI div 1D (bullish) | 1H pre-pump (obv_stealth_accum)  (+7 pts)
       Entry: $0.085750  |  Stop: $0.075383 (-12.09%)  |  Risk: $1500 (1.50% acct)
       Position: $12407 (12.41% acct, qty 144687.8876)
       TP1: $0.101301 (+18.1%, 1.5R, sell 40%)
       TP2: $0.116851 (+36.3%, 3.0R, sell 35%)
       TP3: $0.137586 (+60.5%, 5.0R, sell 25%)

  [48] GALA        score= 118.3  ST=4/6  price=$0.002737      24h= +7.75%  vol=$  9.7M
       TF:  1D= 74  12H= 95  6H=132  4H=146  2H=122  1H=152
       Bonuses: 1H pre-pump (obv_stealth_accum) | RS vs BTC 7d +0.3%  (+7 pts)
       Entry: $0.002737  |  Stop: $0.002437 (-10.98%)  |  Risk: $1500 (1.50% acct)
       Position: $13665 (13.67% acct, qty 4992867.3324)
       TP1: $0.003188 (+16.5%, 1.5R, sell 40%)
       TP2: $0.003638 (+32.9%, 3.0R, sell 35%)
       TP3: $0.004239 (+54.9%, 5.0R, sell 25%)

  [49] LINEA       score= 118.3  ST=4/6  price=$0.002606      24h= +7.51%  vol=$  2.2M
       TF:  1D= 94  12H= 86  6H=149  4H=141  2H=141  1H=144
       Entry: $0.002606  |  Stop: $0.002263 (-13.15%)  |  Risk: $1500 (1.50% acct)
       Position: $11405 (11.40% acct, qty 4376367.6149)
       TP1: $0.003120 (+19.7%, 1.5R, sell 40%)
       TP2: $0.003634 (+39.5%, 3.0R, sell 35%)
       TP3: $0.004320 (+65.8%, 5.0R, sell 25%)

  [50] XRP         score= 118.0  ST=4/6  price=$1.185200      24h=+13.00%  vol=$503.5M
       TF:  1D= 74  12H= 88  6H=155  4H=154  2H=149  1H=155
       Entry: $1.185200  |  Stop: $1.088718 (-8.14%)  |  Risk: $1500 (1.50% acct)
       Position: $18426 (18.43% acct, qty 15546.9184)
       TP1: $1.329923 (+12.2%, 1.5R, sell 40%)
       TP2: $1.474646 (+24.4%, 3.0R, sell 35%)
       TP3: $1.667611 (+40.7%, 5.0R, sell 25%)

--------------------------------------------------------------------------------
  WATCH  —  43 coin(s)  (worth tracking)
--------------------------------------------------------------------------------
  #   Symbol      Score  ST         Price    24h%   Vol $M  TF breakdown
  ------------------------------------------------------------------------------
    1 JELLYJELLY  110.5  2/6  $   0.077790 -15.06%  $   28.0  1D=158  12H=136  6H=109  4H= 73  2H= 30  1H= 32
    2 H           109.6  2/6  $   0.477760 -26.50%  $  307.6  1D=116  12H=141  6H=128  4H=100  2H= 61  1H= 24
    3 COAI        105.4  2/6  $   0.345300  -7.78%  $    8.7  1D=131  12H=116  6H= 96  4H= 82  2H= 41  1H= 59
    4 ONT         104.9  2/6  $   0.048900  +6.19%  $    1.5  1D= 74  12H= 84  6H=133  4H=135  2H=124  1H=103
    5 ETHBTC       99.8  4/6  $   0.026259  +5.12%  $    1.6  1D= 20  12H=104  6H=131  4H=145  2H=141  1H=151
    6 MERL         99.6  4/6  $   0.021120 +13.27%  $    1.7  1D= 60  12H= 72  6H=120  4H=139  2H=134  1H=135
    7 SKY          99.4  3/6  $   0.057530  +1.98%  $    2.2  1D= 43  12H= 71  6H= 92  4H=153  2H=167  1H=144
    8 EDEN         99.3  4/6  $   0.047460  -2.52%  $    4.5  1D= 90  12H=112  6H=100  4H=101  2H=107  1H= 87
    9 WAL          97.4  4/6  $   0.034690 +12.01%  $    3.4  1D= 57  12H= 83  6H=122  4H=124  2H=134  1H=119
   10 RESOLV       96.9  3/6  $   0.017860  +6.24%  $    1.1  1D= 60  12H= 82  6H= 92  4H=129  2H=129  1H=131
   11 ZORA         96.8  3/6  $   0.008570  +3.42%  $    1.0  1D= 39  12H= 90  6H= 89  4H=128  2H=136  1H=150
   12 SKR          96.6  3/6  $   0.009819  +0.00%  $    2.2  1D= 71  12H= 92  6H=112  4H=106  2H= 73  1H= 99
   13 ZBT          96.4  2/6  $   0.115180  +2.82%  $    2.2  1D= 88  12H= 71  6H= 52  4H= 95  2H=126  1H=134
   14 NIGHT        94.8  3/6  $   0.032000  +8.92%  $    1.1  1D= 44  12H= 82  6H= 87  4H=116  2H=137  1H=142
   15 POWER        94.4  4/6  $   0.076800 +12.20%  $    1.1  1D=109  12H= 80  6H= 58  4H= 64  2H= 92  1H=135
   16 MOVE         94.3  4/6  $   0.012030  +6.35%  $    1.3  1D= 74  12H= 89  6H= 57  4H=104  2H=115  1H=148
   17 POL          93.8  4/6  $   0.076900  +5.62%  $    4.3  1D= 26  12H= 80  6H=128  4H=132  2H=134  1H=134
   18 SPK          93.5  3/6  $   0.020056  +4.89%  $    1.5  1D= 70  12H= 81  6H=100  4H=116  2H=111  1H= 70
   19 ID           92.7  4/6  $   0.028360  +1.97%  $    2.4  1D= 75  12H=113  6H= 42  4H= 88  2H= 65  1H=118
   20 APT          92.5  3/6  $   0.680300  +8.05%  $   15.1  1D= 55  12H= 67  6H=  0  4H=148  2H=153  1H=161
   21 IP           91.5  3/6  $   0.303000  +7.13%  $   11.4  1D= 42  12H= 74  6H=103  4H=136  2H=143  1H=119
   22 PEAQ         91.0  3/6  $   0.022231  +9.34%  $    1.2  1D= 56  12H= 76  6H= 86  4H= 97  2H=151  1H=145
   23 GENIUS       90.9  2/6  $   0.493900  -3.16%  $    3.0  1D= 87  12H= 81  6H= 90  4H=119  2H= 83  1H= 20
   24 RECALL       90.3  4/6  $   0.036050 +11.84%  $    1.1  1D= 21  12H= 86  6H=119  4H=127  2H=134  1H=142
   25 CHZ          88.2  3/6  $   0.025720  +3.53%  $    3.3  1D= 52  12H= 80  6H= 85  4H=112  2H= 82  1H=112
   26 MITO         87.8  3/6  $   0.021370  -2.51%  $    1.1  1D= 90  12H= 96  6H= 99  4H=107  2H= 72  1H= 39
   27 DEXE         85.6  3/6  $  17.882000  +6.36%  $    2.9  1D= 93  12H= 82  6H= 51  4H= 70  2H= 79  1H=155
   28 MIRA         84.9  2/6  $   0.055900  +1.28%  $    1.7  1D= 75  12H= 78  6H= 74  4H= 94  2H=112  1H= 97
   29 DYDX         83.4  3/6  $   0.123550  +8.00%  $    2.8  1D= 25  12H= 67  6H= 82  4H=110  2H=142  1H=152
   30 TRX          83.1  3/6  $   0.321560  +0.35%  $   13.7  1D= 39  12H= 60  6H= 94  4H=130  2H=115  1H= 98
   31 BEAT         82.2  1/6  $   5.490700 -24.95%  $   89.2  1D=139  12H= 86  6H= 33  4H= 24  2H= 46  1H= 40
   32 M            81.9  3/6  $   2.982300  -1.40%  $    2.2  1D= 59  12H= 75  6H= 97  4H=103  2H=109  1H= 73
   33 HMSTR        79.5  1/6  $   0.000166  -5.47%  $    3.8  1D=112  12H= 51  6H= 46  4H= 24  2H= 76  1H=103
   34 VELVET       79.2  0/6  $   0.361680  -5.53%  $   15.5  1D=121  12H= 63  6H= 16  4H= 58  2H= 46  1H= 41
   35 1000BONK     75.6  2/6  $   0.004656 +17.45%  $   15.6  1D= 65  12H= 82  6H=149  4H=  0  2H=  0  1H=136
   36 ARC          75.0  1/6  $   0.081540  -2.47%  $    1.6  1D=148  12H= 56  6H= 30  4H= 25  2H= 38  1H= 95
   37 SAHARA       73.8  1/6  $   0.014938  +5.49%  $    8.0  1D= 34  12H= 29  6H= 60  4H=104  2H=109  1H=158
   38 AIO          73.6  1/6  $   0.113250  -2.54%  $    1.2  1D=131  12H= 59  6H= 36  4H= 34  2H= 71  1H= 61
   39 ESPORTS      71.9  1/6  $   0.059570 +37.38%  $   29.8  1D=105  12H= 68  6H= 46  4H= 54  2H= 61  1H= 46
   40 HNT          71.5  1/6  $   0.304900  +4.88%  $    1.7  1D= 42  12H= 58  6H= 85  4H= 95  2H= 84  1H= 91
   41 EPIC         71.3  3/6  $   0.512600  -4.61%  $    1.1  1D=102  12H= 93  6H= 58  4H= 37  2H= 37  1H= 55
   42 RIVER        70.5  3/6  $   4.746000  +8.86%  $    2.5  1D= 25  12H= 37  6H= 72  4H= 98  2H=125  1H=156
   43 RAVE         70.3  1/6  $   0.311280  +5.52%  $    3.8  1D= 31  12H= 23  6H= 96  4H= 90  2H= 99  1H=132

================================================================================
2026-06-15 19:33:48,564 [INFO]   Saved → trend_v3_LATEST.txt, trend_v3_LATEST.json, trend_v3_20260615_193348.txt
2026-06-15 21:33:08,690 [INFO] ================================================================
2026-06-15 21:33:08,692 [INFO] TREND SCANNER v3.0
2026-06-15 21:33:08,693 [INFO] ================================================================
2026-06-15 21:33:08,693 [INFO] Building universe (Bybit perps)...
2026-06-15 21:33:09,341 [INFO]   Universe (post-filter): 261 coins
2026-06-15 21:33:09,342 [INFO] Fetching BTC 1D for regime detection...
2026-06-15 21:33:10,135 [INFO]   Regime: BULL  |  BTC 7d +3.81%  |  24h +2.00%
2026-06-15 21:33:10,136 [INFO] Scanning 261 coins across 6 timeframes...
2026-06-15 21:33:10,136 [INFO] (this is the slowest scanner — first run ~10min, subsequent ~2-3min)
2026-06-15 21:33:43,788 [INFO]   ...20/261  (surfaced: 19)
2026-06-15 21:34:21,712 [INFO]   ...40/261  (surfaced: 36)
2026-06-15 21:35:00,815 [INFO]   ...60/261  (surfaced: 54)
2026-06-15 21:35:39,850 [INFO]   ...80/261  (surfaced: 72)
2026-06-15 21:36:19,023 [INFO]   ...100/261  (surfaced: 89)
2026-06-15 21:36:55,435 [INFO]   ...120/261  (surfaced: 104)
2026-06-15 21:37:35,644 [INFO]   ...140/261  (surfaced: 119)
2026-06-15 21:38:15,590 [INFO]   ...160/261  (surfaced: 132)
2026-06-15 21:38:57,425 [INFO]   ...180/261  (surfaced: 149)
2026-06-15 21:39:38,544 [INFO]   ...200/261  (surfaced: 162)
2026-06-15 21:40:16,683 [INFO]   ...220/261  (surfaced: 178)
2026-06-15 21:40:58,947 [INFO]   ...240/261  (surfaced: 193)
2026-06-15 21:41:39,570 [INFO]   ...260/261  (surfaced: 210)
2026-06-15 21:41:41,453 [INFO] Done in 513s  |  scanned=230  failed=31  strong=27  long=50  watch=46
2026-06-15 21:41:41,456 [INFO] 
================================================================================
  TREND SCANNER v3.0  —  multi-timeframe confirmation + trade plans
  Generated  : 2026-06-15 21:41:41
  Universe   : 261 Bybit perps  |  Scanned: 230
  Scan time  : 513s
================================================================================

  Regime     : 🟢 BULL
               BTC 7d +3.81%  |  24h +2.00%  |  $65,746

  Account    : $100,000  |  Risk/trade: 1.5%

  Tiers (bull):  STRONG ≥ 130 & ST≥4  |  LONG ≥ 100 & ST≥3  |  WATCH ≥ 70

  TF weights : 1D×0.28 · 12H×0.2 · 6H×0.15 · 4H×0.15 · 2H×0.12 · 1H×0.1

--------------------------------------------------------------------------------
  STRONG  —  27 coin(s)  (highest conviction, full position)
--------------------------------------------------------------------------------

  [ 1] EVAA        score= 155.4  ST=6/6  price=$0.711600      24h=+75.06%  vol=$ 69.3M
       TF:  1D=129  12H=154  6H=147  4H=147  2H=161  1H=151
       Bonuses: RSI div 1D (bullish) | RS vs BTC 7d +104.9%  (+10 pts)
       Entry: $0.711600  |  Stop: $0.604860 (-15.00%)  |  Risk: $1500 (1.50% acct)
       Position: $10000 (10.00% acct, qty 14052.8387)
       TP1: $0.871710 (+22.5%, 1.5R, sell 40%)
       TP2: $1.031820 (+45.0%, 3.0R, sell 35%)
       TP3: $1.245300 (+75.0%, 5.0R, sell 25%)

  [ 2] LIT         score= 154.3  ST=6/6  price=$1.685400      24h= +6.04%  vol=$ 14.8M
       TF:  1D=135  12H=149  6H=160  4H=139  2H=157  1H=120
       Bonuses: 1H pre-pump (bb_squeeze, obv_divergence, obv_stealth_accum) | RS vs BTC 7d +13.9%  (+11 pts)
       Entry: $1.685400  |  Stop: $1.432590 (-15.00%)  |  Risk: $1500 (1.50% acct)
       Position: $10000 (10.00% acct, qty 5933.3096)
       TP1: $2.064615 (+22.5%, 1.5R, sell 40%)
       TP2: $2.443830 (+45.0%, 3.0R, sell 35%)
       TP3: $2.949450 (+75.0%, 5.0R, sell 25%)

  [ 3] WLD         score= 149.6  ST=6/6  price=$0.523000      24h=+19.48%  vol=$258.0M
       TF:  1D=137  12H=135  6H=167  4H=133  2H=150  1H=112
       Bonuses: RSI div 1D (hidden_bullish) | 1H pre-pump (obv_divergence) | RS vs BTC 7d +7.2%  (+10 pts)
       Entry: $0.523000  |  Stop: $0.444550 (-15.00%)  |  Risk: $1500 (1.50% acct)
       Position: $10000 (10.00% acct, qty 19120.4589)
       TP1: $0.640675 (+22.5%, 1.5R, sell 40%)
       TP2: $0.758350 (+45.0%, 3.0R, sell 35%)
       TP3: $0.915250 (+75.0%, 5.0R, sell 25%)

  [ 4] AKT         score= 149.1  ST=6/6  price=$0.804100      24h= +6.46%  vol=$  5.6M
       TF:  1D=148  12H=132  6H=159  4H=135  2H=155  1H=136
       Bonuses: RS vs BTC 7d +23.8%  (+5 pts)
       Entry: $0.804100  |  Stop: $0.686489 (-14.63%)  |  Risk: $1500 (1.50% acct)
       Position: $10255 (10.26% acct, qty 12753.9401)
       TP1: $0.980516 (+21.9%, 1.5R, sell 40%)
       TP2: $1.156932 (+43.9%, 3.0R, sell 35%)
       TP3: $1.392154 (+73.1%, 5.0R, sell 25%)

  [ 5] UAI         score= 147.5  ST=6/6  price=$0.299290      24h=+17.50%  vol=$ 15.2M
       TF:  1D=149  12H=175  6H=152  4H=137  2H=151  1H= 93
       Entry: $0.299290  |  Stop: $0.254397 (-15.00%)  |  Risk: $1500 (1.50% acct)
       Position: $10000 (10.00% acct, qty 33412.4094)
       TP1: $0.366630 (+22.5%, 1.5R, sell 40%)
       TP2: $0.433970 (+45.0%, 3.0R, sell 35%)
       TP3: $0.523757 (+75.0%, 5.0R, sell 25%)

  [ 6] GPS         score= 144.5  ST=6/6  price=$0.008002      24h=+20.42%  vol=$  2.5M
       TF:  1D=114  12H=139  6H=152  4H=147  2H=136  1H=156
       Bonuses: RSI div 1D (hidden_bullish) | RS vs BTC 7d +2.8%  (+8 pts)
       Entry: $0.008002  |  Stop: $0.006802 (-15.00%)  |  Risk: $1500 (1.50% acct)
       Position: $10000 (10.00% acct, qty 1249687.5781)
       TP1: $0.009802 (+22.5%, 1.5R, sell 40%)
       TP2: $0.011603 (+45.0%, 3.0R, sell 35%)
       TP3: $0.014004 (+75.0%, 5.0R, sell 25%)

  [ 7] CC          score= 144.2  ST=6/6  price=$0.161420      24h= +4.09%  vol=$  3.8M
       TF:  1D=123  12H=153  6H=159  4H=122  2H=152  1H=168
       Bonuses: 1H pre-pump (obv_stealth_accum)  (+2 pts)
       Entry: $0.161420  |  Stop: $0.145193 (-10.05%)  |  Risk: $1500 (1.50% acct)
       Position: $14922 (14.92% acct, qty 92439.7491)
       TP1: $0.185760 (+15.1%, 1.5R, sell 40%)
       TP2: $0.210100 (+30.2%, 3.0R, sell 35%)
       TP3: $0.242554 (+50.3%, 5.0R, sell 25%)

  [ 8] SQD         score= 142.7  ST=6/6  price=$0.041070      24h= +5.71%  vol=$  1.7M
       TF:  1D=117  12H=150  6H=156  4H=150  2H=121  1H= 75
       Bonuses: RSI div 1D (bullish) | 1H pre-pump (bb_squeeze) | RS vs BTC 7d +20.0%  (+12 pts)
       Entry: $0.041070  |  Stop: $0.034910 (-15.00%)  |  Risk: $1500 (1.50% acct)
       Position: $10000 (10.00% acct, qty 243486.7300)
       TP1: $0.050311 (+22.5%, 1.5R, sell 40%)
       TP2: $0.059552 (+45.0%, 3.0R, sell 35%)
       TP3: $0.071873 (+75.0%, 5.0R, sell 25%)

  [ 9] ROAM        score= 140.7  ST=6/6  price=$0.008761      24h=+32.23%  vol=$  5.3M
       TF:  1D=100  12H=130  6H=153  4H=146  2H=175  1H=138
       Bonuses: 1H pre-pump (obv_divergence) | RS vs BTC 7d +42.6%  (+7 pts)
       Entry: $0.008761  |  Stop: $0.007447 (-15.00%)  |  Risk: $1500 (1.50% acct)
       Position: $10000 (10.00% acct, qty 1141422.2121)
       TP1: $0.010732 (+22.5%, 1.5R, sell 40%)
       TP2: $0.012703 (+45.0%, 3.0R, sell 35%)
       TP3: $0.015332 (+75.0%, 5.0R, sell 25%)

  [10] US          score= 138.7  ST=6/6  price=$0.012334      24h=+15.18%  vol=$  1.1M
       TF:  1D=133  12H=115  6H=161  4H=151  2H=144  1H=114
       Bonuses: RSI div 1D (hidden_bullish)  (+3 pts)
       Entry: $0.012334  |  Stop: $0.010484 (-15.00%)  |  Risk: $1500 (1.50% acct)
       Position: $10000 (10.00% acct, qty 810766.9856)
       TP1: $0.015109 (+22.5%, 1.5R, sell 40%)
       TP2: $0.017884 (+45.0%, 3.0R, sell 35%)
       TP3: $0.021584 (+75.0%, 5.0R, sell 25%)

  [11] GRASS       score= 137.7  ST=5/6  price=$0.433800      24h=+17.88%  vol=$ 16.1M
       TF:  1D= 83  12H=129  6H=159  4H=140  2H=155  1H=152
       Bonuses: RSI div 1D (hidden_bullish) | 1H pre-pump (obv_stealth_accum) | RS vs BTC 7d +22.3%  (+10 pts)
       Entry: $0.433800  |  Stop: $0.368730 (-15.00%)  |  Risk: $1500 (1.50% acct)
       Position: $10000 (10.00% acct, qty 23052.0977)
       TP1: $0.531405 (+22.5%, 1.5R, sell 40%)
       TP2: $0.629010 (+45.0%, 3.0R, sell 35%)
       TP3: $0.759150 (+75.0%, 5.0R, sell 25%)

  [12] CLO         score= 137.5  ST=5/6  price=$0.191270      24h= +2.13%  vol=$ 32.8M
       TF:  1D=154  12H=157  6H=159  4H=142  2H=116  1H= 39
       Entry: $0.191270  |  Stop: $0.162579 (-15.00%)  |  Risk: $1500 (1.50% acct)
       Position: $10000 (10.00% acct, qty 52282.1143)
       TP1: $0.234306 (+22.5%, 1.5R, sell 40%)
       TP2: $0.277342 (+45.0%, 3.0R, sell 35%)
       TP3: $0.334722 (+75.0%, 5.0R, sell 25%)

  [13] TAO         score= 137.3  ST=6/6  price=$270.840000    24h= +1.89%  vol=$165.0M
       TF:  1D=122  12H=142  6H=159  4H=157  2H=103  1H= 80
       Bonuses: 1H pre-pump (obv_divergence) | RS vs BTC 7d +22.8%  (+7 pts)
       Entry: $270.840000  |  Stop: $236.513571 (-12.67%)  |  Risk: $1500 (1.50% acct)
       Position: $11835 (11.84% acct, qty 43.6981)
       TP1: $322.329643 (+19.0%, 1.5R, sell 40%)
       TP2: $373.819286 (+38.0%, 3.0R, sell 35%)
       TP3: $442.472143 (+63.4%, 5.0R, sell 25%)

  [14] TRUTH       score= 137.2  ST=4/6  price=$0.012483      24h= +8.80%  vol=$  1.1M
       TF:  1D= 98  12H=155  6H=156  4H=128  2H=112  1H=147
       Bonuses: RSI div 1D (hidden_bullish) | RS vs BTC 7d +7.2%  (+8 pts)
       Entry: $0.012483  |  Stop: $0.010611 (-15.00%)  |  Risk: $1500 (1.50% acct)
       Position: $10000 (10.00% acct, qty 801089.4817)
       TP1: $0.015292 (+22.5%, 1.5R, sell 40%)
       TP2: $0.018100 (+45.0%, 3.0R, sell 35%)
       TP3: $0.021845 (+75.0%, 5.0R, sell 25%)

  [15] JCT         score= 136.9  ST=6/6  price=$0.006069      24h= -3.00%  vol=$  4.0M
       TF:  1D=153  12H=141  6H=131  4H=116  2H=108  1H= 89
       Bonuses: 1H pre-pump (bb_squeeze) | RS vs BTC 7d +22.9%  (+7 pts)
       Entry: $0.006069  |  Stop: $0.005159 (-15.00%)  |  Risk: $1500 (1.50% acct)
       Position: $10000 (10.00% acct, qty 1647636.4655)
       TP1: $0.007435 (+22.5%, 1.5R, sell 40%)
       TP2: $0.008800 (+45.0%, 3.0R, sell 35%)
       TP3: $0.010621 (+75.0%, 5.0R, sell 25%)

  [16] NEAR        score= 136.8  ST=4/6  price=$2.216200      24h=+17.57%  vol=$186.5M
       TF:  1D=116  12H=110  6H=145  4H=150  2H=118  1H=139
       Bonuses: RSI div 1D (hidden_bullish) | 1H pre-pump (obv_divergence) | RS vs BTC 7d +3.9%  (+10 pts)
       Entry: $2.216200  |  Stop: $1.883770 (-15.00%)  |  Risk: $1500 (1.50% acct)
       Position: $10000 (10.00% acct, qty 4512.2281)
       TP1: $2.714845 (+22.5%, 1.5R, sell 40%)
       TP2: $3.213490 (+45.0%, 3.0R, sell 35%)
       TP3: $3.878350 (+75.0%, 5.0R, sell 25%)

  [17] JTO         score= 136.4  ST=6/6  price=$0.558400      24h=+38.37%  vol=$ 61.0M
       TF:  1D=118  12H=131  6H=154  4H=152  2H=147  1H=136
       Entry: $0.558400  |  Stop: $0.474640 (-15.00%)  |  Risk: $1500 (1.50% acct)
       Position: $10000 (10.00% acct, qty 17908.3095)
       TP1: $0.684040 (+22.5%, 1.5R, sell 40%)
       TP2: $0.809680 (+45.0%, 3.0R, sell 35%)
       TP3: $0.977200 (+75.0%, 5.0R, sell 25%)

  [18] KMNO        score= 135.2  ST=5/6  price=$0.017850      24h=+10.92%  vol=$  1.1M
       TF:  1D= 87  12H=112  6H=148  4H=154  2H=154  1H=167
       Bonuses: RS vs BTC 7d +13.6% | funding -0.0147%/8h  (+8 pts)
       Entry: $0.017850  |  Stop: $0.015230 (-14.68%)  |  Risk: $1500 (1.50% acct)
       Position: $10221 (10.22% acct, qty 572597.1370)
       TP1: $0.021779 (+22.0%, 1.5R, sell 40%)
       TP2: $0.025709 (+44.0%, 3.0R, sell 35%)
       TP3: $0.030948 (+73.4%, 5.0R, sell 25%)

  [19] HYPE        score= 134.9  ST=5/6  price=$63.857000     24h=+11.73%  vol=$465.0M
       TF:  1D= 98  12H=133  6H=145  4H=144  2H=142  1H=135
       Bonuses: 1H pre-pump (obv_stealth_accum) | RS vs BTC 7d +3.1%  (+7 pts)
       Entry: $63.857000  |  Stop: $54.278450 (-15.00%)  |  Risk: $1500 (1.50% acct)
       Position: $10000 (10.00% acct, qty 156.5999)
       TP1: $78.224825 (+22.5%, 1.5R, sell 40%)
       TP2: $92.592650 (+45.0%, 3.0R, sell 35%)
       TP3: $111.749750 (+75.0%, 5.0R, sell 25%)

  [20] ESP         score= 134.9  ST=5/6  price=$0.072150      24h= +3.26%  vol=$  1.1M
       TF:  1D=129  12H=140  6H=141  4H=155  2H=126  1H= 63
       Bonuses: RS vs BTC 7d +4.2%  (+5 pts)
       Entry: $0.072150  |  Stop: $0.061825 (-14.31%)  |  Risk: $1500 (1.50% acct)
       Position: $10481 (10.48% acct, qty 145273.4253)
       TP1: $0.087638 (+21.5%, 1.5R, sell 40%)
       TP2: $0.103126 (+42.9%, 3.0R, sell 35%)
       TP3: $0.123777 (+71.5%, 5.0R, sell 25%)

  [21] MEME        score= 134.1  ST=6/6  price=$0.000632      24h= -0.72%  vol=$  2.7M
       TF:  1D=147  12H=151  6H=142  4H=131  2H= 83  1H= 38
       Bonuses: RSI div 1D (hidden_bullish) | RS vs BTC 7d +3.3%  (+8 pts)
       Entry: $0.000632  |  Stop: $0.000538 (-15.00%)  |  Risk: $1500 (1.50% acct)
       Position: $10000 (10.00% acct, qty 15812776.7236)
       TP1: $0.000775 (+22.5%, 1.5R, sell 40%)
       TP2: $0.000917 (+45.0%, 3.0R, sell 35%)
       TP3: $0.001107 (+75.0%, 5.0R, sell 25%)

  [22] KAITO       score= 133.8  ST=4/6  price=$0.474000      24h= +3.15%  vol=$  2.0M
       TF:  1D= 99  12H=122  6H=137  4H=140  2H=120  1H=137
       Bonuses: RSI div 1D (bullish) | 1H pre-pump (obv_stealth_accum) | RS vs BTC 7d +0.7%  (+12 pts)
       Entry: $0.474000  |  Stop: $0.421254 (-11.13%)  |  Risk: $1500 (1.50% acct)
       Position: $13480 (13.48% acct, qty 28437.9443)
       TP1: $0.553120 (+16.7%, 1.5R, sell 40%)
       TP2: $0.632239 (+33.4%, 3.0R, sell 35%)
       TP3: $0.737732 (+55.6%, 5.0R, sell 25%)

  [23] BABY        score= 132.8  ST=6/6  price=$0.017766      24h=+14.33%  vol=$ 12.8M
       TF:  1D=103  12H=105  6H=132  4H=145  2H=166  1H=165
       Bonuses: RS vs BTC 7d +2.0%  (+5 pts)
       Entry: $0.017766  |  Stop: $0.015101 (-15.00%)  |  Risk: $1500 (1.50% acct)
       Position: $10000 (10.00% acct, qty 562872.9033)
       TP1: $0.021763 (+22.5%, 1.5R, sell 40%)
       TP2: $0.025761 (+45.0%, 3.0R, sell 35%)
       TP3: $0.031091 (+75.0%, 5.0R, sell 25%)

  [24] XPL         score= 131.5  ST=5/6  price=$0.089470      24h= +4.96%  vol=$ 29.7M
       TF:  1D=105  12H=110  6H=142  4H=124  2H=144  1H=139
       Bonuses: 1H pre-pump (obv_divergence, obv_stealth_accum) | RS vs BTC 7d +25.4%  (+9 pts)
       Entry: $0.089470  |  Stop: $0.076050 (-15.00%)  |  Risk: $1500 (1.50% acct)
       Position: $10000 (10.00% acct, qty 111769.3081)
       TP1: $0.109601 (+22.5%, 1.5R, sell 40%)
       TP2: $0.129731 (+45.0%, 3.0R, sell 35%)
       TP3: $0.156573 (+75.0%, 5.0R, sell 25%)

  [25] EIGEN       score= 130.9  ST=4/6  price=$0.203290      24h=+11.82%  vol=$ 12.5M
       TF:  1D=106  12H=100  6H=150  4H=135  2H=150  1H=135
       Bonuses: 1H pre-pump (obv_stealth_accum) | RS vs BTC 7d +9.3%  (+7 pts)
       Entry: $0.203290  |  Stop: $0.172796 (-15.00%)  |  Risk: $1500 (1.50% acct)
       Position: $10000 (10.00% acct, qty 49190.8112)
       TP1: $0.249030 (+22.5%, 1.5R, sell 40%)
       TP2: $0.294770 (+45.0%, 3.0R, sell 35%)
       TP3: $0.355758 (+75.0%, 5.0R, sell 25%)

  [26] AERO        score= 130.5  ST=5/6  price=$0.377900      24h=+21.20%  vol=$ 12.4M
       TF:  1D= 75  12H=131  6H=154  4H=154  2H=143  1H=149
       Bonuses: RS vs BTC 7d +8.5%  (+5 pts)
       Entry: $0.377900  |  Stop: $0.337357 (-10.73%)  |  Risk: $1500 (1.50% acct)
       Position: $13982 (13.98% acct, qty 36997.8858)
       TP1: $0.438714 (+16.1%, 1.5R, sell 40%)
       TP2: $0.499529 (+32.2%, 3.0R, sell 35%)
       TP3: $0.580614 (+53.6%, 5.0R, sell 25%)

  [27] ORCA        score= 130.5  ST=6/6  price=$1.146400      24h= +3.53%  vol=$  2.5M
       TF:  1D=119  12H=109  6H=112  4H=106  2H=128  1H=133
       Bonuses: 1H pre-pump (bb_squeeze, obv_divergence, obv_stealth_accum) | RS vs BTC 7d +5.9% | funding -0.0355%/8h  (+14 pts)
       Entry: $1.146400  |  Stop: $0.994911 (-13.21%)  |  Risk: $1500 (1.50% acct)
       Position: $11351 (11.35% acct, qty 9901.6904)
       TP1: $1.373634 (+19.8%, 1.5R, sell 40%)
       TP2: $1.600868 (+39.6%, 3.0R, sell 35%)
       TP3: $1.903846 (+66.1%, 5.0R, sell 25%)

--------------------------------------------------------------------------------
  LONG  —  50 coin(s)  (tradeable trend)
--------------------------------------------------------------------------------

  [ 1] CRV         score= 129.7  ST=5/6  price=$0.235700      24h= +4.50%  vol=$  8.2M
       TF:  1D=121  12H=141  6H=114  4H=126  2H=120  1H=102
       Bonuses: 1H pre-pump (bb_squeeze) | RS vs BTC 7d +16.1%  (+7 pts)
       Entry: $0.235700  |  Stop: $0.207061 (-12.15%)  |  Risk: $1500 (1.50% acct)
       Position: $12345 (12.34% acct, qty 52375.6079)
       TP1: $0.278659 (+18.2%, 1.5R, sell 40%)
       TP2: $0.321618 (+36.5%, 3.0R, sell 35%)
       TP3: $0.378896 (+60.8%, 5.0R, sell 25%)

  [ 2] IO          score= 129.3  ST=6/6  price=$0.178730      24h= +8.10%  vol=$  4.5M
       TF:  1D=141  12H=139  6H=158  4H=116  2H= 86  1H= 56
       Bonuses: RS vs BTC 7d +25.8%  (+5 pts)
       Entry: $0.178730  |  Stop: $0.151921 (-15.00%)  |  Risk: $1500 (1.50% acct)
       Position: $10000 (10.00% acct, qty 55950.3161)
       TP1: $0.218944 (+22.5%, 1.5R, sell 40%)
       TP2: $0.259159 (+45.0%, 3.0R, sell 35%)
       TP3: $0.312777 (+75.0%, 5.0R, sell 25%)

  [ 3] BASED       score= 129.2  ST=5/6  price=$0.071790      24h=+11.16%  vol=$  5.4M
       TF:  1D= 79  12H=158  6H=153  4H=146  2H=144  1H=114
       Bonuses: 1H pre-pump (obv_stealth_accum)  (+2 pts)
       Entry: $0.071790  |  Stop: $0.061021 (-15.00%)  |  Risk: $1500 (1.50% acct)
       Position: $10000 (10.00% acct, qty 139295.1665)
       TP1: $0.087943 (+22.5%, 1.5R, sell 40%)
       TP2: $0.104095 (+45.0%, 3.0R, sell 35%)
       TP3: $0.125633 (+75.0%, 5.0R, sell 25%)

  [ 4] CAKE        score= 129.1  ST=5/6  price=$1.387800      24h= +4.28%  vol=$  1.2M
       TF:  1D= 81  12H=114  6H=150  4H=139  2H=146  1H=157
       Bonuses: 1H pre-pump (obv_stealth_accum) | RS vs BTC 7d +5.7%  (+7 pts)
       Entry: $1.387800  |  Stop: $1.267446 (-8.67%)  |  Risk: $1500 (1.50% acct)
       Position: $17297 (17.30% acct, qty 12463.2778)
       TP1: $1.568330 (+13.0%, 1.5R, sell 40%)
       TP2: $1.748861 (+26.0%, 3.0R, sell 35%)
       TP3: $1.989568 (+43.4%, 5.0R, sell 25%)

  [ 5] APEX        score= 127.9  ST=5/6  price=$0.298200      24h= +7.78%  vol=$  1.3M
       TF:  1D= 77  12H=139  6H=154  4H=132  2H=147  1H=130
       Bonuses: RS vs BTC 7d +10.7%  (+5 pts)
       Entry: $0.298200  |  Stop: $0.269025 (-9.78%)  |  Risk: $1500 (1.50% acct)
       Position: $15332 (15.33% acct, qty 51413.8817)
       TP1: $0.341963 (+14.7%, 1.5R, sell 40%)
       TP2: $0.385725 (+29.4%, 3.0R, sell 35%)
       TP3: $0.444075 (+48.9%, 5.0R, sell 25%)

  [ 6] BLUAI       score= 127.9  ST=5/6  price=$0.014084      24h= -1.59%  vol=$  1.1M
       TF:  1D=117  12H=128  6H= 95  4H=151  2H=126  1H= 95
       Bonuses: RSI div 1D (hidden_bullish) | RS vs BTC 7d +9.5%  (+8 pts)
       Entry: $0.014084  |  Stop: $0.011971 (-15.00%)  |  Risk: $1500 (1.50% acct)
       Position: $10000 (10.00% acct, qty 710025.5609)
       TP1: $0.017253 (+22.5%, 1.5R, sell 40%)
       TP2: $0.020422 (+45.0%, 3.0R, sell 35%)
       TP3: $0.024647 (+75.0%, 5.0R, sell 25%)

  [ 7] JUP         score= 127.4  ST=5/6  price=$0.179400      24h=+13.99%  vol=$ 12.3M
       TF:  1D= 74  12H=118  6H=144  4H=153  2H=144  1H=162
       Bonuses: RS vs BTC 7d +10.8%  (+5 pts)
       Entry: $0.179400  |  Stop: $0.154151 (-14.07%)  |  Risk: $1500 (1.50% acct)
       Position: $10658 (10.66% acct, qty 59407.6211)
       TP1: $0.217274 (+21.1%, 1.5R, sell 40%)
       TP2: $0.255148 (+42.2%, 3.0R, sell 35%)
       TP3: $0.305646 (+70.4%, 5.0R, sell 25%)

  [ 8] KAS         score= 127.1  ST=5/6  price=$0.032270      24h= +4.58%  vol=$  3.5M
       TF:  1D= 98  12H=121  6H=160  4H=139  2H=132  1H=128
       Bonuses: 1H pre-pump (obv_stealth_accum)  (+2 pts)
       Entry: $0.032270  |  Stop: $0.028834 (-10.65%)  |  Risk: $1500 (1.50% acct)
       Position: $14087 (14.09% acct, qty 436545.0577)
       TP1: $0.037424 (+16.0%, 1.5R, sell 40%)
       TP2: $0.042578 (+31.9%, 3.0R, sell 35%)
       TP3: $0.049450 (+53.2%, 5.0R, sell 25%)

  [ 9] WLFI        score= 126.1  ST=5/6  price=$0.059790      24h= +2.96%  vol=$ 13.7M
       TF:  1D=109  12H=126  6H=158  4H=115  2H=112  1H= 90
       Bonuses: 1H pre-pump (obv_stealth_accum) | RS vs BTC 7d +0.7%  (+7 pts)
       Entry: $0.059790  |  Stop: $0.053540 (-10.45%)  |  Risk: $1500 (1.50% acct)
       Position: $14350 (14.35% acct, qty 240013.7151)
       TP1: $0.069164 (+15.7%, 1.5R, sell 40%)
       TP2: $0.078539 (+31.4%, 3.0R, sell 35%)
       TP3: $0.091038 (+52.3%, 5.0R, sell 25%)

  [10] ZEC         score= 126.0  ST=5/6  price=$472.100000    24h=+22.45%  vol=$358.9M
       TF:  1D= 69  12H=127  6H=151  4H=134  2H=136  1H=142
       Bonuses: RSI div 1D (hidden_bullish) | RS vs BTC 7d +3.4%  (+8 pts)
       Entry: $472.100000  |  Stop: $401.285000 (-15.00%)  |  Risk: $1500 (1.50% acct)
       Position: $10000 (10.00% acct, qty 21.1820)
       TP1: $578.322500 (+22.5%, 1.5R, sell 40%)
       TP2: $684.545000 (+45.0%, 3.0R, sell 35%)
       TP3: $826.175000 (+75.0%, 5.0R, sell 25%)

  [11] XCN         score= 124.4  ST=4/6  price=$0.004107      24h= +1.20%  vol=$  1.1M
       TF:  1D= 75  12H= 78  6H=166  4H=116  2H=146  1H=140
       Bonuses: RSI div 1D (bullish) | 1H pre-pump (obv_divergence, obv_stealth_accum) | RS vs BTC 7d +4.9%  (+14 pts)
       Entry: $0.004107  |  Stop: $0.003659 (-10.91%)  |  Risk: $1500 (1.50% acct)
       Position: $13746 (13.75% acct, qty 3346880.2295)
       TP1: $0.004779 (+16.4%, 1.5R, sell 40%)
       TP2: $0.005452 (+32.7%, 3.0R, sell 35%)
       TP3: $0.006348 (+54.6%, 5.0R, sell 25%)

  [12] SPX         score= 123.9  ST=4/6  price=$0.337000      24h= +3.97%  vol=$  4.5M
       TF:  1D= 87  12H=106  6H=164  4H=146  2H=158  1H= 79
       Bonuses: RS vs BTC 7d +2.3%  (+5 pts)
       Entry: $0.337000  |  Stop: $0.291089 (-13.62%)  |  Risk: $1500 (1.50% acct)
       Position: $11010 (11.01% acct, qty 32672.1120)
       TP1: $0.405866 (+20.4%, 1.5R, sell 40%)
       TP2: $0.474732 (+40.9%, 3.0R, sell 35%)
       TP3: $0.566554 (+68.1%, 5.0R, sell 25%)

  [13] FHE         score= 123.6  ST=5/6  price=$0.023720      24h= +7.11%  vol=$  2.3M
       TF:  1D= 59  12H=134  6H=164  4H=128  2H=150  1H= 85
       Bonuses: RSI div 1D (bullish) | RS vs BTC 7d +20.5%  (+10 pts)
       Entry: $0.023720  |  Stop: $0.020162 (-15.00%)  |  Risk: $1500 (1.50% acct)
       Position: $10000 (10.00% acct, qty 421585.1602)
       TP1: $0.029057 (+22.5%, 1.5R, sell 40%)
       TP2: $0.034394 (+45.0%, 3.0R, sell 35%)
       TP3: $0.041510 (+75.0%, 5.0R, sell 25%)

  [14] USELESS     score= 123.5  ST=4/6  price=$0.073940      24h=+15.45%  vol=$  8.7M
       TF:  1D= 96  12H=101  6H=130  4H=146  2H=134  1H=119
       Bonuses: 1H pre-pump (obv_stealth_accum) | RS vs BTC 7d +6.4%  (+7 pts)
       Entry: $0.073940  |  Stop: $0.062849 (-15.00%)  |  Risk: $1500 (1.50% acct)
       Position: $10000 (10.00% acct, qty 135244.7931)
       TP1: $0.090577 (+22.5%, 1.5R, sell 40%)
       TP2: $0.107213 (+45.0%, 3.0R, sell 35%)
       TP3: $0.129395 (+75.0%, 5.0R, sell 25%)

  [15] BOME        score= 123.5  ST=4/6  price=$0.000448      24h=+10.13%  vol=$  2.1M
       TF:  1D= 63  12H= 82  6H=155  4H=146  2H=148  1H=166
       Bonuses: RSI div 1D (hidden_bullish) | 1H pre-pump (obv_stealth_accum) | RS vs BTC 7d +4.5%  (+10 pts)
       Entry: $0.000448  |  Stop: $0.000391 (-12.79%)  |  Risk: $1500 (1.50% acct)
       Position: $11723 (11.72% acct, qty 26168224.2991)
       TP1: $0.000534 (+19.2%, 1.5R, sell 40%)
       TP2: $0.000620 (+38.4%, 3.0R, sell 35%)
       TP3: $0.000735 (+64.0%, 5.0R, sell 25%)

  [16] EGLD        score= 123.0  ST=4/6  price=$2.965000      24h= +6.55%  vol=$  3.5M
       TF:  1D= 84  12H= 89  6H=125  4H=136  2H=144  1H=162
       Bonuses: RSI div 1D (bullish) | 1H pre-pump (obv_divergence, obv_stealth_accum)  (+9 pts)
       Entry: $2.965000  |  Stop: $2.651929 (-10.56%)  |  Risk: $1500 (1.50% acct)
       Position: $14206 (14.21% acct, qty 4791.2389)
       TP1: $3.434607 (+15.8%, 1.5R, sell 40%)
       TP2: $3.904214 (+31.7%, 3.0R, sell 35%)
       TP3: $4.530357 (+52.8%, 5.0R, sell 25%)

  [17] ENSO        score= 122.4  ST=4/6  price=$0.641500      24h= +9.41%  vol=$  1.9M
       TF:  1D= 87  12H= 86  6H=152  4H=140  2H=140  1H=152
       Bonuses: RS vs BTC 7d +8.0%  (+5 pts)
       Entry: $0.641500  |  Stop: $0.555529 (-13.40%)  |  Risk: $1500 (1.50% acct)
       Position: $11193 (11.19% acct, qty 17447.6570)
       TP1: $0.770457 (+20.1%, 1.5R, sell 40%)
       TP2: $0.899414 (+40.2%, 3.0R, sell 35%)
       TP3: $1.071357 (+67.0%, 5.0R, sell 25%)

  [18] API3        score= 122.4  ST=4/6  price=$0.269800      24h= +6.77%  vol=$  1.2M
       TF:  1D=102  12H= 91  6H=137  4H=127  2H=139  1H=124
       Bonuses: 1H pre-pump (obv_stealth_accum) | RS vs BTC 7d +0.9%  (+7 pts)
       Entry: $0.269800  |  Stop: $0.240700 (-10.79%)  |  Risk: $1500 (1.50% acct)
       Position: $13907 (13.91% acct, qty 51546.3918)
       TP1: $0.313450 (+16.2%, 1.5R, sell 40%)
       TP2: $0.357100 (+32.4%, 3.0R, sell 35%)
       TP3: $0.415300 (+53.9%, 5.0R, sell 25%)

  [19] ATOM        score= 121.7  ST=6/6  price=$2.005900      24h= -1.34%  vol=$ 10.5M
       TF:  1D=115  12H=127  6H=153  4H=125  2H= 84  1H= 43
       Bonuses: RS vs BTC 7d +13.3% | funding -0.0173%/8h  (+8 pts)
       Entry: $2.005900  |  Stop: $1.811854 (-9.67%)  |  Risk: $1500 (1.50% acct)
       Position: $15506 (15.51% acct, qty 7730.1088)
       TP1: $2.296970 (+14.5%, 1.5R, sell 40%)
       TP2: $2.588039 (+29.0%, 3.0R, sell 35%)
       TP3: $2.976132 (+48.4%, 5.0R, sell 25%)

  [20] PUFFER      score= 121.5  ST=6/6  price=$0.018330      24h=-11.75%  vol=$  8.3M
       TF:  1D=128  12H=119  6H=117  4H=137  2H=102  1H= 65
       Bonuses: RS vs BTC 7d +19.4%  (+5 pts)
       Entry: $0.018330  |  Stop: $0.015581 (-15.00%)  |  Risk: $1500 (1.50% acct)
       Position: $10000 (10.00% acct, qty 545553.7370)
       TP1: $0.022454 (+22.5%, 1.5R, sell 40%)
       TP2: $0.026579 (+45.0%, 3.0R, sell 35%)
       TP3: $0.032078 (+75.0%, 5.0R, sell 25%)

  [21] FOLKS       score= 121.3  ST=6/6  price=$1.777600      24h=+12.15%  vol=$  1.2M
       TF:  1D=127  12H= 91  6H=111  4H=119  2H=125  1H=160
       Bonuses: RS vs BTC 7d +8.0%  (+2 pts)
       Entry: $1.777600  |  Stop: $1.510960 (-15.00%)  |  Risk: $1500 (1.50% acct)
       Position: $10000 (10.00% acct, qty 5625.5626)
       TP1: $2.177560 (+22.5%, 1.5R, sell 40%)
       TP2: $2.577520 (+45.0%, 3.0R, sell 35%)
       TP3: $3.110800 (+75.0%, 5.0R, sell 25%)

  [22] PNUT        score= 121.1  ST=4/6  price=$0.045390      24h= +4.91%  vol=$  1.5M
       TF:  1D= 85  12H= 82  6H=133  4H=133  2H=150  1H=130
       Bonuses: 1H pre-pump (obv_stealth_accum) | RS vs BTC 7d +4.2% | funding -0.0136%/8h  (+10 pts)
       Entry: $0.045390  |  Stop: $0.039598 (-12.76%)  |  Risk: $1500 (1.50% acct)
       Position: $11755 (11.75% acct, qty 258971.5131)
       TP1: $0.054078 (+19.1%, 1.5R, sell 40%)
       TP2: $0.062766 (+38.3%, 3.0R, sell 35%)
       TP3: $0.074351 (+63.8%, 5.0R, sell 25%)

  [23] WIF         score= 121.0  ST=4/6  price=$0.164680      24h= +7.91%  vol=$ 20.8M
       TF:  1D= 67  12H= 82  6H=139  4H=153  2H=148  1H=153
       Bonuses: 1H pre-pump (obv_divergence, obv_stealth_accum) | RS vs BTC 7d +0.0%  (+9 pts)
       Entry: $0.164680  |  Stop: $0.142236 (-13.63%)  |  Risk: $1500 (1.50% acct)
       Position: $11006 (11.01% acct, qty 66832.1558)
       TP1: $0.198346 (+20.4%, 1.5R, sell 40%)
       TP2: $0.232013 (+40.9%, 3.0R, sell 35%)
       TP3: $0.276901 (+68.2%, 5.0R, sell 25%)

  [24] S           score= 120.9  ST=4/6  price=$0.032220      24h= +9.76%  vol=$  2.3M
       TF:  1D= 75  12H= 97  6H=132  4H=134  2H=150  1H=156
       Bonuses: 1H pre-pump (obv_stealth_accum) | RS vs BTC 7d +4.3%  (+7 pts)
       Entry: $0.032220  |  Stop: $0.027980 (-13.16%)  |  Risk: $1500 (1.50% acct)
       Position: $11400 (11.40% acct, qty 353803.3864)
       TP1: $0.038579 (+19.7%, 1.5R, sell 40%)
       TP2: $0.044939 (+39.5%, 3.0R, sell 35%)
       TP3: $0.053418 (+65.8%, 5.0R, sell 25%)

  [25] SUI         score= 120.1  ST=4/6  price=$0.802600      24h= +7.00%  vol=$ 78.1M
       TF:  1D= 73  12H= 82  6H=149  4H=145  2H=166  1H=122
       Bonuses: 1H pre-pump (obv_stealth_accum) | RS vs BTC 7d +2.1%  (+7 pts)
       Entry: $0.802600  |  Stop: $0.717957 (-10.55%)  |  Risk: $1500 (1.50% acct)
       Position: $14223 (14.22% acct, qty 17721.5190)
       TP1: $0.929564 (+15.8%, 1.5R, sell 40%)
       TP2: $1.056529 (+31.6%, 3.0R, sell 35%)
       TP3: $1.225814 (+52.7%, 5.0R, sell 25%)

  [26] IMX         score= 120.1  ST=4/6  price=$0.146120      24h= +4.51%  vol=$  1.1M
       TF:  1D= 77  12H= 88  6H=165  4H=143  2H=138  1H=112
       Bonuses: 1H pre-pump (obv_stealth_accum) | RS vs BTC 7d +4.0%  (+7 pts)
       Entry: $0.146120  |  Stop: $0.128616 (-11.98%)  |  Risk: $1500 (1.50% acct)
       Position: $12522 (12.52% acct, qty 85695.0480)
       TP1: $0.172376 (+18.0%, 1.5R, sell 40%)
       TP2: $0.198632 (+35.9%, 3.0R, sell 35%)
       TP3: $0.233640 (+59.9%, 5.0R, sell 25%)

  [27] DOT         score= 119.9  ST=4/6  price=$0.997000      24h= +7.19%  vol=$ 18.6M
       TF:  1D= 71  12H= 67  6H=139  4H=152  2H=158  1H=170
       Bonuses: RSI div 1D (bullish) | 1H pre-pump (obv_stealth_accum)  (+7 pts)
       Entry: $0.997000  |  Stop: $0.891475 (-10.58%)  |  Risk: $1500 (1.50% acct)
       Position: $14172 (14.17% acct, qty 14214.6411)
       TP1: $1.155288 (+15.9%, 1.5R, sell 40%)
       TP2: $1.313575 (+31.8%, 3.0R, sell 35%)
       TP3: $1.524625 (+52.9%, 5.0R, sell 25%)

  [28] SHIB1000    score= 119.8  ST=4/6  price=$0.005041      24h= +3.24%  vol=$ 10.7M
       TF:  1D= 63  12H= 82  6H=170  4H=141  2H=154  1H=136
       Bonuses: 1H pre-pump (obv_stealth_accum) | RS vs BTC 7d +3.0%  (+7 pts)
       Entry: $0.005041  |  Stop: $0.004630 (-8.14%)  |  Risk: $1500 (1.50% acct)
       Position: $18417 (18.42% acct, qty 3653444.6764)
       TP1: $0.005657 (+12.2%, 1.5R, sell 40%)
       TP2: $0.006273 (+24.4%, 3.0R, sell 35%)
       TP3: $0.007094 (+40.7%, 5.0R, sell 25%)

  [29] VIRTUAL     score= 119.5  ST=5/6  price=$0.641600      24h= +5.19%  vol=$ 24.6M
       TF:  1D= 85  12H=107  6H=131  4H=150  2H=128  1H= 98
       Bonuses: 1H pre-pump (obv_stealth_accum) | RS vs BTC 7d +6.8%  (+7 pts)
       Entry: $0.641600  |  Stop: $0.547796 (-14.62%)  |  Risk: $1500 (1.50% acct)
       Position: $10260 (10.26% acct, qty 15990.8624)
       TP1: $0.782305 (+21.9%, 1.5R, sell 40%)
       TP2: $0.923011 (+43.9%, 3.0R, sell 35%)
       TP3: $1.110618 (+73.1%, 5.0R, sell 25%)

  [30] AAVE        score= 119.3  ST=5/6  price=$68.280000     24h=+13.53%  vol=$ 41.5M
       TF:  1D= 57  12H=114  6H=149  4H=147  2H=126  1H=160
       Bonuses: RS vs BTC 7d +3.4%  (+5 pts)
       Entry: $68.280000  |  Stop: $60.642857 (-11.19%)  |  Risk: $1500 (1.50% acct)
       Position: $13411 (13.41% acct, qty 196.4085)
       TP1: $79.735714 (+16.8%, 1.5R, sell 40%)
       TP2: $91.191429 (+33.6%, 3.0R, sell 35%)
       TP3: $106.465714 (+55.9%, 5.0R, sell 25%)

  [31] MEGA        score= 119.2  ST=6/6  price=$0.062870      24h= -2.21%  vol=$ 17.1M
       TF:  1D=108  12H=110  6H=149  4H=126  2H= 83  1H= 58
       Bonuses: RSI div 1D (bullish) | RS vs BTC 7d +25.9%  (+10 pts)
       Entry: $0.062870  |  Stop: $0.053440 (-15.00%)  |  Risk: $1500 (1.50% acct)
       Position: $10000 (10.00% acct, qty 159058.3744)
       TP1: $0.077016 (+22.5%, 1.5R, sell 40%)
       TP2: $0.091162 (+45.0%, 3.0R, sell 35%)
       TP3: $0.110022 (+75.0%, 5.0R, sell 25%)

  [32] MNT         score= 119.0  ST=4/6  price=$0.568400      24h= +4.97%  vol=$ 10.9M
       TF:  1D= 66  12H=102  6H=149  4H=129  2H=170  1H=100
       Bonuses: RS vs BTC 7d +0.8% | funding -0.0124%/8h  (+8 pts)
       Entry: $0.568400  |  Stop: $0.526282 (-7.41%)  |  Risk: $1482 (1.48% acct)
       Position: $20000 (20.00% acct, qty 35186.4884)
       TP1: $0.631577 (+11.1%, 1.5R, sell 40%)
       TP2: $0.694754 (+22.2%, 3.0R, sell 35%)
       TP3: $0.778989 (+37.0%, 5.0R, sell 25%)

  [33] UNI         score= 118.7  ST=4/6  price=$2.590000      24h= +8.60%  vol=$ 13.0M
       TF:  1D= 80  12H= 78  6H=139  4H=143  2H=140  1H=166
       Bonuses: RSI div 1D (bullish)  (+5 pts)
       Entry: $2.590000  |  Stop: $2.337143 (-9.76%)  |  Risk: $1500 (1.50% acct)
       Position: $15364 (15.36% acct, qty 5932.2034)
       TP1: $2.969286 (+14.6%, 1.5R, sell 40%)
       TP2: $3.348571 (+29.3%, 3.0R, sell 35%)
       TP3: $3.854286 (+48.8%, 5.0R, sell 25%)

  [34] MOODENG     score= 118.2  ST=4/6  price=$0.041250      24h= +7.58%  vol=$  3.6M
       TF:  1D= 78  12H= 80  6H=135  4H=135  2H=144  1H=136
       Bonuses: 1H pre-pump (obv_divergence, obv_stealth_accum) | RS vs BTC 7d +3.0%  (+9 pts)
       Entry: $0.041250  |  Stop: $0.036050 (-12.61%)  |  Risk: $1500 (1.50% acct)
       Position: $11900 (11.90% acct, qty 288481.3517)
       TP1: $0.049049 (+18.9%, 1.5R, sell 40%)
       TP2: $0.056849 (+37.8%, 3.0R, sell 35%)
       TP3: $0.067248 (+63.0%, 5.0R, sell 25%)

  [35] OPEN        score= 118.1  ST=4/6  price=$0.249640      24h= -0.91%  vol=$  3.5M
       TF:  1D=140  12H=163  6H=132  4H= 83  2H= 46  1H= 35
       Bonuses: RS vs BTC 7d +17.6%  (+5 pts)
       Entry: $0.249640  |  Stop: $0.213784 (-14.36%)  |  Risk: $1500 (1.50% acct)
       Position: $10443 (10.44% acct, qty 41833.5027)
       TP1: $0.303425 (+21.5%, 1.5R, sell 40%)
       TP2: $0.357209 (+43.1%, 3.0R, sell 35%)
       TP3: $0.428922 (+71.8%, 5.0R, sell 25%)

  [36] ENS         score= 118.1  ST=5/6  price=$5.153000      24h= +9.87%  vol=$  3.4M
       TF:  1D= 68  12H= 96  6H=149  4H=136  2H=122  1H=145
       Bonuses: RS vs BTC 7d +5.5% | funding -0.0137%/8h  (+8 pts)
       Entry: $5.153000  |  Stop: $4.625857 (-10.23%)  |  Risk: $1500 (1.50% acct)
       Position: $14663 (14.66% acct, qty 2845.5285)
       TP1: $5.943714 (+15.3%, 1.5R, sell 40%)
       TP2: $6.734429 (+30.7%, 3.0R, sell 35%)
       TP3: $7.788714 (+51.1%, 5.0R, sell 25%)

  [37] TIA         score= 117.7  ST=4/6  price=$0.350500      24h= +9.99%  vol=$ 12.7M
       TF:  1D= 62  12H= 81  6H=145  4H=145  2H=144  1H=134
       Bonuses: 1H pre-pump (obv_stealth_accum) | RS vs BTC 7d +6.5% | funding -0.0107%/8h  (+10 pts)
       Entry: $0.350500  |  Stop: $0.301696 (-13.92%)  |  Risk: $1500 (1.50% acct)
       Position: $10773 (10.77% acct, qty 30735.4555)
       TP1: $0.423705 (+20.9%, 1.5R, sell 40%)
       TP2: $0.496911 (+41.8%, 3.0R, sell 35%)
       TP3: $0.594518 (+69.6%, 5.0R, sell 25%)

  [38] 1000PEPE    score= 117.6  ST=4/6  price=$0.002916      24h= +6.86%  vol=$ 89.6M
       TF:  1D= 78  12H= 82  6H=149  4H=150  2H=147  1H=149
       Bonuses: 1H pre-pump (obv_stealth_accum)  (+2 pts)
       Entry: $0.002916  |  Stop: $0.002611 (-10.45%)  |  Risk: $1500 (1.50% acct)
       Position: $14359 (14.36% acct, qty 4924375.6595)
       TP1: $0.003373 (+15.7%, 1.5R, sell 40%)
       TP2: $0.003830 (+31.3%, 3.0R, sell 35%)
       TP3: $0.004439 (+52.2%, 5.0R, sell 25%)

  [39] PYTH        score= 117.5  ST=5/6  price=$0.039430      24h= +3.94%  vol=$  4.9M
       TF:  1D= 87  12H=121  6H=136  4H=130  2H=119  1H= 78
       Bonuses: 1H pre-pump (obv_stealth_accum) | RS vs BTC 7d +19.7%  (+7 pts)
       Entry: $0.039430  |  Stop: $0.034144 (-13.41%)  |  Risk: $1500 (1.50% acct)
       Position: $11188 (11.19% acct, qty 283745.4398)
       TP1: $0.047360 (+20.1%, 1.5R, sell 40%)
       TP2: $0.055289 (+40.2%, 3.0R, sell 35%)
       TP3: $0.065862 (+67.0%, 5.0R, sell 25%)

  [40] ZRO         score= 117.2  ST=5/6  price=$0.956900      24h=+21.80%  vol=$ 25.7M
       TF:  1D= 75  12H=123  6H=125  4H=143  2H=122  1H=118
       Bonuses: RS vs BTC 7d +2.5%  (+5 pts)
       Entry: $0.956900  |  Stop: $0.813365 (-15.00%)  |  Risk: $1500 (1.50% acct)
       Position: $10000 (10.00% acct, qty 10450.4128)
       TP1: $1.172203 (+22.5%, 1.5R, sell 40%)
       TP2: $1.387505 (+45.0%, 3.0R, sell 35%)
       TP3: $1.674575 (+75.0%, 5.0R, sell 25%)

  [41] PIEVERSE    score= 117.2  ST=4/6  price=$0.668800      24h=+11.39%  vol=$  4.1M
       TF:  1D= 68  12H= 91  6H=138  4H=150  2H=136  1H=134
       Bonuses: 1H pre-pump (obv_stealth_accum) | RS vs BTC 7d +3.7%  (+7 pts)
       Entry: $0.668800  |  Stop: $0.568480 (-15.00%)  |  Risk: $1500 (1.50% acct)
       Position: $10000 (10.00% acct, qty 14952.1531)
       TP1: $0.819280 (+22.5%, 1.5R, sell 40%)
       TP2: $0.969760 (+45.0%, 3.0R, sell 35%)
       TP3: $1.170400 (+75.0%, 5.0R, sell 25%)

  [42] FARTCOIN    score= 117.0  ST=4/6  price=$0.127180      24h=+12.45%  vol=$ 85.8M
       TF:  1D= 77  12H= 78  6H=149  4H=147  2H=130  1H=148
       Bonuses: RS vs BTC 7d +6.3%  (+5 pts)
       Entry: $0.127180  |  Stop: $0.108103 (-15.00%)  |  Risk: $1500 (1.50% acct)
       Position: $10000 (10.00% acct, qty 78628.7152)
       TP1: $0.155796 (+22.5%, 1.5R, sell 40%)
       TP2: $0.184411 (+45.0%, 3.0R, sell 35%)
       TP3: $0.222565 (+75.0%, 5.0R, sell 25%)

  [43] PENDLE      score= 116.5  ST=4/6  price=$1.385500      24h= +4.67%  vol=$  6.3M
       TF:  1D= 77  12H= 89  6H=153  4H=141  2H=146  1H= 85
       Bonuses: 1H pre-pump (bb_squeeze) | RS vs BTC 7d +5.4%  (+7 pts)
       Entry: $1.385500  |  Stop: $1.215175 (-12.29%)  |  Risk: $1500 (1.50% acct)
       Position: $12202 (12.20% acct, qty 8806.6931)
       TP1: $1.640988 (+18.4%, 1.5R, sell 40%)
       TP2: $1.896475 (+36.9%, 3.0R, sell 35%)
       TP3: $2.237125 (+61.5%, 5.0R, sell 25%)

  [44] ONDO        score= 116.3  ST=3/6  price=$0.367600      24h= +8.10%  vol=$ 59.6M
       TF:  1D= 91  12H= 89  6H=128  4H=123  2H=144  1H= 81
       Bonuses: RSI div 1D (hidden_bullish) | 1H pre-pump (obv_stealth_accum) | RS vs BTC 7d +1.5%  (+10 pts)
       Entry: $0.367600  |  Stop: $0.312460 (-15.00%)  |  Risk: $1500 (1.50% acct)
       Position: $10000 (10.00% acct, qty 27203.4820)
       TP1: $0.450310 (+22.5%, 1.5R, sell 40%)
       TP2: $0.533020 (+45.0%, 3.0R, sell 35%)
       TP3: $0.643300 (+75.0%, 5.0R, sell 25%)

  [45] XMR         score= 116.3  ST=5/6  price=$342.030000    24h= +9.08%  vol=$ 28.4M
       TF:  1D= 82  12H= 98  6H=114  4H=133  2H=131  1H=160
       Bonuses: RS vs BTC 7d +8.9%  (+5 pts)
       Entry: $342.030000  |  Stop: $290.725500 (-15.00%)  |  Risk: $1500 (1.50% acct)
       Position: $10000 (10.00% acct, qty 29.2372)
       TP1: $418.986750 (+22.5%, 1.5R, sell 40%)
       TP2: $495.943500 (+45.0%, 3.0R, sell 35%)
       TP3: $598.552500 (+75.0%, 5.0R, sell 25%)

  [46] COMP        score= 116.3  ST=4/6  price=$17.942000     24h= +3.42%  vol=$  1.2M
       TF:  1D= 66  12H=121  6H=125  4H=129  2H=142  1H= 65
       Bonuses: RSI div 1D (bullish) | 1H pre-pump (obv_stealth_accum) | RS vs BTC 7d +5.1%  (+12 pts)
       Entry: $17.942000  |  Stop: $16.103964 (-10.24%)  |  Risk: $1500 (1.50% acct)
       Position: $14642 (14.64% acct, qty 816.0886)
       TP1: $20.699054 (+15.4%, 1.5R, sell 40%)
       TP2: $23.456107 (+30.7%, 3.0R, sell 35%)
       TP3: $27.132179 (+51.2%, 5.0R, sell 25%)

  [47] LTC         score= 115.9  ST=4/6  price=$45.360000     24h= +2.96%  vol=$ 38.7M
       TF:  1D= 67  12H= 76  6H=139  4H=145  2H=155  1H=137
       Bonuses: 1H pre-pump (obv_stealth_accum) | RS vs BTC 7d +2.2%  (+7 pts)
       Entry: $45.360000  |  Stop: $41.810357 (-7.83%)  |  Risk: $1500 (1.50% acct)
       Position: $19168 (19.17% acct, qty 422.5777)
       TP1: $50.684464 (+11.7%, 1.5R, sell 40%)
       TP2: $56.008929 (+23.5%, 3.0R, sell 35%)
       TP3: $63.108214 (+39.1%, 5.0R, sell 25%)

  [48] SOL         score= 115.7  ST=4/6  price=$71.230000     24h=+10.75%  vol=$998.3M
       TF:  1D= 75  12H= 78  6H=149  4H=147  2H=134  1H=136
       Bonuses: RS vs BTC 7d +3.4%  (+5 pts)
       Entry: $71.230000  |  Stop: $64.073929 (-10.05%)  |  Risk: $1500 (1.50% acct)
       Position: $14931 (14.93% acct, qty 209.6122)
       TP1: $81.964107 (+15.1%, 1.5R, sell 40%)
       TP2: $92.698214 (+30.1%, 3.0R, sell 35%)
       TP3: $107.010357 (+50.2%, 5.0R, sell 25%)

  [49] LDO         score= 115.7  ST=4/6  price=$0.268800      24h= +7.30%  vol=$  6.4M
       TF:  1D= 78  12H= 69  6H=140  4H=138  2H=148  1H=166
       Bonuses: 1H pre-pump (obv_divergence, obv_stealth_accum)  (+4 pts)
       Entry: $0.268800  |  Stop: $0.238725 (-11.19%)  |  Risk: $1500 (1.50% acct)
       Position: $13406 (13.41% acct, qty 49875.3117)
       TP1: $0.313912 (+16.8%, 1.5R, sell 40%)
       TP2: $0.359025 (+33.6%, 3.0R, sell 35%)
       TP3: $0.419175 (+55.9%, 5.0R, sell 25%)

  [50] ARB         score= 115.6  ST=4/6  price=$0.085750      24h= +5.45%  vol=$ 12.3M
       TF:  1D= 70  12H= 69  6H=141  4H=140  2H=156  1H=113
       Bonuses: RSI div 1D (bullish) | 1H pre-pump (obv_stealth_accum) | funding -0.0129%/8h  (+10 pts)
       Entry: $0.085750  |  Stop: $0.075383 (-12.09%)  |  Risk: $1500 (1.50% acct)
       Position: $12407 (12.41% acct, qty 144687.8876)
       TP1: $0.101301 (+18.1%, 1.5R, sell 40%)
       TP2: $0.116851 (+36.3%, 3.0R, sell 35%)
       TP3: $0.137586 (+60.5%, 5.0R, sell 25%)

--------------------------------------------------------------------------------
  WATCH  —  46 coin(s)  (worth tracking)
--------------------------------------------------------------------------------
  #   Symbol      Score  ST         Price    24h%   Vol $M  TF breakdown
  ------------------------------------------------------------------------------
    1 JELLYJELLY  114.5  2/6  $   0.077790 -13.70%  $   27.6  1D=158  12H=136  6H=109  4H= 68  2H= 57  1H= 47
    2 H           104.3  2/6  $   0.477760 -41.01%  $  303.3  1D=116  12H=141  6H=128  4H= 67  2H= 53  1H= 30
    3 COAI        100.2  2/6  $   0.345300 -12.96%  $    8.2  1D=131  12H=116  6H= 96  4H= 69  2H= 27  1H= 43
    4 FIL          99.1  4/6  $   0.794000  +6.06%  $   10.5  1D= 58  12H= 63  6H=142  4H=123  2H=159  1H= 94
    5 NIGHT        99.1  3/6  $   0.032000  +8.39%  $    1.1  1D= 44  12H= 82  6H=132  4H=108  2H=131  1H=137
    6 INIT         98.6  3/6  $   0.059680  +1.51%  $    1.1  1D= 63  12H= 77  6H=136  4H= 91  2H= 95  1H= 71
    7 GRT          98.5  4/6  $   0.020110  +4.72%  $    1.3  1D= 64  12H= 86  6H=148  4H=147  2H=103  1H= 68
    8 SKY          98.3  3/6  $   0.057530  +1.07%  $    2.4  1D= 43  12H= 71  6H=110  4H=137  2H=160  1H=138
    9 KERNEL       98.3  4/6  $   0.048970  +8.19%  $    1.8  1D= 32  12H= 97  6H=134  4H=120  2H=152  1H=116
   10 POWER        98.2  5/6  $   0.076800  +5.81%  $    1.1  1D=109  12H= 80  6H= 80  4H= 63  2H=115  1H=114
   11 ETHBTC       97.7  4/6  $   0.026259  +4.83%  $    1.6  1D= 20  12H=104  6H=137  4H=137  2H=134  1H=141
   12 PEAQ         97.2  3/6  $   0.022231  +7.54%  $    1.2  1D= 56  12H= 76  6H= 99  4H=101  2H=142  1H=173
   13 ID           96.4  4/6  $   0.028360  +0.94%  $    2.6  1D= 75  12H=113  6H= 75  4H= 70  2H= 72  1H=104
   14 POL          96.0  4/6  $   0.076900  +4.51%  $    4.3  1D= 26  12H= 80  6H=128  4H=124  2H=144  1H=156
   15 MORPHO       95.9  5/6  $   1.961500  +0.79%  $    2.1  1D= 87  12H= 99  6H= 96  4H= 94  2H= 74  1H= 64
   16 ONT          95.5  2/6  $   0.048900  +4.02%  $    1.5  1D= 74  12H= 84  6H=111  4H=117  2H=122  1H= 71
   17 MERL         95.4  3/6  $   0.021120 +10.21%  $    1.8  1D= 60  12H= 72  6H=124  4H=139  2H=125  1H= 78
   18 MOVE         94.7  4/6  $   0.012030  +3.97%  $    1.3  1D= 74  12H= 89  6H= 67  4H=119  2H=116  1H=144
   19 NOT          94.0  4/6  $   0.000481  -3.92%  $    2.9  1D=101  12H=132  6H=110  4H= 68  2H= 37  1H= 32
   20 SKR          93.8  3/6  $   0.009819  -1.34%  $    2.1  1D= 71  12H= 92  6H=112  4H= 98  2H= 82  1H= 52
   21 LAB          93.0  4/6  $  11.204000  -0.70%  $   25.7  1D=133  12H= 81  6H= 98  4H=104  2H= 67  1H= 12
   22 SPK          92.7  3/6  $   0.020056  +3.32%  $    1.5  1D= 70  12H= 81  6H=107  4H=110  2H=117  1H= 53
   23 ZBT          92.5  2/6  $   0.115180  +1.79%  $    2.3  1D= 88  12H= 71  6H= 62  4H= 73  2H=100  1H=124
   24 DEXE         92.4  3/6  $  17.882000  +6.21%  $    2.9  1D= 93  12H= 82  6H= 51  4H= 92  2H=100  1H=145
   25 WAL          92.3  4/6  $   0.034690  +8.72%  $    3.5  1D= 57  12H= 83  6H=122  4H=133  2H=118  1H= 73
   26 B3           91.5  4/6  $   0.000589  +2.10%  $    2.0  1D= 71  12H= 65  6H= 89  4H=143  2H=102  1H= 36
   27 NIL          90.5  4/6  $   0.040440  +9.22%  $    4.1  1D= 68  12H= 94  6H=130  4H=127  2H= 86  1H= 38
   28 RECALL       88.5  4/6  $   0.036050  +8.23%  $    1.1  1D= 21  12H= 86  6H=117  4H=119  2H=132  1H=142
   29 AXL          88.4  2/6  $   0.046550  +1.54%  $    1.4  1D= 93  12H= 76  6H=118  4H=  0  2H=108  1H= 35
   30 TRX          85.8  3/6  $   0.321560  +0.52%  $   13.7  1D= 39  12H= 60  6H= 94  4H=131  2H=119  1H= 98
   31 GENIUS       85.3  2/6  $   0.493900  -2.51%  $    3.0  1D= 87  12H= 81  6H= 80  4H=102  2H= 55  1H= 38
   32 IP           84.6  3/6  $   0.303000  +6.96%  $   11.3  1D= 42  12H= 74  6H=103  4H=113  2H=134  1H= 96
   33 ZORA         84.6  3/6  $   0.008570  +1.91%  $    1.0  1D= 39  12H= 90  6H= 82  4H=123  2H=116  1H= 70
   34 VELVET       84.3  0/6  $   0.361680  -3.97%  $   13.5  1D=121  12H= 63  6H= 16  4H= 54  2H= 38  1H= 88
   35 CHZ          83.1  3/6  $   0.025720  +1.68%  $    3.9  1D= 52  12H= 80  6H= 85  4H= 80  2H= 90  1H=100
   36 ARC          82.0  1/6  $   0.081540  -3.14%  $    1.6  1D=148  12H= 56  6H= 25  4H= 52  2H= 86  1H= 75
   37 MITO         81.5  2/6  $   0.021370  -4.25%  $    1.0  1D= 90  12H= 96  6H= 99  4H=108  2H= 35  1H= 18
   38 BEAT         80.8  1/6  $   5.490700 -21.43%  $   90.4  1D=139  12H= 86  6H= 33  4H= 24  2H= 28  1H= 48
   39 AR           80.8  3/6  $   2.064900  +3.47%  $    1.3  1D= 48  12H= 77  6H=  0  4H=138  2H=139  1H= 76
   40 MIRA         80.5  2/6  $   0.055900  -0.02%  $    1.7  1D= 75  12H= 78  6H= 69  4H=102  2H= 84  1H= 52
   41 M            73.4  3/6  $   2.982300  -0.23%  $    2.0  1D= 59  12H= 75  6H= 71  4H= 72  2H= 93  1H= 73
   42 HOME         73.2  3/6  $   0.027652  +6.93%  $   14.1  1D= 57  12H= 45  6H= 38  4H= 80  2H= 99  1H=127
   43 AIO          71.9  1/6  $   0.113250  -0.51%  $    1.1  1D=131  12H= 59  6H= 32  4H= 21  2H= 77  1H= 62
   44 RIVER        71.8  3/6  $   4.746000  +7.81%  $    2.5  1D= 25  12H= 37  6H= 92  4H=112  2H=119  1H=105
   45 ESPORTS      70.3  1/6  $   0.059570  -9.13%  $   21.9  1D=105  12H= 68  6H= 46  4H= 43  2H= 44  1H= 67
   46 HMSTR        70.0  1/6  $   0.000166  -3.03%  $    3.9  1D=112  12H= 51  6H= 46  4H= 18  2H= 62  1H= 64

================================================================================
2026-06-15 21:41:41,509 [INFO]   Saved → trend_v3_LATEST.txt, trend_v3_LATEST.json, trend_v3_20260615_214141.txt
2026-06-15 22:18:31,038 [INFO] ================================================================
2026-06-15 22:18:31,040 [INFO] TREND SCANNER v3.0
2026-06-15 22:18:31,041 [INFO] ================================================================
2026-06-15 22:18:31,041 [INFO] Building universe (Bybit perps)...
2026-06-15 22:18:31,664 [INFO]   Universe (post-filter): 260 coins
2026-06-15 22:18:31,665 [INFO] Fetching BTC 1D for regime detection...
2026-06-15 22:18:31,699 [INFO]   Regime: BULL  |  BTC 7d +3.81%  |  24h +2.00%
2026-06-15 22:18:31,700 [INFO] Scanning 260 coins across 6 timeframes...
2026-06-15 22:18:31,701 [INFO] (this is the slowest scanner — first run ~10min, subsequent ~2-3min)
2026-06-15 22:18:38,076 [INFO]   ...20/260  (surfaced: 19)
2026-06-15 22:18:43,453 [INFO]   ...40/260  (surfaced: 36)
2026-06-15 22:18:48,197 [INFO]   ...60/260  (surfaced: 54)
2026-06-15 22:18:59,591 [INFO]   ...100/260  (surfaced: 89)
2026-06-15 22:19:04,408 [INFO]   ...120/260  (surfaced: 103)
2026-06-15 22:19:09,336 [INFO]   ...140/260  (surfaced: 119)
2026-06-15 22:19:14,097 [INFO]   ...160/260  (surfaced: 132)
2026-06-15 22:19:19,529 [INFO]   ...180/260  (surfaced: 150)
2026-06-15 22:19:24,169 [INFO]   ...200/260  (surfaced: 163)
2026-06-15 22:19:30,840 [INFO]   ...220/260  (surfaced: 178)
2026-06-15 22:19:37,064 [INFO]   ...240/260  (surfaced: 193)
2026-06-15 22:19:43,669 [INFO]   ...260/260  (surfaced: 210)
2026-06-15 22:19:43,671 [INFO] Done in 73s  |  scanned=229  failed=31  strong=27  long=50  watch=45
2026-06-15 22:19:43,678 [INFO] 
================================================================================
  TREND SCANNER v3.0  —  multi-timeframe confirmation + trade plans
  Generated  : 2026-06-15 22:19:43
  Universe   : 260 Bybit perps  |  Scanned: 229
  Scan time  : 73s
================================================================================

  Regime     : 🟢 BULL
               BTC 7d +3.81%  |  24h +2.00%  |  $65,746

  Account    : $100,000  |  Risk/trade: 1.5%

  Tiers (bull):  STRONG ≥ 130 & ST≥4  |  LONG ≥ 100 & ST≥3  |  WATCH ≥ 70

  TF weights : 1D×0.28 · 12H×0.2 · 6H×0.15 · 4H×0.15 · 2H×0.12 · 1H×0.1

--------------------------------------------------------------------------------
  STRONG  —  27 coin(s)  (highest conviction, full position)
--------------------------------------------------------------------------------

  [ 1] EVAA        score= 155.4  ST=6/6  price=$0.711600      24h=+56.61%  vol=$ 70.3M
       TF:  1D=129  12H=154  6H=147  4H=147  2H=161  1H=151
       Bonuses: RSI div 1D (bullish) | RS vs BTC 7d +104.9%  (+10 pts)
       Entry: $0.711600  |  Stop: $0.604860 (-15.00%)  |  Risk: $1500 (1.50% acct)
       Position: $10000 (10.00% acct, qty 14052.8387)
       TP1: $0.871710 (+22.5%, 1.5R, sell 40%)
       TP2: $1.031820 (+45.0%, 3.0R, sell 35%)
       TP3: $1.245300 (+75.0%, 5.0R, sell 25%)

  [ 2] LIT         score= 154.3  ST=6/6  price=$1.685400      24h= +5.36%  vol=$ 15.0M
       TF:  1D=135  12H=149  6H=160  4H=139  2H=157  1H=120
       Bonuses: 1H pre-pump (bb_squeeze, obv_divergence, obv_stealth_accum) | RS vs BTC 7d +13.9%  (+11 pts)
       Entry: $1.685400  |  Stop: $1.432590 (-15.00%)  |  Risk: $1500 (1.50% acct)
       Position: $10000 (10.00% acct, qty 5933.3096)
       TP1: $2.064615 (+22.5%, 1.5R, sell 40%)
       TP2: $2.443830 (+45.0%, 3.0R, sell 35%)
       TP3: $2.949450 (+75.0%, 5.0R, sell 25%)

  [ 3] WLD         score= 149.6  ST=6/6  price=$0.523000      24h=+17.38%  vol=$262.1M
       TF:  1D=137  12H=135  6H=167  4H=133  2H=150  1H=112
       Bonuses: RSI div 1D (hidden_bullish) | 1H pre-pump (obv_divergence) | RS vs BTC 7d +7.2%  (+10 pts)
       Entry: $0.523000  |  Stop: $0.444550 (-15.00%)  |  Risk: $1500 (1.50% acct)
       Position: $10000 (10.00% acct, qty 19120.4589)
       TP1: $0.640675 (+22.5%, 1.5R, sell 40%)
       TP2: $0.758350 (+45.0%, 3.0R, sell 35%)
       TP3: $0.915250 (+75.0%, 5.0R, sell 25%)

  [ 4] AKT         score= 149.1  ST=6/6  price=$0.804100      24h= +7.95%  vol=$  5.6M
       TF:  1D=148  12H=132  6H=159  4H=135  2H=155  1H=136
       Bonuses: RS vs BTC 7d +23.8%  (+5 pts)
       Entry: $0.804100  |  Stop: $0.686489 (-14.63%)  |  Risk: $1500 (1.50% acct)
       Position: $10255 (10.26% acct, qty 12753.9401)
       TP1: $0.980516 (+21.9%, 1.5R, sell 40%)
       TP2: $1.156932 (+43.9%, 3.0R, sell 35%)
       TP3: $1.392154 (+73.1%, 5.0R, sell 25%)

  [ 5] UAI         score= 147.5  ST=6/6  price=$0.299290      24h=+16.32%  vol=$ 15.4M
       TF:  1D=149  12H=175  6H=152  4H=137  2H=151  1H= 93
       Entry: $0.299290  |  Stop: $0.254397 (-15.00%)  |  Risk: $1500 (1.50% acct)
       Position: $10000 (10.00% acct, qty 33412.4094)
       TP1: $0.366630 (+22.5%, 1.5R, sell 40%)
       TP2: $0.433970 (+45.0%, 3.0R, sell 35%)
       TP3: $0.523757 (+75.0%, 5.0R, sell 25%)

  [ 6] GPS         score= 144.5  ST=6/6  price=$0.008002      24h=+21.07%  vol=$  2.5M
       TF:  1D=114  12H=139  6H=152  4H=147  2H=136  1H=156
       Bonuses: RSI div 1D (hidden_bullish) | RS vs BTC 7d +2.8%  (+8 pts)
       Entry: $0.008002  |  Stop: $0.006802 (-15.00%)  |  Risk: $1500 (1.50% acct)
       Position: $10000 (10.00% acct, qty 1249687.5781)
       TP1: $0.009802 (+22.5%, 1.5R, sell 40%)
       TP2: $0.011603 (+45.0%, 3.0R, sell 35%)
       TP3: $0.014004 (+75.0%, 5.0R, sell 25%)

  [ 7] CC          score= 144.2  ST=6/6  price=$0.161420      24h= +3.20%  vol=$  4.0M
       TF:  1D=123  12H=153  6H=159  4H=122  2H=152  1H=168
       Bonuses: 1H pre-pump (obv_stealth_accum)  (+2 pts)
       Entry: $0.161420  |  Stop: $0.145193 (-10.05%)  |  Risk: $1500 (1.50% acct)
       Position: $14922 (14.92% acct, qty 92439.7491)
       TP1: $0.185760 (+15.1%, 1.5R, sell 40%)
       TP2: $0.210100 (+30.2%, 3.0R, sell 35%)
       TP3: $0.242554 (+50.3%, 5.0R, sell 25%)

  [ 8] ROAM        score= 143.7  ST=6/6  price=$0.008761      24h=+36.45%  vol=$  5.8M
       TF:  1D=100  12H=130  6H=153  4H=146  2H=175  1H=138
       Bonuses: 1H pre-pump (obv_divergence) | RS vs BTC 7d +42.6% | funding -0.0370%/8h  (+10 pts)
       Entry: $0.008761  |  Stop: $0.007447 (-15.00%)  |  Risk: $1500 (1.50% acct)
       Position: $10000 (10.00% acct, qty 1141422.2121)
       TP1: $0.010732 (+22.5%, 1.5R, sell 40%)
       TP2: $0.012703 (+45.0%, 3.0R, sell 35%)
       TP3: $0.015332 (+75.0%, 5.0R, sell 25%)

  [ 9] SQD         score= 142.7  ST=6/6  price=$0.041070      24h= +4.92%  vol=$  1.7M
       TF:  1D=117  12H=150  6H=156  4H=150  2H=121  1H= 75
       Bonuses: RSI div 1D (bullish) | 1H pre-pump (bb_squeeze) | RS vs BTC 7d +20.0%  (+12 pts)
       Entry: $0.041070  |  Stop: $0.034910 (-15.00%)  |  Risk: $1500 (1.50% acct)
       Position: $10000 (10.00% acct, qty 243486.7300)
       TP1: $0.050311 (+22.5%, 1.5R, sell 40%)
       TP2: $0.059552 (+45.0%, 3.0R, sell 35%)
       TP3: $0.071873 (+75.0%, 5.0R, sell 25%)

  [10] US          score= 138.7  ST=6/6  price=$0.012334      24h=+15.89%  vol=$  1.1M
       TF:  1D=133  12H=115  6H=161  4H=151  2H=144  1H=114
       Bonuses: RSI div 1D (hidden_bullish)  (+3 pts)
       Entry: $0.012334  |  Stop: $0.010484 (-15.00%)  |  Risk: $1500 (1.50% acct)
       Position: $10000 (10.00% acct, qty 810766.9856)
       TP1: $0.015109 (+22.5%, 1.5R, sell 40%)
       TP2: $0.017884 (+45.0%, 3.0R, sell 35%)
       TP3: $0.021584 (+75.0%, 5.0R, sell 25%)

  [11] GRASS       score= 137.7  ST=5/6  price=$0.433800      24h=+14.15%  vol=$ 16.1M
       TF:  1D= 83  12H=129  6H=159  4H=140  2H=155  1H=152
       Bonuses: RSI div 1D (hidden_bullish) | 1H pre-pump (obv_stealth_accum) | RS vs BTC 7d +22.3%  (+10 pts)
       Entry: $0.433800  |  Stop: $0.368730 (-15.00%)  |  Risk: $1500 (1.50% acct)
       Position: $10000 (10.00% acct, qty 23052.0977)
       TP1: $0.531405 (+22.5%, 1.5R, sell 40%)
       TP2: $0.629010 (+45.0%, 3.0R, sell 35%)
       TP3: $0.759150 (+75.0%, 5.0R, sell 25%)

  [12] CLO         score= 137.5  ST=5/6  price=$0.191270      24h= -1.61%  vol=$ 33.1M
       TF:  1D=154  12H=157  6H=159  4H=142  2H=116  1H= 39
       Entry: $0.191270  |  Stop: $0.162579 (-15.00%)  |  Risk: $1500 (1.50% acct)
       Position: $10000 (10.00% acct, qty 52282.1143)
       TP1: $0.234306 (+22.5%, 1.5R, sell 40%)
       TP2: $0.277342 (+45.0%, 3.0R, sell 35%)
       TP3: $0.334722 (+75.0%, 5.0R, sell 25%)

  [13] TAO         score= 137.3  ST=6/6  price=$270.840000    24h= +0.62%  vol=$164.0M
       TF:  1D=122  12H=142  6H=159  4H=157  2H=103  1H= 80
       Bonuses: 1H pre-pump (obv_divergence) | RS vs BTC 7d +22.8%  (+7 pts)
       Entry: $270.840000  |  Stop: $236.513571 (-12.67%)  |  Risk: $1500 (1.50% acct)
       Position: $11835 (11.84% acct, qty 43.6981)
       TP1: $322.329643 (+19.0%, 1.5R, sell 40%)
       TP2: $373.819286 (+38.0%, 3.0R, sell 35%)
       TP3: $442.472143 (+63.4%, 5.0R, sell 25%)

  [14] TRUTH       score= 137.2  ST=4/6  price=$0.012483      24h=+10.39%  vol=$  1.1M
       TF:  1D= 98  12H=155  6H=156  4H=128  2H=112  1H=147
       Bonuses: RSI div 1D (hidden_bullish) | RS vs BTC 7d +7.2%  (+8 pts)
       Entry: $0.012483  |  Stop: $0.010611 (-15.00%)  |  Risk: $1500 (1.50% acct)
       Position: $10000 (10.00% acct, qty 801089.4817)
       TP1: $0.015292 (+22.5%, 1.5R, sell 40%)
       TP2: $0.018100 (+45.0%, 3.0R, sell 35%)
       TP3: $0.021845 (+75.0%, 5.0R, sell 25%)

  [15] JCT         score= 136.9  ST=6/6  price=$0.006069      24h= -1.20%  vol=$  3.9M
       TF:  1D=153  12H=141  6H=131  4H=116  2H=108  1H= 89
       Bonuses: 1H pre-pump (bb_squeeze) | RS vs BTC 7d +22.9%  (+7 pts)
       Entry: $0.006069  |  Stop: $0.005159 (-15.00%)  |  Risk: $1500 (1.50% acct)
       Position: $10000 (10.00% acct, qty 1647636.4655)
       TP1: $0.007435 (+22.5%, 1.5R, sell 40%)
       TP2: $0.008800 (+45.0%, 3.0R, sell 35%)
       TP3: $0.010621 (+75.0%, 5.0R, sell 25%)

  [16] NEAR        score= 136.8  ST=4/6  price=$2.216200      24h=+14.46%  vol=$186.2M
       TF:  1D=116  12H=110  6H=145  4H=150  2H=118  1H=139
       Bonuses: RSI div 1D (hidden_bullish) | 1H pre-pump (obv_divergence) | RS vs BTC 7d +3.9%  (+10 pts)
       Entry: $2.216200  |  Stop: $1.883770 (-15.00%)  |  Risk: $1500 (1.50% acct)
       Position: $10000 (10.00% acct, qty 4512.2281)
       TP1: $2.714845 (+22.5%, 1.5R, sell 40%)
       TP2: $3.213490 (+45.0%, 3.0R, sell 35%)
       TP3: $3.878350 (+75.0%, 5.0R, sell 25%)

  [17] JTO         score= 136.4  ST=6/6  price=$0.558400      24h=+36.03%  vol=$ 63.5M
       TF:  1D=118  12H=131  6H=154  4H=152  2H=147  1H=136
       Entry: $0.558400  |  Stop: $0.474640 (-15.00%)  |  Risk: $1500 (1.50% acct)
       Position: $10000 (10.00% acct, qty 17908.3095)
       TP1: $0.684040 (+22.5%, 1.5R, sell 40%)
       TP2: $0.809680 (+45.0%, 3.0R, sell 35%)
       TP3: $0.977200 (+75.0%, 5.0R, sell 25%)

  [18] HYPE        score= 134.9  ST=5/6  price=$63.857000     24h=+10.37%  vol=$460.9M
       TF:  1D= 98  12H=133  6H=145  4H=144  2H=142  1H=135
       Bonuses: 1H pre-pump (obv_stealth_accum) | RS vs BTC 7d +3.1%  (+7 pts)
       Entry: $63.857000  |  Stop: $54.278450 (-15.00%)  |  Risk: $1500 (1.50% acct)
       Position: $10000 (10.00% acct, qty 156.5999)
       TP1: $78.224825 (+22.5%, 1.5R, sell 40%)
       TP2: $92.592650 (+45.0%, 3.0R, sell 35%)
       TP3: $111.749750 (+75.0%, 5.0R, sell 25%)

  [19] ESP         score= 134.9  ST=5/6  price=$0.072150      24h= +1.99%  vol=$  1.1M
       TF:  1D=129  12H=140  6H=141  4H=155  2H=126  1H= 63
       Bonuses: RS vs BTC 7d +4.2%  (+5 pts)
       Entry: $0.072150  |  Stop: $0.061825 (-14.31%)  |  Risk: $1500 (1.50% acct)
       Position: $10481 (10.48% acct, qty 145273.4253)
       TP1: $0.087638 (+21.5%, 1.5R, sell 40%)
       TP2: $0.103126 (+42.9%, 3.0R, sell 35%)
       TP3: $0.123777 (+71.5%, 5.0R, sell 25%)

  [20] MEME        score= 134.1  ST=6/6  price=$0.000632      24h= -2.30%  vol=$  2.6M
       TF:  1D=147  12H=151  6H=142  4H=131  2H= 83  1H= 38
       Bonuses: RSI div 1D (hidden_bullish) | RS vs BTC 7d +3.3%  (+8 pts)
       Entry: $0.000632  |  Stop: $0.000538 (-15.00%)  |  Risk: $1500 (1.50% acct)
       Position: $10000 (10.00% acct, qty 15812776.7236)
       TP1: $0.000775 (+22.5%, 1.5R, sell 40%)
       TP2: $0.000917 (+45.0%, 3.0R, sell 35%)
       TP3: $0.001107 (+75.0%, 5.0R, sell 25%)

  [21] KAITO       score= 133.8  ST=4/6  price=$0.474000      24h= +2.68%  vol=$  2.0M
       TF:  1D= 99  12H=122  6H=137  4H=140  2H=120  1H=137
       Bonuses: RSI div 1D (bullish) | 1H pre-pump (obv_stealth_accum) | RS vs BTC 7d +0.7%  (+12 pts)
       Entry: $0.474000  |  Stop: $0.421254 (-11.13%)  |  Risk: $1500 (1.50% acct)
       Position: $13480 (13.48% acct, qty 28437.9443)
       TP1: $0.553120 (+16.7%, 1.5R, sell 40%)
       TP2: $0.632239 (+33.4%, 3.0R, sell 35%)
       TP3: $0.737732 (+55.6%, 5.0R, sell 25%)

  [22] BABY        score= 132.8  ST=6/6  price=$0.017766      24h=+11.19%  vol=$ 12.6M
       TF:  1D=103  12H=105  6H=132  4H=145  2H=166  1H=165
       Bonuses: RS vs BTC 7d +2.0%  (+5 pts)
       Entry: $0.017766  |  Stop: $0.015101 (-15.00%)  |  Risk: $1500 (1.50% acct)
       Position: $10000 (10.00% acct, qty 562872.9033)
       TP1: $0.021763 (+22.5%, 1.5R, sell 40%)
       TP2: $0.025761 (+45.0%, 3.0R, sell 35%)
       TP3: $0.031091 (+75.0%, 5.0R, sell 25%)

  [23] KMNO        score= 132.2  ST=5/6  price=$0.017850      24h= +5.47%  vol=$  1.1M
       TF:  1D= 87  12H=112  6H=148  4H=154  2H=154  1H=167
       Bonuses: RS vs BTC 7d +13.6%  (+5 pts)
       Entry: $0.017850  |  Stop: $0.015230 (-14.68%)  |  Risk: $1500 (1.50% acct)
       Position: $10221 (10.22% acct, qty 572597.1370)
       TP1: $0.021779 (+22.0%, 1.5R, sell 40%)
       TP2: $0.025709 (+44.0%, 3.0R, sell 35%)
       TP3: $0.030948 (+73.4%, 5.0R, sell 25%)

  [24] XPL         score= 131.5  ST=5/6  price=$0.089470      24h= +2.23%  vol=$ 28.8M
       TF:  1D=105  12H=110  6H=142  4H=124  2H=144  1H=139
       Bonuses: 1H pre-pump (obv_divergence, obv_stealth_accum) | RS vs BTC 7d +25.4%  (+9 pts)
       Entry: $0.089470  |  Stop: $0.076050 (-15.00%)  |  Risk: $1500 (1.50% acct)
       Position: $10000 (10.00% acct, qty 111769.3081)
       TP1: $0.109601 (+22.5%, 1.5R, sell 40%)
       TP2: $0.129731 (+45.0%, 3.0R, sell 35%)
       TP3: $0.156573 (+75.0%, 5.0R, sell 25%)

  [25] EIGEN       score= 130.9  ST=4/6  price=$0.203290      24h= +7.88%  vol=$ 12.0M
       TF:  1D=106  12H=100  6H=150  4H=135  2H=150  1H=135
       Bonuses: 1H pre-pump (obv_stealth_accum) | RS vs BTC 7d +9.3%  (+7 pts)
       Entry: $0.203290  |  Stop: $0.172796 (-15.00%)  |  Risk: $1500 (1.50% acct)
       Position: $10000 (10.00% acct, qty 49190.8112)
       TP1: $0.249030 (+22.5%, 1.5R, sell 40%)
       TP2: $0.294770 (+45.0%, 3.0R, sell 35%)
       TP3: $0.355758 (+75.0%, 5.0R, sell 25%)

  [26] AERO        score= 130.5  ST=5/6  price=$0.377900      24h=+21.26%  vol=$ 12.5M
       TF:  1D= 75  12H=131  6H=154  4H=154  2H=143  1H=149
       Bonuses: RS vs BTC 7d +8.5%  (+5 pts)
       Entry: $0.377900  |  Stop: $0.337357 (-10.73%)  |  Risk: $1500 (1.50% acct)
       Position: $13982 (13.98% acct, qty 36997.8858)
       TP1: $0.438714 (+16.1%, 1.5R, sell 40%)
       TP2: $0.499529 (+32.2%, 3.0R, sell 35%)
       TP3: $0.580614 (+53.6%, 5.0R, sell 25%)

  [27] ORCA        score= 130.5  ST=6/6  price=$1.146400      24h= +2.82%  vol=$  2.6M
       TF:  1D=119  12H=109  6H=112  4H=106  2H=128  1H=133
       Bonuses: 1H pre-pump (bb_squeeze, obv_divergence, obv_stealth_accum) | RS vs BTC 7d +5.9% | funding -0.0481%/8h  (+14 pts)
       Entry: $1.146400  |  Stop: $0.994911 (-13.21%)  |  Risk: $1500 (1.50% acct)
       Position: $11351 (11.35% acct, qty 9901.6904)
       TP1: $1.373634 (+19.8%, 1.5R, sell 40%)
       TP2: $1.600868 (+39.6%, 3.0R, sell 35%)
       TP3: $1.903846 (+66.1%, 5.0R, sell 25%)

--------------------------------------------------------------------------------
  LONG  —  50 coin(s)  (tradeable trend)
--------------------------------------------------------------------------------

  [ 1] CRV         score= 129.7  ST=5/6  price=$0.235700      24h= +3.19%  vol=$  8.2M
       TF:  1D=121  12H=141  6H=114  4H=126  2H=120  1H=102
       Bonuses: 1H pre-pump (bb_squeeze) | RS vs BTC 7d +16.1%  (+7 pts)
       Entry: $0.235700  |  Stop: $0.207061 (-12.15%)  |  Risk: $1500 (1.50% acct)
       Position: $12345 (12.34% acct, qty 52375.6079)
       TP1: $0.278659 (+18.2%, 1.5R, sell 40%)
       TP2: $0.321618 (+36.5%, 3.0R, sell 35%)
       TP3: $0.378896 (+60.8%, 5.0R, sell 25%)

  [ 2] IO          score= 129.3  ST=6/6  price=$0.178730      24h= +2.93%  vol=$  4.6M
       TF:  1D=141  12H=139  6H=158  4H=116  2H= 86  1H= 56
       Bonuses: RS vs BTC 7d +25.8%  (+5 pts)
       Entry: $0.178730  |  Stop: $0.151921 (-15.00%)  |  Risk: $1500 (1.50% acct)
       Position: $10000 (10.00% acct, qty 55950.3161)
       TP1: $0.218944 (+22.5%, 1.5R, sell 40%)
       TP2: $0.259159 (+45.0%, 3.0R, sell 35%)
       TP3: $0.312777 (+75.0%, 5.0R, sell 25%)

  [ 3] BASED       score= 129.2  ST=5/6  price=$0.071790      24h= +7.07%  vol=$  5.5M
       TF:  1D= 79  12H=158  6H=153  4H=146  2H=144  1H=114
       Bonuses: 1H pre-pump (obv_stealth_accum)  (+2 pts)
       Entry: $0.071790  |  Stop: $0.061021 (-15.00%)  |  Risk: $1500 (1.50% acct)
       Position: $10000 (10.00% acct, qty 139295.1665)
       TP1: $0.087943 (+22.5%, 1.5R, sell 40%)
       TP2: $0.104095 (+45.0%, 3.0R, sell 35%)
       TP3: $0.125633 (+75.0%, 5.0R, sell 25%)

  [ 4] CAKE        score= 129.1  ST=5/6  price=$1.387800      24h= +2.94%  vol=$  1.2M
       TF:  1D= 81  12H=114  6H=150  4H=139  2H=146  1H=157
       Bonuses: 1H pre-pump (obv_stealth_accum) | RS vs BTC 7d +5.7%  (+7 pts)
       Entry: $1.387800  |  Stop: $1.267446 (-8.67%)  |  Risk: $1500 (1.50% acct)
       Position: $17297 (17.30% acct, qty 12463.2778)
       TP1: $1.568330 (+13.0%, 1.5R, sell 40%)
       TP2: $1.748861 (+26.0%, 3.0R, sell 35%)
       TP3: $1.989568 (+43.4%, 5.0R, sell 25%)

  [ 5] APEX        score= 127.9  ST=5/6  price=$0.298200      24h= +6.92%  vol=$  1.3M
       TF:  1D= 77  12H=139  6H=154  4H=132  2H=147  1H=130
       Bonuses: RS vs BTC 7d +10.7%  (+5 pts)
       Entry: $0.298200  |  Stop: $0.269025 (-9.78%)  |  Risk: $1500 (1.50% acct)
       Position: $15332 (15.33% acct, qty 51413.8817)
       TP1: $0.341963 (+14.7%, 1.5R, sell 40%)
       TP2: $0.385725 (+29.4%, 3.0R, sell 35%)
       TP3: $0.444075 (+48.9%, 5.0R, sell 25%)

  [ 6] BLUAI       score= 127.9  ST=5/6  price=$0.014084      24h= -0.71%  vol=$  1.0M
       TF:  1D=117  12H=128  6H= 95  4H=151  2H=126  1H= 95
       Bonuses: RSI div 1D (hidden_bullish) | RS vs BTC 7d +9.5%  (+8 pts)
       Entry: $0.014084  |  Stop: $0.011971 (-15.00%)  |  Risk: $1500 (1.50% acct)
       Position: $10000 (10.00% acct, qty 710025.5609)
       TP1: $0.017253 (+22.5%, 1.5R, sell 40%)
       TP2: $0.020422 (+45.0%, 3.0R, sell 35%)
       TP3: $0.024647 (+75.0%, 5.0R, sell 25%)

  [ 7] JUP         score= 127.4  ST=5/6  price=$0.179400      24h=+11.49%  vol=$ 12.3M
       TF:  1D= 74  12H=118  6H=144  4H=153  2H=144  1H=162
       Bonuses: RS vs BTC 7d +10.8%  (+5 pts)
       Entry: $0.179400  |  Stop: $0.154151 (-14.07%)  |  Risk: $1500 (1.50% acct)
       Position: $10658 (10.66% acct, qty 59407.6211)
       TP1: $0.217274 (+21.1%, 1.5R, sell 40%)
       TP2: $0.255148 (+42.2%, 3.0R, sell 35%)
       TP3: $0.305646 (+70.4%, 5.0R, sell 25%)

  [ 8] KAS         score= 127.1  ST=5/6  price=$0.032270      24h= +3.43%  vol=$  3.5M
       TF:  1D= 98  12H=121  6H=160  4H=139  2H=132  1H=128
       Bonuses: 1H pre-pump (obv_stealth_accum)  (+2 pts)
       Entry: $0.032270  |  Stop: $0.028834 (-10.65%)  |  Risk: $1500 (1.50% acct)
       Position: $14087 (14.09% acct, qty 436545.0577)
       TP1: $0.037424 (+16.0%, 1.5R, sell 40%)
       TP2: $0.042578 (+31.9%, 3.0R, sell 35%)
       TP3: $0.049450 (+53.2%, 5.0R, sell 25%)

  [ 9] WLFI        score= 126.1  ST=5/6  price=$0.059790      24h= +1.86%  vol=$ 13.8M
       TF:  1D=109  12H=126  6H=158  4H=115  2H=112  1H= 90
       Bonuses: 1H pre-pump (obv_stealth_accum) | RS vs BTC 7d +0.7%  (+7 pts)
       Entry: $0.059790  |  Stop: $0.053540 (-10.45%)  |  Risk: $1500 (1.50% acct)
       Position: $14350 (14.35% acct, qty 240013.7151)
       TP1: $0.069164 (+15.7%, 1.5R, sell 40%)
       TP2: $0.078539 (+31.4%, 3.0R, sell 35%)
       TP3: $0.091038 (+52.3%, 5.0R, sell 25%)

  [10] ZEC         score= 126.0  ST=5/6  price=$472.100000    24h=+20.06%  vol=$361.9M
       TF:  1D= 69  12H=127  6H=151  4H=134  2H=136  1H=142
       Bonuses: RSI div 1D (hidden_bullish) | RS vs BTC 7d +3.4%  (+8 pts)
       Entry: $472.100000  |  Stop: $401.285000 (-15.00%)  |  Risk: $1500 (1.50% acct)
       Position: $10000 (10.00% acct, qty 21.1820)
       TP1: $578.322500 (+22.5%, 1.5R, sell 40%)
       TP2: $684.545000 (+45.0%, 3.0R, sell 35%)
       TP3: $826.175000 (+75.0%, 5.0R, sell 25%)

  [11] PUFFER      score= 124.5  ST=6/6  price=$0.018330      24h= -9.17%  vol=$  8.1M
       TF:  1D=128  12H=119  6H=117  4H=137  2H=102  1H= 65
       Bonuses: RS vs BTC 7d +19.4% | funding -0.0531%/8h  (+8 pts)
       Entry: $0.018330  |  Stop: $0.015581 (-15.00%)  |  Risk: $1500 (1.50% acct)
       Position: $10000 (10.00% acct, qty 545553.7370)
       TP1: $0.022454 (+22.5%, 1.5R, sell 40%)
       TP2: $0.026579 (+45.0%, 3.0R, sell 35%)
       TP3: $0.032078 (+75.0%, 5.0R, sell 25%)

  [12] HANA        score= 124.4  ST=5/6  price=$0.032048      24h=+19.37%  vol=$  1.4M
       TF:  1D=120  12H= 76  6H=147  4H=154  2H=143  1H=133
       Entry: $0.032048  |  Stop: $0.029013 (-9.47%)  |  Risk: $1500 (1.50% acct)
       Position: $15841 (15.84% acct, qty 494297.9204)
       TP1: $0.036600 (+14.2%, 1.5R, sell 40%)
       TP2: $0.041152 (+28.4%, 3.0R, sell 35%)
       TP3: $0.047221 (+47.3%, 5.0R, sell 25%)

  [13] XCN         score= 124.4  ST=4/6  price=$0.004107      24h= +1.29%  vol=$  1.1M
       TF:  1D= 75  12H= 78  6H=166  4H=116  2H=146  1H=140
       Bonuses: RSI div 1D (bullish) | 1H pre-pump (obv_divergence, obv_stealth_accum) | RS vs BTC 7d +4.9%  (+14 pts)
       Entry: $0.004107  |  Stop: $0.003659 (-10.91%)  |  Risk: $1500 (1.50% acct)
       Position: $13746 (13.75% acct, qty 3346880.2295)
       TP1: $0.004779 (+16.4%, 1.5R, sell 40%)
       TP2: $0.005452 (+32.7%, 3.0R, sell 35%)
       TP3: $0.006348 (+54.6%, 5.0R, sell 25%)

  [14] FOLKS       score= 124.3  ST=6/6  price=$1.777600      24h=+11.70%  vol=$  1.3M
       TF:  1D=127  12H= 91  6H=111  4H=119  2H=125  1H=160
       Bonuses: RS vs BTC 7d +8.0%  (+5 pts)
       Entry: $1.777600  |  Stop: $1.510960 (-15.00%)  |  Risk: $1500 (1.50% acct)
       Position: $10000 (10.00% acct, qty 5625.5626)
       TP1: $2.177560 (+22.5%, 1.5R, sell 40%)
       TP2: $2.577520 (+45.0%, 3.0R, sell 35%)
       TP3: $3.110800 (+75.0%, 5.0R, sell 25%)

  [15] SPX         score= 123.9  ST=4/6  price=$0.337000      24h= +3.14%  vol=$  4.5M
       TF:  1D= 87  12H=106  6H=164  4H=146  2H=158  1H= 79
       Bonuses: RS vs BTC 7d +2.3%  (+5 pts)
       Entry: $0.337000  |  Stop: $0.291089 (-13.62%)  |  Risk: $1500 (1.50% acct)
       Position: $11010 (11.01% acct, qty 32672.1120)
       TP1: $0.405866 (+20.4%, 1.5R, sell 40%)
       TP2: $0.474732 (+40.9%, 3.0R, sell 35%)
       TP3: $0.566554 (+68.1%, 5.0R, sell 25%)

  [16] FHE         score= 123.6  ST=5/6  price=$0.023720      24h= +8.94%  vol=$  2.2M
       TF:  1D= 59  12H=134  6H=164  4H=128  2H=150  1H= 85
       Bonuses: RSI div 1D (bullish) | RS vs BTC 7d +20.5%  (+10 pts)
       Entry: $0.023720  |  Stop: $0.020162 (-15.00%)  |  Risk: $1500 (1.50% acct)
       Position: $10000 (10.00% acct, qty 421585.1602)
       TP1: $0.029057 (+22.5%, 1.5R, sell 40%)
       TP2: $0.034394 (+45.0%, 3.0R, sell 35%)
       TP3: $0.041510 (+75.0%, 5.0R, sell 25%)

  [17] USELESS     score= 123.5  ST=4/6  price=$0.073940      24h=+10.59%  vol=$  8.7M
       TF:  1D= 96  12H=101  6H=130  4H=146  2H=134  1H=119
       Bonuses: 1H pre-pump (obv_stealth_accum) | RS vs BTC 7d +6.4%  (+7 pts)
       Entry: $0.073940  |  Stop: $0.062849 (-15.00%)  |  Risk: $1500 (1.50% acct)
       Position: $10000 (10.00% acct, qty 135244.7931)
       TP1: $0.090577 (+22.5%, 1.5R, sell 40%)
       TP2: $0.107213 (+45.0%, 3.0R, sell 35%)
       TP3: $0.129395 (+75.0%, 5.0R, sell 25%)

  [18] BOME        score= 123.5  ST=4/6  price=$0.000448      24h= +7.83%  vol=$  2.2M
       TF:  1D= 63  12H= 82  6H=155  4H=146  2H=148  1H=166
       Bonuses: RSI div 1D (hidden_bullish) | 1H pre-pump (obv_stealth_accum) | RS vs BTC 7d +4.5%  (+10 pts)
       Entry: $0.000448  |  Stop: $0.000391 (-12.79%)  |  Risk: $1500 (1.50% acct)
       Position: $11723 (11.72% acct, qty 26168224.2991)
       TP1: $0.000534 (+19.2%, 1.5R, sell 40%)
       TP2: $0.000620 (+38.4%, 3.0R, sell 35%)
       TP3: $0.000735 (+64.0%, 5.0R, sell 25%)

  [19] EGLD        score= 123.0  ST=4/6  price=$2.965000      24h= +4.68%  vol=$  3.3M
       TF:  1D= 84  12H= 89  6H=125  4H=136  2H=144  1H=162
       Bonuses: RSI div 1D (bullish) | 1H pre-pump (obv_divergence, obv_stealth_accum)  (+9 pts)
       Entry: $2.965000  |  Stop: $2.651929 (-10.56%)  |  Risk: $1500 (1.50% acct)
       Position: $14206 (14.21% acct, qty 4791.2389)
       TP1: $3.434607 (+15.8%, 1.5R, sell 40%)
       TP2: $3.904214 (+31.7%, 3.0R, sell 35%)
       TP3: $4.530357 (+52.8%, 5.0R, sell 25%)

  [20] ENSO        score= 122.4  ST=4/6  price=$0.641500      24h= +5.80%  vol=$  1.9M
       TF:  1D= 87  12H= 86  6H=152  4H=140  2H=140  1H=152
       Bonuses: RS vs BTC 7d +8.0%  (+5 pts)
       Entry: $0.641500  |  Stop: $0.555529 (-13.40%)  |  Risk: $1500 (1.50% acct)
       Position: $11193 (11.19% acct, qty 17447.6570)
       TP1: $0.770457 (+20.1%, 1.5R, sell 40%)
       TP2: $0.899414 (+40.2%, 3.0R, sell 35%)
       TP3: $1.071357 (+67.0%, 5.0R, sell 25%)

  [21] API3        score= 122.4  ST=4/6  price=$0.269800      24h= +4.74%  vol=$  1.2M
       TF:  1D=102  12H= 91  6H=137  4H=127  2H=139  1H=124
       Bonuses: 1H pre-pump (obv_stealth_accum) | RS vs BTC 7d +0.9%  (+7 pts)
       Entry: $0.269800  |  Stop: $0.240700 (-10.79%)  |  Risk: $1500 (1.50% acct)
       Position: $13907 (13.91% acct, qty 51546.3918)
       TP1: $0.313450 (+16.2%, 1.5R, sell 40%)
       TP2: $0.357100 (+32.4%, 3.0R, sell 35%)
       TP3: $0.415300 (+53.9%, 5.0R, sell 25%)

  [22] ATOM        score= 121.7  ST=6/6  price=$2.005900      24h= -2.26%  vol=$ 10.6M
       TF:  1D=115  12H=127  6H=153  4H=125  2H= 84  1H= 43
       Bonuses: RS vs BTC 7d +13.3% | funding -0.0247%/8h  (+8 pts)
       Entry: $2.005900  |  Stop: $1.811854 (-9.67%)  |  Risk: $1500 (1.50% acct)
       Position: $15506 (15.51% acct, qty 7730.1088)
       TP1: $2.296970 (+14.5%, 1.5R, sell 40%)
       TP2: $2.588039 (+29.0%, 3.0R, sell 35%)
       TP3: $2.976132 (+48.4%, 5.0R, sell 25%)

  [23] WIF         score= 121.0  ST=4/6  price=$0.164680      24h= +4.93%  vol=$ 20.7M
       TF:  1D= 67  12H= 82  6H=139  4H=153  2H=148  1H=153
       Bonuses: 1H pre-pump (obv_divergence, obv_stealth_accum) | RS vs BTC 7d +0.0%  (+9 pts)
       Entry: $0.164680  |  Stop: $0.142236 (-13.63%)  |  Risk: $1500 (1.50% acct)
       Position: $11006 (11.01% acct, qty 66832.1558)
       TP1: $0.198346 (+20.4%, 1.5R, sell 40%)
       TP2: $0.232013 (+40.9%, 3.0R, sell 35%)
       TP3: $0.276901 (+68.2%, 5.0R, sell 25%)

  [24] S           score= 120.9  ST=4/6  price=$0.032220      24h= +7.31%  vol=$  2.3M
       TF:  1D= 75  12H= 97  6H=132  4H=134  2H=150  1H=156
       Bonuses: 1H pre-pump (obv_stealth_accum) | RS vs BTC 7d +4.3%  (+7 pts)
       Entry: $0.032220  |  Stop: $0.027980 (-13.16%)  |  Risk: $1500 (1.50% acct)
       Position: $11400 (11.40% acct, qty 353803.3864)
       TP1: $0.038579 (+19.7%, 1.5R, sell 40%)
       TP2: $0.044939 (+39.5%, 3.0R, sell 35%)
       TP3: $0.053418 (+65.8%, 5.0R, sell 25%)

  [25] SUI         score= 120.1  ST=4/6  price=$0.802600      24h= +4.62%  vol=$ 77.7M
       TF:  1D= 73  12H= 82  6H=149  4H=145  2H=166  1H=122
       Bonuses: 1H pre-pump (obv_stealth_accum) | RS vs BTC 7d +2.1%  (+7 pts)
       Entry: $0.802600  |  Stop: $0.717957 (-10.55%)  |  Risk: $1500 (1.50% acct)
       Position: $14223 (14.22% acct, qty 17721.5190)
       TP1: $0.929564 (+15.8%, 1.5R, sell 40%)
       TP2: $1.056529 (+31.6%, 3.0R, sell 35%)
       TP3: $1.225814 (+52.7%, 5.0R, sell 25%)

  [26] IMX         score= 120.1  ST=4/6  price=$0.146120      24h= +2.28%  vol=$  1.1M
       TF:  1D= 77  12H= 88  6H=165  4H=143  2H=138  1H=112
       Bonuses: 1H pre-pump (obv_stealth_accum) | RS vs BTC 7d +4.0%  (+7 pts)
       Entry: $0.146120  |  Stop: $0.128616 (-11.98%)  |  Risk: $1500 (1.50% acct)
       Position: $12522 (12.52% acct, qty 85695.0480)
       TP1: $0.172376 (+18.0%, 1.5R, sell 40%)
       TP2: $0.198632 (+35.9%, 3.0R, sell 35%)
       TP3: $0.233640 (+59.9%, 5.0R, sell 25%)

  [27] DOT         score= 119.9  ST=4/6  price=$0.997000      24h= +4.77%  vol=$ 18.9M
       TF:  1D= 71  12H= 67  6H=139  4H=152  2H=158  1H=170
       Bonuses: RSI div 1D (bullish) | 1H pre-pump (obv_stealth_accum)  (+7 pts)
       Entry: $0.997000  |  Stop: $0.891475 (-10.58%)  |  Risk: $1500 (1.50% acct)
       Position: $14172 (14.17% acct, qty 14214.6411)
       TP1: $1.155288 (+15.9%, 1.5R, sell 40%)
       TP2: $1.313575 (+31.8%, 3.0R, sell 35%)
       TP3: $1.524625 (+52.9%, 5.0R, sell 25%)

  [28] SHIB1000    score= 119.8  ST=4/6  price=$0.005041      24h= +1.59%  vol=$ 10.4M
       TF:  1D= 63  12H= 82  6H=170  4H=141  2H=154  1H=136
       Bonuses: 1H pre-pump (obv_stealth_accum) | RS vs BTC 7d +3.0%  (+7 pts)
       Entry: $0.005041  |  Stop: $0.004630 (-8.14%)  |  Risk: $1500 (1.50% acct)
       Position: $18417 (18.42% acct, qty 3653444.6764)
       TP1: $0.005657 (+12.2%, 1.5R, sell 40%)
       TP2: $0.006273 (+24.4%, 3.0R, sell 35%)
       TP3: $0.007094 (+40.7%, 5.0R, sell 25%)

  [29] VIRTUAL     score= 119.5  ST=5/6  price=$0.641600      24h= +3.57%  vol=$ 24.3M
       TF:  1D= 85  12H=107  6H=131  4H=150  2H=128  1H= 98
       Bonuses: 1H pre-pump (obv_stealth_accum) | RS vs BTC 7d +6.8%  (+7 pts)
       Entry: $0.641600  |  Stop: $0.547796 (-14.62%)  |  Risk: $1500 (1.50% acct)
       Position: $10260 (10.26% acct, qty 15990.8624)
       TP1: $0.782305 (+21.9%, 1.5R, sell 40%)
       TP2: $0.923011 (+43.9%, 3.0R, sell 35%)
       TP3: $1.110618 (+73.1%, 5.0R, sell 25%)

  [30] AAVE        score= 119.3  ST=5/6  price=$68.280000     24h=+10.97%  vol=$ 41.1M
       TF:  1D= 57  12H=114  6H=149  4H=147  2H=126  1H=160
       Bonuses: RS vs BTC 7d +3.4%  (+5 pts)
       Entry: $68.280000  |  Stop: $60.642857 (-11.19%)  |  Risk: $1500 (1.50% acct)
       Position: $13411 (13.41% acct, qty 196.4085)
       TP1: $79.735714 (+16.8%, 1.5R, sell 40%)
       TP2: $91.191429 (+33.6%, 3.0R, sell 35%)
       TP3: $106.465714 (+55.9%, 5.0R, sell 25%)

  [31] MEGA        score= 119.2  ST=6/6  price=$0.062870      24h= -4.65%  vol=$ 16.9M
       TF:  1D=108  12H=110  6H=149  4H=126  2H= 83  1H= 58
       Bonuses: RSI div 1D (bullish) | RS vs BTC 7d +25.9%  (+10 pts)
       Entry: $0.062870  |  Stop: $0.053440 (-15.00%)  |  Risk: $1500 (1.50% acct)
       Position: $10000 (10.00% acct, qty 159058.3744)
       TP1: $0.077016 (+22.5%, 1.5R, sell 40%)
       TP2: $0.091162 (+45.0%, 3.0R, sell 35%)
       TP3: $0.110022 (+75.0%, 5.0R, sell 25%)

  [32] UNI         score= 118.7  ST=4/6  price=$2.590000      24h= +6.90%  vol=$ 13.2M
       TF:  1D= 80  12H= 78  6H=139  4H=143  2H=140  1H=166
       Bonuses: RSI div 1D (bullish)  (+5 pts)
       Entry: $2.590000  |  Stop: $2.337143 (-9.76%)  |  Risk: $1500 (1.50% acct)
       Position: $15364 (15.36% acct, qty 5932.2034)
       TP1: $2.969286 (+14.6%, 1.5R, sell 40%)
       TP2: $3.348571 (+29.3%, 3.0R, sell 35%)
       TP3: $3.854286 (+48.8%, 5.0R, sell 25%)

  [33] MOODENG     score= 118.2  ST=4/6  price=$0.041250      24h= +4.72%  vol=$  3.6M
       TF:  1D= 78  12H= 80  6H=135  4H=135  2H=144  1H=136
       Bonuses: 1H pre-pump (obv_divergence, obv_stealth_accum) | RS vs BTC 7d +3.0%  (+9 pts)
       Entry: $0.041250  |  Stop: $0.036050 (-12.61%)  |  Risk: $1500 (1.50% acct)
       Position: $11900 (11.90% acct, qty 288481.3517)
       TP1: $0.049049 (+18.9%, 1.5R, sell 40%)
       TP2: $0.056849 (+37.8%, 3.0R, sell 35%)
       TP3: $0.067248 (+63.0%, 5.0R, sell 25%)

  [34] OPEN        score= 118.1  ST=4/6  price=$0.249640      24h= -8.18%  vol=$  3.4M
       TF:  1D=140  12H=163  6H=132  4H= 83  2H= 46  1H= 35
       Bonuses: RS vs BTC 7d +17.6%  (+5 pts)
       Entry: $0.249640  |  Stop: $0.213784 (-14.36%)  |  Risk: $1500 (1.50% acct)
       Position: $10443 (10.44% acct, qty 41833.5027)
       TP1: $0.303425 (+21.5%, 1.5R, sell 40%)
       TP2: $0.357209 (+43.1%, 3.0R, sell 35%)
       TP3: $0.428922 (+71.8%, 5.0R, sell 25%)

  [35] PNUT        score= 118.1  ST=4/6  price=$0.045390      24h= +3.92%  vol=$  1.5M
       TF:  1D= 85  12H= 82  6H=133  4H=133  2H=150  1H=130
       Bonuses: 1H pre-pump (obv_stealth_accum) | RS vs BTC 7d +4.2%  (+7 pts)
       Entry: $0.045390  |  Stop: $0.039598 (-12.76%)  |  Risk: $1500 (1.50% acct)
       Position: $11755 (11.75% acct, qty 258971.5131)
       TP1: $0.054078 (+19.1%, 1.5R, sell 40%)
       TP2: $0.062766 (+38.3%, 3.0R, sell 35%)
       TP3: $0.074351 (+63.8%, 5.0R, sell 25%)

  [36] TIA         score= 117.7  ST=4/6  price=$0.350500      24h= +7.10%  vol=$ 12.9M
       TF:  1D= 62  12H= 81  6H=145  4H=145  2H=144  1H=134
       Bonuses: 1H pre-pump (obv_stealth_accum) | RS vs BTC 7d +6.5% | funding -0.0128%/8h  (+10 pts)
       Entry: $0.350500  |  Stop: $0.301696 (-13.92%)  |  Risk: $1500 (1.50% acct)
       Position: $10773 (10.77% acct, qty 30735.4555)
       TP1: $0.423705 (+20.9%, 1.5R, sell 40%)
       TP2: $0.496911 (+41.8%, 3.0R, sell 35%)
       TP3: $0.594518 (+69.6%, 5.0R, sell 25%)

  [37] 1000PEPE    score= 117.6  ST=4/6  price=$0.002916      24h= +4.60%  vol=$ 89.1M
       TF:  1D= 78  12H= 82  6H=149  4H=150  2H=147  1H=149
       Bonuses: 1H pre-pump (obv_stealth_accum)  (+2 pts)
       Entry: $0.002916  |  Stop: $0.002611 (-10.45%)  |  Risk: $1500 (1.50% acct)
       Position: $14359 (14.36% acct, qty 4924375.6595)
       TP1: $0.003373 (+15.7%, 1.5R, sell 40%)
       TP2: $0.003830 (+31.3%, 3.0R, sell 35%)
       TP3: $0.004439 (+52.2%, 5.0R, sell 25%)

  [38] PYTH        score= 117.5  ST=5/6  price=$0.039430      24h= +0.43%  vol=$  4.9M
       TF:  1D= 87  12H=121  6H=136  4H=130  2H=119  1H= 78
       Bonuses: 1H pre-pump (obv_stealth_accum) | RS vs BTC 7d +19.7%  (+7 pts)
       Entry: $0.039430  |  Stop: $0.034144 (-13.41%)  |  Risk: $1500 (1.50% acct)
       Position: $11188 (11.19% acct, qty 283745.4398)
       TP1: $0.047360 (+20.1%, 1.5R, sell 40%)
       TP2: $0.055289 (+40.2%, 3.0R, sell 35%)
       TP3: $0.065862 (+67.0%, 5.0R, sell 25%)

  [39] ZRO         score= 117.2  ST=5/6  price=$0.956900      24h=+19.19%  vol=$ 25.9M
       TF:  1D= 75  12H=123  6H=125  4H=143  2H=122  1H=118
       Bonuses: RS vs BTC 7d +2.5%  (+5 pts)
       Entry: $0.956900  |  Stop: $0.813365 (-15.00%)  |  Risk: $1500 (1.50% acct)
       Position: $10000 (10.00% acct, qty 10450.4128)
       TP1: $1.172203 (+22.5%, 1.5R, sell 40%)
       TP2: $1.387505 (+45.0%, 3.0R, sell 35%)
       TP3: $1.674575 (+75.0%, 5.0R, sell 25%)

  [40] PIEVERSE    score= 117.2  ST=4/6  price=$0.668800      24h=+11.23%  vol=$  4.1M
       TF:  1D= 68  12H= 91  6H=138  4H=150  2H=136  1H=134
       Bonuses: 1H pre-pump (obv_stealth_accum) | RS vs BTC 7d +3.7%  (+7 pts)
       Entry: $0.668800  |  Stop: $0.568480 (-15.00%)  |  Risk: $1500 (1.50% acct)
       Position: $10000 (10.00% acct, qty 14952.1531)
       TP1: $0.819280 (+22.5%, 1.5R, sell 40%)
       TP2: $0.969760 (+45.0%, 3.0R, sell 35%)
       TP3: $1.170400 (+75.0%, 5.0R, sell 25%)

  [41] FARTCOIN    score= 117.0  ST=4/6  price=$0.127180      24h= +8.79%  vol=$ 91.3M
       TF:  1D= 77  12H= 78  6H=149  4H=147  2H=130  1H=148
       Bonuses: RS vs BTC 7d +6.3%  (+5 pts)
       Entry: $0.127180  |  Stop: $0.108103 (-15.00%)  |  Risk: $1500 (1.50% acct)
       Position: $10000 (10.00% acct, qty 78628.7152)
       TP1: $0.155796 (+22.5%, 1.5R, sell 40%)
       TP2: $0.184411 (+45.0%, 3.0R, sell 35%)
       TP3: $0.222565 (+75.0%, 5.0R, sell 25%)

  [42] PENDLE      score= 116.5  ST=4/6  price=$1.385500      24h= +1.67%  vol=$  6.2M
       TF:  1D= 77  12H= 89  6H=153  4H=141  2H=146  1H= 85
       Bonuses: 1H pre-pump (bb_squeeze) | RS vs BTC 7d +5.4%  (+7 pts)
       Entry: $1.385500  |  Stop: $1.215175 (-12.29%)  |  Risk: $1500 (1.50% acct)
       Position: $12202 (12.20% acct, qty 8806.6931)
       TP1: $1.640988 (+18.4%, 1.5R, sell 40%)
       TP2: $1.896475 (+36.9%, 3.0R, sell 35%)
       TP3: $2.237125 (+61.5%, 5.0R, sell 25%)

  [43] ONDO        score= 116.3  ST=3/6  price=$0.367600      24h= +4.42%  vol=$ 59.0M
       TF:  1D= 91  12H= 89  6H=128  4H=123  2H=144  1H= 81
       Bonuses: RSI div 1D (hidden_bullish) | 1H pre-pump (obv_stealth_accum) | RS vs BTC 7d +1.5%  (+10 pts)
       Entry: $0.367600  |  Stop: $0.312460 (-15.00%)  |  Risk: $1500 (1.50% acct)
       Position: $10000 (10.00% acct, qty 27203.4820)
       TP1: $0.450310 (+22.5%, 1.5R, sell 40%)
       TP2: $0.533020 (+45.0%, 3.0R, sell 35%)
       TP3: $0.643300 (+75.0%, 5.0R, sell 25%)

  [44] XMR         score= 116.3  ST=5/6  price=$342.030000    24h=+10.13%  vol=$ 34.7M
       TF:  1D= 82  12H= 98  6H=114  4H=133  2H=131  1H=160
       Bonuses: RS vs BTC 7d +8.9%  (+5 pts)
       Entry: $342.030000  |  Stop: $290.725500 (-15.00%)  |  Risk: $1500 (1.50% acct)
       Position: $10000 (10.00% acct, qty 29.2372)
       TP1: $418.986750 (+22.5%, 1.5R, sell 40%)
       TP2: $495.943500 (+45.0%, 3.0R, sell 35%)
       TP3: $598.552500 (+75.0%, 5.0R, sell 25%)

  [45] COMP        score= 116.3  ST=4/6  price=$17.942000     24h= +2.14%  vol=$  1.2M
       TF:  1D= 66  12H=121  6H=125  4H=129  2H=142  1H= 65
       Bonuses: RSI div 1D (bullish) | 1H pre-pump (obv_stealth_accum) | RS vs BTC 7d +5.1%  (+12 pts)
       Entry: $17.942000  |  Stop: $16.103964 (-10.24%)  |  Risk: $1500 (1.50% acct)
       Position: $14642 (14.64% acct, qty 816.0886)
       TP1: $20.699054 (+15.4%, 1.5R, sell 40%)
       TP2: $23.456107 (+30.7%, 3.0R, sell 35%)
       TP3: $27.132179 (+51.2%, 5.0R, sell 25%)

  [46] MNT         score= 116.0  ST=4/6  price=$0.568400      24h= +4.13%  vol=$ 10.9M
       TF:  1D= 66  12H=102  6H=149  4H=129  2H=170  1H=100
       Bonuses: RS vs BTC 7d +0.8%  (+5 pts)
       Entry: $0.568400  |  Stop: $0.526282 (-7.41%)  |  Risk: $1482 (1.48% acct)
       Position: $20000 (20.00% acct, qty 35186.4884)
       TP1: $0.631577 (+11.1%, 1.5R, sell 40%)
       TP2: $0.694754 (+22.2%, 3.0R, sell 35%)
       TP3: $0.778989 (+37.0%, 5.0R, sell 25%)

  [47] LTC         score= 115.9  ST=4/6  price=$45.360000     24h= +1.94%  vol=$ 38.0M
       TF:  1D= 67  12H= 76  6H=139  4H=145  2H=155  1H=137
       Bonuses: 1H pre-pump (obv_stealth_accum) | RS vs BTC 7d +2.2%  (+7 pts)
       Entry: $45.360000  |  Stop: $41.810357 (-7.83%)  |  Risk: $1500 (1.50% acct)
       Position: $19168 (19.17% acct, qty 422.5777)
       TP1: $50.684464 (+11.7%, 1.5R, sell 40%)
       TP2: $56.008929 (+23.5%, 3.0R, sell 35%)
       TP3: $63.108214 (+39.1%, 5.0R, sell 25%)

  [48] SOL         score= 115.7  ST=4/6  price=$71.230000     24h= +9.50%  vol=$996.1M
       TF:  1D= 75  12H= 78  6H=149  4H=147  2H=134  1H=136
       Bonuses: RS vs BTC 7d +3.4%  (+5 pts)
       Entry: $71.230000  |  Stop: $64.073929 (-10.05%)  |  Risk: $1500 (1.50% acct)
       Position: $14931 (14.93% acct, qty 209.6122)
       TP1: $81.964107 (+15.1%, 1.5R, sell 40%)
       TP2: $92.698214 (+30.1%, 3.0R, sell 35%)
       TP3: $107.010357 (+50.2%, 5.0R, sell 25%)

  [49] LDO         score= 115.7  ST=4/6  price=$0.268800      24h= +4.71%  vol=$  6.4M
       TF:  1D= 78  12H= 69  6H=140  4H=138  2H=148  1H=166
       Bonuses: 1H pre-pump (obv_divergence, obv_stealth_accum)  (+4 pts)
       Entry: $0.268800  |  Stop: $0.238725 (-11.19%)  |  Risk: $1500 (1.50% acct)
       Position: $13406 (13.41% acct, qty 49875.3117)
       TP1: $0.313912 (+16.8%, 1.5R, sell 40%)
       TP2: $0.359025 (+33.6%, 3.0R, sell 35%)
       TP3: $0.419175 (+55.9%, 5.0R, sell 25%)

  [50] ARB         score= 115.6  ST=4/6  price=$0.085750      24h= +3.66%  vol=$ 12.5M
       TF:  1D= 70  12H= 69  6H=141  4H=140  2H=156  1H=113
       Bonuses: RSI div 1D (bullish) | 1H pre-pump (obv_stealth_accum) | funding -0.0112%/8h  (+10 pts)
       Entry: $0.085750  |  Stop: $0.075383 (-12.09%)  |  Risk: $1500 (1.50% acct)
       Position: $12407 (12.41% acct, qty 144687.8876)
       TP1: $0.101301 (+18.1%, 1.5R, sell 40%)
       TP2: $0.116851 (+36.3%, 3.0R, sell 35%)
       TP3: $0.137586 (+60.5%, 5.0R, sell 25%)

--------------------------------------------------------------------------------
  WATCH  —  45 coin(s)  (worth tracking)
--------------------------------------------------------------------------------
  #   Symbol      Score  ST         Price    24h%   Vol $M  TF breakdown
  ------------------------------------------------------------------------------
    1 JELLYJELLY  114.5  2/6  $   0.077790 -13.73%  $   27.3  1D=158  12H=136  6H=109  4H= 68  2H= 57  1H= 47
    2 H           104.3  2/6  $   0.477760 -30.75%  $  301.2  1D=116  12H=141  6H=128  4H= 67  2H= 53  1H= 30
    3 COAI        100.2  2/6  $   0.345300 -11.60%  $    8.0  1D=131  12H=116  6H= 96  4H= 69  2H= 27  1H= 43
    4 AXL          99.6  3/6  $   0.046550  -0.13%  $    1.4  1D= 93  12H= 76  6H=118  4H= 95  2H=108  1H= 35
    5 FIL          99.1  4/6  $   0.794000  +3.88%  $   10.3  1D= 58  12H= 63  6H=142  4H=123  2H=159  1H= 94
    6 NIGHT        99.1  3/6  $   0.032000  +8.04%  $    1.1  1D= 44  12H= 82  6H=132  4H=108  2H=131  1H=137
    7 INIT         98.6  3/6  $   0.059680  +0.00%  $    1.1  1D= 63  12H= 77  6H=136  4H= 91  2H= 95  1H= 71
    8 GRT          98.5  4/6  $   0.020110  +3.63%  $    1.4  1D= 64  12H= 86  6H=148  4H=147  2H=103  1H= 68
    9 SKY          98.3  3/6  $   0.057530  -0.02%  $    2.4  1D= 43  12H= 71  6H=110  4H=137  2H=160  1H=138
   10 KERNEL       98.3  4/6  $   0.048970  +6.62%  $    1.8  1D= 32  12H= 97  6H=134  4H=120  2H=152  1H=116
   11 POWER        98.2  5/6  $   0.076800  +5.98%  $    1.1  1D=109  12H= 80  6H= 80  4H= 63  2H=115  1H=114
   12 ETHBTC       97.7  4/6  $   0.026259  +4.71%  $    1.6  1D= 20  12H=104  6H=137  4H=137  2H=134  1H=141
   13 PEAQ         97.2  3/6  $   0.022231  +6.97%  $    1.2  1D= 56  12H= 76  6H= 99  4H=101  2H=142  1H=173
   14 ID           96.4  4/6  $   0.028360  -0.40%  $    2.7  1D= 75  12H=113  6H= 75  4H= 70  2H= 72  1H=104
   15 POL          96.0  4/6  $   0.076900  +3.36%  $    4.1  1D= 26  12H= 80  6H=128  4H=124  2H=144  1H=156
   16 ONT          95.5  2/6  $   0.048900  +2.62%  $    1.5  1D= 74  12H= 84  6H=111  4H=117  2H=122  1H= 71
   17 MERL         95.4  3/6  $   0.021120  +7.45%  $    1.8  1D= 60  12H= 72  6H=124  4H=139  2H=125  1H= 78
   18 MOVE         94.7  4/6  $   0.012030  +1.94%  $    1.3  1D= 74  12H= 89  6H= 67  4H=119  2H=116  1H=144
   19 NOT          94.0  4/6  $   0.000481  -5.68%  $    2.9  1D=101  12H=132  6H=110  4H= 68  2H= 37  1H= 32
   20 SKR          93.8  3/6  $   0.009819  -2.92%  $    2.0  1D= 71  12H= 92  6H=112  4H= 98  2H= 82  1H= 52
   21 LAB          93.0  4/6  $  11.204000  -2.01%  $   25.3  1D=133  12H= 81  6H= 98  4H=104  2H= 67  1H= 12
   22 MORPHO       92.9  5/6  $   1.961500  -0.03%  $    2.1  1D= 87  12H= 99  6H= 96  4H= 94  2H= 74  1H= 64
   23 SPK          92.7  3/6  $   0.020056  +2.18%  $    1.5  1D= 70  12H= 81  6H=107  4H=110  2H=117  1H= 53
   24 ZBT          92.5  2/6  $   0.115180  +0.73%  $    2.3  1D= 88  12H= 71  6H= 62  4H= 73  2H=100  1H=124
   25 DEXE         92.4  3/6  $  17.882000  +5.54%  $    2.9  1D= 93  12H= 82  6H= 51  4H= 92  2H=100  1H=145
   26 WAL          92.3  4/6  $   0.034690  +6.97%  $    3.5  1D= 57  12H= 83  6H=122  4H=133  2H=118  1H= 73
   27 B3           91.5  4/6  $   0.000589  +2.19%  $    2.0  1D= 71  12H= 65  6H= 89  4H=143  2H=102  1H= 36
   28 NIL          90.5  4/6  $   0.040440  +6.50%  $    4.1  1D= 68  12H= 94  6H=130  4H=127  2H= 86  1H= 38
   29 RECALL       88.5  4/6  $   0.036050  +6.89%  $    1.1  1D= 21  12H= 86  6H=117  4H=119  2H=132  1H=142
   30 TRX          85.8  3/6  $   0.321560  +0.27%  $   13.8  1D= 39  12H= 60  6H= 94  4H=131  2H=119  1H= 98
   31 GENIUS       85.3  2/6  $   0.493900  -4.96%  $    2.9  1D= 87  12H= 81  6H= 80  4H=102  2H= 55  1H= 38
   32 IP           84.6  3/6  $   0.303000  +5.25%  $   11.3  1D= 42  12H= 74  6H=103  4H=113  2H=134  1H= 96
   33 ZORA         84.6  3/6  $   0.008570  +0.06%  $    1.0  1D= 39  12H= 90  6H= 82  4H=123  2H=116  1H= 70
   34 VELVET       84.3  0/6  $   0.361680  -9.64%  $   12.5  1D=121  12H= 63  6H= 16  4H= 54  2H= 38  1H= 88
   35 CHZ          83.1  3/6  $   0.025720  -0.08%  $    3.8  1D= 52  12H= 80  6H= 85  4H= 80  2H= 90  1H=100
   36 ARC          82.0  1/6  $   0.081540  -3.25%  $    1.6  1D=148  12H= 56  6H= 25  4H= 52  2H= 86  1H= 75
   37 BEAT         80.8  1/6  $   5.490700 -20.23%  $   89.2  1D=139  12H= 86  6H= 33  4H= 24  2H= 28  1H= 48
   38 MIRA         77.5  2/6  $   0.055900  -0.79%  $    1.6  1D= 75  12H= 78  6H= 69  4H=102  2H= 84  1H= 52
   39 M            73.4  3/6  $   2.982300  -0.63%  $    2.0  1D= 59  12H= 75  6H= 71  4H= 72  2H= 93  1H= 73
   40 HOME         73.2  3/6  $   0.027652  +7.73%  $   14.8  1D= 57  12H= 45  6H= 38  4H= 80  2H= 99  1H=127
   41 SPACE        73.0  2/6  $   0.006572  +0.28%  $    1.0  1D= 84  12H= 72  6H= 64  4H= 36  2H= 55  1H= 85
   42 AIO          71.9  1/6  $   0.113250  -1.18%  $    1.1  1D=131  12H= 59  6H= 32  4H= 21  2H= 77  1H= 62
   43 RIVER        71.8  3/6  $   4.746000  +6.02%  $    2.5  1D= 25  12H= 37  6H= 92  4H=112  2H=119  1H=105
   44 ESPORTS      70.3  1/6  $   0.059570  +1.07%  $   18.7  1D=105  12H= 68  6H= 46  4H= 43  2H= 44  1H= 67
   45 HMSTR        70.0  1/6  $   0.000166  -4.13%  $    3.7  1D=112  12H= 51  6H= 46  4H= 18  2H= 62  1H= 64

================================================================================
2026-06-15 22:19:43,741 [INFO]   Saved → trend_v3_LATEST.txt, trend_v3_LATEST.json, trend_v3_20260615_221943.txt
