2026-06-18 06:25:02,560 [INFO] ================================================================
2026-06-18 06:25:02,560 [INFO] TREND SCANNER v3.0
2026-06-18 06:25:02,560 [INFO] ================================================================
2026-06-18 06:25:02,560 [INFO] Building universe (Bybit perps)...
2026-06-18 06:25:03,859 [INFO]   Universe (post-filter): 263 coins
2026-06-18 06:25:03,860 [INFO] Fetching BTC 1D for regime detection...
2026-06-18 06:25:04,389 [INFO]   Regime: BULL  |  BTC 7d +4.87%  |  24h -1.77%
2026-06-18 06:25:04,389 [INFO] Scanning 263 coins across 6 timeframes...
2026-06-18 06:25:04,390 [INFO] (this is the slowest scanner — first run ~10min, subsequent ~2-3min)
2026-06-18 06:25:47,390 [INFO]   ...20/263  (surfaced: 14)
2026-06-18 06:26:30,330 [INFO]   ...40/263  (surfaced: 28)
2026-06-18 06:27:13,987 [INFO]   ...60/263  (surfaced: 41)
2026-06-18 06:27:51,248 [INFO]   ...80/263  (surfaced: 58)
2026-06-18 06:28:34,815 [INFO]   ...100/263  (surfaced: 71)
2026-06-18 06:29:13,037 [INFO]   ...120/263  (surfaced: 81)
2026-06-18 06:29:58,160 [INFO]   ...140/263  (surfaced: 93)
2026-06-18 06:30:39,084 [INFO]   ...160/263  (surfaced: 104)
2026-06-18 06:31:14,541 [INFO]   ...180/263  (surfaced: 118)
2026-06-18 06:31:54,373 [INFO]   ...200/263  (surfaced: 131)
2026-06-18 06:32:35,060 [INFO]   ...220/263  (surfaced: 143)
2026-06-18 06:33:15,633 [INFO]   ...240/263  (surfaced: 157)
2026-06-18 06:33:59,080 [INFO]   ...260/263  (surfaced: 170)
2026-06-18 06:34:05,926 [INFO] Done in 543s  |  scanned=222  failed=41  strong=33  long=50  watch=50
2026-06-18 06:34:05,928 [INFO] 
================================================================================
  TREND SCANNER v3.0  —  multi-timeframe confirmation + trade plans
  Generated  : 2026-06-18 06:34:05
  Universe   : 263 Bybit perps  |  Scanned: 222
  Scan time  : 543s
================================================================================

  Regime     : 🟢 BULL
               BTC 7d +4.87%  |  24h -1.77%  |  $64,509

  Account    : $100,000  |  Risk/trade: 1.5%

  Tiers (bull):  STRONG ≥ 130 & ST≥4  |  LONG ≥ 100 & ST≥3  |  WATCH ≥ 70

  TF weights : 1D×0.28 · 12H×0.2 · 6H×0.15 · 4H×0.15 · 2H×0.12 · 1H×0.1

--------------------------------------------------------------------------------
  STRONG  —  33 coin(s)  (highest conviction, full position)
--------------------------------------------------------------------------------

  [ 1] ZEREBRO     score= 158.7  ST=6/6  price=$0.029451      24h=+31.78%  vol=$  8.5M
       TF:  1D=161  12H=167  6H=144  4H=144  2H=135  1H=158
       Bonuses: RS vs BTC 7d +8.7%  (+5 pts)
       Entry: $0.029451  |  Stop: $0.025033 (-15.00%)  |  Risk: $1500 (1.50% acct)
       Position: $10000 (10.00% acct, qty 339547.0442)
       TP1: $0.036077 (+22.5%, 1.5R, sell 40%)
       TP2: $0.042704 (+45.0%, 3.0R, sell 35%)
       TP3: $0.051539 (+75.0%, 5.0R, sell 25%)

  [ 2] FOLKS       score= 156.8  ST=6/6  price=$2.415200      24h=+26.24%  vol=$  6.1M
       TF:  1D=151  12H=156  6H=137  4H=152  2H=159  1H=159
       Bonuses: RS vs BTC 7d +2.6%  (+5 pts)
       Entry: $2.415200  |  Stop: $2.052920 (-15.00%)  |  Risk: $1500 (1.50% acct)
       Position: $10000 (10.00% acct, qty 4140.4439)
       TP1: $2.958620 (+22.5%, 1.5R, sell 40%)
       TP2: $3.502040 (+45.0%, 3.0R, sell 35%)
       TP3: $4.226600 (+75.0%, 5.0R, sell 25%)

  [ 3] US          score= 155.5  ST=5/6  price=$0.015181      24h=+23.37%  vol=$  4.8M
       TF:  1D=154  12H=163  6H=152  4H=142  2H=149  1H=108
       Bonuses: 1H pre-pump (obv_stealth_accum) | RS vs BTC 7d +14.2%  (+7 pts)
       Entry: $0.015181  |  Stop: $0.012904 (-15.00%)  |  Risk: $1500 (1.50% acct)
       Position: $10000 (10.00% acct, qty 658718.1345)
       TP1: $0.018597 (+22.5%, 1.5R, sell 40%)
       TP2: $0.022012 (+45.0%, 3.0R, sell 35%)
       TP3: $0.026567 (+75.0%, 5.0R, sell 25%)

  [ 4] TAC         score= 153.2  ST=6/6  price=$0.024117      24h=+33.08%  vol=$ 11.2M
       TF:  1D=157  12H=144  6H=149  4H=142  2H=142  1H=148
       Bonuses: RS vs BTC 7d +39.8%  (+5 pts)
       Entry: $0.024117  |  Stop: $0.021579 (-10.52%)  |  Risk: $1500 (1.50% acct)
       Position: $14253 (14.25% acct, qty 590991.5995)
       TP1: $0.027924 (+15.8%, 1.5R, sell 40%)
       TP2: $0.031731 (+31.6%, 3.0R, sell 35%)
       TP3: $0.036808 (+52.6%, 5.0R, sell 25%)

  [ 5] ZAMA        score= 152.8  ST=5/6  price=$0.034200      24h= +1.48%  vol=$  3.1M
       TF:  1D=137  12H=161  6H=152  4H=134  2H=130  1H=137
       Bonuses: RSI div 1D (hidden_bullish) | 1H pre-pump (obv_stealth_accum) | RS vs BTC 7d +7.1%  (+10 pts)
       Entry: $0.034200  |  Stop: $0.030044 (-12.15%)  |  Risk: $1500 (1.50% acct)
       Position: $12343 (12.34% acct, qty 360917.7623)
       TP1: $0.040434 (+18.2%, 1.5R, sell 40%)
       TP2: $0.046668 (+36.5%, 3.0R, sell 35%)
       TP3: $0.054980 (+60.8%, 5.0R, sell 25%)

  [ 6] TRUTH       score= 147.1  ST=6/6  price=$0.014517      24h=+26.48%  vol=$  1.8M
       TF:  1D=119  12H=172  6H=126  4H=138  2H=159  1H=157
       Bonuses: RS vs BTC 7d +21.0%  (+5 pts)
       Entry: $0.014517  |  Stop: $0.012339 (-15.00%)  |  Risk: $1500 (1.50% acct)
       Position: $10000 (10.00% acct, qty 688847.5580)
       TP1: $0.017783 (+22.5%, 1.5R, sell 40%)
       TP2: $0.021050 (+45.0%, 3.0R, sell 35%)
       TP3: $0.025405 (+75.0%, 5.0R, sell 25%)

  [ 7] PARTI       score= 145.2  ST=6/6  price=$0.059680      24h= -1.75%  vol=$  1.2M
       TF:  1D=136  12H=144  6H=126  4H=135  2H=138  1H=136
       Bonuses: RSI div 1D (bullish) | 1H pre-pump (obv_divergence, obv_stealth_accum)  (+9 pts)
       Entry: $0.059680  |  Stop: $0.050728 (-15.00%)  |  Risk: $1500 (1.50% acct)
       Position: $10000 (10.00% acct, qty 167560.3217)
       TP1: $0.073108 (+22.5%, 1.5R, sell 40%)
       TP2: $0.086536 (+45.0%, 3.0R, sell 35%)
       TP3: $0.104440 (+75.0%, 5.0R, sell 25%)

  [ 8] XLM         score= 144.2  ST=5/6  price=$0.225450      24h= +2.65%  vol=$106.6M
       TF:  1D=121  12H=127  6H=141  4H=155  2H=168  1H=154
       Bonuses: RS vs BTC 7d +18.5%  (+5 pts)
       Entry: $0.225450  |  Stop: $0.197160 (-12.55%)  |  Risk: $1500 (1.50% acct)
       Position: $11954 (11.95% acct, qty 53022.2694)
       TP1: $0.267885 (+18.8%, 1.5R, sell 40%)
       TP2: $0.310320 (+37.6%, 3.0R, sell 35%)
       TP3: $0.366900 (+62.7%, 5.0R, sell 25%)

  [ 9] BANANAS31   score= 144.2  ST=5/6  price=$0.011286      24h=+10.68%  vol=$  3.3M
       TF:  1D=103  12H=121  6H=157  4H=146  2H=151  1H=176
       Bonuses: RSI div 1D (bullish) | RS vs BTC 7d +5.9%  (+10 pts)
       Entry: $0.011286  |  Stop: $0.009593 (-15.00%)  |  Risk: $1500 (1.50% acct)
       Position: $10000 (10.00% acct, qty 886053.5176)
       TP1: $0.013825 (+22.5%, 1.5R, sell 40%)
       TP2: $0.016365 (+45.0%, 3.0R, sell 35%)
       TP3: $0.019751 (+75.0%, 5.0R, sell 25%)

  [10] WLD         score= 143.8  ST=6/6  price=$0.658000      24h= -8.79%  vol=$174.9M
       TF:  1D=161  12H=141  6H=147  4H=130  2H=100  1H= 50
       Bonuses: RSI div 1D (hidden_bullish) | 1H pre-pump (bb_squeeze, obv_divergence) | RS vs BTC 7d +41.2%  (+12 pts)
       Entry: $0.658000  |  Stop: $0.559300 (-15.00%)  |  Risk: $1500 (1.50% acct)
       Position: $10000 (10.00% acct, qty 15197.5684)
       TP1: $0.806050 (+22.5%, 1.5R, sell 40%)
       TP2: $0.954100 (+45.0%, 3.0R, sell 35%)
       TP3: $1.151500 (+75.0%, 5.0R, sell 25%)

  [11] BR          score= 143.8  ST=6/6  price=$0.190260      24h= -8.56%  vol=$  9.1M
       TF:  1D=154  12H=151  6H=126  4H=147  2H= 86  1H= 72
       Bonuses: RSI div 1D (bullish) | 1H pre-pump (obv_divergence) | RS vs BTC 7d +50.6%  (+12 pts)
       Entry: $0.190260  |  Stop: $0.161721 (-15.00%)  |  Risk: $1500 (1.50% acct)
       Position: $10000 (10.00% acct, qty 52559.6552)
       TP1: $0.233069 (+22.5%, 1.5R, sell 40%)
       TP2: $0.275877 (+45.0%, 3.0R, sell 35%)
       TP3: $0.332955 (+75.0%, 5.0R, sell 25%)

  [12] XAN         score= 142.7  ST=5/6  price=$0.010610      24h= +9.69%  vol=$  1.2M
       TF:  1D=100  12H=129  6H=168  4H=168  2H=155  1H=149
       Bonuses: RS vs BTC 7d +36.1%  (+5 pts)
       Entry: $0.010610  |  Stop: $0.009223 (-13.07%)  |  Risk: $1500 (1.50% acct)
       Position: $11477 (11.48% acct, qty 1081749.3432)
       TP1: $0.012690 (+19.6%, 1.5R, sell 40%)
       TP2: $0.014770 (+39.2%, 3.0R, sell 35%)
       TP3: $0.017543 (+65.3%, 5.0R, sell 25%)

  [13] AT          score= 142.0  ST=6/6  price=$0.157620      24h=+17.97%  vol=$  2.6M
       TF:  1D=114  12H=147  6H=144  4H=136  2H=131  1H=130
       Bonuses: RSI div 1D (hidden_bullish) | 1H pre-pump (obv_stealth_accum) | RS vs BTC 7d +29.2%  (+10 pts)
       Entry: $0.157620  |  Stop: $0.133977 (-15.00%)  |  Risk: $1500 (1.50% acct)
       Position: $10000 (10.00% acct, qty 63443.7254)
       TP1: $0.193084 (+22.5%, 1.5R, sell 40%)
       TP2: $0.228549 (+45.0%, 3.0R, sell 35%)
       TP3: $0.275835 (+75.0%, 5.0R, sell 25%)

  [14] BLUAI       score= 140.9  ST=6/6  price=$0.015225      24h= +6.40%  vol=$  2.0M
       TF:  1D=107  12H=115  6H=144  4H=167  2H=151  1H=162
       Bonuses: 1H pre-pump (obv_divergence) | RS vs BTC 7d +22.9%  (+7 pts)
       Entry: $0.015225  |  Stop: $0.012941 (-15.00%)  |  Risk: $1500 (1.50% acct)
       Position: $10000 (10.00% acct, qty 656814.4499)
       TP1: $0.018651 (+22.5%, 1.5R, sell 40%)
       TP2: $0.022076 (+45.0%, 3.0R, sell 35%)
       TP3: $0.026644 (+75.0%, 5.0R, sell 25%)

  [15] EPIC        score= 140.6  ST=6/6  price=$0.657700      24h= +3.47%  vol=$  2.2M
       TF:  1D=150  12H=125  6H=127  4H=149  2H=128  1H=118
       Bonuses: RS vs BTC 7d +19.4%  (+5 pts)
       Entry: $0.657700  |  Stop: $0.559045 (-15.00%)  |  Risk: $1500 (1.50% acct)
       Position: $10000 (10.00% acct, qty 15204.5005)
       TP1: $0.805682 (+22.5%, 1.5R, sell 40%)
       TP2: $0.953665 (+45.0%, 3.0R, sell 35%)
       TP3: $1.150975 (+75.0%, 5.0R, sell 25%)

  [16] XPL         score= 140.4  ST=6/6  price=$0.112590      24h= +9.85%  vol=$152.1M
       TF:  1D=119  12H=145  6H=164  4H=148  2H=157  1H= 74
       Bonuses: RS vs BTC 7d +79.2%  (+5 pts)
       Entry: $0.112590  |  Stop: $0.095701 (-15.00%)  |  Risk: $1500 (1.50% acct)
       Position: $10000 (10.00% acct, qty 88817.8346)
       TP1: $0.137923 (+22.5%, 1.5R, sell 40%)
       TP2: $0.163255 (+45.0%, 3.0R, sell 35%)
       TP3: $0.197032 (+75.0%, 5.0R, sell 25%)

  [17] ETHFI       score= 139.5  ST=5/6  price=$0.382300      24h= +3.76%  vol=$ 19.7M
       TF:  1D=108  12H=149  6H=162  4H=146  2H=141  1H= 93
       Bonuses: 1H pre-pump (obv_divergence) | RS vs BTC 7d +26.1%  (+7 pts)
       Entry: $0.382300  |  Stop: $0.337696 (-11.67%)  |  Risk: $1500 (1.50% acct)
       Position: $12857 (12.86% acct, qty 33629.5940)
       TP1: $0.449205 (+17.5%, 1.5R, sell 40%)
       TP2: $0.516111 (+35.0%, 3.0R, sell 35%)
       TP3: $0.605318 (+58.3%, 5.0R, sell 25%)

  [18] MAGMA       score= 139.5  ST=5/6  price=$0.500490      24h=+19.12%  vol=$ 12.2M
       TF:  1D=161  12H=109  6H=140  4H=140  2H=164  1H= 79
       Bonuses: RSI div 1D (hidden_bullish)  (+3 pts)
       Entry: $0.500490  |  Stop: $0.425416 (-15.00%)  |  Risk: $1500 (1.50% acct)
       Position: $10000 (10.00% acct, qty 19980.4192)
       TP1: $0.613100 (+22.5%, 1.5R, sell 40%)
       TP2: $0.725711 (+45.0%, 3.0R, sell 35%)
       TP3: $0.875857 (+75.0%, 5.0R, sell 25%)

  [19] HOLO        score= 137.9  ST=5/6  price=$0.070730      24h= +8.26%  vol=$  1.5M
       TF:  1D=107  12H=157  6H=137  4H=138  2H=144  1H=130
       Bonuses: RS vs BTC 7d +10.1%  (+5 pts)
       Entry: $0.070730  |  Stop: $0.061815 (-12.60%)  |  Risk: $1500 (1.50% acct)
       Position: $11900 (11.90% acct, qty 168249.0085)
       TP1: $0.084103 (+18.9%, 1.5R, sell 40%)
       TP2: $0.097476 (+37.8%, 3.0R, sell 35%)
       TP3: $0.115307 (+63.0%, 5.0R, sell 25%)

  [20] CLO         score= 136.0  ST=4/6  price=$0.177380      24h=+58.53%  vol=$  8.6M
       TF:  1D=166  12H=135  6H= 70  4H=108  2H=128  1H=155
       Bonuses: RS vs BTC 7d +58.4%  (+5 pts)
       Entry: $0.177380  |  Stop: $0.150773 (-15.00%)  |  Risk: $1500 (1.50% acct)
       Position: $10000 (10.00% acct, qty 56376.1416)
       TP1: $0.217290 (+22.5%, 1.5R, sell 40%)
       TP2: $0.257201 (+45.0%, 3.0R, sell 35%)
       TP3: $0.310415 (+75.0%, 5.0R, sell 25%)

  [21] MITO        score= 134.9  ST=6/6  price=$0.028880      24h=+22.46%  vol=$ 10.4M
       TF:  1D=128  12H=121  6H=141  4H=154  2H=131  1H= 99
       Bonuses: RS vs BTC 7d +48.3%  (+5 pts)
       Entry: $0.028880  |  Stop: $0.024548 (-15.00%)  |  Risk: $1500 (1.50% acct)
       Position: $10000 (10.00% acct, qty 346260.3878)
       TP1: $0.035378 (+22.5%, 1.5R, sell 40%)
       TP2: $0.041876 (+45.0%, 3.0R, sell 35%)
       TP3: $0.050540 (+75.0%, 5.0R, sell 25%)

  [22] BRETT       score= 134.5  ST=5/6  price=$0.006774      24h= +1.04%  vol=$  3.5M
       TF:  1D= 90  12H=145  6H=181  4H=116  2H=155  1H=122
       Bonuses: RS vs BTC 7d +22.9%  (+5 pts)
       Entry: $0.006774  |  Stop: $0.005758 (-15.00%)  |  Risk: $1500 (1.50% acct)
       Position: $10000 (10.00% acct, qty 1476232.6543)
       TP1: $0.008298 (+22.5%, 1.5R, sell 40%)
       TP2: $0.009822 (+45.0%, 3.0R, sell 35%)
       TP3: $0.011855 (+75.0%, 5.0R, sell 25%)

  [23] FIDA        score= 134.1  ST=5/6  price=$0.024159      24h= +1.82%  vol=$  3.2M
       TF:  1D=110  12H=128  6H=144  4H=112  2H=130  1H=137
       Bonuses: 1H pre-pump (bb_squeeze) | RS vs BTC 7d +13.9% | funding -0.0806%/8h  (+10 pts)
       Entry: $0.024159  |  Stop: $0.020535 (-15.00%)  |  Risk: $1500 (1.50% acct)
       Position: $10000 (10.00% acct, qty 413924.4174)
       TP1: $0.029595 (+22.5%, 1.5R, sell 40%)
       TP2: $0.035031 (+45.0%, 3.0R, sell 35%)
       TP3: $0.042278 (+75.0%, 5.0R, sell 25%)

  [24] ASTER       score= 132.6  ST=4/6  price=$0.716700      24h= -1.72%  vol=$110.3M
       TF:  1D=143  12H=141  6H=141  4H=143  2H= 93  1H= 26
       Bonuses: RS vs BTC 7d +10.9% | funding -0.0164%/8h  (+8 pts)
       Entry: $0.716700  |  Stop: $0.656625 (-8.38%)  |  Risk: $1500 (1.50% acct)
       Position: $17895 (17.90% acct, qty 24968.7890)
       TP1: $0.806813 (+12.6%, 1.5R, sell 40%)
       TP2: $0.896925 (+25.1%, 3.0R, sell 35%)
       TP3: $1.017075 (+41.9%, 5.0R, sell 25%)

  [25] CFG         score= 132.6  ST=5/6  price=$0.236600      24h= +2.93%  vol=$  2.1M
       TF:  1D= 82  12H=119  6H=140  4H=154  2H=157  1H=149
       Bonuses: RS vs BTC 7d +15.1% | funding -0.0182%/8h  (+8 pts)
       Entry: $0.236600  |  Stop: $0.204189 (-13.70%)  |  Risk: $1500 (1.50% acct)
       Position: $10950 (10.95% acct, qty 46280.9917)
       TP1: $0.285216 (+20.6%, 1.5R, sell 40%)
       TP2: $0.333832 (+41.1%, 3.0R, sell 35%)
       TP3: $0.398654 (+68.5%, 5.0R, sell 25%)

  [26] ID          score= 132.4  ST=5/6  price=$0.031120      24h= +4.24%  vol=$ 22.1M
       TF:  1D=114  12H=121  6H=111  4H=138  2H=139  1H=123
       Bonuses: 1H pre-pump (obv_stealth_accum) | RS vs BTC 7d +13.7% | funding -0.8786%/8h  (+10 pts)
       Entry: $0.031120  |  Stop: $0.026452 (-15.00%)  |  Risk: $1500 (1.50% acct)
       Position: $10000 (10.00% acct, qty 321336.7609)
       TP1: $0.038122 (+22.5%, 1.5R, sell 40%)
       TP2: $0.045124 (+45.0%, 3.0R, sell 35%)
       TP3: $0.054460 (+75.0%, 5.0R, sell 25%)

  [27] RED         score= 132.3  ST=5/6  price=$0.107230      24h= +5.21%  vol=$  2.3M
       TF:  1D= 91  12H=132  6H=139  4H=158  2H=127  1H=136
       Bonuses: 1H pre-pump (obv_stealth_accum) | RS vs BTC 7d +12.4%  (+7 pts)
       Entry: $0.107230  |  Stop: $0.095394 (-11.04%)  |  Risk: $1500 (1.50% acct)
       Position: $13589 (13.59% acct, qty 126731.2392)
       TP1: $0.124984 (+16.6%, 1.5R, sell 40%)
       TP2: $0.142738 (+33.1%, 3.0R, sell 35%)
       TP3: $0.166410 (+55.2%, 5.0R, sell 25%)

  [28] MEGA        score= 131.4  ST=6/6  price=$0.057060      24h=+11.87%  vol=$  6.0M
       TF:  1D=105  12H=104  6H=119  4H=128  2H=137  1H=147
       Bonuses: RSI div 1D (bullish) | RS vs BTC 7d +29.3% | funding -0.0774%/8h  (+13 pts)
       Entry: $0.057060  |  Stop: $0.048501 (-15.00%)  |  Risk: $1500 (1.50% acct)
       Position: $10000 (10.00% acct, qty 175254.1185)
       TP1: $0.069899 (+22.5%, 1.5R, sell 40%)
       TP2: $0.082737 (+45.0%, 3.0R, sell 35%)
       TP3: $0.099855 (+75.0%, 5.0R, sell 25%)

  [29] BSB         score= 131.2  ST=6/6  price=$0.596200      24h=+17.28%  vol=$ 65.7M
       TF:  1D=120  12H=130  6H=140  4H=152  2H=132  1H= 50
       Bonuses: 1H pre-pump (obv_stealth_accum) | RS vs BTC 7d +105.8%  (+7 pts)
       Entry: $0.596200  |  Stop: $0.506770 (-15.00%)  |  Risk: $1500 (1.50% acct)
       Position: $10000 (10.00% acct, qty 16772.8950)
       TP1: $0.730345 (+22.5%, 1.5R, sell 40%)
       TP2: $0.864490 (+45.0%, 3.0R, sell 35%)
       TP3: $1.043350 (+75.0%, 5.0R, sell 25%)

  [30] ESPORTS     score= 131.1  ST=5/6  price=$0.185580      24h=+137.37%  vol=$166.9M
       TF:  1D=119  12H=105  6H=116  4H=144  2H=155  1H=142
       Bonuses: RS vs BTC 7d +94.2%  (+5 pts)
       Entry: $0.185580  |  Stop: $0.157743 (-15.00%)  |  Risk: $1500 (1.50% acct)
       Position: $10000 (10.00% acct, qty 53885.1169)
       TP1: $0.227335 (+22.5%, 1.5R, sell 40%)
       TP2: $0.269091 (+45.0%, 3.0R, sell 35%)
       TP3: $0.324765 (+75.0%, 5.0R, sell 25%)

  [31] BIO         score= 131.0  ST=4/6  price=$0.034740      24h= +0.74%  vol=$ 28.1M
       TF:  1D= 92  12H=125  6H=139  4H=138  2H=145  1H=113
       Bonuses: RSI div 1D (bullish) | RS vs BTC 7d +14.6%  (+10 pts)
       Entry: $0.034740  |  Stop: $0.029529 (-15.00%)  |  Risk: $1500 (1.50% acct)
       Position: $10000 (10.00% acct, qty 287852.6195)
       TP1: $0.042556 (+22.5%, 1.5R, sell 40%)
       TP2: $0.050373 (+45.0%, 3.0R, sell 35%)
       TP3: $0.060795 (+75.0%, 5.0R, sell 25%)

  [32] MORPHO      score= 130.2  ST=5/6  price=$1.982600      24h= +0.81%  vol=$  1.6M
       TF:  1D=117  12H=107  6H=131  4H=160  2H=150  1H=144
       Entry: $1.982600  |  Stop: $1.752189 (-11.62%)  |  Risk: $1500 (1.50% acct)
       Position: $12907 (12.91% acct, qty 6510.1139)
       TP1: $2.328216 (+17.4%, 1.5R, sell 40%)
       TP2: $2.673832 (+34.9%, 3.0R, sell 35%)
       TP3: $3.134654 (+58.1%, 5.0R, sell 25%)

  [33] MMT         score= 130.1  ST=6/6  price=$0.140620      24h= +0.15%  vol=$  1.6M
       TF:  1D=116  12H=138  6H=142  4H=133  2H=100  1H= 78
       Bonuses: 1H pre-pump (bb_squeeze, obv_stealth_accum) | RS vs BTC 7d +33.3%  (+9 pts)
       Entry: $0.140620  |  Stop: $0.125252 (-10.93%)  |  Risk: $1500 (1.50% acct)
       Position: $13726 (13.73% acct, qty 97608.5896)
       TP1: $0.163671 (+16.4%, 1.5R, sell 40%)
       TP2: $0.186723 (+32.8%, 3.0R, sell 35%)
       TP3: $0.217457 (+54.6%, 5.0R, sell 25%)

--------------------------------------------------------------------------------
  LONG  —  50 coin(s)  (tradeable trend)
--------------------------------------------------------------------------------

  [ 1] BLESS       score= 129.6  ST=4/6  price=$0.007785      24h=-19.11%  vol=$ 10.9M
       TF:  1D=150  12H=124  6H=140  4H=151  2H= 68  1H= 30
       Bonuses: RSI div 1D (hidden_bullish) | RS vs BTC 7d +36.8%  (+8 pts)
       Entry: $0.007785  |  Stop: $0.006617 (-15.00%)  |  Risk: $1500 (1.50% acct)
       Position: $10000 (10.00% acct, qty 1284521.5157)
       TP1: $0.009537 (+22.5%, 1.5R, sell 40%)
       TP2: $0.011288 (+45.0%, 3.0R, sell 35%)
       TP3: $0.013624 (+75.0%, 5.0R, sell 25%)

  [ 2] RUNE        score= 129.3  ST=6/6  price=$0.417700      24h= +0.00%  vol=$  1.8M
       TF:  1D=110  12H=130  6H=147  4H=152  2H=133  1H= 67
       Bonuses: RS vs BTC 7d +5.6%  (+5 pts)
       Entry: $0.417700  |  Stop: $0.366871 (-12.17%)  |  Risk: $1500 (1.50% acct)
       Position: $12327 (12.33% acct, qty 29510.9612)
       TP1: $0.493943 (+18.2%, 1.5R, sell 40%)
       TP2: $0.570186 (+36.5%, 3.0R, sell 35%)
       TP3: $0.671843 (+60.8%, 5.0R, sell 25%)

  [ 3] SPX         score= 128.4  ST=4/6  price=$0.427000      24h=-18.23%  vol=$ 38.6M
       TF:  1D=140  12H=155  6H=150  4H=131  2H= 69  1H= 28
       Bonuses: RS vs BTC 7d +36.2%  (+5 pts)
       Entry: $0.427000  |  Stop: $0.370182 (-13.31%)  |  Risk: $1500 (1.50% acct)
       Position: $11273 (11.27% acct, qty 26400.1509)
       TP1: $0.512227 (+20.0%, 1.5R, sell 40%)
       TP2: $0.597454 (+39.9%, 3.0R, sell 35%)
       TP3: $0.711089 (+66.5%, 5.0R, sell 25%)

  [ 4] 1000TAG     score= 127.9  ST=5/6  price=$1.246500      24h=+13.28%  vol=$  1.8M
       TF:  1D=109  12H=120  6H=129  4H=126  2H=147  1H= 75
       Bonuses: RSI div 1D (bullish) | RS vs BTC 7d +21.1%  (+10 pts)
       Entry: $1.246500  |  Stop: $1.059525 (-15.00%)  |  Risk: $1500 (1.50% acct)
       Position: $10000 (10.00% acct, qty 8022.4629)
       TP1: $1.526963 (+22.5%, 1.5R, sell 40%)
       TP2: $1.807425 (+45.0%, 3.0R, sell 35%)
       TP3: $2.181375 (+75.0%, 5.0R, sell 25%)

  [ 5] ENJ         score= 127.6  ST=5/6  price=$0.034077      24h= +8.64%  vol=$  3.1M
       TF:  1D= 96  12H= 92  6H=151  4H=144  2H=145  1H=157
       Bonuses: RS vs BTC 7d +16.0%  (+5 pts)
       Entry: $0.034077  |  Stop: $0.029831 (-12.46%)  |  Risk: $1500 (1.50% acct)
       Position: $12040 (12.04% acct, qty 353312.3028)
       TP1: $0.040445 (+18.7%, 1.5R, sell 40%)
       TP2: $0.046814 (+37.4%, 3.0R, sell 35%)
       TP3: $0.055305 (+62.3%, 5.0R, sell 25%)

  [ 6] WLFI        score= 127.0  ST=5/6  price=$0.062750      24h= +1.31%  vol=$  8.8M
       TF:  1D= 99  12H=110  6H=135  4H=148  2H=162  1H=104
       Bonuses: RS vs BTC 7d +1.8%  (+5 pts)
       Entry: $0.062750  |  Stop: $0.056386 (-10.14%)  |  Risk: $1500 (1.50% acct)
       Position: $14790 (14.79% acct, qty 235690.2357)
       TP1: $0.072296 (+15.2%, 1.5R, sell 40%)
       TP2: $0.081843 (+30.4%, 3.0R, sell 35%)
       TP3: $0.094571 (+50.7%, 5.0R, sell 25%)

  [ 7] LAB         score= 126.9  ST=5/6  price=$13.125000     24h= +3.07%  vol=$ 40.0M
       TF:  1D=109  12H= 89  6H=137  4H=141  2H=149  1H=140
       Bonuses: RS vs BTC 7d +62.7%  (+5 pts)
       Entry: $13.125000  |  Stop: $11.156250 (-15.00%)  |  Risk: $1500 (1.50% acct)
       Position: $10000 (10.00% acct, qty 761.9048)
       TP1: $16.078125 (+22.5%, 1.5R, sell 40%)
       TP2: $19.031250 (+45.0%, 3.0R, sell 35%)
       TP3: $22.968750 (+75.0%, 5.0R, sell 25%)

  [ 8] VELODROME   score= 125.1  ST=5/6  price=$0.017829      24h= -6.17%  vol=$  1.4M
       TF:  1D=140  12H=147  6H=132  4H=112  2H=101  1H= 28
       Bonuses: RS vs BTC 7d +28.9%  (+5 pts)
       Entry: $0.017829  |  Stop: $0.015752 (-11.65%)  |  Risk: $1500 (1.50% acct)
       Position: $12878 (12.88% acct, qty 722282.4124)
       TP1: $0.020944 (+17.5%, 1.5R, sell 40%)
       TP2: $0.024059 (+34.9%, 3.0R, sell 35%)
       TP3: $0.028213 (+58.2%, 5.0R, sell 25%)

  [ 9] ARC         score= 124.7  ST=5/6  price=$0.084320      24h= +6.67%  vol=$  1.7M
       TF:  1D=141  12H= 92  6H=141  4H=111  2H=144  1H=117
       Entry: $0.084320  |  Stop: $0.072848 (-13.61%)  |  Risk: $1500 (1.50% acct)
       Position: $11025 (11.03% acct, qty 130755.5805)
       TP1: $0.101528 (+20.4%, 1.5R, sell 40%)
       TP2: $0.118735 (+40.8%, 3.0R, sell 35%)
       TP3: $0.141679 (+68.0%, 5.0R, sell 25%)

  [10] AKE         score= 124.4  ST=3/6  price=$0.000332      24h= -9.78%  vol=$  1.2M
       TF:  1D=134  12H=128  6H=147  4H=105  2H= 68  1H=103
       Bonuses: RS vs BTC 7d +18.1%  (+5 pts)
       Entry: $0.000332  |  Stop: $0.000282 (-15.00%)  |  Risk: $1500 (1.50% acct)
       Position: $10000 (10.00% acct, qty 30102347.9831)
       TP1: $0.000407 (+22.5%, 1.5R, sell 40%)
       TP2: $0.000482 (+45.0%, 3.0R, sell 35%)
       TP3: $0.000581 (+75.0%, 5.0R, sell 25%)

  [11] CC          score= 124.1  ST=6/6  price=$0.162590      24h= +1.94%  vol=$  2.7M
       TF:  1D=145  12H=105  6H=100  4H= 98  2H=141  1H=159
       Entry: $0.162590  |  Stop: $0.146644 (-9.81%)  |  Risk: $1500 (1.50% acct)
       Position: $15294 (15.29% acct, qty 94067.0564)
       TP1: $0.186509 (+14.7%, 1.5R, sell 40%)
       TP2: $0.210428 (+29.4%, 3.0R, sell 35%)
       TP3: $0.242320 (+49.0%, 5.0R, sell 25%)

  [12] PENDLE      score= 122.5  ST=5/6  price=$1.457600      24h= -4.02%  vol=$ 11.5M
       TF:  1D= 82  12H=125  6H=144  4H=163  2H=140  1H= 67
       Bonuses: RS vs BTC 7d +19.4%  (+5 pts)
       Entry: $1.457600  |  Stop: $1.299746 (-10.83%)  |  Risk: $1500 (1.50% acct)
       Position: $13851 (13.85% acct, qty 9502.4774)
       TP1: $1.694380 (+16.2%, 1.5R, sell 40%)
       TP2: $1.931161 (+32.5%, 3.0R, sell 35%)
       TP3: $2.246868 (+54.1%, 5.0R, sell 25%)

  [13] SQD         score= 122.4  ST=4/6  price=$0.046230      24h=-13.87%  vol=$ 10.5M
       TF:  1D=128  12H=146  6H=140  4H=111  2H= 52  1H= 35
       Bonuses: RSI div 1D (bullish) | RS vs BTC 7d +23.5%  (+10 pts)
       Entry: $0.046230  |  Stop: $0.039295 (-15.00%)  |  Risk: $1500 (1.50% acct)
       Position: $10000 (10.00% acct, qty 216309.7556)
       TP1: $0.056632 (+22.5%, 1.5R, sell 40%)
       TP2: $0.067033 (+45.0%, 3.0R, sell 35%)
       TP3: $0.080903 (+75.0%, 5.0R, sell 25%)

  [14] ENA         score= 122.3  ST=4/6  price=$0.095020      24h= +6.64%  vol=$105.1M
       TF:  1D= 61  12H= 84  6H=162  4H=150  2H=151  1H=165
       Bonuses: 1H pre-pump (obv_stealth_accum) | RS vs BTC 7d +27.3%  (+7 pts)
       Entry: $0.095020  |  Stop: $0.080767 (-15.00%)  |  Risk: $1500 (1.50% acct)
       Position: $10000 (10.00% acct, qty 105241.0019)
       TP1: $0.116400 (+22.5%, 1.5R, sell 40%)
       TP2: $0.137779 (+45.0%, 3.0R, sell 35%)
       TP3: $0.166285 (+75.0%, 5.0R, sell 25%)

  [15] ALGO        score= 121.9  ST=5/6  price=$0.099070      24h= +1.29%  vol=$ 10.0M
       TF:  1D= 62  12H=100  6H=159  4H=147  2H=163  1H=121
       Bonuses: 1H pre-pump (obv_stealth_accum) | RS vs BTC 7d +9.7%  (+7 pts)
       Entry: $0.099070  |  Stop: $0.089866 (-9.29%)  |  Risk: $1500 (1.50% acct)
       Position: $16146 (16.15% acct, qty 162980.2095)
       TP1: $0.112875 (+13.9%, 1.5R, sell 40%)
       TP2: $0.126681 (+27.9%, 3.0R, sell 35%)
       TP3: $0.145088 (+46.5%, 5.0R, sell 25%)

  [16] SENT        score= 121.3  ST=4/6  price=$0.017343      24h= -9.94%  vol=$  4.9M
       TF:  1D=148  12H=145  6H=123  4H=102  2H= 60  1H= 49
       Bonuses: RS vs BTC 7d +14.0%  (+5 pts)
       Entry: $0.017343  |  Stop: $0.014742 (-15.00%)  |  Risk: $1500 (1.50% acct)
       Position: $10000 (10.00% acct, qty 576601.5107)
       TP1: $0.021245 (+22.5%, 1.5R, sell 40%)
       TP2: $0.025147 (+45.0%, 3.0R, sell 35%)
       TP3: $0.030350 (+75.0%, 5.0R, sell 25%)

  [17] JTO         score= 121.0  ST=5/6  price=$0.698900      24h=-10.19%  vol=$ 26.7M
       TF:  1D=161  12H=137  6H=116  4H= 92  2H= 68  1H= 42
       Bonuses: RS vs BTC 7d +17.6%  (+5 pts)
       Entry: $0.698900  |  Stop: $0.594065 (-15.00%)  |  Risk: $1500 (1.50% acct)
       Position: $10000 (10.00% acct, qty 14308.1986)
       TP1: $0.856152 (+22.5%, 1.5R, sell 40%)
       TP2: $1.013405 (+45.0%, 3.0R, sell 35%)
       TP3: $1.223075 (+75.0%, 5.0R, sell 25%)

  [18] INIT        score= 121.0  ST=4/6  price=$0.059770      24h= +4.44%  vol=$  1.0M
       TF:  1D= 62  12H=110  6H=104  4H=147  2H=152  1H=128
       Bonuses: RSI div 1D (bullish) | RS vs BTC 7d +4.6% | funding -0.0154%/8h  (+13 pts)
       Entry: $0.059770  |  Stop: $0.052159 (-12.73%)  |  Risk: $1500 (1.50% acct)
       Position: $11779 (11.78% acct, qty 197072.0721)
       TP1: $0.071187 (+19.1%, 1.5R, sell 40%)
       TP2: $0.082604 (+38.2%, 3.0R, sell 35%)
       TP3: $0.097827 (+63.7%, 5.0R, sell 25%)

  [19] CFX         score= 120.8  ST=5/6  price=$0.051370      24h= -0.94%  vol=$  1.1M
       TF:  1D= 79  12H=135  6H=143  4H=163  2H=125  1H= 58
       Bonuses: RS vs BTC 7d +13.7%  (+5 pts)
       Entry: $0.051370  |  Stop: $0.046692 (-9.11%)  |  Risk: $1500 (1.50% acct)
       Position: $16472 (16.47% acct, qty 320659.6427)
       TP1: $0.058387 (+13.7%, 1.5R, sell 40%)
       TP2: $0.065404 (+27.3%, 3.0R, sell 35%)
       TP3: $0.074759 (+45.5%, 5.0R, sell 25%)

  [20] TRIA        score= 120.6  ST=5/6  price=$0.030837      24h= -7.72%  vol=$  9.1M
       TF:  1D= 75  12H=121  6H=117  4H=145  2H=138  1H= 95
       Bonuses: RSI div 1D (bullish) | RS vs BTC 7d +18.6%  (+10 pts)
       Entry: $0.030837  |  Stop: $0.026211 (-15.00%)  |  Risk: $1500 (1.50% acct)
       Position: $10000 (10.00% acct, qty 324285.7606)
       TP1: $0.037775 (+22.5%, 1.5R, sell 40%)
       TP2: $0.044714 (+45.0%, 3.0R, sell 35%)
       TP3: $0.053965 (+75.0%, 5.0R, sell 25%)

  [21] COAI        score= 119.9  ST=3/6  price=$0.345600      24h= -3.73%  vol=$  3.1M
       TF:  1D=123  12H=104  6H= 99  4H= 98  2H=110  1H=139
       Bonuses: RSI div 1D (hidden_bullish) | RS vs BTC 7d +46.1%  (+8 pts)
       Entry: $0.345600  |  Stop: $0.293760 (-15.00%)  |  Risk: $1500 (1.50% acct)
       Position: $10000 (10.00% acct, qty 28935.1852)
       TP1: $0.423360 (+22.5%, 1.5R, sell 40%)
       TP2: $0.501120 (+45.0%, 3.0R, sell 35%)
       TP3: $0.604800 (+75.0%, 5.0R, sell 25%)

  [22] USD1        score= 119.3  ST=6/6  price=$1.000100      24h= +0.00%  vol=$ 21.0M
       TF:  1D=124  12H=126  6H=111  4H=108  2H=121  1H=120
       Entry: $1.000100  |  Stop: $0.950095 (-5.00%)  |  Risk: $1000 (1.00% acct)
       Position: $20000 (20.00% acct, qty 19998.0002)
       TP1: $1.075108 (+7.5%, 1.5R, sell 40%)
       TP2: $1.150115 (+15.0%, 3.0R, sell 35%)
       TP3: $1.250125 (+25.0%, 5.0R, sell 25%)

  [23] TIA         score= 118.7  ST=6/6  price=$0.391700      24h= -7.08%  vol=$ 14.9M
       TF:  1D=121  12H=116  6H=156  4H=115  2H=104  1H= 35
       Bonuses: RS vs BTC 7d +22.3%  (+5 pts)
       Entry: $0.391700  |  Stop: $0.342393 (-12.59%)  |  Risk: $1500 (1.50% acct)
       Position: $11916 (11.92% acct, qty 30421.5558)
       TP1: $0.465661 (+18.9%, 1.5R, sell 40%)
       TP2: $0.539621 (+37.8%, 3.0R, sell 35%)
       TP3: $0.638236 (+62.9%, 5.0R, sell 25%)

  [24] GPS         score= 118.7  ST=4/6  price=$0.008974      24h=-10.40%  vol=$  1.7M
       TF:  1D=142  12H=122  6H=141  4H= 94  2H= 49  1H= 54
       Bonuses: RSI div 1D (hidden_bullish) | RS vs BTC 7d +21.1%  (+8 pts)
       Entry: $0.008974  |  Stop: $0.007755 (-13.58%)  |  Risk: $1500 (1.50% acct)
       Position: $11043 (11.04% acct, qty 1230552.8698)
       TP1: $0.010802 (+20.4%, 1.5R, sell 40%)
       TP2: $0.012631 (+40.8%, 3.0R, sell 35%)
       TP3: $0.015069 (+67.9%, 5.0R, sell 25%)

  [25] ORCA        score= 118.0  ST=6/6  price=$1.230700      24h= +0.80%  vol=$  6.0M
       TF:  1D=117  12H=108  6H=124  4H=138  2H=115  1H= 55
       Bonuses: RS vs BTC 7d +22.6%  (+5 pts)
       Entry: $1.230700  |  Stop: $1.066311 (-13.36%)  |  Risk: $1500 (1.50% acct)
       Position: $11230 (11.23% acct, qty 9124.6823)
       TP1: $1.477284 (+20.0%, 1.5R, sell 40%)
       TP2: $1.723868 (+40.1%, 3.0R, sell 35%)
       TP3: $2.052646 (+66.8%, 5.0R, sell 25%)

  [26] EVAA        score= 117.5  ST=4/6  price=$0.612400      24h= -8.63%  vol=$  6.3M
       TF:  1D=143  12H=151  6H= 88  4H= 65  2H= 45  1H= 89
       Bonuses: RSI div 1D (bullish) | RS vs BTC 7d +60.8%  (+10 pts)
       Entry: $0.612400  |  Stop: $0.520540 (-15.00%)  |  Risk: $1500 (1.50% acct)
       Position: $10000 (10.00% acct, qty 16329.1966)
       TP1: $0.750190 (+22.5%, 1.5R, sell 40%)
       TP2: $0.887980 (+45.0%, 3.0R, sell 35%)
       TP3: $1.071700 (+75.0%, 5.0R, sell 25%)

  [27] ROBO        score= 117.3  ST=4/6  price=$0.020870      24h= +3.41%  vol=$  1.2M
       TF:  1D=102  12H=100  6H= 73  4H=126  2H=154  1H=154
       Bonuses: RS vs BTC 7d +1.3%  (+5 pts)
       Entry: $0.020870  |  Stop: $0.017739 (-15.00%)  |  Risk: $1500 (1.50% acct)
       Position: $10000 (10.00% acct, qty 479156.6842)
       TP1: $0.025566 (+22.5%, 1.5R, sell 40%)
       TP2: $0.030262 (+45.0%, 3.0R, sell 35%)
       TP3: $0.036522 (+75.0%, 5.0R, sell 25%)

  [28] SIGN        score= 117.2  ST=4/6  price=$0.009534      24h= +4.65%  vol=$  2.5M
       TF:  1D= 69  12H= 86  6H=134  4H=155  2H=152  1H=141
       Bonuses: RS vs BTC 7d +10.2%  (+5 pts)
       Entry: $0.009534  |  Stop: $0.008541 (-10.42%)  |  Risk: $1500 (1.50% acct)
       Position: $14400 (14.40% acct, qty 1510411.0476)
       TP1: $0.011024 (+15.6%, 1.5R, sell 40%)
       TP2: $0.012513 (+31.2%, 3.0R, sell 35%)
       TP3: $0.014500 (+52.1%, 5.0R, sell 25%)

  [29] LIT         score= 116.9  ST=4/6  price=$1.720700      24h= -7.92%  vol=$ 25.0M
       TF:  1D=141  12H=137  6H=145  4H= 89  2H= 36  1H= 26
       Bonuses: RS vs BTC 7d +18.8% | funding -0.0174%/8h  (+8 pts)
       Entry: $1.720700  |  Stop: $1.462595 (-15.00%)  |  Risk: $1500 (1.50% acct)
       Position: $10000 (10.00% acct, qty 5811.5883)
       TP1: $2.107858 (+22.5%, 1.5R, sell 40%)
       TP2: $2.495015 (+45.0%, 3.0R, sell 35%)
       TP3: $3.011225 (+75.0%, 5.0R, sell 25%)

  [30] ALLO        score= 116.3  ST=6/6  price=$0.368280      24h= +0.17%  vol=$  7.1M
       TF:  1D=134  12H=127  6H= 88  4H=112  2H=120  1H= 90
       Entry: $0.368280  |  Stop: $0.313038 (-15.00%)  |  Risk: $1500 (1.50% acct)
       Position: $10000 (10.00% acct, qty 27153.2530)
       TP1: $0.451143 (+22.5%, 1.5R, sell 40%)
       TP2: $0.534006 (+45.0%, 3.0R, sell 35%)
       TP3: $0.644490 (+75.0%, 5.0R, sell 25%)

  [31] B3          score= 116.3  ST=4/6  price=$0.000643      24h= +4.21%  vol=$  2.8M
       TF:  1D= 71  12H= 88  6H=124  4H=136  2H=131  1H=141
       Bonuses: RSI div 1D (bullish) | RS vs BTC 7d +6.7%  (+10 pts)
       Entry: $0.000643  |  Stop: $0.000546 (-15.00%)  |  Risk: $1500 (1.50% acct)
       Position: $10000 (10.00% acct, qty 15556938.3945)
       TP1: $0.000787 (+22.5%, 1.5R, sell 40%)
       TP2: $0.000932 (+45.0%, 3.0R, sell 35%)
       TP3: $0.001125 (+75.0%, 5.0R, sell 25%)

  [32] AERO        score= 116.2  ST=4/6  price=$0.439600      24h= -8.96%  vol=$ 22.2M
       TF:  1D=124  12H=146  6H=154  4H= 94  2H= 66  1H= 22
       Bonuses: RS vs BTC 7d +27.9%  (+5 pts)
       Entry: $0.439600  |  Stop: $0.382279 (-13.04%)  |  Risk: $1500 (1.50% acct)
       Position: $11504 (11.50% acct, qty 26168.2243)
       TP1: $0.525582 (+19.6%, 1.5R, sell 40%)
       TP2: $0.611564 (+39.1%, 3.0R, sell 35%)
       TP3: $0.726207 (+65.2%, 5.0R, sell 25%)

  [33] IP          score= 113.9  ST=4/6  price=$0.316700      24h= -1.95%  vol=$ 10.6M
       TF:  1D= 75  12H= 92  6H=125  4H=127  2H=154  1H= 82
       Bonuses: RSI div 1D (bullish) | RS vs BTC 7d +5.5%  (+10 pts)
       Entry: $0.316700  |  Stop: $0.272161 (-14.06%)  |  Risk: $1500 (1.50% acct)
       Position: $10666 (10.67% acct, qty 33678.1333)
       TP1: $0.383509 (+21.1%, 1.5R, sell 40%)
       TP2: $0.450318 (+42.2%, 3.0R, sell 35%)
       TP3: $0.539396 (+70.3%, 5.0R, sell 25%)

  [34] BASED       score= 113.2  ST=4/6  price=$0.077880      24h= +0.01%  vol=$  2.3M
       TF:  1D= 75  12H=128  6H=127  4H=132  2H= 89  1H=101
       Bonuses: 1H pre-pump (bb_squeeze) | RS vs BTC 7d +19.1%  (+7 pts)
       Entry: $0.077880  |  Stop: $0.066198 (-15.00%)  |  Risk: $1500 (1.50% acct)
       Position: $10000 (10.00% acct, qty 128402.6708)
       TP1: $0.095403 (+22.5%, 1.5R, sell 40%)
       TP2: $0.112926 (+45.0%, 3.0R, sell 35%)
       TP3: $0.136290 (+75.0%, 5.0R, sell 25%)

  [35] UNI         score= 112.8  ST=4/6  price=$3.224000      24h=-12.68%  vol=$119.9M
       TF:  1D=101  12H=122  6H=140  4H=130  2H= 69  1H= 13
       Bonuses: RSI div 1D (bullish) | RS vs BTC 7d +29.8%  (+10 pts)
       Entry: $3.224000  |  Stop: $2.881679 (-10.62%)  |  Risk: $1500 (1.50% acct)
       Position: $14127 (14.13% acct, qty 4381.8466)
       TP1: $3.737482 (+15.9%, 1.5R, sell 40%)
       TP2: $4.250964 (+31.9%, 3.0R, sell 35%)
       TP3: $4.935607 (+53.1%, 5.0R, sell 25%)

  [36] OPEN        score= 110.6  ST=4/6  price=$0.229330      24h= -9.87%  vol=$  6.1M
       TF:  1D=138  12H=124  6H= 91  4H=109  2H= 45  1H= 68
       Bonuses: RS vs BTC 7d +8.4%  (+5 pts)
       Entry: $0.229330  |  Stop: $0.194931 (-15.00%)  |  Risk: $1500 (1.50% acct)
       Position: $10000 (10.00% acct, qty 43605.2850)
       TP1: $0.280929 (+22.5%, 1.5R, sell 40%)
       TP2: $0.332529 (+45.0%, 3.0R, sell 35%)
       TP3: $0.401328 (+75.0%, 5.0R, sell 25%)

  [37] NIL         score= 109.8  ST=5/6  price=$0.041620      24h= -2.11%  vol=$  1.8M
       TF:  1D= 55  12H=101  6H=130  4H=139  2H=138  1H= 83
       Bonuses: 1H pre-pump (bb_squeeze, obv_stealth_accum) | RS vs BTC 7d +15.3%  (+9 pts)
       Entry: $0.041620  |  Stop: $0.035377 (-15.00%)  |  Risk: $1500 (1.50% acct)
       Position: $10000 (10.00% acct, qty 240269.1014)
       TP1: $0.050985 (+22.5%, 1.5R, sell 40%)
       TP2: $0.060349 (+45.0%, 3.0R, sell 35%)
       TP3: $0.072835 (+75.0%, 5.0R, sell 25%)

  [38] Q           score= 109.8  ST=3/6  price=$0.017845      24h= -9.39%  vol=$  1.0M
       TF:  1D=137  12H=131  6H=120  4H= 57  2H= 42  1H= 86
       Bonuses: RSI div 1D (bullish)  (+5 pts)
       Entry: $0.017845  |  Stop: $0.015168 (-15.00%)  |  Risk: $1500 (1.50% acct)
       Position: $10000 (10.00% acct, qty 560381.0591)
       TP1: $0.021860 (+22.5%, 1.5R, sell 40%)
       TP2: $0.025875 (+45.0%, 3.0R, sell 35%)
       TP3: $0.031229 (+75.0%, 5.0R, sell 25%)

  [39] SPACE       score= 108.1  ST=5/6  price=$0.007524      24h= -8.24%  vol=$  2.4M
       TF:  1D=118  12H=132  6H=107  4H= 97  2H= 44  1H= 48
       Bonuses: RS vs BTC 7d +12.8% | funding -0.0305%/8h  (+8 pts)
       Entry: $0.007524  |  Stop: $0.006395 (-15.00%)  |  Risk: $1500 (1.50% acct)
       Position: $10000 (10.00% acct, qty 1329080.2764)
       TP1: $0.009217 (+22.5%, 1.5R, sell 40%)
       TP2: $0.010910 (+45.0%, 3.0R, sell 35%)
       TP3: $0.013167 (+75.0%, 5.0R, sell 25%)

  [40] AKT         score= 107.8  ST=4/6  price=$0.749400      24h=-15.77%  vol=$  5.4M
       TF:  1D=146  12H=149  6H=117  4H= 58  2H= 32  1H= 20
       Bonuses: RS vs BTC 7d +24.6%  (+5 pts)
       Entry: $0.749400  |  Stop: $0.636990 (-15.00%)  |  Risk: $1500 (1.50% acct)
       Position: $10000 (10.00% acct, qty 13344.0085)
       TP1: $0.918015 (+22.5%, 1.5R, sell 40%)
       TP2: $1.086630 (+45.0%, 3.0R, sell 35%)
       TP3: $1.311450 (+75.0%, 5.0R, sell 25%)

  [41] SEI         score= 106.6  ST=4/6  price=$0.055040      24h= -2.77%  vol=$  8.4M
       TF:  1D= 79  12H=116  6H=176  4H=116  2H= 81  1H= 28
       Bonuses: RS vs BTC 7d +13.7%  (+5 pts)
       Entry: $0.055040  |  Stop: $0.048903 (-11.15%)  |  Risk: $1500 (1.50% acct)
       Position: $13453 (13.45% acct, qty 244413.4078)
       TP1: $0.064246 (+16.7%, 1.5R, sell 40%)
       TP2: $0.073451 (+33.5%, 3.0R, sell 35%)
       TP3: $0.085726 (+55.8%, 5.0R, sell 25%)

  [42] MEME        score= 106.6  ST=4/6  price=$0.000592      24h= -6.51%  vol=$  3.1M
       TF:  1D=159  12H= 98  6H=103  4H= 83  2H= 33  1H= 26
       Bonuses: RSI div 1D (hidden_bullish) | RS vs BTC 7d +6.1%  (+8 pts)
       Entry: $0.000592  |  Stop: $0.000503 (-15.00%)  |  Risk: $1500 (1.50% acct)
       Position: $10000 (10.00% acct, qty 16883336.1472)
       TP1: $0.000726 (+22.5%, 1.5R, sell 40%)
       TP2: $0.000859 (+45.0%, 3.0R, sell 35%)
       TP3: $0.001037 (+75.0%, 5.0R, sell 25%)

  [43] HYPER       score= 106.5  ST=3/6  price=$0.080100      24h= -2.29%  vol=$  1.4M
       TF:  1D= 77  12H= 89  6H=149  4H=142  2H=126  1H= 34
       Bonuses: RS vs BTC 7d +13.1%  (+5 pts)
       Entry: $0.080100  |  Stop: $0.070013 (-12.59%)  |  Risk: $1500 (1.50% acct)
       Position: $11911 (11.91% acct, qty 148698.8848)
       TP1: $0.095231 (+18.9%, 1.5R, sell 40%)
       TP2: $0.110363 (+37.8%, 3.0R, sell 35%)
       TP3: $0.130538 (+63.0%, 5.0R, sell 25%)

  [44] WHITEWHALE  score= 106.2  ST=3/6  price=$0.003628      24h=+13.08%  vol=$  1.2M
       TF:  1D= 78  12H= 99  6H= 98  4H=123  2H=144  1H=141
       Entry: $0.003628  |  Stop: $0.003084 (-15.00%)  |  Risk: $1500 (1.50% acct)
       Position: $10000 (10.00% acct, qty 2756339.5810)
       TP1: $0.004444 (+22.5%, 1.5R, sell 40%)
       TP2: $0.005261 (+45.0%, 3.0R, sell 35%)
       TP3: $0.006349 (+75.0%, 5.0R, sell 25%)

  [45] AAVE        score= 106.1  ST=4/6  price=$73.830000     24h= -4.17%  vol=$ 28.6M
       TF:  1D= 87  12H=109  6H=164  4H=124  2H= 70  1H= 33
       Bonuses: RS vs BTC 7d +15.7%  (+5 pts)
       Entry: $73.830000  |  Stop: $65.932500 (-10.70%)  |  Risk: $1500 (1.50% acct)
       Position: $14023 (14.02% acct, qty 189.9335)
       TP1: $85.676250 (+16.1%, 1.5R, sell 40%)
       TP2: $97.522500 (+32.1%, 3.0R, sell 35%)
       TP3: $113.317500 (+53.5%, 5.0R, sell 25%)

  [46] PORTAL      score= 103.8  ST=5/6  price=$0.013997      24h= -2.71%  vol=$  7.8M
       TF:  1D= 68  12H=109  6H=105  4H=119  2H=107  1H=135
       Bonuses: funding -0.1690%/8h  (+3 pts)
       Entry: $0.013997  |  Stop: $0.011897 (-15.00%)  |  Risk: $1500 (1.50% acct)
       Position: $10000 (10.00% acct, qty 714438.8083)
       TP1: $0.017146 (+22.5%, 1.5R, sell 40%)
       TP2: $0.020296 (+45.0%, 3.0R, sell 35%)
       TP3: $0.024495 (+75.0%, 5.0R, sell 25%)

  [47] WAVES       score= 103.0  ST=4/6  price=$0.282400      24h= -3.06%  vol=$  1.0M
       TF:  1D= 99  12H=116  6H=115  4H= 82  2H= 43  1H= 44
       Bonuses: RSI div 1D (bullish) | RS vs BTC 7d +8.6% | funding -0.0195%/8h  (+13 pts)
       Entry: $0.282400  |  Stop: $0.241739 (-14.40%)  |  Risk: $1500 (1.50% acct)
       Position: $10418 (10.42% acct, qty 36890.6456)
       TP1: $0.343391 (+21.6%, 1.5R, sell 40%)
       TP2: $0.404382 (+43.2%, 3.0R, sell 35%)
       TP3: $0.485704 (+72.0%, 5.0R, sell 25%)

  [48] TRX         score= 102.9  ST=3/6  price=$0.321560      24h= +0.93%  vol=$ 10.2M
       TF:  1D= 56  12H= 79  6H= 97  4H=126  2H=151  1H= 98
       Bonuses: RSI div 1D (bullish) | 1H pre-pump (bb_squeeze) | funding -0.0310%/8h  (+10 pts)
       Entry: $0.321560  |  Stop: $0.305482 (-5.00%)  |  Risk: $1000 (1.00% acct)
       Position: $20000 (20.00% acct, qty 62196.7906)
       TP1: $0.345677 (+7.5%, 1.5R, sell 40%)
       TP2: $0.369794 (+15.0%, 3.0R, sell 35%)
       TP3: $0.401950 (+25.0%, 5.0R, sell 25%)

  [49] AXL         score= 101.7  ST=3/6  price=$0.047420      24h= -4.53%  vol=$  1.8M
       TF:  1D=100  12H= 83  6H=134  4H= 97  2H= 77  1H= 32
       Bonuses: RSI div 1D (bullish) | RS vs BTC 7d +10.4%  (+10 pts)
       Entry: $0.047420  |  Stop: $0.041399 (-12.70%)  |  Risk: $1500 (1.50% acct)
       Position: $11813 (11.81% acct, qty 249110.3203)
       TP1: $0.056452 (+19.1%, 1.5R, sell 40%)
       TP2: $0.065484 (+38.1%, 3.0R, sell 35%)
       TP3: $0.077527 (+63.5%, 5.0R, sell 25%)

  [50] WCT         score= 101.4  ST=3/6  price=$0.047740      24h= -1.26%  vol=$  1.2M
       TF:  1D= 96  12H= 94  6H=128  4H= 95  2H=120  1H= 29
       Bonuses: RS vs BTC 7d +0.9%  (+5 pts)
       Entry: $0.047740  |  Stop: $0.042291 (-11.41%)  |  Risk: $1500 (1.50% acct)
       Position: $13141 (13.14% acct, qty 275265.4345)
       TP1: $0.055914 (+17.1%, 1.5R, sell 40%)
       TP2: $0.064088 (+34.2%, 3.0R, sell 35%)
       TP3: $0.074986 (+57.1%, 5.0R, sell 25%)

--------------------------------------------------------------------------------
  WATCH  —  50 coin(s)  (worth tracking)
--------------------------------------------------------------------------------
  #   Symbol      Score  ST         Price    24h%   Vol $M  TF breakdown
  ------------------------------------------------------------------------------
    1 KAITO       115.9  2/6  $   0.466200  -6.52%  $    2.4  1D=100  12H=138  6H=116  4H= 99  2H= 49  1H= 72
    2 GRASS       103.5  2/6  $   0.436140 -11.40%  $    7.5  1D=123  12H=147  6H=112  4H= 51  2H= 28  1H= 38
    3 UAI          99.3  3/6  $   0.302330  -2.70%  $    1.7  1D=148  12H=112  6H= 85  4H= 50  2H= 59  1H= 81
    4 AVNT         98.9  3/6  $   0.114870  -2.04%  $    2.7  1D= 79  12H= 85  6H=162  4H=105  2H= 97  1H= 31
    5 PYTH         98.5  4/6  $   0.038880  -6.62%  $    4.5  1D= 92  12H=148  6H=127  4H= 63  2H= 49  1H= 38
    6 XAU          98.3  2/6  $4,280.140000  -0.18%  $  103.3  1D= 69  12H=115  6H=132  4H=110  2H= 74  1H= 58
    7 WIF          97.3  3/6  $   0.167140  -6.12%  $   21.1  1D= 85  12H= 86  6H=150  4H=115  2H= 67  1H= 35
    8 JCT          97.2  5/6  $   0.005936  -3.86%  $    1.4  1D=154  12H=114  6H= 73  4H= 48  2H= 36  1H= 38
    9 ENS          97.1  4/6  $   5.330000  -4.62%  $    2.0  1D= 92  12H= 94  6H=141  4H= 88  2H= 92  1H= 21
   10 TRUST        95.7  4/6  $   0.049410  +9.60%  $    2.1  1D= 65  12H= 52  6H= 55  4H=147  2H=142  1H=118
   11 JELLYJELLY   95.6  3/6  $   0.061420  -4.45%  $    2.7  1D=132  12H=111  6H= 72  4H= 50  2H= 73  1H= 44
   12 HIGH         95.5  2/6  $   0.045940  +3.38%  $   12.1  1D= 54  12H=105  6H=141  4H=109  2H= 63  1H= 93
   13 JUP          95.4  4/6  $   0.189520  -7.73%  $    7.8  1D= 96  12H=116  6H=133  4H= 95  2H= 35  1H= 19
   14 EIGEN        94.9  4/6  $   0.202300  -7.23%  $    5.7  1D=108  12H=136  6H=103  4H= 75  2H= 35  1H= 16
   15 ZEC          94.4  3/6  $ 477.050000 -10.58%  $  234.5  1D=105  12H=115  6H= 98  4H= 89  2H= 20  1H= 15
   16 SUSHI        93.7  4/6  $   0.190270  -5.48%  $    1.7  1D= 70  12H= 79  6H=131  4H=104  2H= 75  1H= 40
   17 PIEVERSE     93.4  4/6  $   0.730200  -1.61%  $    2.0  1D= 65  12H=108  6H=130  4H=114  2H= 77  1H= 28
   18 LDO          93.3  3/6  $   0.277000  -5.30%  $   16.1  1D= 75  12H= 83  6H=118  4H=125  2H= 78  1H= 49
   19 USELESS      93.1  4/6  $   0.074150  -7.86%  $    5.6  1D= 74  12H=106  6H=135  4H= 94  2H= 65  1H= 20
   20 ROSE         93.0  4/6  $   0.006872  -7.67%  $    1.3  1D= 85  12H=108  6H=117  4H=116  2H= 43  1H= 25
   21 ARKM         92.8  3/6  $   0.130320  -9.83%  $    3.5  1D= 95  12H=133  6H=113  4H= 71  2H= 36  1H= 27
   22 ROAM         92.0  4/6  $   0.008757 -22.78%  $    3.0  1D=101  12H=137  6H= 98  4H= 57  2H= 27  1H= 48
   23 HOME         91.9  3/6  $   0.028878 +29.68%  $   24.6  1D= 67  12H= 45  6H= 81  4H=121  2H=139  1H=142
   24 PLUME        91.8  3/6  $   0.011223  -2.38%  $    2.8  1D= 79  12H= 89  6H=151  4H= 88  2H= 72  1H= 24
   25 FIL          91.7  3/6  $   0.797800  -3.96%  $   11.6  1D= 69  12H= 94  6H=142  4H= 83  2H= 67  1H= 38
   26 ALT          91.2  3/6  $   0.006651  -3.91%  $    1.1  1D= 87  12H= 94  6H=136  4H= 77  2H= 52  1H= 29
   27 LINEA        90.9  3/6  $   0.002596  -3.27%  $    1.2  1D= 81  12H= 92  6H=134  4H= 78  2H= 52  1H= 38
   28 CRV          90.6  3/6  $   0.227200  -9.07%  $   16.0  1D=145  12H=130  6H= 51  4H= 28  2H= 28  1H= 38
   29 MOVE         90.1  4/6  $   0.012670  -5.59%  $    2.0  1D= 91  12H=112  6H=114  4H=104  2H= 57  1H= 27
   30 CAKE         89.3  3/6  $   1.376400  -6.21%  $    1.9  1D= 85  12H=135  6H=107  4H= 60  2H= 28  1H= 21
   31 ARB          88.0  2/6  $   0.085650  -4.68%  $   15.0  1D= 61  12H= 82  6H=130  4H= 99  2H= 60  1H= 30
   32 OP           87.5  4/6  $   0.108670  -4.80%  $   13.3  1D= 65  12H=113  6H=128  4H= 97  2H= 49  1H= 21
   33 1000LUNC     87.5  3/6  $   0.072260  -6.20%  $    1.5  1D= 84  12H=118  6H=115  4H= 87  2H= 18  1H= 29
   34 COMP         86.9  3/6  $  17.635000  -2.80%  $    2.4  1D= 95  12H=115  6H= 84  4H=101  2H= 36  1H= 52
   35 APT          86.6  2/6  $   0.671600  -4.39%  $   23.1  1D= 73  12H=101  6H=116  4H= 64  2H= 32  1H= 21
   36 API3         86.0  3/6  $   0.276000  -2.97%  $    1.5  1D= 69  12H= 82  6H=137  4H= 74  2H= 82  1H= 38
   37 APE          85.5  3/6  $   0.132140  -0.36%  $    3.0  1D= 48  12H=103  6H=150  4H=  0  2H=147  1H= 63
   38 TRUMP        85.1  4/6  $   1.915000  -3.22%  $   33.4  1D=114  12H= 77  6H= 80  4H= 73  2H= 57  1H= 30
   39 SOLAYER      85.0  3/6  $   0.070520  -3.88%  $    1.1  1D= 71  12H= 70  6H=121  4H=122  2H= 63  1H= 21
   40 HBAR         84.8  3/6  $   0.081210  -1.86%  $   13.7  1D= 74  12H= 93  6H=112  4H= 72  2H= 70  1H= 75
   41 BABY         84.5  4/6  $   0.015445  -4.27%  $    2.7  1D= 96  12H= 97  6H= 88  4H= 47  2H= 34  1H=109
   42 S            84.4  3/6  $   0.032030  -4.31%  $    1.4  1D= 71  12H= 88  6H=139  4H= 63  2H= 48  1H= 29
   43 SOL          83.6  3/6  $  71.990000  -3.67%  $  852.7  1D= 67  12H=120  6H=133  4H= 60  2H= 35  1H= 27
   44 1000PEPE     82.3  2/6  $   0.002946  -4.19%  $   65.2  1D= 71  12H= 90  6H=134  4H= 76  2H= 20  1H= 25
   45 STG          82.3  3/6  $   0.239580  -8.93%  $   13.2  1D= 67  12H= 44  6H= 60  4H=108  2H=127  1H=143
   46 INJ          82.2  3/6  $   5.444000  -7.15%  $   30.0  1D= 79  12H=119  6H=116  4H= 43  2H= 51  1H= 13
   47 XAG          81.3  1/6  $  68.480000  -1.28%  $   53.8  1D= 59  12H=117  6H= 86  4H= 78  2H= 49  1H= 59
   48 ZBT          81.3  2/6  $   0.127460  +8.05%  $    3.2  1D= 62  12H=  0  6H=111  4H=141  2H=  0  1H=161
   49 VET          80.6  1/6  $   0.005039  -4.35%  $    1.1  1D= 59  12H=103  6H= 94  4H= 29  2H= 67  1H= 40
   50 ETH          80.2  2/6  $1,749.680000  -3.53%  $ 2743.9  1D= 61  12H= 95  6H=135  4H= 83  2H= 39  1H= 17

================================================================================
2026-06-18 06:34:05,979 [INFO]   Saved → trend_v3_LATEST.txt, trend_v3_LATEST.json, trend_v3_20260618_063405.txt
2026-06-18 13:16:46,888 [INFO] ================================================================
2026-06-18 13:16:46,889 [INFO] TREND SCANNER v3.0
2026-06-18 13:16:46,890 [INFO] ================================================================
2026-06-18 13:16:46,890 [INFO] Building universe (Bybit perps)...
2026-06-18 13:16:47,279 [INFO]   Universe (post-filter): 259 coins
2026-06-18 13:16:47,281 [INFO] Fetching BTC 1D for regime detection...
2026-06-18 13:16:47,764 [INFO]   Regime: BULL  |  BTC 7d +4.87%  |  24h -1.77%
2026-06-18 13:16:47,766 [INFO] Scanning 259 coins across 6 timeframes...
2026-06-18 13:16:47,767 [INFO] (this is the slowest scanner — first run ~10min, subsequent ~2-3min)
2026-06-18 13:17:21,879 [INFO]   ...20/259  (surfaced: 12)
2026-06-18 13:17:54,363 [INFO]   ...40/259  (surfaced: 24)
2026-06-18 13:18:27,605 [INFO]   ...60/259  (surfaced: 32)
2026-06-18 13:19:00,216 [INFO]   ...80/259  (surfaced: 47)
2026-06-18 13:19:34,034 [INFO]   ...100/259  (surfaced: 60)
2026-06-18 13:20:05,154 [INFO]   ...120/259  (surfaced: 71)
2026-06-18 13:20:37,356 [INFO]   ...140/259  (surfaced: 79)
2026-06-18 13:21:10,868 [INFO]   ...160/259  (surfaced: 89)
2026-06-18 13:21:44,990 [INFO]   ...180/259  (surfaced: 102)
2026-06-18 13:22:19,084 [INFO]   ...200/259  (surfaced: 114)
2026-06-18 13:22:52,274 [INFO]   ...220/259  (surfaced: 123)
2026-06-18 13:23:26,082 [INFO]   ...240/259  (surfaced: 135)
2026-06-18 13:23:57,910 [INFO] Done in 431s  |  scanned=221  failed=38  strong=30  long=50  watch=50
2026-06-18 13:23:57,917 [INFO] 
================================================================================
  TREND SCANNER v3.0  —  multi-timeframe confirmation + trade plans
  Generated  : 2026-06-18 13:23:57
  Universe   : 259 Bybit perps  |  Scanned: 221
  Scan time  : 431s
================================================================================

  Regime     : 🟢 BULL
               BTC 7d +4.87%  |  24h -1.77%  |  $64,509

  Account    : $100,000  |  Risk/trade: 1.5%

  Tiers (bull):  STRONG ≥ 130 & ST≥4  |  LONG ≥ 100 & ST≥3  |  WATCH ≥ 70

  TF weights : 1D×0.28 · 12H×0.2 · 6H×0.15 · 4H×0.15 · 2H×0.12 · 1H×0.1

--------------------------------------------------------------------------------
  STRONG  —  30 coin(s)  (highest conviction, full position)
--------------------------------------------------------------------------------

  [ 1] CLO         score= 161.6  ST=5/6  price=$0.177380      24h=+26.20%  vol=$ 16.0M
       TF:  1D=166  12H=169  6H=131  4H=142  2H=137  1H=159
       Bonuses: RS vs BTC 7d +58.4% | funding -0.0217%/8h  (+8 pts)
       Entry: $0.177380  |  Stop: $0.150773 (-15.00%)  |  Risk: $1500 (1.50% acct)
       Position: $10000 (10.00% acct, qty 56376.1416)
       TP1: $0.217290 (+22.5%, 1.5R, sell 40%)
       TP2: $0.257201 (+45.0%, 3.0R, sell 35%)
       TP3: $0.310415 (+75.0%, 5.0R, sell 25%)

  [ 2] ZEREBRO     score= 161.4  ST=6/6  price=$0.029451      24h=+34.23%  vol=$ 13.4M
       TF:  1D=161  12H=167  6H=144  4H=154  2H=152  1H=150
       Bonuses: RS vs BTC 7d +8.7%  (+5 pts)
       Entry: $0.029451  |  Stop: $0.025033 (-15.00%)  |  Risk: $1500 (1.50% acct)
       Position: $10000 (10.00% acct, qty 339547.0442)
       TP1: $0.036077 (+22.5%, 1.5R, sell 40%)
       TP2: $0.042704 (+45.0%, 3.0R, sell 35%)
       TP3: $0.051539 (+75.0%, 5.0R, sell 25%)

  [ 3] FOLKS       score= 155.9  ST=6/6  price=$2.415200      24h=+22.87%  vol=$ 10.9M
       TF:  1D=151  12H=169  6H=151  4H=152  2H=140  1H=156
       Bonuses: RS vs BTC 7d +2.6%  (+2 pts)
       Entry: $2.415200  |  Stop: $2.052920 (-15.00%)  |  Risk: $1500 (1.50% acct)
       Position: $10000 (10.00% acct, qty 4140.4439)
       TP1: $2.958620 (+22.5%, 1.5R, sell 40%)
       TP2: $3.502040 (+45.0%, 3.0R, sell 35%)
       TP3: $4.226600 (+75.0%, 5.0R, sell 25%)

  [ 4] TRUTH       score= 154.9  ST=6/6  price=$0.014517      24h=+17.44%  vol=$  2.4M
       TF:  1D=119  12H=169  6H=163  4H=150  2H=156  1H=171
       Bonuses: RS vs BTC 7d +21.0%  (+5 pts)
       Entry: $0.014517  |  Stop: $0.012339 (-15.00%)  |  Risk: $1500 (1.50% acct)
       Position: $10000 (10.00% acct, qty 688847.5580)
       TP1: $0.017783 (+22.5%, 1.5R, sell 40%)
       TP2: $0.021050 (+45.0%, 3.0R, sell 35%)
       TP3: $0.025405 (+75.0%, 5.0R, sell 25%)

  [ 5] TAC         score= 151.5  ST=6/6  price=$0.024117      24h=+12.13%  vol=$ 11.4M
       TF:  1D=157  12H=144  6H=147  4H=135  2H=151  1H=133
       Bonuses: RS vs BTC 7d +39.8%  (+5 pts)
       Entry: $0.024117  |  Stop: $0.021579 (-10.52%)  |  Risk: $1500 (1.50% acct)
       Position: $14253 (14.25% acct, qty 590991.5995)
       TP1: $0.027924 (+15.8%, 1.5R, sell 40%)
       TP2: $0.031731 (+31.6%, 3.0R, sell 35%)
       TP3: $0.036808 (+52.6%, 5.0R, sell 25%)

  [ 6] US          score= 150.0  ST=5/6  price=$0.015181      24h=+18.94%  vol=$  5.4M
       TF:  1D=154  12H=157  6H=139  4H=134  2H=163  1H=130
       Bonuses: RS vs BTC 7d +14.2%  (+2 pts)
       Entry: $0.015181  |  Stop: $0.012904 (-15.00%)  |  Risk: $1500 (1.50% acct)
       Position: $10000 (10.00% acct, qty 658718.1345)
       TP1: $0.018597 (+22.5%, 1.5R, sell 40%)
       TP2: $0.022012 (+45.0%, 3.0R, sell 35%)
       TP3: $0.026567 (+75.0%, 5.0R, sell 25%)

  [ 7] ZAMA        score= 146.3  ST=5/6  price=$0.034200      24h= -6.60%  vol=$  2.5M
       TF:  1D=137  12H=147  6H=153  4H=159  2H=120  1H= 73
       Bonuses: RSI div 1D (hidden_bullish) | 1H pre-pump (obv_stealth_accum) | RS vs BTC 7d +7.1%  (+10 pts)
       Entry: $0.034200  |  Stop: $0.030044 (-12.15%)  |  Risk: $1500 (1.50% acct)
       Position: $12343 (12.34% acct, qty 360917.7623)
       TP1: $0.040434 (+18.2%, 1.5R, sell 40%)
       TP2: $0.046668 (+36.5%, 3.0R, sell 35%)
       TP3: $0.054980 (+60.8%, 5.0R, sell 25%)

  [ 8] BLUAI       score= 145.9  ST=6/6  price=$0.015225      24h= +1.91%  vol=$  2.6M
       TF:  1D=107  12H=136  6H=145  4H=178  2H=146  1H=158
       Bonuses: 1H pre-pump (obv_stealth_accum) | RS vs BTC 7d +22.9%  (+7 pts)
       Entry: $0.015225  |  Stop: $0.012941 (-15.00%)  |  Risk: $1500 (1.50% acct)
       Position: $10000 (10.00% acct, qty 656814.4499)
       TP1: $0.018651 (+22.5%, 1.5R, sell 40%)
       TP2: $0.022076 (+45.0%, 3.0R, sell 35%)
       TP3: $0.026644 (+75.0%, 5.0R, sell 25%)

  [ 9] AT          score= 144.4  ST=6/6  price=$0.157620      24h= +6.34%  vol=$  2.9M
       TF:  1D=114  12H=145  6H=129  4H=143  2H=159  1H=156
       Bonuses: RSI div 1D (hidden_bullish) | RS vs BTC 7d +29.2%  (+8 pts)
       Entry: $0.157620  |  Stop: $0.133977 (-15.00%)  |  Risk: $1500 (1.50% acct)
       Position: $10000 (10.00% acct, qty 63443.7254)
       TP1: $0.193084 (+22.5%, 1.5R, sell 40%)
       TP2: $0.228549 (+45.0%, 3.0R, sell 35%)
       TP3: $0.275835 (+75.0%, 5.0R, sell 25%)

  [10] CC          score= 144.0  ST=6/6  price=$0.162590      24h= +2.24%  vol=$  2.2M
       TF:  1D=145  12H=124  6H=135  4H=137  2H=148  1H=160
       Bonuses: 1H pre-pump (bb_squeeze, obv_stealth_accum)  (+4 pts)
       Entry: $0.162590  |  Stop: $0.146644 (-9.81%)  |  Risk: $1500 (1.50% acct)
       Position: $15294 (15.29% acct, qty 94067.0564)
       TP1: $0.186509 (+14.7%, 1.5R, sell 40%)
       TP2: $0.210428 (+29.4%, 3.0R, sell 35%)
       TP3: $0.242320 (+49.0%, 5.0R, sell 25%)

  [11] XLM         score= 143.6  ST=5/6  price=$0.225450      24h= +4.66%  vol=$115.1M
       TF:  1D=121  12H=134  6H=142  4H=155  2H=161  1H=140
       Bonuses: RS vs BTC 7d +18.5%  (+5 pts)
       Entry: $0.225450  |  Stop: $0.197160 (-12.55%)  |  Risk: $1500 (1.50% acct)
       Position: $11954 (11.95% acct, qty 53022.2694)
       TP1: $0.267885 (+18.8%, 1.5R, sell 40%)
       TP2: $0.310320 (+37.6%, 3.0R, sell 35%)
       TP3: $0.366900 (+62.7%, 5.0R, sell 25%)

  [12] PARTI       score= 142.9  ST=6/6  price=$0.059680      24h= -1.41%  vol=$  1.1M
       TF:  1D=136  12H=126  6H=141  4H=131  2H=140  1H=130
       Bonuses: RSI div 1D (bullish) | 1H pre-pump (bb_squeeze, obv_stealth_accum)  (+9 pts)
       Entry: $0.059680  |  Stop: $0.050728 (-15.00%)  |  Risk: $1500 (1.50% acct)
       Position: $10000 (10.00% acct, qty 167560.3217)
       TP1: $0.073108 (+22.5%, 1.5R, sell 40%)
       TP2: $0.086536 (+45.0%, 3.0R, sell 35%)
       TP3: $0.104440 (+75.0%, 5.0R, sell 25%)

  [13] EPIC        score= 142.4  ST=5/6  price=$0.657700      24h= +2.46%  vol=$  2.9M
       TF:  1D=150  12H=130  6H=134  4H=157  2H=124  1H=109
       Bonuses: RS vs BTC 7d +19.4%  (+5 pts)
       Entry: $0.657700  |  Stop: $0.559045 (-15.00%)  |  Risk: $1500 (1.50% acct)
       Position: $10000 (10.00% acct, qty 15204.5005)
       TP1: $0.805682 (+22.5%, 1.5R, sell 40%)
       TP2: $0.953665 (+45.0%, 3.0R, sell 35%)
       TP3: $1.150975 (+75.0%, 5.0R, sell 25%)

  [14] MEGA        score= 142.1  ST=6/6  price=$0.057060      24h=+17.62%  vol=$ 13.8M
       TF:  1D=105  12H=127  6H=155  4H=130  2H=134  1H=155
       Bonuses: RSI div 1D (bullish) | RS vs BTC 7d +29.3% | funding -0.0984%/8h  (+13 pts)
       Entry: $0.057060  |  Stop: $0.048501 (-15.00%)  |  Risk: $1500 (1.50% acct)
       Position: $10000 (10.00% acct, qty 175254.1185)
       TP1: $0.069899 (+22.5%, 1.5R, sell 40%)
       TP2: $0.082737 (+45.0%, 3.0R, sell 35%)
       TP3: $0.099855 (+75.0%, 5.0R, sell 25%)

  [15] RUNE        score= 142.1  ST=6/6  price=$0.417700      24h= +1.70%  vol=$  2.3M
       TF:  1D=110  12H=130  6H=157  4H=163  2H=160  1H=131
       Bonuses: RS vs BTC 7d +5.6%  (+5 pts)
       Entry: $0.417700  |  Stop: $0.366871 (-12.17%)  |  Risk: $1500 (1.50% acct)
       Position: $12327 (12.33% acct, qty 29510.9612)
       TP1: $0.493943 (+18.2%, 1.5R, sell 40%)
       TP2: $0.570186 (+36.5%, 3.0R, sell 35%)
       TP3: $0.671843 (+60.8%, 5.0R, sell 25%)

  [16] MMT         score= 141.6  ST=6/6  price=$0.140620      24h= -0.86%  vol=$  1.2M
       TF:  1D=116  12H=127  6H=160  4H=148  2H=133  1H=106
       Bonuses: 1H pre-pump (bb_squeeze, obv_divergence, obv_stealth_accum) | RS vs BTC 7d +33.3%  (+11 pts)
       Entry: $0.140620  |  Stop: $0.125252 (-10.93%)  |  Risk: $1500 (1.50% acct)
       Position: $13726 (13.73% acct, qty 97608.5896)
       TP1: $0.163671 (+16.4%, 1.5R, sell 40%)
       TP2: $0.186723 (+32.8%, 3.0R, sell 35%)
       TP3: $0.217457 (+54.6%, 5.0R, sell 25%)

  [17] BIO         score= 139.9  ST=5/6  price=$0.034740      24h= -1.67%  vol=$ 24.0M
       TF:  1D= 92  12H=145  6H=128  4H=147  2H=162  1H=145
       Bonuses: RSI div 1D (bullish) | RS vs BTC 7d +14.6%  (+10 pts)
       Entry: $0.034740  |  Stop: $0.029529 (-15.00%)  |  Risk: $1500 (1.50% acct)
       Position: $10000 (10.00% acct, qty 287852.6195)
       TP1: $0.042556 (+22.5%, 1.5R, sell 40%)
       TP2: $0.050373 (+45.0%, 3.0R, sell 35%)
       TP3: $0.060795 (+75.0%, 5.0R, sell 25%)

  [18] ARC         score= 138.8  ST=5/6  price=$0.084320      24h= +1.82%  vol=$  2.5M
       TF:  1D=141  12H=125  6H=137  4H=122  2H=153  1H=131
       Bonuses: 1H pre-pump (bb_squeeze, obv_stealth_accum)  (+4 pts)
       Entry: $0.084320  |  Stop: $0.072848 (-13.61%)  |  Risk: $1500 (1.50% acct)
       Position: $11025 (11.03% acct, qty 130755.5805)
       TP1: $0.101528 (+20.4%, 1.5R, sell 40%)
       TP2: $0.118735 (+40.8%, 3.0R, sell 35%)
       TP3: $0.141679 (+68.0%, 5.0R, sell 25%)

  [19] BSB         score= 136.9  ST=6/6  price=$0.596200      24h= -1.55%  vol=$ 58.7M
       TF:  1D=120  12H=119  6H=149  4H=144  2H=145  1H=112
       Bonuses: 1H pre-pump (obv_stealth_accum) | RS vs BTC 7d +105.8%  (+7 pts)
       Entry: $0.596200  |  Stop: $0.506770 (-15.00%)  |  Risk: $1500 (1.50% acct)
       Position: $10000 (10.00% acct, qty 16772.8950)
       TP1: $0.730345 (+22.5%, 1.5R, sell 40%)
       TP2: $0.864490 (+45.0%, 3.0R, sell 35%)
       TP3: $1.043350 (+75.0%, 5.0R, sell 25%)

  [20] ALLO        score= 136.8  ST=6/6  price=$0.368280      24h= +3.48%  vol=$  9.6M
       TF:  1D=134  12H=141  6H=152  4H=122  2H=142  1H=129
       Entry: $0.368280  |  Stop: $0.313038 (-15.00%)  |  Risk: $1500 (1.50% acct)
       Position: $10000 (10.00% acct, qty 27153.2530)
       TP1: $0.451143 (+22.5%, 1.5R, sell 40%)
       TP2: $0.534006 (+45.0%, 3.0R, sell 35%)
       TP3: $0.644490 (+75.0%, 5.0R, sell 25%)

  [21] LAB         score= 136.5  ST=6/6  price=$13.125000     24h=+18.10%  vol=$ 42.7M
       TF:  1D=109  12H=112  6H=165  4H=154  2H=165  1H=139
       Bonuses: RS vs BTC 7d +62.7%  (+2 pts)
       Entry: $13.125000  |  Stop: $11.156250 (-15.00%)  |  Risk: $1500 (1.50% acct)
       Position: $10000 (10.00% acct, qty 761.9048)
       TP1: $16.078125 (+22.5%, 1.5R, sell 40%)
       TP2: $19.031250 (+45.0%, 3.0R, sell 35%)
       TP3: $22.968750 (+75.0%, 5.0R, sell 25%)

  [22] ETHFI       score= 134.9  ST=5/6  price=$0.382300      24h= +6.67%  vol=$ 21.7M
       TF:  1D=108  12H=155  6H=153  4H=157  2H=112  1H= 87
       Bonuses: RS vs BTC 7d +26.1%  (+5 pts)
       Entry: $0.382300  |  Stop: $0.337696 (-11.67%)  |  Risk: $1500 (1.50% acct)
       Position: $12857 (12.86% acct, qty 33629.5940)
       TP1: $0.449205 (+17.5%, 1.5R, sell 40%)
       TP2: $0.516111 (+35.0%, 3.0R, sell 35%)
       TP3: $0.605318 (+58.3%, 5.0R, sell 25%)

  [23] ORCA        score= 134.2  ST=6/6  price=$1.230700      24h= +1.57%  vol=$  5.2M
       TF:  1D=117  12H=118  6H=117  4H=142  2H=142  1H=139
       Bonuses: RS vs BTC 7d +22.6% | funding -0.1156%/8h  (+8 pts)
       Entry: $1.230700  |  Stop: $1.066311 (-13.36%)  |  Risk: $1500 (1.50% acct)
       Position: $11230 (11.23% acct, qty 9124.6823)
       TP1: $1.477284 (+20.0%, 1.5R, sell 40%)
       TP2: $1.723868 (+40.1%, 3.0R, sell 35%)
       TP3: $2.052646 (+66.8%, 5.0R, sell 25%)

  [24] ENJ         score= 133.9  ST=5/6  price=$0.034077      24h= +7.82%  vol=$  5.7M
       TF:  1D= 96  12H=109  6H=163  4H=135  2H=136  1H=162
       Bonuses: RS vs BTC 7d +16.0% | funding -0.0449%/8h  (+8 pts)
       Entry: $0.034077  |  Stop: $0.029831 (-12.46%)  |  Risk: $1500 (1.50% acct)
       Position: $12040 (12.04% acct, qty 353312.3028)
       TP1: $0.040445 (+18.7%, 1.5R, sell 40%)
       TP2: $0.046814 (+37.4%, 3.0R, sell 35%)
       TP3: $0.055305 (+62.3%, 5.0R, sell 25%)

  [25] JTO         score= 133.4  ST=5/6  price=$0.698900      24h= -2.49%  vol=$ 23.2M
       TF:  1D=161  12H=137  6H=111  4H=107  2H= 75  1H= 92
       Bonuses: 1H pre-pump (obv_stealth_accum) | RS vs BTC 7d +17.6% | funding -0.0132%/8h  (+10 pts)
       Entry: $0.698900  |  Stop: $0.594065 (-15.00%)  |  Risk: $1500 (1.50% acct)
       Position: $10000 (10.00% acct, qty 14308.1986)
       TP1: $0.856152 (+22.5%, 1.5R, sell 40%)
       TP2: $1.013405 (+45.0%, 3.0R, sell 35%)
       TP3: $1.223075 (+75.0%, 5.0R, sell 25%)

  [26] PHA         score= 133.2  ST=4/6  price=$0.036830      24h= +7.74%  vol=$  1.3M
       TF:  1D= 90  12H=130  6H=165  4H=139  2H=153  1H=130
       Bonuses: RS vs BTC 7d +15.4%  (+5 pts)
       Entry: $0.036830  |  Stop: $0.031856 (-13.50%)  |  Risk: $1500 (1.50% acct)
       Position: $11108 (11.11% acct, qty 301594.1405)
       TP1: $0.044290 (+20.3%, 1.5R, sell 40%)
       TP2: $0.051751 (+40.5%, 3.0R, sell 35%)
       TP3: $0.061698 (+67.5%, 5.0R, sell 25%)

  [27] BRETT       score= 132.6  ST=5/6  price=$0.006774      24h= +5.19%  vol=$  3.7M
       TF:  1D= 90  12H=142  6H=181  4H=121  2H=148  1H=109
       Bonuses: RS vs BTC 7d +22.9%  (+5 pts)
       Entry: $0.006774  |  Stop: $0.005758 (-15.00%)  |  Risk: $1500 (1.50% acct)
       Position: $10000 (10.00% acct, qty 1476232.6543)
       TP1: $0.008298 (+22.5%, 1.5R, sell 40%)
       TP2: $0.009822 (+45.0%, 3.0R, sell 35%)
       TP3: $0.011855 (+75.0%, 5.0R, sell 25%)

  [28] AERO        score= 132.1  ST=4/6  price=$0.439600      24h= -4.00%  vol=$ 20.6M
       TF:  1D=124  12H=125  6H=161  4H=140  2H= 77  1H=100
       Bonuses: RS vs BTC 7d +27.9% | funding -0.0685%/8h  (+8 pts)
       Entry: $0.439600  |  Stop: $0.382279 (-13.04%)  |  Risk: $1500 (1.50% acct)
       Position: $11504 (11.50% acct, qty 26168.2243)
       TP1: $0.525582 (+19.6%, 1.5R, sell 40%)
       TP2: $0.611564 (+39.1%, 3.0R, sell 35%)
       TP3: $0.726207 (+65.2%, 5.0R, sell 25%)

  [29] XPL         score= 131.3  ST=6/6  price=$0.112590      24h= +5.62%  vol=$163.1M
       TF:  1D=119  12H=143  6H=135  4H=152  2H= 98  1H= 66
       Bonuses: RS vs BTC 7d +79.2% | funding -0.0119%/8h  (+8 pts)
       Entry: $0.112590  |  Stop: $0.095701 (-15.00%)  |  Risk: $1500 (1.50% acct)
       Position: $10000 (10.00% acct, qty 88817.8346)
       TP1: $0.137923 (+22.5%, 1.5R, sell 40%)
       TP2: $0.163255 (+45.0%, 3.0R, sell 35%)
       TP3: $0.197032 (+75.0%, 5.0R, sell 25%)

  [30] BANANAS31   score= 131.2  ST=5/6  price=$0.011286      24h= -2.88%  vol=$  2.8M
       TF:  1D=103  12H=130  6H=153  4H=149  2H=106  1H= 83
       Bonuses: RSI div 1D (bullish) | RS vs BTC 7d +5.9%  (+10 pts)
       Entry: $0.011286  |  Stop: $0.009593 (-15.00%)  |  Risk: $1500 (1.50% acct)
       Position: $10000 (10.00% acct, qty 886053.5176)
       TP1: $0.013825 (+22.5%, 1.5R, sell 40%)
       TP2: $0.016365 (+45.0%, 3.0R, sell 35%)
       TP3: $0.019751 (+75.0%, 5.0R, sell 25%)

--------------------------------------------------------------------------------
  LONG  —  50 coin(s)  (tradeable trend)
--------------------------------------------------------------------------------

  [ 1] KAITO       score= 134.1  ST=3/6  price=$0.466200      24h= +1.01%  vol=$  1.4M
       TF:  1D=100  12H=135  6H=154  4H=106  2H=117  1H=111
       Bonuses: RSI div 1D (bullish) | 1H pre-pump (obv_stealth_accum) | RS vs BTC 7d +3.6% | funding -0.0247%/8h  (+15 pts)
       Entry: $0.466200  |  Stop: $0.413046 (-11.40%)  |  Risk: $1500 (1.50% acct)
       Position: $13156 (13.16% acct, qty 28220.1169)
       TP1: $0.545930 (+17.1%, 1.5R, sell 40%)
       TP2: $0.625661 (+34.2%, 3.0R, sell 35%)
       TP3: $0.731968 (+57.0%, 5.0R, sell 25%)

  [ 2] XAN         score= 129.9  ST=5/6  price=$0.010610      24h= +6.77%  vol=$  1.4M
       TF:  1D=100  12H=126  6H=154  4H=155  2H=133  1H= 74
       Bonuses: 1H pre-pump (obv_stealth_accum) | RS vs BTC 7d +36.1%  (+7 pts)
       Entry: $0.010610  |  Stop: $0.009223 (-13.07%)  |  Risk: $1500 (1.50% acct)
       Position: $11477 (11.48% acct, qty 1081749.3432)
       TP1: $0.012690 (+19.6%, 1.5R, sell 40%)
       TP2: $0.014770 (+39.2%, 3.0R, sell 35%)
       TP3: $0.017543 (+65.3%, 5.0R, sell 25%)

  [ 3] RED         score= 129.8  ST=5/6  price=$0.107230      24h= +5.13%  vol=$  2.5M
       TF:  1D= 91  12H=126  6H=133  4H=147  2H=170  1H=117
       Bonuses: RS vs BTC 7d +12.4%  (+5 pts)
       Entry: $0.107230  |  Stop: $0.095394 (-11.04%)  |  Risk: $1500 (1.50% acct)
       Position: $13589 (13.59% acct, qty 126731.2392)
       TP1: $0.124984 (+16.6%, 1.5R, sell 40%)
       TP2: $0.142738 (+33.1%, 3.0R, sell 35%)
       TP3: $0.166410 (+55.2%, 5.0R, sell 25%)

  [ 4] EVAA        score= 128.3  ST=5/6  price=$0.612400      24h= +3.23%  vol=$  4.6M
       TF:  1D=143  12H=151  6H=113  4H= 89  2H= 69  1H= 95
       Bonuses: RSI div 1D (bullish) | RS vs BTC 7d +60.8%  (+10 pts)
       Entry: $0.612400  |  Stop: $0.520540 (-15.00%)  |  Risk: $1500 (1.50% acct)
       Position: $10000 (10.00% acct, qty 16329.1966)
       TP1: $0.750190 (+22.5%, 1.5R, sell 40%)
       TP2: $0.887980 (+45.0%, 3.0R, sell 35%)
       TP3: $1.071700 (+75.0%, 5.0R, sell 25%)

  [ 5] MITO        score= 128.0  ST=6/6  price=$0.028880      24h=+17.42%  vol=$ 12.0M
       TF:  1D=128  12H=107  6H=122  4H=150  2H=101  1H=108
       Bonuses: 1H pre-pump (obv_divergence) | RS vs BTC 7d +48.3%  (+7 pts)
       Entry: $0.028880  |  Stop: $0.024548 (-15.00%)  |  Risk: $1500 (1.50% acct)
       Position: $10000 (10.00% acct, qty 346260.3878)
       TP1: $0.035378 (+22.5%, 1.5R, sell 40%)
       TP2: $0.041876 (+45.0%, 3.0R, sell 35%)
       TP3: $0.050540 (+75.0%, 5.0R, sell 25%)

  [ 6] WLD         score= 126.0  ST=5/6  price=$0.658000      24h= -4.63%  vol=$160.3M
       TF:  1D=161  12H=137  6H=125  4H=113  2H= 52  1H= 36
       Bonuses: RSI div 1D (hidden_bullish) | RS vs BTC 7d +41.2%  (+8 pts)
       Entry: $0.658000  |  Stop: $0.559300 (-15.00%)  |  Risk: $1500 (1.50% acct)
       Position: $10000 (10.00% acct, qty 15197.5684)
       TP1: $0.806050 (+22.5%, 1.5R, sell 40%)
       TP2: $0.954100 (+45.0%, 3.0R, sell 35%)
       TP3: $1.151500 (+75.0%, 5.0R, sell 25%)

  [ 7] BR          score= 125.8  ST=5/6  price=$0.190260      24h=-11.51%  vol=$  5.9M
       TF:  1D=154  12H=140  6H=129  4H=102  2H= 49  1H= 42
       Bonuses: RSI div 1D (bullish) | RS vs BTC 7d +50.6%  (+10 pts)
       Entry: $0.190260  |  Stop: $0.161721 (-15.00%)  |  Risk: $1500 (1.50% acct)
       Position: $10000 (10.00% acct, qty 52559.6552)
       TP1: $0.233069 (+22.5%, 1.5R, sell 40%)
       TP2: $0.275877 (+45.0%, 3.0R, sell 35%)
       TP3: $0.332955 (+75.0%, 5.0R, sell 25%)

  [ 8] MAGMA       score= 125.4  ST=4/6  price=$0.500490      24h=-12.41%  vol=$  9.6M
       TF:  1D=161  12H=114  6H=133  4H=141  2H= 97  1H= 18
       Bonuses: RSI div 1D (hidden_bullish)  (+3 pts)
       Entry: $0.500490  |  Stop: $0.425416 (-15.00%)  |  Risk: $1500 (1.50% acct)
       Position: $10000 (10.00% acct, qty 19980.4192)
       TP1: $0.613100 (+22.5%, 1.5R, sell 40%)
       TP2: $0.725711 (+45.0%, 3.0R, sell 35%)
       TP3: $0.875857 (+75.0%, 5.0R, sell 25%)

  [ 9] BASED       score= 125.2  ST=5/6  price=$0.077880      24h= +3.09%  vol=$  2.2M
       TF:  1D= 75  12H=144  6H=126  4H=149  2H=126  1H=140
       Bonuses: RS vs BTC 7d +19.1%  (+5 pts)
       Entry: $0.077880  |  Stop: $0.066198 (-15.00%)  |  Risk: $1500 (1.50% acct)
       Position: $10000 (10.00% acct, qty 128402.6708)
       TP1: $0.095403 (+22.5%, 1.5R, sell 40%)
       TP2: $0.112926 (+45.0%, 3.0R, sell 35%)
       TP3: $0.136290 (+75.0%, 5.0R, sell 25%)

  [10] CFG         score= 124.5  ST=5/6  price=$0.236600      24h= -3.44%  vol=$  1.8M
       TF:  1D= 82  12H=119  6H=135  4H=172  2H=144  1H= 94
       Bonuses: RS vs BTC 7d +15.1%  (+5 pts)
       Entry: $0.236600  |  Stop: $0.204189 (-13.70%)  |  Risk: $1500 (1.50% acct)
       Position: $10950 (10.95% acct, qty 46280.9917)
       TP1: $0.285216 (+20.6%, 1.5R, sell 40%)
       TP2: $0.333832 (+41.1%, 3.0R, sell 35%)
       TP3: $0.398654 (+68.5%, 5.0R, sell 25%)

  [11] PORTAL      score= 123.9  ST=5/6  price=$0.013997      24h=+13.99%  vol=$ 12.2M
       TF:  1D= 68  12H=124  6H=124  4H=158  2H=147  1H=171
       Bonuses: funding -0.8570%/8h  (+3 pts)
       Entry: $0.013997  |  Stop: $0.011897 (-15.00%)  |  Risk: $1500 (1.50% acct)
       Position: $10000 (10.00% acct, qty 714438.8083)
       TP1: $0.017146 (+22.5%, 1.5R, sell 40%)
       TP2: $0.020296 (+45.0%, 3.0R, sell 35%)
       TP3: $0.024495 (+75.0%, 5.0R, sell 25%)

  [12] BLESS       score= 123.5  ST=4/6  price=$0.007785      24h=-13.89%  vol=$  6.8M
       TF:  1D=150  12H=117  6H=141  4H=114  2H= 53  1H= 35
       Bonuses: RSI div 1D (hidden_bullish) | 1H pre-pump (obv_divergence) | RS vs BTC 7d +36.8%  (+10 pts)
       Entry: $0.007785  |  Stop: $0.006617 (-15.00%)  |  Risk: $1500 (1.50% acct)
       Position: $10000 (10.00% acct, qty 1284521.5157)
       TP1: $0.009537 (+22.5%, 1.5R, sell 40%)
       TP2: $0.011288 (+45.0%, 3.0R, sell 35%)
       TP3: $0.013624 (+75.0%, 5.0R, sell 25%)

  [13] HYPE        score= 123.1  ST=4/6  price=$71.106000     24h= +0.05%  vol=$861.9M
       TF:  1D=126  12H=136  6H=124  4H=125  2H= 69  1H= 80
       Bonuses: 1H pre-pump (obv_stealth_accum) | RS vs BTC 7d +28.6%  (+7 pts)
       Entry: $71.106000  |  Stop: $60.984321 (-14.23%)  |  Risk: $1500 (1.50% acct)
       Position: $10538 (10.54% acct, qty 148.1968)
       TP1: $86.288518 (+21.4%, 1.5R, sell 40%)
       TP2: $101.471036 (+42.7%, 3.0R, sell 35%)
       TP3: $121.714393 (+71.2%, 5.0R, sell 25%)

  [14] ALGO        score= 121.4  ST=5/6  price=$0.099070      24h= +4.40%  vol=$  9.1M
       TF:  1D= 62  12H=109  6H=130  4H=169  2H=156  1H=137
       Bonuses: RS vs BTC 7d +9.7%  (+5 pts)
       Entry: $0.099070  |  Stop: $0.089866 (-9.29%)  |  Risk: $1500 (1.50% acct)
       Position: $16146 (16.15% acct, qty 162980.2095)
       TP1: $0.112875 (+13.9%, 1.5R, sell 40%)
       TP2: $0.126681 (+27.9%, 3.0R, sell 35%)
       TP3: $0.145088 (+46.5%, 5.0R, sell 25%)

  [15] ROBO        score= 121.4  ST=4/6  price=$0.020870      24h= +4.29%  vol=$  1.2M
       TF:  1D=102  12H=119  6H= 85  4H=137  2H=159  1H= 67
       Bonuses: 1H pre-pump (bb_squeeze) | RS vs BTC 7d +1.3% | funding -0.0426%/8h  (+10 pts)
       Entry: $0.020870  |  Stop: $0.017739 (-15.00%)  |  Risk: $1500 (1.50% acct)
       Position: $10000 (10.00% acct, qty 479156.6842)
       TP1: $0.025566 (+22.5%, 1.5R, sell 40%)
       TP2: $0.030262 (+45.0%, 3.0R, sell 35%)
       TP3: $0.036522 (+75.0%, 5.0R, sell 25%)

  [16] KERNEL      score= 121.3  ST=4/6  price=$0.051390      24h= +4.31%  vol=$  1.1M
       TF:  1D= 85  12H= 85  6H=136  4H=160  2H=135  1H=149
       Bonuses: RS vs BTC 7d +7.0%  (+5 pts)
       Entry: $0.051390  |  Stop: $0.046120 (-10.26%)  |  Risk: $1500 (1.50% acct)
       Position: $14626 (14.63% acct, qty 284610.6932)
       TP1: $0.059296 (+15.4%, 1.5R, sell 40%)
       TP2: $0.067201 (+30.8%, 3.0R, sell 35%)
       TP3: $0.077742 (+51.3%, 5.0R, sell 25%)

  [17] SQD         score= 121.0  ST=4/6  price=$0.046230      24h= -8.28%  vol=$  4.9M
       TF:  1D=128  12H=138  6H=121  4H=109  2H= 35  1H= 49
       Bonuses: RSI div 1D (bullish) | 1H pre-pump (obv_divergence, obv_stealth_accum) | RS vs BTC 7d +23.5%  (+14 pts)
       Entry: $0.046230  |  Stop: $0.039295 (-15.00%)  |  Risk: $1500 (1.50% acct)
       Position: $10000 (10.00% acct, qty 216309.7556)
       TP1: $0.056632 (+22.5%, 1.5R, sell 40%)
       TP2: $0.067033 (+45.0%, 3.0R, sell 35%)
       TP3: $0.080903 (+75.0%, 5.0R, sell 25%)

  [18] BEL         score= 120.9  ST=5/6  price=$0.093560      24h= +5.92%  vol=$  1.2M
       TF:  1D= 93  12H=104  6H=133  4H=131  2H=136  1H=111
       Bonuses: 1H pre-pump (obv_stealth_accum) | RS vs BTC 7d +11.8%  (+7 pts)
       Entry: $0.093560  |  Stop: $0.083397 (-10.86%)  |  Risk: $1500 (1.50% acct)
       Position: $13810 (13.81% acct, qty 147601.4760)
       TP1: $0.108804 (+16.3%, 1.5R, sell 40%)
       TP2: $0.124048 (+32.6%, 3.0R, sell 35%)
       TP3: $0.144372 (+54.3%, 5.0R, sell 25%)

  [19] USELESS     score= 120.6  ST=3/6  price=$0.074150      24h= +0.00%  vol=$  6.7M
       TF:  1D= 74  12H=114  6H=143  4H=151  2H=105  1H=114
       Bonuses: 1H pre-pump (obv_divergence, obv_stealth_accum) | RS vs BTC 7d +25.1%  (+9 pts)
       Entry: $0.074150  |  Stop: $0.063028 (-15.00%)  |  Risk: $1500 (1.50% acct)
       Position: $10000 (10.00% acct, qty 134861.7667)
       TP1: $0.090834 (+22.5%, 1.5R, sell 40%)
       TP2: $0.107518 (+45.0%, 3.0R, sell 35%)
       TP3: $0.129763 (+75.0%, 5.0R, sell 25%)

  [20] UAI         score= 119.9  ST=3/6  price=$0.302330      24h= +6.31%  vol=$  1.5M
       TF:  1D=148  12H=132  6H= 92  4H= 81  2H= 93  1H=129
       Bonuses: 1H pre-pump (bb_squeeze)  (+2 pts)
       Entry: $0.302330  |  Stop: $0.256981 (-15.00%)  |  Risk: $1500 (1.50% acct)
       Position: $10000 (10.00% acct, qty 33076.4397)
       TP1: $0.370354 (+22.5%, 1.5R, sell 40%)
       TP2: $0.438379 (+45.0%, 3.0R, sell 35%)
       TP3: $0.529077 (+75.0%, 5.0R, sell 25%)

  [21] ALT         score= 119.7  ST=3/6  price=$0.006651      24h= +0.15%  vol=$  1.4M
       TF:  1D= 87  12H=100  6H=135  4H=138  2H=132  1H=115
       Bonuses: 1H pre-pump (obv_stealth_accum) | RS vs BTC 7d +4.2%  (+7 pts)
       Entry: $0.006651  |  Stop: $0.005791 (-12.92%)  |  Risk: $1500 (1.50% acct)
       Position: $11607 (11.61% acct, qty 1745200.6981)
       TP1: $0.007940 (+19.4%, 1.5R, sell 40%)
       TP2: $0.009229 (+38.8%, 3.0R, sell 35%)
       TP3: $0.010948 (+64.6%, 5.0R, sell 25%)

  [22] PIEVERSE    score= 119.6  ST=5/6  price=$0.730200      24h= +2.07%  vol=$  2.5M
       TF:  1D= 65  12H=114  6H=128  4H=139  2H=164  1H=139
       Bonuses: RS vs BTC 7d +20.5%  (+5 pts)
       Entry: $0.730200  |  Stop: $0.620670 (-15.00%)  |  Risk: $1500 (1.50% acct)
       Position: $10000 (10.00% acct, qty 13694.8781)
       TP1: $0.894495 (+22.5%, 1.5R, sell 40%)
       TP2: $1.058790 (+45.0%, 3.0R, sell 35%)
       TP3: $1.277850 (+75.0%, 5.0R, sell 25%)

  [23] MEME        score= 119.4  ST=4/6  price=$0.000592      24h= -1.29%  vol=$  2.6M
       TF:  1D=159  12H=101  6H= 86  4H= 79  2H= 55  1H= 83
       Bonuses: RSI div 1D (hidden_bullish) | 1H pre-pump (bb_squeeze, obv_divergence) | RS vs BTC 7d +6.1% | funding -0.0578%/8h  (+15 pts)
       Entry: $0.000592  |  Stop: $0.000503 (-15.00%)  |  Risk: $1500 (1.50% acct)
       Position: $10000 (10.00% acct, qty 16883336.1472)
       TP1: $0.000726 (+22.5%, 1.5R, sell 40%)
       TP2: $0.000859 (+45.0%, 3.0R, sell 35%)
       TP3: $0.001037 (+75.0%, 5.0R, sell 25%)

  [24] ID          score= 119.3  ST=5/6  price=$0.031120      24h= -8.39%  vol=$ 12.4M
       TF:  1D=114  12H=133  6H=107  4H=138  2H= 93  1H= 49
       Bonuses: RS vs BTC 7d +13.7% | funding -0.3828%/8h  (+8 pts)
       Entry: $0.031120  |  Stop: $0.026452 (-15.00%)  |  Risk: $1500 (1.50% acct)
       Position: $10000 (10.00% acct, qty 321336.7609)
       TP1: $0.038122 (+22.5%, 1.5R, sell 40%)
       TP2: $0.045124 (+45.0%, 3.0R, sell 35%)
       TP3: $0.054460 (+75.0%, 5.0R, sell 25%)

  [25] ASTER       score= 119.1  ST=4/6  price=$0.716700      24h=-10.72%  vol=$108.0M
       TF:  1D=143  12H=120  6H=133  4H= 99  2H= 64  1H= 46
       Bonuses: RS vs BTC 7d +10.9% | funding -0.0151%/8h  (+8 pts)
       Entry: $0.716700  |  Stop: $0.656625 (-8.38%)  |  Risk: $1500 (1.50% acct)
       Position: $17895 (17.90% acct, qty 24968.7890)
       TP1: $0.806813 (+12.6%, 1.5R, sell 40%)
       TP2: $0.896925 (+25.1%, 3.0R, sell 35%)
       TP3: $1.017075 (+41.9%, 5.0R, sell 25%)

  [26] TIA         score= 118.8  ST=6/6  price=$0.391700      24h= -3.82%  vol=$ 12.1M
       TF:  1D=121  12H=108  6H=152  4H=119  2H= 66  1H= 67
       Bonuses: RS vs BTC 7d +22.3% | funding -0.0135%/8h  (+8 pts)
       Entry: $0.391700  |  Stop: $0.342393 (-12.59%)  |  Risk: $1500 (1.50% acct)
       Position: $11916 (11.92% acct, qty 30421.5558)
       TP1: $0.465661 (+18.9%, 1.5R, sell 40%)
       TP2: $0.539621 (+37.8%, 3.0R, sell 35%)
       TP3: $0.638236 (+62.9%, 5.0R, sell 25%)

  [27] ZBT         score= 118.8  ST=4/6  price=$0.127460      24h= +2.34%  vol=$  3.3M
       TF:  1D= 62  12H= 92  6H=159  4H=130  2H=130  1H=141
       Bonuses: RSI div 1D (bullish) | RS vs BTC 7d +18.7%  (+10 pts)
       Entry: $0.127460  |  Stop: $0.108341 (-15.00%)  |  Risk: $1500 (1.50% acct)
       Position: $10000 (10.00% acct, qty 78455.9862)
       TP1: $0.156139 (+22.5%, 1.5R, sell 40%)
       TP2: $0.184817 (+45.0%, 3.0R, sell 35%)
       TP3: $0.223055 (+75.0%, 5.0R, sell 25%)

  [28] PLUME       score= 118.6  ST=4/6  price=$0.011223      24h= +4.89%  vol=$  3.1M
       TF:  1D= 79  12H=108  6H=132  4H=142  2H=141  1H=119
       Bonuses: RS vs BTC 7d +6.9%  (+5 pts)
       Entry: $0.011223  |  Stop: $0.009663 (-13.90%)  |  Risk: $1500 (1.50% acct)
       Position: $10791 (10.79% acct, qty 961538.4615)
       TP1: $0.013563 (+20.9%, 1.5R, sell 40%)
       TP2: $0.015903 (+41.7%, 3.0R, sell 35%)
       TP3: $0.019023 (+69.5%, 5.0R, sell 25%)

  [29] MORPHO      score= 118.6  ST=5/6  price=$1.982600      24h= +1.32%  vol=$  1.6M
       TF:  1D=117  12H=101  6H=113  4H=145  2H=139  1H=103
       Entry: $1.982600  |  Stop: $1.752189 (-11.62%)  |  Risk: $1500 (1.50% acct)
       Position: $12907 (12.91% acct, qty 6510.1139)
       TP1: $2.328216 (+17.4%, 1.5R, sell 40%)
       TP2: $2.673832 (+34.9%, 3.0R, sell 35%)
       TP3: $3.134654 (+58.1%, 5.0R, sell 25%)

  [30] APE         score= 114.9  ST=4/6  price=$0.132140      24h= +2.29%  vol=$  3.5M
       TF:  1D= 48  12H=101  6H=142  4H=141  2H=150  1H=138
       Bonuses: 1H pre-pump (obv_stealth_accum) | RS vs BTC 7d +8.3%  (+7 pts)
       Entry: $0.132140  |  Stop: $0.116286 (-12.00%)  |  Risk: $1500 (1.50% acct)
       Position: $12502 (12.50% acct, qty 94613.7731)
       TP1: $0.155921 (+18.0%, 1.5R, sell 40%)
       TP2: $0.179702 (+36.0%, 3.0R, sell 35%)
       TP3: $0.211410 (+60.0%, 5.0R, sell 25%)

  [31] B3          score= 114.7  ST=4/6  price=$0.000643      24h= +6.83%  vol=$  3.0M
       TF:  1D= 71  12H= 87  6H=158  4H=119  2H=128  1H=105
       Bonuses: RSI div 1D (bullish) | RS vs BTC 7d +6.7%  (+10 pts)
       Entry: $0.000643  |  Stop: $0.000546 (-15.00%)  |  Risk: $1500 (1.50% acct)
       Position: $10000 (10.00% acct, qty 15556938.3945)
       TP1: $0.000787 (+22.5%, 1.5R, sell 40%)
       TP2: $0.000932 (+45.0%, 3.0R, sell 35%)
       TP3: $0.001125 (+75.0%, 5.0R, sell 25%)

  [32] ESPORTS     score= 113.9  ST=3/6  price=$0.185580      24h= -9.71%  vol=$237.7M
       TF:  1D=119  12H=128  6H=102  4H=127  2H=106  1H= 59
       Bonuses: RS vs BTC 7d +94.2%  (+2 pts)
       Entry: $0.185580  |  Stop: $0.157743 (-15.00%)  |  Risk: $1500 (1.50% acct)
       Position: $10000 (10.00% acct, qty 53885.1169)
       TP1: $0.227335 (+22.5%, 1.5R, sell 40%)
       TP2: $0.269091 (+45.0%, 3.0R, sell 35%)
       TP3: $0.324765 (+75.0%, 5.0R, sell 25%)

  [33] UNI         score= 113.7  ST=4/6  price=$3.224000      24h= -5.17%  vol=$ 66.9M
       TF:  1D=101  12H=114  6H=137  4H=123  2H= 55  1H= 50
       Bonuses: RSI div 1D (bullish) | 1H pre-pump (obv_stealth_accum) | RS vs BTC 7d +29.8%  (+12 pts)
       Entry: $3.224000  |  Stop: $2.881679 (-10.62%)  |  Risk: $1500 (1.50% acct)
       Position: $14127 (14.13% acct, qty 4381.8466)
       TP1: $3.737482 (+15.9%, 1.5R, sell 40%)
       TP2: $4.250964 (+31.9%, 3.0R, sell 35%)
       TP3: $4.935607 (+53.1%, 5.0R, sell 25%)

  [34] EIGEN       score= 113.5  ST=4/6  price=$0.202300      24h= -1.56%  vol=$  5.8M
       TF:  1D=108  12H=136  6H=114  4H= 84  2H= 61  1H=120
       Bonuses: 1H pre-pump (obv_stealth_accum) | RS vs BTC 7d +13.4%  (+7 pts)
       Entry: $0.202300  |  Stop: $0.171955 (-15.00%)  |  Risk: $1500 (1.50% acct)
       Position: $10000 (10.00% acct, qty 49431.5373)
       TP1: $0.247817 (+22.5%, 1.5R, sell 40%)
       TP2: $0.293335 (+45.0%, 3.0R, sell 35%)
       TP3: $0.354025 (+75.0%, 5.0R, sell 25%)

  [35] SPX         score= 112.6  ST=4/6  price=$0.427000      24h= -9.30%  vol=$ 23.0M
       TF:  1D=140  12H=124  6H=137  4H=102  2H= 43  1H= 26
       Bonuses: RS vs BTC 7d +36.2%  (+5 pts)
       Entry: $0.427000  |  Stop: $0.370182 (-13.31%)  |  Risk: $1500 (1.50% acct)
       Position: $11273 (11.27% acct, qty 26400.1509)
       TP1: $0.512227 (+20.0%, 1.5R, sell 40%)
       TP2: $0.597454 (+39.9%, 3.0R, sell 35%)
       TP3: $0.711089 (+66.5%, 5.0R, sell 25%)

  [36] GPS         score= 112.3  ST=4/6  price=$0.008974      24h= -5.61%  vol=$  1.8M
       TF:  1D=142  12H=131  6H=125  4H= 85  2H= 26  1H= 37
       Bonuses: RSI div 1D (hidden_bullish) | RS vs BTC 7d +21.1%  (+8 pts)
       Entry: $0.008974  |  Stop: $0.007755 (-13.58%)  |  Risk: $1500 (1.50% acct)
       Position: $11043 (11.04% acct, qty 1230552.8698)
       TP1: $0.010802 (+20.4%, 1.5R, sell 40%)
       TP2: $0.012631 (+40.8%, 3.0R, sell 35%)
       TP3: $0.015069 (+67.9%, 5.0R, sell 25%)

  [37] GUN         score= 111.8  ST=4/6  price=$0.006045      24h= +9.07%  vol=$  1.8M
       TF:  1D= 77  12H= 87  6H=111  4H=136  2H=160  1H=136
       Bonuses: funding -0.0200%/8h  (+3 pts)
       Entry: $0.006045  |  Stop: $0.005138 (-15.00%)  |  Risk: $1500 (1.50% acct)
       Position: $10000 (10.00% acct, qty 1654259.7188)
       TP1: $0.007405 (+22.5%, 1.5R, sell 40%)
       TP2: $0.008765 (+45.0%, 3.0R, sell 35%)
       TP3: $0.010579 (+75.0%, 5.0R, sell 25%)

  [38] WLFI        score= 111.0  ST=5/6  price=$0.062750      24h= -0.28%  vol=$ 10.1M
       TF:  1D= 99  12H=115  6H=128  4H=138  2H= 89  1H= 47
       Bonuses: RS vs BTC 7d +1.8%  (+5 pts)
       Entry: $0.062750  |  Stop: $0.056386 (-10.14%)  |  Risk: $1500 (1.50% acct)
       Position: $14790 (14.79% acct, qty 235690.2357)
       TP1: $0.072296 (+15.2%, 1.5R, sell 40%)
       TP2: $0.081843 (+30.4%, 3.0R, sell 35%)
       TP3: $0.094571 (+50.7%, 5.0R, sell 25%)

  [39] PENDLE      score= 110.4  ST=5/6  price=$1.457600      24h= -2.13%  vol=$  8.8M
       TF:  1D= 82  12H=111  6H=150  4H=139  2H= 96  1H= 54
       Bonuses: RS vs BTC 7d +19.4%  (+5 pts)
       Entry: $1.457600  |  Stop: $1.299746 (-10.83%)  |  Risk: $1500 (1.50% acct)
       Position: $13851 (13.85% acct, qty 9502.4774)
       TP1: $1.694380 (+16.2%, 1.5R, sell 40%)
       TP2: $1.931161 (+32.5%, 3.0R, sell 35%)
       TP3: $2.246868 (+54.1%, 5.0R, sell 25%)

  [40] SIGN        score= 109.8  ST=4/6  price=$0.009534      24h= +2.52%  vol=$  2.8M
       TF:  1D= 69  12H=103  6H=131  4H=155  2H=115  1H= 82
       Bonuses: RS vs BTC 7d +10.2%  (+5 pts)
       Entry: $0.009534  |  Stop: $0.008541 (-10.42%)  |  Risk: $1500 (1.50% acct)
       Position: $14400 (14.40% acct, qty 1510411.0476)
       TP1: $0.011024 (+15.6%, 1.5R, sell 40%)
       TP2: $0.012513 (+31.2%, 3.0R, sell 35%)
       TP3: $0.014500 (+52.1%, 5.0R, sell 25%)

  [41] POWER       score= 109.2  ST=5/6  price=$0.075610      24h= +9.81%  vol=$  1.1M
       TF:  1D=101  12H=106  6H=118  4H= 89  2H=140  1H=149
       Entry: $0.075610  |  Stop: $0.064269 (-15.00%)  |  Risk: $1500 (1.50% acct)
       Position: $10000 (10.00% acct, qty 132257.6379)
       TP1: $0.092622 (+22.5%, 1.5R, sell 40%)
       TP2: $0.109634 (+45.0%, 3.0R, sell 35%)
       TP3: $0.132318 (+75.0%, 5.0R, sell 25%)

  [42] EDEN        score= 109.1  ST=4/6  price=$0.043180      24h= +1.71%  vol=$  2.0M
       TF:  1D= 82  12H= 85  6H= 97  4H=138  2H=131  1H=132
       Bonuses: RS vs BTC 7d +7.4%  (+5 pts)
       Entry: $0.043180  |  Stop: $0.036703 (-15.00%)  |  Risk: $1500 (1.50% acct)
       Position: $10000 (10.00% acct, qty 231588.6985)
       TP1: $0.052895 (+22.5%, 1.5R, sell 40%)
       TP2: $0.062611 (+45.0%, 3.0R, sell 35%)
       TP3: $0.075565 (+75.0%, 5.0R, sell 25%)

  [43] CFX         score= 109.0  ST=4/6  price=$0.051370      24h= -3.46%  vol=$  1.5M
       TF:  1D= 79  12H=108  6H=145  4H=138  2H=101  1H= 57
       Bonuses: RS vs BTC 7d +13.7%  (+5 pts)
       Entry: $0.051370  |  Stop: $0.046692 (-9.11%)  |  Risk: $1500 (1.50% acct)
       Position: $16472 (16.47% acct, qty 320659.6427)
       TP1: $0.058387 (+13.7%, 1.5R, sell 40%)
       TP2: $0.065404 (+27.3%, 3.0R, sell 35%)
       TP3: $0.074759 (+45.5%, 5.0R, sell 25%)

  [44] TRIA        score= 108.2  ST=5/6  price=$0.030837      24h= -7.58%  vol=$  2.9M
       TF:  1D= 75  12H=107  6H=120  4H=139  2H= 88  1H= 64
       Bonuses: RSI div 1D (bullish) | RS vs BTC 7d +18.6%  (+10 pts)
       Entry: $0.030837  |  Stop: $0.026211 (-15.00%)  |  Risk: $1500 (1.50% acct)
       Position: $10000 (10.00% acct, qty 324285.7606)
       TP1: $0.037775 (+22.5%, 1.5R, sell 40%)
       TP2: $0.044714 (+45.0%, 3.0R, sell 35%)
       TP3: $0.053965 (+75.0%, 5.0R, sell 25%)

  [45] ENA         score= 107.7  ST=4/6  price=$0.095020      24h= +2.98%  vol=$111.1M
       TF:  1D= 61  12H= 85  6H=138  4H=126  2H=159  1H= 99
       Bonuses: RS vs BTC 7d +27.3%  (+5 pts)
       Entry: $0.095020  |  Stop: $0.080767 (-15.00%)  |  Risk: $1500 (1.50% acct)
       Position: $10000 (10.00% acct, qty 105241.0019)
       TP1: $0.116400 (+22.5%, 1.5R, sell 40%)
       TP2: $0.137779 (+45.0%, 3.0R, sell 35%)
       TP3: $0.166285 (+75.0%, 5.0R, sell 25%)

  [46] CHIP        score= 105.5  ST=4/6  price=$0.034060      24h= +4.83%  vol=$  4.9M
       TF:  1D= 62  12H=108  6H=105  4H=122  2H=120  1H=111
       Bonuses: 1H pre-pump (obv_divergence) | RS vs BTC 7d +7.2%  (+7 pts)
       Entry: $0.034060  |  Stop: $0.028951 (-15.00%)  |  Risk: $1500 (1.50% acct)
       Position: $10000 (10.00% acct, qty 293599.5302)
       TP1: $0.041723 (+22.5%, 1.5R, sell 40%)
       TP2: $0.049387 (+45.0%, 3.0R, sell 35%)
       TP3: $0.059605 (+75.0%, 5.0R, sell 25%)

  [47] COAI        score= 105.5  ST=3/6  price=$0.345600      24h= -2.33%  vol=$  3.1M
       TF:  1D=123  12H= 79  6H= 96  4H= 81  2H= 84  1H= 86
       Bonuses: RSI div 1D (hidden_bullish) | 1H pre-pump (bb_squeeze) | RS vs BTC 7d +46.1%  (+10 pts)
       Entry: $0.345600  |  Stop: $0.293760 (-15.00%)  |  Risk: $1500 (1.50% acct)
       Position: $10000 (10.00% acct, qty 28935.1852)
       TP1: $0.423360 (+22.5%, 1.5R, sell 40%)
       TP2: $0.501120 (+45.0%, 3.0R, sell 35%)
       TP3: $0.604800 (+75.0%, 5.0R, sell 25%)

  [48] LDO         score= 102.1  ST=4/6  price=$0.277000      24h= -1.57%  vol=$ 10.6M
       TF:  1D= 75  12H= 79  6H=116  4H=125  2H= 88  1H=116
       Bonuses: 1H pre-pump (obv_stealth_accum) | RS vs BTC 7d +3.6%  (+7 pts)
       Entry: $0.277000  |  Stop: $0.248746 (-10.20%)  |  Risk: $1500 (1.50% acct)
       Position: $14706 (14.71% acct, qty 53090.6333)
       TP1: $0.319380 (+15.3%, 1.5R, sell 40%)
       TP2: $0.361761 (+30.6%, 3.0R, sell 35%)
       TP3: $0.418268 (+51.0%, 5.0R, sell 25%)

  [49] HYPER       score= 101.0  ST=3/6  price=$0.080100      24h= -1.42%  vol=$  1.4M
       TF:  1D= 77  12H= 80  6H=159  4H=109  2H= 83  1H= 53
       Bonuses: RS vs BTC 7d +13.1% | funding -0.0239%/8h  (+8 pts)
       Entry: $0.080100  |  Stop: $0.070013 (-12.59%)  |  Risk: $1500 (1.50% acct)
       Position: $11911 (11.91% acct, qty 148698.8848)
       TP1: $0.095231 (+18.9%, 1.5R, sell 40%)
       TP2: $0.110363 (+37.8%, 3.0R, sell 35%)
       TP3: $0.130538 (+63.0%, 5.0R, sell 25%)

  [50] FIDA        score= 100.9  ST=5/6  price=$0.024159      24h= -2.80%  vol=$  3.1M
       TF:  1D=110  12H=108  6H= 82  4H= 87  2H= 72  1H= 65
       Bonuses: RS vs BTC 7d +13.9% | funding -0.1046%/8h  (+8 pts)
       Entry: $0.024159  |  Stop: $0.020535 (-15.00%)  |  Risk: $1500 (1.50% acct)
       Position: $10000 (10.00% acct, qty 413924.4174)
       TP1: $0.029595 (+22.5%, 1.5R, sell 40%)
       TP2: $0.035031 (+45.0%, 3.0R, sell 35%)
       TP3: $0.042278 (+75.0%, 5.0R, sell 25%)

--------------------------------------------------------------------------------
  WATCH  —  50 coin(s)  (worth tracking)
--------------------------------------------------------------------------------
  #   Symbol      Score  ST         Price    24h%   Vol $M  TF breakdown
  ------------------------------------------------------------------------------
    1 SENT        101.2  2/6  $   0.017343  -8.47%  $    3.6  1D=148  12H=148  6H= 66  4H= 72  2H= 25  1H= 15
    2 1000FLOKI   100.6  2/6  $   0.025950  -1.26%  $    3.6  1D= 96  12H= 83  6H=125  4H= 89  2H= 54  1H= 95
    3 SEI          99.0  4/6  $   0.055040  -0.99%  $    8.8  1D= 79  12H=105  6H=125  4H=105  2H= 74  1H= 45
    4 1000TAG      98.3  1/6  $   1.246500 -18.81%  $    1.3  1D=109  12H=118  6H=100  4H= 73  2H= 40  1H= 34
    5 ARKM         98.2  4/6  $   0.130320  -3.32%  $    4.2  1D= 95  12H=136  6H= 98  4H= 73  2H= 48  1H= 80
    6 JUP          97.7  3/6  $   0.189520  -3.77%  $    7.5  1D= 96  12H=118  6H=104  4H= 79  2H= 57  1H= 59
    7 GRASS        97.4  2/6  $   0.436140 -17.22%  $    7.1  1D=123  12H=129  6H= 83  4H= 69  2H= 32  1H= 25
    8 VELVET       97.0  2/6  $   0.340730  +2.04%  $    8.7  1D= 90  12H= 82  6H= 54  4H= 98  2H=114  1H=119
    9 WIF          96.9  2/6  $   0.167140  -0.70%  $   19.7  1D= 85  12H= 77  6H=130  4H=101  2H= 48  1H= 83
   10 WHITEWHALE   96.8  3/6  $   0.003628  +6.76%  $    1.3  1D= 78  12H=111  6H= 83  4H=115  2H=127  1H= 78
   11 IP           96.2  4/6  $   0.316700  -0.46%  $   11.0  1D= 75  12H= 90  6H=115  4H= 80  2H= 75  1H= 40
   12 ZK           95.6  3/6  $   0.011580  +3.15%  $    4.1  1D= 75  12H= 85  6H=  0  4H=134  2H=133  1H=135
   13 ENS          95.5  4/6  $   5.330000  -1.60%  $    1.9  1D= 92  12H= 94  6H=125  4H= 70  2H= 82  1H= 68
   14 AKT          94.9  3/6  $   0.749400 -15.35%  $    4.9  1D=146  12H=122  6H= 57  4H= 43  2H= 32  1H= 58
   15 LIT          94.4  4/6  $   1.720700  -8.00%  $   24.5  1D=141  12H= 83  6H= 82  4H= 78  2H= 38  1H= 48
   16 ZEC          93.4  3/6  $ 477.050000  -4.32%  $  210.9  1D=105  12H=115  6H= 69  4H= 70  2H= 42  1H= 71
   17 ROAM         93.2  4/6  $   0.008757 -20.26%  $    2.0  1D=101  12H=135  6H= 81  4H= 55  2H= 30  1H= 69
   18 OP           93.1  3/6  $   0.108670  -0.56%  $   13.1  1D= 65  12H=121  6H= 97  4H= 97  2H= 39  1H= 89
   19 SPACE        91.1  4/6  $   0.007524  -5.39%  $    1.8  1D=118  12H=108  6H= 80  4H= 68  2H= 48  1H= 35
   20 ELSA         90.7  3/6  $   0.050770  -4.95%  $    1.1  1D= 85  12H=108  6H=119  4H= 87  2H= 57  1H= 26
   21 HOME         90.3  2/6  $   0.028878 +12.09%  $   46.4  1D= 67  12H= 70  6H=118  4H=105  2H= 98  1H= 63
   22 SKY          90.3  2/6  $   0.056930  -1.06%  $    3.0  1D= 61  12H= 80  6H=115  4H=111  2H= 85  1H= 91
   23 JCT          90.3  5/6  $   0.005936  -4.47%  $    1.3  1D=154  12H= 86  6H= 76  4H= 48  2H= 48  1H= 26
   24 TRX          89.7  3/6  $   0.321560  -0.22%  $    9.7  1D= 56  12H= 69  6H=102  4H=122  2H=107  1H= 58
   25 NIL          89.4  5/6  $   0.041620  -1.43%  $    1.3  1D= 55  12H=117  6H=115  4H= 70  2H= 71  1H= 73
   26 OPEN         88.7  4/6  $   0.229330  -7.09%  $    5.5  1D=138  12H= 99  6H= 67  4H= 47  2H= 26  1H= 30
   27 FARTCOIN     87.9  3/6  $   0.131580  -3.70%  $   41.0  1D= 85  12H= 77  6H= 95  4H= 90  2H= 58  1H= 70
   28 HIGH         86.8  2/6  $   0.045940 -17.77%  $    7.2  1D= 54  12H= 89  6H=112  4H=122  2H= 65  1H= 60
   29 IO           86.5  4/6  $   0.172740  -3.93%  $    3.1  1D=141  12H= 85  6H= 58  4H= 69  2H= 44  1H= 57
   30 COMP         85.9  3/6  $  17.635000  -2.26%  $    1.9  1D= 95  12H= 82  6H= 90  4H= 87  2H= 54  1H= 79
   31 HBAR         85.1  3/6  $   0.081210  -0.10%  $   12.6  1D= 74  12H= 95  6H= 80  4H= 85  2H= 62  1H=112
   32 WCT          84.8  3/6  $   0.047740  -2.15%  $    1.1  1D= 96  12H= 85  6H= 52  4H= 82  2H= 53  1H= 55
   33 JELLYJELLY   83.7  3/6  $   0.061420  -6.70%  $    2.2  1D=132  12H= 81  6H= 35  4H= 42  2H= 76  1H= 49
   34 BOME         83.0  2/6  $   0.000451  -2.72%  $    1.3  1D= 72  12H= 93  6H= 76  4H= 60  2H= 45  1H= 54
   35 ATH          80.7  3/6  $   0.004775  -5.28%  $    2.1  1D= 65  12H=113  6H= 61  4H= 60  2H= 40  1H= 69
   36 IOTA         80.5  2/6  $   0.047360  -1.04%  $    1.4  1D= 57  12H=104  6H= 80  4H= 71  2H= 44  1H= 78
   37 SOL          80.3  3/6  $  71.990000  -1.72%  $  805.1  1D= 67  12H=115  6H= 85  4H= 79  2H= 20  1H= 45
   38 ETH          79.8  2/6  $1,749.680000  -1.10%  $ 2714.1  1D= 61  12H=106  6H= 84  4H= 89  2H= 43  1H= 54
   39 CRV          79.8  3/6  $   0.227200 -10.67%  $   12.7  1D=145  12H= 57  6H= 35  4H= 38  2H= 30  1H= 82
   40 M            79.3  2/6  $   2.932100  -1.54%  $    3.4  1D= 69  12H= 99  6H= 98  4H= 59  2H= 58  1H= 77
   41 POL          78.9  2/6  $   0.076830  -0.57%  $    5.8  1D= 48  12H=104  6H= 82  4H= 77  2H= 45  1H= 54
   42 TAO          78.4  4/6  $ 246.300000  -5.62%  $   57.3  1D= 92  12H=113  6H= 70  4H= 48  2H= 26  1H= 12
   43 AVNT         78.2  2/6  $   0.114870  -2.95%  $    2.7  1D= 79  12H= 89  6H= 75  4H= 66  2H= 34  1H= 30
   44 H            78.1  2/6  $   0.239250 +16.50%  $   92.1  1D= 67  12H= 91  6H= 70  4H= 50  2H= 80  1H=115
   45 HMSTR        78.0  2/6  $   0.000165  -0.24%  $    1.4  1D= 98  12H= 61  6H= 55  4H= 72  2H= 68  1H= 72
   46 AXL          77.2  2/6  $   0.047420  -7.50%  $    1.5  1D=100  12H= 76  6H= 67  4H= 45  2H= 38  1H= 26
   47 FIL          77.1  3/6  $   0.797800  -2.62%  $   10.0  1D= 69  12H= 85  6H= 87  4H= 69  2H= 62  1H= 49
   48 PLAYSOUT     77.0  3/6  $   0.037940  -3.18%  $    2.9  1D= 35  12H= 71  6H= 70  4H= 91  2H=151  1H=137
   49 W            77.0  3/6  $   0.009833  -0.52%  $    1.8  1D= 52  12H= 65  6H= 70  4H= 85  2H= 73  1H=104
   50 NEAR         76.7  0/6  $   2.180500  -3.73%  $  120.2  1D= 88  12H= 96  6H= 52  4H= 39  2H= 46  1H= 57

================================================================================
2026-06-18 13:23:58,025 [INFO]   Saved → trend_v3_LATEST.txt, trend_v3_LATEST.json, trend_v3_20260618_132357.txt
2026-06-18 14:35:36,204 [INFO] ================================================================
2026-06-18 14:35:36,206 [INFO] TREND SCANNER v3.0
2026-06-18 14:35:36,206 [INFO] ================================================================
2026-06-18 14:35:36,208 [INFO] Building universe (Bybit perps)...
2026-06-18 14:35:36,609 [INFO]   Universe (post-filter): 258 coins
2026-06-18 14:35:36,611 [INFO] Fetching BTC 1D for regime detection...
2026-06-18 14:35:37,057 [INFO]   Regime: BULL  |  BTC 7d +4.87%  |  24h -1.77%
2026-06-18 14:35:37,066 [INFO] Scanning 258 coins across 6 timeframes...
2026-06-18 14:35:37,067 [INFO] (this is the slowest scanner — first run ~10min, subsequent ~2-3min)
2026-06-18 14:35:46,731 [INFO]   ...20/258  (surfaced: 12)
2026-06-18 14:36:03,481 [INFO]   ...60/258  (surfaced: 34)
2026-06-18 14:36:12,566 [INFO]   ...80/258  (surfaced: 46)
2026-06-18 14:36:28,546 [INFO]   ...120/258  (surfaced: 70)
2026-06-18 14:36:37,420 [INFO]   ...140/258  (surfaced: 77)
2026-06-18 14:36:56,646 [INFO]   ...180/258  (surfaced: 100)
2026-06-18 14:37:06,308 [INFO]   ...200/258  (surfaced: 113)
2026-06-18 14:37:23,521 [INFO]   ...240/258  (surfaced: 134)
2026-06-18 14:37:33,436 [INFO] Done in 117s  |  scanned=219  failed=39  strong=28  long=50  watch=50
2026-06-18 14:37:33,440 [INFO] 
================================================================================
  TREND SCANNER v3.0  —  multi-timeframe confirmation + trade plans
  Generated  : 2026-06-18 14:37:33
  Universe   : 258 Bybit perps  |  Scanned: 219
  Scan time  : 117s
================================================================================

  Regime     : 🟢 BULL
               BTC 7d +4.87%  |  24h -1.77%  |  $64,509

  Account    : $100,000  |  Risk/trade: 1.5%

  Tiers (bull):  STRONG ≥ 130 & ST≥4  |  LONG ≥ 100 & ST≥3  |  WATCH ≥ 70

  TF weights : 1D×0.28 · 12H×0.2 · 6H×0.15 · 4H×0.15 · 2H×0.12 · 1H×0.1

--------------------------------------------------------------------------------
  STRONG  —  28 coin(s)  (highest conviction, full position)
--------------------------------------------------------------------------------

  [ 1] ZEREBRO     score= 161.4  ST=6/6  price=$0.029451      24h=+33.64%  vol=$ 15.0M
       TF:  1D=161  12H=167  6H=144  4H=154  2H=152  1H=150
       Bonuses: RS vs BTC 7d +8.7%  (+5 pts)
       Entry: $0.029451  |  Stop: $0.025033 (-15.00%)  |  Risk: $1500 (1.50% acct)
       Position: $10000 (10.00% acct, qty 339547.0442)
       TP1: $0.036077 (+22.5%, 1.5R, sell 40%)
       TP2: $0.042704 (+45.0%, 3.0R, sell 35%)
       TP3: $0.051539 (+75.0%, 5.0R, sell 25%)

  [ 2] FOLKS       score= 158.9  ST=6/6  price=$2.415200      24h=+31.14%  vol=$ 11.8M
       TF:  1D=151  12H=169  6H=151  4H=152  2H=140  1H=156
       Bonuses: RS vs BTC 7d +2.6%  (+5 pts)
       Entry: $2.415200  |  Stop: $2.052920 (-15.00%)  |  Risk: $1500 (1.50% acct)
       Position: $10000 (10.00% acct, qty 4140.4439)
       TP1: $2.958620 (+22.5%, 1.5R, sell 40%)
       TP2: $3.502040 (+45.0%, 3.0R, sell 35%)
       TP3: $4.226600 (+75.0%, 5.0R, sell 25%)

  [ 3] CLO         score= 158.6  ST=5/6  price=$0.177380      24h=+21.33%  vol=$ 16.4M
       TF:  1D=166  12H=169  6H=131  4H=142  2H=137  1H=159
       Bonuses: RS vs BTC 7d +58.4%  (+5 pts)
       Entry: $0.177380  |  Stop: $0.150773 (-15.00%)  |  Risk: $1500 (1.50% acct)
       Position: $10000 (10.00% acct, qty 56376.1416)
       TP1: $0.217290 (+22.5%, 1.5R, sell 40%)
       TP2: $0.257201 (+45.0%, 3.0R, sell 35%)
       TP3: $0.310415 (+75.0%, 5.0R, sell 25%)

  [ 4] TRUTH       score= 154.9  ST=6/6  price=$0.014517      24h= +8.93%  vol=$  2.2M
       TF:  1D=119  12H=169  6H=163  4H=150  2H=156  1H=171
       Bonuses: RS vs BTC 7d +21.0%  (+5 pts)
       Entry: $0.014517  |  Stop: $0.012339 (-15.00%)  |  Risk: $1500 (1.50% acct)
       Position: $10000 (10.00% acct, qty 688847.5580)
       TP1: $0.017783 (+22.5%, 1.5R, sell 40%)
       TP2: $0.021050 (+45.0%, 3.0R, sell 35%)
       TP3: $0.025405 (+75.0%, 5.0R, sell 25%)

  [ 5] TAC         score= 151.5  ST=6/6  price=$0.024117      24h= +7.04%  vol=$ 11.1M
       TF:  1D=157  12H=144  6H=147  4H=135  2H=151  1H=133
       Bonuses: RS vs BTC 7d +39.8%  (+5 pts)
       Entry: $0.024117  |  Stop: $0.021579 (-10.52%)  |  Risk: $1500 (1.50% acct)
       Position: $14253 (14.25% acct, qty 590991.5995)
       TP1: $0.027924 (+15.8%, 1.5R, sell 40%)
       TP2: $0.031731 (+31.6%, 3.0R, sell 35%)
       TP3: $0.036808 (+52.6%, 5.0R, sell 25%)

  [ 6] US          score= 150.0  ST=5/6  price=$0.015181      24h=+17.25%  vol=$  5.6M
       TF:  1D=154  12H=157  6H=139  4H=134  2H=163  1H=130
       Bonuses: RS vs BTC 7d +14.2%  (+2 pts)
       Entry: $0.015181  |  Stop: $0.012904 (-15.00%)  |  Risk: $1500 (1.50% acct)
       Position: $10000 (10.00% acct, qty 658718.1345)
       TP1: $0.018597 (+22.5%, 1.5R, sell 40%)
       TP2: $0.022012 (+45.0%, 3.0R, sell 35%)
       TP3: $0.026567 (+75.0%, 5.0R, sell 25%)

  [ 7] ZAMA        score= 146.3  ST=5/6  price=$0.034200      24h= -5.52%  vol=$  2.2M
       TF:  1D=137  12H=147  6H=153  4H=159  2H=120  1H= 73
       Bonuses: RSI div 1D (hidden_bullish) | 1H pre-pump (obv_stealth_accum) | RS vs BTC 7d +7.1%  (+10 pts)
       Entry: $0.034200  |  Stop: $0.030044 (-12.15%)  |  Risk: $1500 (1.50% acct)
       Position: $12343 (12.34% acct, qty 360917.7623)
       TP1: $0.040434 (+18.2%, 1.5R, sell 40%)
       TP2: $0.046668 (+36.5%, 3.0R, sell 35%)
       TP3: $0.054980 (+60.8%, 5.0R, sell 25%)

  [ 8] BLUAI       score= 145.9  ST=6/6  price=$0.015225      24h=+11.79%  vol=$  2.2M
       TF:  1D=107  12H=136  6H=145  4H=178  2H=146  1H=158
       Bonuses: 1H pre-pump (obv_stealth_accum) | RS vs BTC 7d +22.9%  (+7 pts)
       Entry: $0.015225  |  Stop: $0.012941 (-15.00%)  |  Risk: $1500 (1.50% acct)
       Position: $10000 (10.00% acct, qty 656814.4499)
       TP1: $0.018651 (+22.5%, 1.5R, sell 40%)
       TP2: $0.022076 (+45.0%, 3.0R, sell 35%)
       TP3: $0.026644 (+75.0%, 5.0R, sell 25%)

  [ 9] AT          score= 144.4  ST=6/6  price=$0.157620      24h= +4.29%  vol=$  3.2M
       TF:  1D=114  12H=145  6H=129  4H=143  2H=159  1H=156
       Bonuses: RSI div 1D (hidden_bullish) | RS vs BTC 7d +29.2%  (+8 pts)
       Entry: $0.157620  |  Stop: $0.133977 (-15.00%)  |  Risk: $1500 (1.50% acct)
       Position: $10000 (10.00% acct, qty 63443.7254)
       TP1: $0.193084 (+22.5%, 1.5R, sell 40%)
       TP2: $0.228549 (+45.0%, 3.0R, sell 35%)
       TP3: $0.275835 (+75.0%, 5.0R, sell 25%)

  [10] CC          score= 144.0  ST=6/6  price=$0.162590      24h= -0.55%  vol=$  2.2M
       TF:  1D=145  12H=124  6H=135  4H=137  2H=148  1H=160
       Bonuses: 1H pre-pump (bb_squeeze, obv_stealth_accum)  (+4 pts)
       Entry: $0.162590  |  Stop: $0.146644 (-9.81%)  |  Risk: $1500 (1.50% acct)
       Position: $15294 (15.29% acct, qty 94067.0564)
       TP1: $0.186509 (+14.7%, 1.5R, sell 40%)
       TP2: $0.210428 (+29.4%, 3.0R, sell 35%)
       TP3: $0.242320 (+49.0%, 5.0R, sell 25%)

  [11] XLM         score= 143.6  ST=5/6  price=$0.225450      24h= +8.77%  vol=$121.6M
       TF:  1D=121  12H=134  6H=142  4H=155  2H=161  1H=140
       Bonuses: RS vs BTC 7d +18.5%  (+5 pts)
       Entry: $0.225450  |  Stop: $0.197160 (-12.55%)  |  Risk: $1500 (1.50% acct)
       Position: $11954 (11.95% acct, qty 53022.2694)
       TP1: $0.267885 (+18.8%, 1.5R, sell 40%)
       TP2: $0.310320 (+37.6%, 3.0R, sell 35%)
       TP3: $0.366900 (+62.7%, 5.0R, sell 25%)

  [12] PARTI       score= 142.9  ST=6/6  price=$0.059680      24h= +1.09%  vol=$  1.0M
       TF:  1D=136  12H=126  6H=141  4H=131  2H=140  1H=130
       Bonuses: RSI div 1D (bullish) | 1H pre-pump (bb_squeeze, obv_stealth_accum)  (+9 pts)
       Entry: $0.059680  |  Stop: $0.050728 (-15.00%)  |  Risk: $1500 (1.50% acct)
       Position: $10000 (10.00% acct, qty 167560.3217)
       TP1: $0.073108 (+22.5%, 1.5R, sell 40%)
       TP2: $0.086536 (+45.0%, 3.0R, sell 35%)
       TP3: $0.104440 (+75.0%, 5.0R, sell 25%)

  [13] EPIC        score= 142.4  ST=5/6  price=$0.657700      24h= -0.89%  vol=$  3.1M
       TF:  1D=150  12H=130  6H=134  4H=157  2H=124  1H=109
       Bonuses: RS vs BTC 7d +19.4%  (+5 pts)
       Entry: $0.657700  |  Stop: $0.559045 (-15.00%)  |  Risk: $1500 (1.50% acct)
       Position: $10000 (10.00% acct, qty 15204.5005)
       TP1: $0.805682 (+22.5%, 1.5R, sell 40%)
       TP2: $0.953665 (+45.0%, 3.0R, sell 35%)
       TP3: $1.150975 (+75.0%, 5.0R, sell 25%)

  [14] MEGA        score= 142.1  ST=6/6  price=$0.057060      24h=+19.25%  vol=$ 14.4M
       TF:  1D=105  12H=127  6H=155  4H=130  2H=134  1H=155
       Bonuses: RSI div 1D (bullish) | RS vs BTC 7d +29.3% | funding -0.0582%/8h  (+13 pts)
       Entry: $0.057060  |  Stop: $0.048501 (-15.00%)  |  Risk: $1500 (1.50% acct)
       Position: $10000 (10.00% acct, qty 175254.1185)
       TP1: $0.069899 (+22.5%, 1.5R, sell 40%)
       TP2: $0.082737 (+45.0%, 3.0R, sell 35%)
       TP3: $0.099855 (+75.0%, 5.0R, sell 25%)

  [15] RUNE        score= 142.1  ST=6/6  price=$0.417700      24h= +0.70%  vol=$  2.1M
       TF:  1D=110  12H=130  6H=157  4H=163  2H=160  1H=131
       Bonuses: RS vs BTC 7d +5.6%  (+5 pts)
       Entry: $0.417700  |  Stop: $0.366871 (-12.17%)  |  Risk: $1500 (1.50% acct)
       Position: $12327 (12.33% acct, qty 29510.9612)
       TP1: $0.493943 (+18.2%, 1.5R, sell 40%)
       TP2: $0.570186 (+36.5%, 3.0R, sell 35%)
       TP3: $0.671843 (+60.8%, 5.0R, sell 25%)

  [16] MMT         score= 141.6  ST=6/6  price=$0.140620      24h= -0.77%  vol=$  1.1M
       TF:  1D=116  12H=127  6H=160  4H=148  2H=133  1H=106
       Bonuses: 1H pre-pump (bb_squeeze, obv_divergence, obv_stealth_accum) | RS vs BTC 7d +33.3%  (+11 pts)
       Entry: $0.140620  |  Stop: $0.125252 (-10.93%)  |  Risk: $1500 (1.50% acct)
       Position: $13726 (13.73% acct, qty 97608.5896)
       TP1: $0.163671 (+16.4%, 1.5R, sell 40%)
       TP2: $0.186723 (+32.8%, 3.0R, sell 35%)
       TP3: $0.217457 (+54.6%, 5.0R, sell 25%)

  [17] BIO         score= 139.9  ST=5/6  price=$0.034740      24h= +1.25%  vol=$ 21.8M
       TF:  1D= 92  12H=145  6H=128  4H=147  2H=162  1H=145
       Bonuses: RSI div 1D (bullish) | RS vs BTC 7d +14.6%  (+10 pts)
       Entry: $0.034740  |  Stop: $0.029529 (-15.00%)  |  Risk: $1500 (1.50% acct)
       Position: $10000 (10.00% acct, qty 287852.6195)
       TP1: $0.042556 (+22.5%, 1.5R, sell 40%)
       TP2: $0.050373 (+45.0%, 3.0R, sell 35%)
       TP3: $0.060795 (+75.0%, 5.0R, sell 25%)

  [18] ARC         score= 138.8  ST=5/6  price=$0.084320      24h= +1.47%  vol=$  2.3M
       TF:  1D=141  12H=125  6H=137  4H=122  2H=153  1H=131
       Bonuses: 1H pre-pump (bb_squeeze, obv_stealth_accum)  (+4 pts)
       Entry: $0.084320  |  Stop: $0.072848 (-13.61%)  |  Risk: $1500 (1.50% acct)
       Position: $11025 (11.03% acct, qty 130755.5805)
       TP1: $0.101528 (+20.4%, 1.5R, sell 40%)
       TP2: $0.118735 (+40.8%, 3.0R, sell 35%)
       TP3: $0.141679 (+68.0%, 5.0R, sell 25%)

  [19] ETHFI       score= 137.9  ST=5/6  price=$0.382300      24h= +5.85%  vol=$ 22.0M
       TF:  1D=108  12H=155  6H=153  4H=157  2H=112  1H= 87
       Bonuses: RS vs BTC 7d +26.1% | funding -0.0126%/8h  (+8 pts)
       Entry: $0.382300  |  Stop: $0.337696 (-11.67%)  |  Risk: $1500 (1.50% acct)
       Position: $12857 (12.86% acct, qty 33629.5940)
       TP1: $0.449205 (+17.5%, 1.5R, sell 40%)
       TP2: $0.516111 (+35.0%, 3.0R, sell 35%)
       TP3: $0.605318 (+58.3%, 5.0R, sell 25%)

  [20] BSB         score= 136.9  ST=6/6  price=$0.596200      24h= -8.76%  vol=$ 46.4M
       TF:  1D=120  12H=119  6H=149  4H=144  2H=145  1H=112
       Bonuses: 1H pre-pump (obv_stealth_accum) | RS vs BTC 7d +105.8%  (+7 pts)
       Entry: $0.596200  |  Stop: $0.506770 (-15.00%)  |  Risk: $1500 (1.50% acct)
       Position: $10000 (10.00% acct, qty 16772.8950)
       TP1: $0.730345 (+22.5%, 1.5R, sell 40%)
       TP2: $0.864490 (+45.0%, 3.0R, sell 35%)
       TP3: $1.043350 (+75.0%, 5.0R, sell 25%)

  [21] ALLO        score= 136.8  ST=6/6  price=$0.368280      24h= +6.18%  vol=$  9.7M
       TF:  1D=134  12H=141  6H=152  4H=122  2H=142  1H=129
       Entry: $0.368280  |  Stop: $0.313038 (-15.00%)  |  Risk: $1500 (1.50% acct)
       Position: $10000 (10.00% acct, qty 27153.2530)
       TP1: $0.451143 (+22.5%, 1.5R, sell 40%)
       TP2: $0.534006 (+45.0%, 3.0R, sell 35%)
       TP3: $0.644490 (+75.0%, 5.0R, sell 25%)

  [22] LAB         score= 136.5  ST=6/6  price=$13.125000     24h=+17.00%  vol=$ 43.1M
       TF:  1D=109  12H=112  6H=165  4H=154  2H=165  1H=139
       Bonuses: RS vs BTC 7d +62.7%  (+2 pts)
       Entry: $13.125000  |  Stop: $11.156250 (-15.00%)  |  Risk: $1500 (1.50% acct)
       Position: $10000 (10.00% acct, qty 761.9048)
       TP1: $16.078125 (+22.5%, 1.5R, sell 40%)
       TP2: $19.031250 (+45.0%, 3.0R, sell 35%)
       TP3: $22.968750 (+75.0%, 5.0R, sell 25%)

  [23] ENJ         score= 133.9  ST=5/6  price=$0.034077      24h= +5.92%  vol=$  5.8M
       TF:  1D= 96  12H=109  6H=163  4H=135  2H=136  1H=162
       Bonuses: RS vs BTC 7d +16.0% | funding -0.0216%/8h  (+8 pts)
       Entry: $0.034077  |  Stop: $0.029831 (-12.46%)  |  Risk: $1500 (1.50% acct)
       Position: $12040 (12.04% acct, qty 353312.3028)
       TP1: $0.040445 (+18.7%, 1.5R, sell 40%)
       TP2: $0.046814 (+37.4%, 3.0R, sell 35%)
       TP3: $0.055305 (+62.3%, 5.0R, sell 25%)

  [24] PHA         score= 133.2  ST=4/6  price=$0.036830      24h= +4.86%  vol=$  1.2M
       TF:  1D= 90  12H=130  6H=165  4H=139  2H=153  1H=130
       Bonuses: RS vs BTC 7d +15.4%  (+5 pts)
       Entry: $0.036830  |  Stop: $0.031856 (-13.50%)  |  Risk: $1500 (1.50% acct)
       Position: $11108 (11.11% acct, qty 301594.1405)
       TP1: $0.044290 (+20.3%, 1.5R, sell 40%)
       TP2: $0.051751 (+40.5%, 3.0R, sell 35%)
       TP3: $0.061698 (+67.5%, 5.0R, sell 25%)

  [25] BRETT       score= 132.6  ST=5/6  price=$0.006774      24h= +2.69%  vol=$  3.6M
       TF:  1D= 90  12H=142  6H=181  4H=121  2H=148  1H=109
       Bonuses: RS vs BTC 7d +22.9%  (+5 pts)
       Entry: $0.006774  |  Stop: $0.005758 (-15.00%)  |  Risk: $1500 (1.50% acct)
       Position: $10000 (10.00% acct, qty 1476232.6543)
       TP1: $0.008298 (+22.5%, 1.5R, sell 40%)
       TP2: $0.009822 (+45.0%, 3.0R, sell 35%)
       TP3: $0.011855 (+75.0%, 5.0R, sell 25%)

  [26] ORCA        score= 131.2  ST=6/6  price=$1.230700      24h= +1.04%  vol=$  4.9M
       TF:  1D=117  12H=118  6H=117  4H=142  2H=142  1H=139
       Bonuses: RS vs BTC 7d +22.6%  (+5 pts)
       Entry: $1.230700  |  Stop: $1.066311 (-13.36%)  |  Risk: $1500 (1.50% acct)
       Position: $11230 (11.23% acct, qty 9124.6823)
       TP1: $1.477284 (+20.0%, 1.5R, sell 40%)
       TP2: $1.723868 (+40.1%, 3.0R, sell 35%)
       TP3: $2.052646 (+66.8%, 5.0R, sell 25%)

  [27] BANANAS31   score= 131.2  ST=5/6  price=$0.011286      24h= -0.72%  vol=$  2.4M
       TF:  1D=103  12H=130  6H=153  4H=149  2H=106  1H= 83
       Bonuses: RSI div 1D (bullish) | RS vs BTC 7d +5.9%  (+10 pts)
       Entry: $0.011286  |  Stop: $0.009593 (-15.00%)  |  Risk: $1500 (1.50% acct)
       Position: $10000 (10.00% acct, qty 886053.5176)
       TP1: $0.013825 (+22.5%, 1.5R, sell 40%)
       TP2: $0.016365 (+45.0%, 3.0R, sell 35%)
       TP3: $0.019751 (+75.0%, 5.0R, sell 25%)

  [28] JTO         score= 130.4  ST=5/6  price=$0.698900      24h= -3.53%  vol=$ 23.0M
       TF:  1D=161  12H=137  6H=111  4H=107  2H= 75  1H= 92
       Bonuses: 1H pre-pump (obv_stealth_accum) | RS vs BTC 7d +17.6%  (+7 pts)
       Entry: $0.698900  |  Stop: $0.594065 (-15.00%)  |  Risk: $1500 (1.50% acct)
       Position: $10000 (10.00% acct, qty 14308.1986)
       TP1: $0.856152 (+22.5%, 1.5R, sell 40%)
       TP2: $1.013405 (+45.0%, 3.0R, sell 35%)
       TP3: $1.223075 (+75.0%, 5.0R, sell 25%)

--------------------------------------------------------------------------------
  LONG  —  50 coin(s)  (tradeable trend)
--------------------------------------------------------------------------------

  [ 1] KAITO       score= 134.1  ST=3/6  price=$0.466200      24h= +2.90%  vol=$  1.5M
       TF:  1D=100  12H=135  6H=154  4H=106  2H=117  1H=111
       Bonuses: RSI div 1D (bullish) | 1H pre-pump (obv_stealth_accum) | RS vs BTC 7d +3.6% | funding -0.0101%/8h  (+15 pts)
       Entry: $0.466200  |  Stop: $0.413046 (-11.40%)  |  Risk: $1500 (1.50% acct)
       Position: $13156 (13.16% acct, qty 28220.1169)
       TP1: $0.545930 (+17.1%, 1.5R, sell 40%)
       TP2: $0.625661 (+34.2%, 3.0R, sell 35%)
       TP3: $0.731968 (+57.0%, 5.0R, sell 25%)

  [ 2] XAN         score= 129.9  ST=5/6  price=$0.010610      24h= +8.24%  vol=$  1.4M
       TF:  1D=100  12H=126  6H=154  4H=155  2H=133  1H= 74
       Bonuses: 1H pre-pump (obv_stealth_accum) | RS vs BTC 7d +36.1%  (+7 pts)
       Entry: $0.010610  |  Stop: $0.009223 (-13.07%)  |  Risk: $1500 (1.50% acct)
       Position: $11477 (11.48% acct, qty 1081749.3432)
       TP1: $0.012690 (+19.6%, 1.5R, sell 40%)
       TP2: $0.014770 (+39.2%, 3.0R, sell 35%)
       TP3: $0.017543 (+65.3%, 5.0R, sell 25%)

  [ 3] RED         score= 129.8  ST=5/6  price=$0.107230      24h= +4.17%  vol=$  2.5M
       TF:  1D= 91  12H=126  6H=133  4H=147  2H=170  1H=117
       Bonuses: RS vs BTC 7d +12.4%  (+5 pts)
       Entry: $0.107230  |  Stop: $0.095394 (-11.04%)  |  Risk: $1500 (1.50% acct)
       Position: $13589 (13.59% acct, qty 126731.2392)
       TP1: $0.124984 (+16.6%, 1.5R, sell 40%)
       TP2: $0.142738 (+33.1%, 3.0R, sell 35%)
       TP3: $0.166410 (+55.2%, 5.0R, sell 25%)

  [ 4] AERO        score= 129.1  ST=4/6  price=$0.439600      24h= -5.86%  vol=$ 20.2M
       TF:  1D=124  12H=125  6H=161  4H=140  2H= 77  1H=100
       Bonuses: RS vs BTC 7d +27.9%  (+5 pts)
       Entry: $0.439600  |  Stop: $0.382279 (-13.04%)  |  Risk: $1500 (1.50% acct)
       Position: $11504 (11.50% acct, qty 26168.2243)
       TP1: $0.525582 (+19.6%, 1.5R, sell 40%)
       TP2: $0.611564 (+39.1%, 3.0R, sell 35%)
       TP3: $0.726207 (+65.2%, 5.0R, sell 25%)

  [ 5] XPL         score= 128.3  ST=6/6  price=$0.112590      24h=-12.36%  vol=$137.1M
       TF:  1D=119  12H=143  6H=135  4H=152  2H= 98  1H= 66
       Bonuses: RS vs BTC 7d +79.2%  (+5 pts)
       Entry: $0.112590  |  Stop: $0.095701 (-15.00%)  |  Risk: $1500 (1.50% acct)
       Position: $10000 (10.00% acct, qty 88817.8346)
       TP1: $0.137923 (+22.5%, 1.5R, sell 40%)
       TP2: $0.163255 (+45.0%, 3.0R, sell 35%)
       TP3: $0.197032 (+75.0%, 5.0R, sell 25%)

  [ 6] EVAA        score= 128.3  ST=5/6  price=$0.612400      24h= +7.63%  vol=$  4.4M
       TF:  1D=143  12H=151  6H=113  4H= 89  2H= 69  1H= 95
       Bonuses: RSI div 1D (bullish) | RS vs BTC 7d +60.8%  (+10 pts)
       Entry: $0.612400  |  Stop: $0.520540 (-15.00%)  |  Risk: $1500 (1.50% acct)
       Position: $10000 (10.00% acct, qty 16329.1966)
       TP1: $0.750190 (+22.5%, 1.5R, sell 40%)
       TP2: $0.887980 (+45.0%, 3.0R, sell 35%)
       TP3: $1.071700 (+75.0%, 5.0R, sell 25%)

  [ 7] MITO        score= 128.0  ST=6/6  price=$0.028880      24h=+16.20%  vol=$ 11.6M
       TF:  1D=128  12H=107  6H=122  4H=150  2H=101  1H=108
       Bonuses: 1H pre-pump (obv_divergence) | RS vs BTC 7d +48.3%  (+7 pts)
       Entry: $0.028880  |  Stop: $0.024548 (-15.00%)  |  Risk: $1500 (1.50% acct)
       Position: $10000 (10.00% acct, qty 346260.3878)
       TP1: $0.035378 (+22.5%, 1.5R, sell 40%)
       TP2: $0.041876 (+45.0%, 3.0R, sell 35%)
       TP3: $0.050540 (+75.0%, 5.0R, sell 25%)

  [ 8] WLD         score= 126.0  ST=5/6  price=$0.658000      24h= -4.97%  vol=$156.8M
       TF:  1D=161  12H=137  6H=125  4H=113  2H= 52  1H= 36
       Bonuses: RSI div 1D (hidden_bullish) | RS vs BTC 7d +41.2%  (+8 pts)
       Entry: $0.658000  |  Stop: $0.559300 (-15.00%)  |  Risk: $1500 (1.50% acct)
       Position: $10000 (10.00% acct, qty 15197.5684)
       TP1: $0.806050 (+22.5%, 1.5R, sell 40%)
       TP2: $0.954100 (+45.0%, 3.0R, sell 35%)
       TP3: $1.151500 (+75.0%, 5.0R, sell 25%)

  [ 9] BR          score= 125.8  ST=5/6  price=$0.190260      24h=-13.81%  vol=$  5.8M
       TF:  1D=154  12H=140  6H=129  4H=102  2H= 49  1H= 42
       Bonuses: RSI div 1D (bullish) | RS vs BTC 7d +50.6%  (+10 pts)
       Entry: $0.190260  |  Stop: $0.161721 (-15.00%)  |  Risk: $1500 (1.50% acct)
       Position: $10000 (10.00% acct, qty 52559.6552)
       TP1: $0.233069 (+22.5%, 1.5R, sell 40%)
       TP2: $0.275877 (+45.0%, 3.0R, sell 35%)
       TP3: $0.332955 (+75.0%, 5.0R, sell 25%)

  [10] MAGMA       score= 125.4  ST=4/6  price=$0.500490      24h=-16.71%  vol=$  9.0M
       TF:  1D=161  12H=114  6H=133  4H=141  2H= 97  1H= 18
       Bonuses: RSI div 1D (hidden_bullish)  (+3 pts)
       Entry: $0.500490  |  Stop: $0.425416 (-15.00%)  |  Risk: $1500 (1.50% acct)
       Position: $10000 (10.00% acct, qty 19980.4192)
       TP1: $0.613100 (+22.5%, 1.5R, sell 40%)
       TP2: $0.725711 (+45.0%, 3.0R, sell 35%)
       TP3: $0.875857 (+75.0%, 5.0R, sell 25%)

  [11] BASED       score= 125.2  ST=5/6  price=$0.077880      24h= -0.29%  vol=$  2.2M
       TF:  1D= 75  12H=144  6H=126  4H=149  2H=126  1H=140
       Bonuses: RS vs BTC 7d +19.1%  (+5 pts)
       Entry: $0.077880  |  Stop: $0.066198 (-15.00%)  |  Risk: $1500 (1.50% acct)
       Position: $10000 (10.00% acct, qty 128402.6708)
       TP1: $0.095403 (+22.5%, 1.5R, sell 40%)
       TP2: $0.112926 (+45.0%, 3.0R, sell 35%)
       TP3: $0.136290 (+75.0%, 5.0R, sell 25%)

  [12] CFG         score= 124.5  ST=5/6  price=$0.236600      24h= -5.27%  vol=$  1.7M
       TF:  1D= 82  12H=119  6H=135  4H=172  2H=144  1H= 94
       Bonuses: RS vs BTC 7d +15.1%  (+5 pts)
       Entry: $0.236600  |  Stop: $0.204189 (-13.70%)  |  Risk: $1500 (1.50% acct)
       Position: $10950 (10.95% acct, qty 46280.9917)
       TP1: $0.285216 (+20.6%, 1.5R, sell 40%)
       TP2: $0.333832 (+41.1%, 3.0R, sell 35%)
       TP3: $0.398654 (+68.5%, 5.0R, sell 25%)

  [13] PORTAL      score= 123.9  ST=5/6  price=$0.013997      24h=+11.43%  vol=$ 13.9M
       TF:  1D= 68  12H=124  6H=124  4H=158  2H=147  1H=171
       Bonuses: funding -0.5075%/8h  (+3 pts)
       Entry: $0.013997  |  Stop: $0.011897 (-15.00%)  |  Risk: $1500 (1.50% acct)
       Position: $10000 (10.00% acct, qty 714438.8083)
       TP1: $0.017146 (+22.5%, 1.5R, sell 40%)
       TP2: $0.020296 (+45.0%, 3.0R, sell 35%)
       TP3: $0.024495 (+75.0%, 5.0R, sell 25%)

  [14] BLESS       score= 123.5  ST=4/6  price=$0.007785      24h= -9.74%  vol=$  6.1M
       TF:  1D=150  12H=117  6H=141  4H=114  2H= 53  1H= 35
       Bonuses: RSI div 1D (hidden_bullish) | 1H pre-pump (obv_divergence) | RS vs BTC 7d +36.8%  (+10 pts)
       Entry: $0.007785  |  Stop: $0.006617 (-15.00%)  |  Risk: $1500 (1.50% acct)
       Position: $10000 (10.00% acct, qty 1284521.5157)
       TP1: $0.009537 (+22.5%, 1.5R, sell 40%)
       TP2: $0.011288 (+45.0%, 3.0R, sell 35%)
       TP3: $0.013624 (+75.0%, 5.0R, sell 25%)

  [15] HYPE        score= 123.1  ST=4/6  price=$71.106000     24h= -1.38%  vol=$847.3M
       TF:  1D=126  12H=136  6H=124  4H=125  2H= 69  1H= 80
       Bonuses: 1H pre-pump (obv_stealth_accum) | RS vs BTC 7d +28.6%  (+7 pts)
       Entry: $71.106000  |  Stop: $60.984321 (-14.23%)  |  Risk: $1500 (1.50% acct)
       Position: $10538 (10.54% acct, qty 148.1968)
       TP1: $86.288518 (+21.4%, 1.5R, sell 40%)
       TP2: $101.471036 (+42.7%, 3.0R, sell 35%)
       TP3: $121.714393 (+71.2%, 5.0R, sell 25%)

  [16] MORPHO      score= 121.6  ST=5/6  price=$1.982600      24h= -0.43%  vol=$  1.5M
       TF:  1D=117  12H=101  6H=113  4H=145  2H=139  1H=103
       Bonuses: funding -0.0247%/8h  (+3 pts)
       Entry: $1.982600  |  Stop: $1.752189 (-11.62%)  |  Risk: $1500 (1.50% acct)
       Position: $12907 (12.91% acct, qty 6510.1139)
       TP1: $2.328216 (+17.4%, 1.5R, sell 40%)
       TP2: $2.673832 (+34.9%, 3.0R, sell 35%)
       TP3: $3.134654 (+58.1%, 5.0R, sell 25%)

  [17] ALGO        score= 121.4  ST=5/6  price=$0.099070      24h= +5.45%  vol=$  9.8M
       TF:  1D= 62  12H=109  6H=130  4H=169  2H=156  1H=137
       Bonuses: RS vs BTC 7d +9.7%  (+5 pts)
       Entry: $0.099070  |  Stop: $0.089866 (-9.29%)  |  Risk: $1500 (1.50% acct)
       Position: $16146 (16.15% acct, qty 162980.2095)
       TP1: $0.112875 (+13.9%, 1.5R, sell 40%)
       TP2: $0.126681 (+27.9%, 3.0R, sell 35%)
       TP3: $0.145088 (+46.5%, 5.0R, sell 25%)

  [18] ROBO        score= 121.4  ST=4/6  price=$0.020870      24h= +1.98%  vol=$  1.2M
       TF:  1D=102  12H=119  6H= 85  4H=137  2H=159  1H= 67
       Bonuses: 1H pre-pump (bb_squeeze) | RS vs BTC 7d +1.3% | funding -0.0196%/8h  (+10 pts)
       Entry: $0.020870  |  Stop: $0.017739 (-15.00%)  |  Risk: $1500 (1.50% acct)
       Position: $10000 (10.00% acct, qty 479156.6842)
       TP1: $0.025566 (+22.5%, 1.5R, sell 40%)
       TP2: $0.030262 (+45.0%, 3.0R, sell 35%)
       TP3: $0.036522 (+75.0%, 5.0R, sell 25%)

  [19] KERNEL      score= 121.3  ST=4/6  price=$0.051390      24h= +5.75%  vol=$  1.2M
       TF:  1D= 85  12H= 85  6H=136  4H=160  2H=135  1H=149
       Bonuses: RS vs BTC 7d +7.0%  (+5 pts)
       Entry: $0.051390  |  Stop: $0.046120 (-10.26%)  |  Risk: $1500 (1.50% acct)
       Position: $14626 (14.63% acct, qty 284610.6932)
       TP1: $0.059296 (+15.4%, 1.5R, sell 40%)
       TP2: $0.067201 (+30.8%, 3.0R, sell 35%)
       TP3: $0.077742 (+51.3%, 5.0R, sell 25%)

  [20] SQD         score= 121.0  ST=4/6  price=$0.046230      24h=-10.51%  vol=$  4.4M
       TF:  1D=128  12H=138  6H=121  4H=109  2H= 35  1H= 49
       Bonuses: RSI div 1D (bullish) | 1H pre-pump (obv_divergence, obv_stealth_accum) | RS vs BTC 7d +23.5%  (+14 pts)
       Entry: $0.046230  |  Stop: $0.039295 (-15.00%)  |  Risk: $1500 (1.50% acct)
       Position: $10000 (10.00% acct, qty 216309.7556)
       TP1: $0.056632 (+22.5%, 1.5R, sell 40%)
       TP2: $0.067033 (+45.0%, 3.0R, sell 35%)
       TP3: $0.080903 (+75.0%, 5.0R, sell 25%)

  [21] BEL         score= 120.9  ST=5/6  price=$0.093560      24h= +3.49%  vol=$  1.2M
       TF:  1D= 93  12H=104  6H=133  4H=131  2H=136  1H=111
       Bonuses: 1H pre-pump (obv_stealth_accum) | RS vs BTC 7d +11.8%  (+7 pts)
       Entry: $0.093560  |  Stop: $0.083397 (-10.86%)  |  Risk: $1500 (1.50% acct)
       Position: $13810 (13.81% acct, qty 147601.4760)
       TP1: $0.108804 (+16.3%, 1.5R, sell 40%)
       TP2: $0.124048 (+32.6%, 3.0R, sell 35%)
       TP3: $0.144372 (+54.3%, 5.0R, sell 25%)

  [22] USELESS     score= 120.6  ST=3/6  price=$0.074150      24h= -0.23%  vol=$  6.7M
       TF:  1D= 74  12H=114  6H=143  4H=151  2H=105  1H=114
       Bonuses: 1H pre-pump (obv_divergence, obv_stealth_accum) | RS vs BTC 7d +25.1%  (+9 pts)
       Entry: $0.074150  |  Stop: $0.063028 (-15.00%)  |  Risk: $1500 (1.50% acct)
       Position: $10000 (10.00% acct, qty 134861.7667)
       TP1: $0.090834 (+22.5%, 1.5R, sell 40%)
       TP2: $0.107518 (+45.0%, 3.0R, sell 35%)
       TP3: $0.129763 (+75.0%, 5.0R, sell 25%)

  [23] UAI         score= 119.9  ST=3/6  price=$0.302330      24h=+13.01%  vol=$  1.8M
       TF:  1D=148  12H=132  6H= 92  4H= 81  2H= 93  1H=129
       Bonuses: 1H pre-pump (bb_squeeze)  (+2 pts)
       Entry: $0.302330  |  Stop: $0.256981 (-15.00%)  |  Risk: $1500 (1.50% acct)
       Position: $10000 (10.00% acct, qty 33076.4397)
       TP1: $0.370354 (+22.5%, 1.5R, sell 40%)
       TP2: $0.438379 (+45.0%, 3.0R, sell 35%)
       TP3: $0.529077 (+75.0%, 5.0R, sell 25%)

  [24] ALT         score= 119.7  ST=3/6  price=$0.006651      24h= -1.03%  vol=$  1.3M
       TF:  1D= 87  12H=100  6H=135  4H=138  2H=132  1H=115
       Bonuses: 1H pre-pump (obv_stealth_accum) | RS vs BTC 7d +4.2%  (+7 pts)
       Entry: $0.006651  |  Stop: $0.005791 (-12.92%)  |  Risk: $1500 (1.50% acct)
       Position: $11607 (11.61% acct, qty 1745200.6981)
       TP1: $0.007940 (+19.4%, 1.5R, sell 40%)
       TP2: $0.009229 (+38.8%, 3.0R, sell 35%)
       TP3: $0.010948 (+64.6%, 5.0R, sell 25%)

  [25] PIEVERSE    score= 119.6  ST=5/6  price=$0.730200      24h= -0.28%  vol=$  2.4M
       TF:  1D= 65  12H=114  6H=128  4H=139  2H=164  1H=139
       Bonuses: RS vs BTC 7d +20.5%  (+5 pts)
       Entry: $0.730200  |  Stop: $0.620670 (-15.00%)  |  Risk: $1500 (1.50% acct)
       Position: $10000 (10.00% acct, qty 13694.8781)
       TP1: $0.894495 (+22.5%, 1.5R, sell 40%)
       TP2: $1.058790 (+45.0%, 3.0R, sell 35%)
       TP3: $1.277850 (+75.0%, 5.0R, sell 25%)

  [26] ID          score= 119.3  ST=5/6  price=$0.031120      24h= -6.79%  vol=$ 11.5M
       TF:  1D=114  12H=133  6H=107  4H=138  2H= 93  1H= 49
       Bonuses: RS vs BTC 7d +13.7% | funding -0.2788%/8h  (+8 pts)
       Entry: $0.031120  |  Stop: $0.026452 (-15.00%)  |  Risk: $1500 (1.50% acct)
       Position: $10000 (10.00% acct, qty 321336.7609)
       TP1: $0.038122 (+22.5%, 1.5R, sell 40%)
       TP2: $0.045124 (+45.0%, 3.0R, sell 35%)
       TP3: $0.054460 (+75.0%, 5.0R, sell 25%)

  [27] ZBT         score= 118.8  ST=4/6  price=$0.127460      24h= +0.69%  vol=$  3.3M
       TF:  1D= 62  12H= 92  6H=159  4H=130  2H=130  1H=141
       Bonuses: RSI div 1D (bullish) | RS vs BTC 7d +18.7%  (+10 pts)
       Entry: $0.127460  |  Stop: $0.108341 (-15.00%)  |  Risk: $1500 (1.50% acct)
       Position: $10000 (10.00% acct, qty 78455.9862)
       TP1: $0.156139 (+22.5%, 1.5R, sell 40%)
       TP2: $0.184817 (+45.0%, 3.0R, sell 35%)
       TP3: $0.223055 (+75.0%, 5.0R, sell 25%)

  [28] PLUME       score= 118.6  ST=4/6  price=$0.011223      24h= +2.59%  vol=$  3.0M
       TF:  1D= 79  12H=108  6H=132  4H=142  2H=141  1H=119
       Bonuses: RS vs BTC 7d +6.9%  (+5 pts)
       Entry: $0.011223  |  Stop: $0.009663 (-13.90%)  |  Risk: $1500 (1.50% acct)
       Position: $10791 (10.79% acct, qty 961538.4615)
       TP1: $0.013563 (+20.9%, 1.5R, sell 40%)
       TP2: $0.015903 (+41.7%, 3.0R, sell 35%)
       TP3: $0.019023 (+69.5%, 5.0R, sell 25%)

  [29] MEME        score= 116.4  ST=4/6  price=$0.000592      24h= -2.22%  vol=$  2.4M
       TF:  1D=159  12H=101  6H= 86  4H= 79  2H= 55  1H= 83
       Bonuses: RSI div 1D (hidden_bullish) | 1H pre-pump (bb_squeeze, obv_divergence) | RS vs BTC 7d +6.1%  (+12 pts)
       Entry: $0.000592  |  Stop: $0.000503 (-15.00%)  |  Risk: $1500 (1.50% acct)
       Position: $10000 (10.00% acct, qty 16883336.1472)
       TP1: $0.000726 (+22.5%, 1.5R, sell 40%)
       TP2: $0.000859 (+45.0%, 3.0R, sell 35%)
       TP3: $0.001037 (+75.0%, 5.0R, sell 25%)

  [30] ASTER       score= 116.1  ST=4/6  price=$0.716700      24h= -9.90%  vol=$ 91.8M
       TF:  1D=143  12H=120  6H=133  4H= 99  2H= 64  1H= 46
       Bonuses: RS vs BTC 7d +10.9%  (+5 pts)
       Entry: $0.716700  |  Stop: $0.656625 (-8.38%)  |  Risk: $1500 (1.50% acct)
       Position: $17895 (17.90% acct, qty 24968.7890)
       TP1: $0.806813 (+12.6%, 1.5R, sell 40%)
       TP2: $0.896925 (+25.1%, 3.0R, sell 35%)
       TP3: $1.017075 (+41.9%, 5.0R, sell 25%)

  [31] TIA         score= 115.8  ST=6/6  price=$0.391700      24h= -1.90%  vol=$ 11.8M
       TF:  1D=121  12H=108  6H=152  4H=119  2H= 66  1H= 67
       Bonuses: RS vs BTC 7d +22.3%  (+5 pts)
       Entry: $0.391700  |  Stop: $0.342393 (-12.59%)  |  Risk: $1500 (1.50% acct)
       Position: $11916 (11.92% acct, qty 30421.5558)
       TP1: $0.465661 (+18.9%, 1.5R, sell 40%)
       TP2: $0.539621 (+37.8%, 3.0R, sell 35%)
       TP3: $0.638236 (+62.9%, 5.0R, sell 25%)

  [32] APE         score= 114.9  ST=4/6  price=$0.132140      24h= +2.39%  vol=$  3.4M
       TF:  1D= 48  12H=101  6H=142  4H=141  2H=150  1H=138
       Bonuses: 1H pre-pump (obv_stealth_accum) | RS vs BTC 7d +8.3%  (+7 pts)
       Entry: $0.132140  |  Stop: $0.116286 (-12.00%)  |  Risk: $1500 (1.50% acct)
       Position: $12502 (12.50% acct, qty 94613.7731)
       TP1: $0.155921 (+18.0%, 1.5R, sell 40%)
       TP2: $0.179702 (+36.0%, 3.0R, sell 35%)
       TP3: $0.211410 (+60.0%, 5.0R, sell 25%)

  [33] B3          score= 114.7  ST=4/6  price=$0.000643      24h= +4.45%  vol=$  3.0M
       TF:  1D= 71  12H= 87  6H=158  4H=119  2H=128  1H=105
       Bonuses: RSI div 1D (bullish) | RS vs BTC 7d +6.7%  (+10 pts)
       Entry: $0.000643  |  Stop: $0.000546 (-15.00%)  |  Risk: $1500 (1.50% acct)
       Position: $10000 (10.00% acct, qty 15556938.3945)
       TP1: $0.000787 (+22.5%, 1.5R, sell 40%)
       TP2: $0.000932 (+45.0%, 3.0R, sell 35%)
       TP3: $0.001125 (+75.0%, 5.0R, sell 25%)

  [34] ESPORTS     score= 113.9  ST=3/6  price=$0.185580      24h=-17.65%  vol=$238.0M
       TF:  1D=119  12H=128  6H=102  4H=127  2H=106  1H= 59
       Bonuses: RS vs BTC 7d +94.2%  (+2 pts)
       Entry: $0.185580  |  Stop: $0.157743 (-15.00%)  |  Risk: $1500 (1.50% acct)
       Position: $10000 (10.00% acct, qty 53885.1169)
       TP1: $0.227335 (+22.5%, 1.5R, sell 40%)
       TP2: $0.269091 (+45.0%, 3.0R, sell 35%)
       TP3: $0.324765 (+75.0%, 5.0R, sell 25%)

  [35] UNI         score= 113.7  ST=4/6  price=$3.224000      24h= -5.83%  vol=$ 61.8M
       TF:  1D=101  12H=114  6H=137  4H=123  2H= 55  1H= 50
       Bonuses: RSI div 1D (bullish) | 1H pre-pump (obv_stealth_accum) | RS vs BTC 7d +29.8%  (+12 pts)
       Entry: $3.224000  |  Stop: $2.881679 (-10.62%)  |  Risk: $1500 (1.50% acct)
       Position: $14127 (14.13% acct, qty 4381.8466)
       TP1: $3.737482 (+15.9%, 1.5R, sell 40%)
       TP2: $4.250964 (+31.9%, 3.0R, sell 35%)
       TP3: $4.935607 (+53.1%, 5.0R, sell 25%)

  [36] EIGEN       score= 113.5  ST=4/6  price=$0.202300      24h= +0.10%  vol=$  6.0M
       TF:  1D=108  12H=136  6H=114  4H= 84  2H= 61  1H=120
       Bonuses: 1H pre-pump (obv_stealth_accum) | RS vs BTC 7d +13.4%  (+7 pts)
       Entry: $0.202300  |  Stop: $0.171955 (-15.00%)  |  Risk: $1500 (1.50% acct)
       Position: $10000 (10.00% acct, qty 49431.5373)
       TP1: $0.247817 (+22.5%, 1.5R, sell 40%)
       TP2: $0.293335 (+45.0%, 3.0R, sell 35%)
       TP3: $0.354025 (+75.0%, 5.0R, sell 25%)

  [37] ZK          score= 113.1  ST=4/6  price=$0.011580      24h= +2.13%  vol=$  4.0M
       TF:  1D= 75  12H= 85  6H=117  4H=134  2H=133  1H=135
       Bonuses: RS vs BTC 7d +7.8% | funding -0.0276%/8h  (+8 pts)
       Entry: $0.011580  |  Stop: $0.010037 (-13.32%)  |  Risk: $1500 (1.50% acct)
       Position: $11258 (11.26% acct, qty 972222.2222)
       TP1: $0.013894 (+20.0%, 1.5R, sell 40%)
       TP2: $0.016209 (+40.0%, 3.0R, sell 35%)
       TP3: $0.019294 (+66.6%, 5.0R, sell 25%)

  [38] SPX         score= 112.6  ST=4/6  price=$0.427000      24h=-10.75%  vol=$ 21.8M
       TF:  1D=140  12H=124  6H=137  4H=102  2H= 43  1H= 26
       Bonuses: RS vs BTC 7d +36.2%  (+5 pts)
       Entry: $0.427000  |  Stop: $0.370182 (-13.31%)  |  Risk: $1500 (1.50% acct)
       Position: $11273 (11.27% acct, qty 26400.1509)
       TP1: $0.512227 (+20.0%, 1.5R, sell 40%)
       TP2: $0.597454 (+39.9%, 3.0R, sell 35%)
       TP3: $0.711089 (+66.5%, 5.0R, sell 25%)

  [39] GPS         score= 112.3  ST=4/6  price=$0.008974      24h= -2.06%  vol=$  1.9M
       TF:  1D=142  12H=131  6H=125  4H= 85  2H= 26  1H= 37
       Bonuses: RSI div 1D (hidden_bullish) | RS vs BTC 7d +21.1%  (+8 pts)
       Entry: $0.008974  |  Stop: $0.007755 (-13.58%)  |  Risk: $1500 (1.50% acct)
       Position: $11043 (11.04% acct, qty 1230552.8698)
       TP1: $0.010802 (+20.4%, 1.5R, sell 40%)
       TP2: $0.012631 (+40.8%, 3.0R, sell 35%)
       TP3: $0.015069 (+67.9%, 5.0R, sell 25%)

  [40] GUN         score= 111.8  ST=4/6  price=$0.006045      24h=+13.19%  vol=$  2.8M
       TF:  1D= 77  12H= 87  6H=111  4H=136  2H=160  1H=136
       Bonuses: funding -1.0238%/8h  (+3 pts)
       Entry: $0.006045  |  Stop: $0.005138 (-15.00%)  |  Risk: $1500 (1.50% acct)
       Position: $10000 (10.00% acct, qty 1654259.7188)
       TP1: $0.007405 (+22.5%, 1.5R, sell 40%)
       TP2: $0.008765 (+45.0%, 3.0R, sell 35%)
       TP3: $0.010579 (+75.0%, 5.0R, sell 25%)

  [41] WLFI        score= 111.0  ST=5/6  price=$0.062750      24h= -0.71%  vol=$  9.3M
       TF:  1D= 99  12H=115  6H=128  4H=138  2H= 89  1H= 47
       Bonuses: RS vs BTC 7d +1.8%  (+5 pts)
       Entry: $0.062750  |  Stop: $0.056386 (-10.14%)  |  Risk: $1500 (1.50% acct)
       Position: $14790 (14.79% acct, qty 235690.2357)
       TP1: $0.072296 (+15.2%, 1.5R, sell 40%)
       TP2: $0.081843 (+30.4%, 3.0R, sell 35%)
       TP3: $0.094571 (+50.7%, 5.0R, sell 25%)

  [42] PENDLE      score= 110.4  ST=5/6  price=$1.457600      24h= -2.40%  vol=$  8.4M
       TF:  1D= 82  12H=111  6H=150  4H=139  2H= 96  1H= 54
       Bonuses: RS vs BTC 7d +19.4%  (+5 pts)
       Entry: $1.457600  |  Stop: $1.299746 (-10.83%)  |  Risk: $1500 (1.50% acct)
       Position: $13851 (13.85% acct, qty 9502.4774)
       TP1: $1.694380 (+16.2%, 1.5R, sell 40%)
       TP2: $1.931161 (+32.5%, 3.0R, sell 35%)
       TP3: $2.246868 (+54.1%, 5.0R, sell 25%)

  [43] SIGN        score= 109.8  ST=4/6  price=$0.009534      24h= -0.31%  vol=$  2.6M
       TF:  1D= 69  12H=103  6H=131  4H=155  2H=115  1H= 82
       Bonuses: RS vs BTC 7d +10.2%  (+5 pts)
       Entry: $0.009534  |  Stop: $0.008541 (-10.42%)  |  Risk: $1500 (1.50% acct)
       Position: $14400 (14.40% acct, qty 1510411.0476)
       TP1: $0.011024 (+15.6%, 1.5R, sell 40%)
       TP2: $0.012513 (+31.2%, 3.0R, sell 35%)
       TP3: $0.014500 (+52.1%, 5.0R, sell 25%)

  [44] POWER       score= 109.2  ST=5/6  price=$0.075610      24h= +8.97%  vol=$  1.3M
       TF:  1D=101  12H=106  6H=118  4H= 89  2H=140  1H=149
       Entry: $0.075610  |  Stop: $0.064269 (-15.00%)  |  Risk: $1500 (1.50% acct)
       Position: $10000 (10.00% acct, qty 132257.6379)
       TP1: $0.092622 (+22.5%, 1.5R, sell 40%)
       TP2: $0.109634 (+45.0%, 3.0R, sell 35%)
       TP3: $0.132318 (+75.0%, 5.0R, sell 25%)

  [45] EDEN        score= 109.1  ST=4/6  price=$0.043180      24h= +1.59%  vol=$  2.1M
       TF:  1D= 82  12H= 85  6H= 97  4H=138  2H=131  1H=132
       Bonuses: RS vs BTC 7d +7.4%  (+5 pts)
       Entry: $0.043180  |  Stop: $0.036703 (-15.00%)  |  Risk: $1500 (1.50% acct)
       Position: $10000 (10.00% acct, qty 231588.6985)
       TP1: $0.052895 (+22.5%, 1.5R, sell 40%)
       TP2: $0.062611 (+45.0%, 3.0R, sell 35%)
       TP3: $0.075565 (+75.0%, 5.0R, sell 25%)

  [46] CFX         score= 109.0  ST=4/6  price=$0.051370      24h= -2.87%  vol=$  1.6M
       TF:  1D= 79  12H=108  6H=145  4H=138  2H=101  1H= 57
       Bonuses: RS vs BTC 7d +13.7%  (+5 pts)
       Entry: $0.051370  |  Stop: $0.046692 (-9.11%)  |  Risk: $1500 (1.50% acct)
       Position: $16472 (16.47% acct, qty 320659.6427)
       TP1: $0.058387 (+13.7%, 1.5R, sell 40%)
       TP2: $0.065404 (+27.3%, 3.0R, sell 35%)
       TP3: $0.074759 (+45.5%, 5.0R, sell 25%)

  [47] TRIA        score= 108.2  ST=5/6  price=$0.030837      24h= -5.62%  vol=$  2.4M
       TF:  1D= 75  12H=107  6H=120  4H=139  2H= 88  1H= 64
       Bonuses: RSI div 1D (bullish) | RS vs BTC 7d +18.6%  (+10 pts)
       Entry: $0.030837  |  Stop: $0.026211 (-15.00%)  |  Risk: $1500 (1.50% acct)
       Position: $10000 (10.00% acct, qty 324285.7606)
       TP1: $0.037775 (+22.5%, 1.5R, sell 40%)
       TP2: $0.044714 (+45.0%, 3.0R, sell 35%)
       TP3: $0.053965 (+75.0%, 5.0R, sell 25%)

  [48] ENA         score= 107.7  ST=4/6  price=$0.095020      24h= +0.79%  vol=$110.8M
       TF:  1D= 61  12H= 85  6H=138  4H=126  2H=159  1H= 99
       Bonuses: RS vs BTC 7d +27.3%  (+5 pts)
       Entry: $0.095020  |  Stop: $0.080767 (-15.00%)  |  Risk: $1500 (1.50% acct)
       Position: $10000 (10.00% acct, qty 105241.0019)
       TP1: $0.116400 (+22.5%, 1.5R, sell 40%)
       TP2: $0.137779 (+45.0%, 3.0R, sell 35%)
       TP3: $0.166285 (+75.0%, 5.0R, sell 25%)

  [49] CHIP        score= 105.5  ST=4/6  price=$0.034060      24h= +3.75%  vol=$  5.0M
       TF:  1D= 62  12H=108  6H=105  4H=122  2H=120  1H=111
       Bonuses: 1H pre-pump (obv_divergence) | RS vs BTC 7d +7.2%  (+7 pts)
       Entry: $0.034060  |  Stop: $0.028951 (-15.00%)  |  Risk: $1500 (1.50% acct)
       Position: $10000 (10.00% acct, qty 293599.5302)
       TP1: $0.041723 (+22.5%, 1.5R, sell 40%)
       TP2: $0.049387 (+45.0%, 3.0R, sell 35%)
       TP3: $0.059605 (+75.0%, 5.0R, sell 25%)

  [50] COAI        score= 105.5  ST=3/6  price=$0.345600      24h= -5.32%  vol=$  2.9M
       TF:  1D=123  12H= 79  6H= 96  4H= 81  2H= 84  1H= 86
       Bonuses: RSI div 1D (hidden_bullish) | 1H pre-pump (bb_squeeze) | RS vs BTC 7d +46.1%  (+10 pts)
       Entry: $0.345600  |  Stop: $0.293760 (-15.00%)  |  Risk: $1500 (1.50% acct)
       Position: $10000 (10.00% acct, qty 28935.1852)
       TP1: $0.423360 (+22.5%, 1.5R, sell 40%)
       TP2: $0.501120 (+45.0%, 3.0R, sell 35%)
       TP3: $0.604800 (+75.0%, 5.0R, sell 25%)

--------------------------------------------------------------------------------
  WATCH  —  50 coin(s)  (worth tracking)
--------------------------------------------------------------------------------
  #   Symbol      Score  ST         Price    24h%   Vol $M  TF breakdown
  ------------------------------------------------------------------------------
    1 SENT        101.2  2/6  $   0.017343  -7.34%  $    3.3  1D=148  12H=148  6H= 66  4H= 72  2H= 25  1H= 15
    2 1000FLOKI   100.6  2/6  $   0.025950  +1.45%  $    4.3  1D= 96  12H= 83  6H=125  4H= 89  2H= 54  1H= 95
    3 SEI          99.0  4/6  $   0.055040  -1.40%  $    8.5  1D= 79  12H=105  6H=125  4H=105  2H= 74  1H= 45
    4 1000TAG      98.3  1/6  $   1.246500 -19.70%  $    1.2  1D=109  12H=118  6H=100  4H= 73  2H= 40  1H= 34
    5 ARKM         98.2  4/6  $   0.130320  -2.82%  $    4.4  1D= 95  12H=136  6H= 98  4H= 73  2H= 48  1H= 80
    6 HYPER        98.0  3/6  $   0.080100  -2.71%  $    1.4  1D= 77  12H= 80  6H=159  4H=109  2H= 83  1H= 53
    7 JUP          97.7  3/6  $   0.189520  -3.24%  $    7.8  1D= 96  12H=118  6H=104  4H= 79  2H= 57  1H= 59
    8 GRASS        97.4  2/6  $   0.436140 -17.53%  $    6.6  1D=123  12H=129  6H= 83  4H= 69  2H= 32  1H= 25
    9 VELVET       97.0  2/6  $   0.340730  +8.30%  $    9.5  1D= 90  12H= 82  6H= 54  4H= 98  2H=114  1H=119
   10 WIF          96.9  2/6  $   0.167140  -0.19%  $   19.6  1D= 85  12H= 77  6H=130  4H=101  2H= 48  1H= 83
   11 WHITEWHALE   96.8  3/6  $   0.003628  +2.50%  $    1.3  1D= 78  12H=111  6H= 83  4H=115  2H=127  1H= 78
   12 ROAM         96.2  4/6  $   0.008757  -9.60%  $    1.5  1D=101  12H=135  6H= 81  4H= 55  2H= 30  1H= 69
   13 ENS          95.5  4/6  $   5.330000  -1.14%  $    1.9  1D= 92  12H= 94  6H=125  4H= 70  2H= 82  1H= 68
   14 AKT          94.9  3/6  $   0.749400 -13.98%  $    4.8  1D=146  12H=122  6H= 57  4H= 43  2H= 32  1H= 58
   15 LIT          94.4  4/6  $   1.720700  -9.16%  $   23.6  1D=141  12H= 83  6H= 82  4H= 78  2H= 38  1H= 48
   16 ZEC          93.4  3/6  $ 477.050000  -2.87%  $  184.7  1D=105  12H=115  6H= 69  4H= 70  2H= 42  1H= 71
   17 IP           93.2  4/6  $   0.316700  -1.08%  $   10.9  1D= 75  12H= 90  6H=115  4H= 80  2H= 75  1H= 40
   18 OP           93.1  3/6  $   0.108670  +1.16%  $   12.8  1D= 65  12H=121  6H= 97  4H= 97  2H= 39  1H= 89
   19 SPACE        91.1  4/6  $   0.007524  -7.06%  $    1.8  1D=118  12H=108  6H= 80  4H= 68  2H= 48  1H= 35
   20 ELSA         90.7  3/6  $   0.050770  -3.88%  $    1.1  1D= 85  12H=108  6H=119  4H= 87  2H= 57  1H= 26
   21 SKY          90.3  2/6  $   0.056930  -1.86%  $    2.7  1D= 61  12H= 80  6H=115  4H=111  2H= 85  1H= 91
   22 JCT          90.3  5/6  $   0.005936  -3.38%  $    1.2  1D=154  12H= 86  6H= 76  4H= 48  2H= 48  1H= 26
   23 TRX          89.7  3/6  $   0.321560  -0.10%  $    9.5  1D= 56  12H= 69  6H=102  4H=122  2H=107  1H= 58
   24 NIL          89.4  5/6  $   0.041620  -2.96%  $    1.3  1D= 55  12H=117  6H=115  4H= 70  2H= 71  1H= 73
   25 OPEN         88.7  4/6  $   0.229330  -6.93%  $    5.4  1D=138  12H= 99  6H= 67  4H= 47  2H= 26  1H= 30
   26 FARTCOIN     87.9  3/6  $   0.131580  -5.69%  $   39.2  1D= 85  12H= 77  6H= 95  4H= 90  2H= 58  1H= 70
   27 HOME         87.3  2/6  $   0.028878 +10.24%  $   48.4  1D= 67  12H= 70  6H=118  4H=105  2H= 98  1H= 63
   28 HIGH         86.8  2/6  $   0.045940 -12.75%  $    6.2  1D= 54  12H= 89  6H=112  4H=122  2H= 65  1H= 60
   29 IO           86.5  4/6  $   0.172740  -4.19%  $    3.1  1D=141  12H= 85  6H= 58  4H= 69  2H= 44  1H= 57
   30 COMP         85.9  3/6  $  17.635000  -2.45%  $    1.8  1D= 95  12H= 82  6H= 90  4H= 87  2H= 54  1H= 79
   31 HBAR         85.1  3/6  $   0.081210  -0.10%  $   12.9  1D= 74  12H= 95  6H= 80  4H= 85  2H= 62  1H=112
   32 WCT          84.8  3/6  $   0.047740  -2.53%  $    1.2  1D= 96  12H= 85  6H= 52  4H= 82  2H= 53  1H= 55
   33 JELLYJELLY   83.7  3/6  $   0.061420  -8.60%  $    2.0  1D=132  12H= 81  6H= 35  4H= 42  2H= 76  1H= 49
   34 H            81.1  2/6  $   0.239250 +20.84%  $   89.0  1D= 67  12H= 91  6H= 70  4H= 50  2H= 80  1H=115
   35 ATH          80.7  3/6  $   0.004775  -5.72%  $    2.1  1D= 65  12H=113  6H= 61  4H= 60  2H= 40  1H= 69
   36 SOL          80.3  3/6  $  71.990000  -1.67%  $  794.1  1D= 67  12H=115  6H= 85  4H= 79  2H= 20  1H= 45
   37 PLAYSOUT     80.0  3/6  $   0.037940  -4.51%  $    2.7  1D= 35  12H= 71  6H= 70  4H= 91  2H=151  1H=137
   38 BOME         80.0  2/6  $   0.000451  -2.26%  $    1.3  1D= 72  12H= 93  6H= 76  4H= 60  2H= 45  1H= 54
   39 ETH          79.8  2/6  $1,749.680000  -1.02%  $ 2567.2  1D= 61  12H=106  6H= 84  4H= 89  2H= 43  1H= 54
   40 CRV          79.8  3/6  $   0.227200  -6.52%  $   10.9  1D=145  12H= 57  6H= 35  4H= 38  2H= 30  1H= 82
   41 M            79.3  2/6  $   2.932100  -2.49%  $    3.4  1D= 69  12H= 99  6H= 98  4H= 59  2H= 58  1H= 77
   42 TAO          78.4  4/6  $ 246.300000  -5.65%  $   55.7  1D= 92  12H=113  6H= 70  4H= 48  2H= 26  1H= 12
   43 HMSTR        78.0  2/6  $   0.000165  -1.28%  $    1.3  1D= 98  12H= 61  6H= 55  4H= 72  2H= 68  1H= 72
   44 IOTA         77.5  2/6  $   0.047360  -2.00%  $    1.5  1D= 57  12H=104  6H= 80  4H= 71  2H= 44  1H= 78
   45 AXL          77.2  2/6  $   0.047420  -6.99%  $    1.4  1D=100  12H= 76  6H= 67  4H= 45  2H= 38  1H= 26
   46 FIL          77.1  3/6  $   0.797800  -2.14%  $    9.7  1D= 69  12H= 85  6H= 87  4H= 69  2H= 62  1H= 49
   47 W            77.0  3/6  $   0.009833  -1.55%  $    1.7  1D= 52  12H= 65  6H= 70  4H= 85  2H= 73  1H=104
   48 NEAR         76.7  0/6  $   2.180500  -1.72%  $  119.1  1D= 88  12H= 96  6H= 52  4H= 39  2H= 46  1H= 57
   49 KAT          76.4  3/6  $   0.005649  +1.72%  $    1.3  1D= 58  12H= 71  6H= 79  4H=102  2H= 81  1H= 91
   50 PYTH         76.0  3/6  $   0.038880  -3.13%  $    4.4  1D= 92  12H=105  6H= 58  4H= 50  2H= 34  1H= 40

================================================================================
2026-06-18 14:37:33,546 [INFO]   Saved → trend_v3_LATEST.txt, trend_v3_LATEST.json, trend_v3_20260618_143733.txt
2026-06-18 16:30:25,378 [INFO] ================================================================
2026-06-18 16:30:25,379 [INFO] TREND SCANNER v3.0
2026-06-18 16:30:25,379 [INFO] ================================================================
2026-06-18 16:30:25,380 [INFO] Building universe (Bybit perps)...
2026-06-18 16:30:26,591 [INFO]   Universe (post-filter): 267 coins
2026-06-18 16:30:26,593 [INFO] Fetching BTC 1D for regime detection...
2026-06-18 16:30:27,487 [INFO]   Regime: BULL  |  BTC 7d +4.87%  |  24h -1.77%
2026-06-18 16:30:27,488 [INFO] Scanning 267 coins across 6 timeframes...
2026-06-18 16:30:27,489 [INFO] (this is the slowest scanner — first run ~10min, subsequent ~2-3min)
2026-06-18 16:30:55,083 [INFO]   ...20/267  (surfaced: 11)
2026-06-18 16:31:21,247 [INFO]   ...40/267  (surfaced: 21)
2026-06-18 16:31:47,602 [INFO]   ...60/267  (surfaced: 34)
2026-06-18 16:32:13,340 [INFO]   ...80/267  (surfaced: 47)
2026-06-18 16:32:39,643 [INFO]   ...100/267  (surfaced: 59)
2026-06-18 16:33:04,614 [INFO]   ...120/267  (surfaced: 70)
2026-06-18 16:33:29,920 [INFO]   ...140/267  (surfaced: 78)
2026-06-18 16:33:56,167 [INFO]   ...160/267  (surfaced: 91)
2026-06-18 16:34:22,005 [INFO]   ...180/267  (surfaced: 101)
2026-06-18 16:34:47,544 [INFO]   ...200/267  (surfaced: 117)
2026-06-18 16:35:39,768 [INFO]   ...240/267  (surfaced: 138)
2026-06-18 16:36:07,775 [INFO]   ...260/267  (surfaced: 150)
2026-06-18 16:36:16,333 [INFO] Done in 351s  |  scanned=225  failed=42  strong=28  long=50  watch=50
2026-06-18 16:36:16,336 [INFO] 
================================================================================
  TREND SCANNER v3.0  —  multi-timeframe confirmation + trade plans
  Generated  : 2026-06-18 16:36:16
  Universe   : 267 Bybit perps  |  Scanned: 225
  Scan time  : 351s
================================================================================

  Regime     : 🟢 BULL
               BTC 7d +4.87%  |  24h -1.77%  |  $64,509

  Account    : $100,000  |  Risk/trade: 1.5%

  Tiers (bull):  STRONG ≥ 130 & ST≥4  |  LONG ≥ 100 & ST≥3  |  WATCH ≥ 70

  TF weights : 1D×0.28 · 12H×0.2 · 6H×0.15 · 4H×0.15 · 2H×0.12 · 1H×0.1

--------------------------------------------------------------------------------
  STRONG  —  28 coin(s)  (highest conviction, full position)
--------------------------------------------------------------------------------

  [ 1] ZEREBRO     score= 162.3  ST=6/6  price=$0.029451      24h=+26.59%  vol=$ 17.5M
       TF:  1D=161  12H=167  6H=144  4H=154  2H=152  1H=159
       Bonuses: RS vs BTC 7d +8.7%  (+5 pts)
       Entry: $0.029451  |  Stop: $0.025033 (-15.00%)  |  Risk: $1500 (1.50% acct)
       Position: $10000 (10.00% acct, qty 339547.0442)
       TP1: $0.036077 (+22.5%, 1.5R, sell 40%)
       TP2: $0.042704 (+45.0%, 3.0R, sell 35%)
       TP3: $0.051539 (+75.0%, 5.0R, sell 25%)

  [ 2] FOLKS       score= 159.8  ST=6/6  price=$2.415200      24h=+18.57%  vol=$ 12.8M
       TF:  1D=151  12H=169  6H=151  4H=152  2H=142  1H=162
       Bonuses: RS vs BTC 7d +2.6%  (+5 pts)
       Entry: $2.415200  |  Stop: $2.052920 (-15.00%)  |  Risk: $1500 (1.50% acct)
       Position: $10000 (10.00% acct, qty 4140.4439)
       TP1: $2.958620 (+22.5%, 1.5R, sell 40%)
       TP2: $3.502040 (+45.0%, 3.0R, sell 35%)
       TP3: $4.226600 (+75.0%, 5.0R, sell 25%)

  [ 3] CLO         score= 158.4  ST=5/6  price=$0.177380      24h=+16.27%  vol=$ 17.3M
       TF:  1D=166  12H=169  6H=131  4H=142  2H=143  1H=150
       Bonuses: RS vs BTC 7d +58.4%  (+5 pts)
       Entry: $0.177380  |  Stop: $0.150773 (-15.00%)  |  Risk: $1500 (1.50% acct)
       Position: $10000 (10.00% acct, qty 56376.1416)
       TP1: $0.217290 (+22.5%, 1.5R, sell 40%)
       TP2: $0.257201 (+45.0%, 3.0R, sell 35%)
       TP3: $0.310415 (+75.0%, 5.0R, sell 25%)

  [ 4] TRUTH       score= 153.6  ST=6/6  price=$0.014517      24h= +5.73%  vol=$  2.2M
       TF:  1D=119  12H=169  6H=163  4H=150  2H=159  1H=154
       Bonuses: RS vs BTC 7d +21.0%  (+5 pts)
       Entry: $0.014517  |  Stop: $0.012339 (-15.00%)  |  Risk: $1500 (1.50% acct)
       Position: $10000 (10.00% acct, qty 688847.5580)
       TP1: $0.017783 (+22.5%, 1.5R, sell 40%)
       TP2: $0.021050 (+45.0%, 3.0R, sell 35%)
       TP3: $0.025405 (+75.0%, 5.0R, sell 25%)

  [ 5] US          score= 148.3  ST=5/6  price=$0.015181      24h=+10.29%  vol=$  5.8M
       TF:  1D=154  12H=157  6H=139  4H=134  2H=154  1H=124
       Bonuses: RS vs BTC 7d +14.2%  (+2 pts)
       Entry: $0.015181  |  Stop: $0.012904 (-15.00%)  |  Risk: $1500 (1.50% acct)
       Position: $10000 (10.00% acct, qty 658718.1345)
       TP1: $0.018597 (+22.5%, 1.5R, sell 40%)
       TP2: $0.022012 (+45.0%, 3.0R, sell 35%)
       TP3: $0.026567 (+75.0%, 5.0R, sell 25%)

  [ 6] TAC         score= 146.0  ST=6/6  price=$0.024117      24h= +4.56%  vol=$  9.0M
       TF:  1D=157  12H=144  6H=147  4H=135  2H=159  1H= 69
       Bonuses: RS vs BTC 7d +39.8%  (+5 pts)
       Entry: $0.024117  |  Stop: $0.021579 (-10.52%)  |  Risk: $1500 (1.50% acct)
       Position: $14253 (14.25% acct, qty 590991.5995)
       TP1: $0.027924 (+15.8%, 1.5R, sell 40%)
       TP2: $0.031731 (+31.6%, 3.0R, sell 35%)
       TP3: $0.036808 (+52.6%, 5.0R, sell 25%)

  [ 7] BLUAI       score= 145.6  ST=6/6  price=$0.015225      24h=+14.69%  vol=$  2.4M
       TF:  1D=107  12H=136  6H=145  4H=178  2H=155  1H=144
       Bonuses: 1H pre-pump (obv_stealth_accum) | RS vs BTC 7d +22.9%  (+7 pts)
       Entry: $0.015225  |  Stop: $0.012941 (-15.00%)  |  Risk: $1500 (1.50% acct)
       Position: $10000 (10.00% acct, qty 656814.4499)
       TP1: $0.018651 (+22.5%, 1.5R, sell 40%)
       TP2: $0.022076 (+45.0%, 3.0R, sell 35%)
       TP3: $0.026644 (+75.0%, 5.0R, sell 25%)

  [ 8] XLM         score= 144.7  ST=5/6  price=$0.225450      24h= +5.91%  vol=$128.4M
       TF:  1D=121  12H=134  6H=142  4H=155  2H=165  1H=147
       Bonuses: RS vs BTC 7d +18.5%  (+5 pts)
       Entry: $0.225450  |  Stop: $0.197160 (-12.55%)  |  Risk: $1500 (1.50% acct)
       Position: $11954 (11.95% acct, qty 53022.2694)
       TP1: $0.267885 (+18.8%, 1.5R, sell 40%)
       TP2: $0.310320 (+37.6%, 3.0R, sell 35%)
       TP3: $0.366900 (+62.7%, 5.0R, sell 25%)

  [ 9] ETHFI       score= 141.7  ST=5/6  price=$0.382300      24h= -0.31%  vol=$ 18.5M
       TF:  1D=108  12H=155  6H=153  4H=157  2H=132  1H=101
       Bonuses: RS vs BTC 7d +26.1% | funding -0.0194%/8h  (+8 pts)
       Entry: $0.382300  |  Stop: $0.337696 (-11.67%)  |  Risk: $1500 (1.50% acct)
       Position: $12857 (12.86% acct, qty 33629.5940)
       TP1: $0.449205 (+17.5%, 1.5R, sell 40%)
       TP2: $0.516111 (+35.0%, 3.0R, sell 35%)
       TP3: $0.605318 (+58.3%, 5.0R, sell 25%)

  [10] MEGA        score= 141.1  ST=6/6  price=$0.057060      24h=+16.51%  vol=$ 15.5M
       TF:  1D=105  12H=127  6H=155  4H=130  2H=129  1H=161
       Bonuses: RSI div 1D (bullish) | 1H pre-pump (obv_stealth_accum) | RS vs BTC 7d +29.3%  (+12 pts)
       Entry: $0.057060  |  Stop: $0.048501 (-15.00%)  |  Risk: $1500 (1.50% acct)
       Position: $10000 (10.00% acct, qty 175254.1185)
       TP1: $0.069899 (+22.5%, 1.5R, sell 40%)
       TP2: $0.082737 (+45.0%, 3.0R, sell 35%)
       TP3: $0.099855 (+75.0%, 5.0R, sell 25%)

  [11] MMT         score= 139.0  ST=6/6  price=$0.140620      24h= -1.03%  vol=$  1.1M
       TF:  1D=116  12H=127  6H=160  4H=148  2H=112  1H=105
       Bonuses: 1H pre-pump (bb_squeeze, obv_divergence, obv_stealth_accum) | RS vs BTC 7d +33.3%  (+11 pts)
       Entry: $0.140620  |  Stop: $0.125252 (-10.93%)  |  Risk: $1500 (1.50% acct)
       Position: $13726 (13.73% acct, qty 97608.5896)
       TP1: $0.163671 (+16.4%, 1.5R, sell 40%)
       TP2: $0.186723 (+32.8%, 3.0R, sell 35%)
       TP3: $0.217457 (+54.6%, 5.0R, sell 25%)

  [12] BIO         score= 138.2  ST=5/6  price=$0.034740      24h= -1.45%  vol=$ 20.6M
       TF:  1D= 92  12H=145  6H=128  4H=147  2H=159  1H=111
       Bonuses: RSI div 1D (bullish) | 1H pre-pump (obv_stealth_accum) | RS vs BTC 7d +14.6%  (+12 pts)
       Entry: $0.034740  |  Stop: $0.029529 (-15.00%)  |  Risk: $1500 (1.50% acct)
       Position: $10000 (10.00% acct, qty 287852.6195)
       TP1: $0.042556 (+22.5%, 1.5R, sell 40%)
       TP2: $0.050373 (+45.0%, 3.0R, sell 35%)
       TP3: $0.060795 (+75.0%, 5.0R, sell 25%)

  [13] PARTI       score= 138.2  ST=6/6  price=$0.059680      24h= -1.30%  vol=$  1.0M
       TF:  1D=136  12H=126  6H=141  4H=131  2H=123  1H=104
       Bonuses: RSI div 1D (bullish) | 1H pre-pump (bb_squeeze, obv_stealth_accum)  (+9 pts)
       Entry: $0.059680  |  Stop: $0.050728 (-15.00%)  |  Risk: $1500 (1.50% acct)
       Position: $10000 (10.00% acct, qty 167560.3217)
       TP1: $0.073108 (+22.5%, 1.5R, sell 40%)
       TP2: $0.086536 (+45.0%, 3.0R, sell 35%)
       TP3: $0.104440 (+75.0%, 5.0R, sell 25%)

  [14] ALLO        score= 137.6  ST=6/6  price=$0.368280      24h= +8.22%  vol=$  9.8M
       TF:  1D=134  12H=141  6H=152  4H=122  2H=137  1H=143
       Entry: $0.368280  |  Stop: $0.313038 (-15.00%)  |  Risk: $1500 (1.50% acct)
       Position: $10000 (10.00% acct, qty 27153.2530)
       TP1: $0.451143 (+22.5%, 1.5R, sell 40%)
       TP2: $0.534006 (+45.0%, 3.0R, sell 35%)
       TP3: $0.644490 (+75.0%, 5.0R, sell 25%)

  [15] ORCA        score= 136.7  ST=6/6  price=$1.230700      24h= -3.35%  vol=$  4.5M
       TF:  1D=117  12H=118  6H=117  4H=142  2H=145  1H=141
       Bonuses: 1H pre-pump (obv_stealth_accum) | RS vs BTC 7d +22.6% | funding -0.0114%/8h  (+10 pts)
       Entry: $1.230700  |  Stop: $1.066311 (-13.36%)  |  Risk: $1500 (1.50% acct)
       Position: $11230 (11.23% acct, qty 9124.6823)
       TP1: $1.477284 (+20.0%, 1.5R, sell 40%)
       TP2: $1.723868 (+40.1%, 3.0R, sell 35%)
       TP3: $2.052646 (+66.8%, 5.0R, sell 25%)

  [16] ZAMA        score= 135.7  ST=4/6  price=$0.034200      24h= -2.69%  vol=$  2.2M
       TF:  1D=137  12H=147  6H=153  4H=159  2H= 91  1H= 22
       Bonuses: RSI div 1D (hidden_bullish) | RS vs BTC 7d +7.1%  (+8 pts)
       Entry: $0.034200  |  Stop: $0.030044 (-12.15%)  |  Risk: $1500 (1.50% acct)
       Position: $12343 (12.34% acct, qty 360917.7623)
       TP1: $0.040434 (+18.2%, 1.5R, sell 40%)
       TP2: $0.046668 (+36.5%, 3.0R, sell 35%)
       TP3: $0.054980 (+60.8%, 5.0R, sell 25%)

  [17] LAB         score= 134.2  ST=6/6  price=$13.125000     24h=+20.81%  vol=$ 46.5M
       TF:  1D=109  12H=112  6H=165  4H=154  2H=153  1H=131
       Bonuses: RS vs BTC 7d +62.7%  (+2 pts)
       Entry: $13.125000  |  Stop: $11.156250 (-15.00%)  |  Risk: $1500 (1.50% acct)
       Position: $10000 (10.00% acct, qty 761.9048)
       TP1: $16.078125 (+22.5%, 1.5R, sell 40%)
       TP2: $19.031250 (+45.0%, 3.0R, sell 35%)
       TP3: $22.968750 (+75.0%, 5.0R, sell 25%)

  [18] PHA         score= 133.6  ST=4/6  price=$0.036830      24h= +4.29%  vol=$  1.4M
       TF:  1D= 90  12H=130  6H=165  4H=139  2H=170  1H=114
       Bonuses: RS vs BTC 7d +15.4%  (+5 pts)
       Entry: $0.036830  |  Stop: $0.031856 (-13.50%)  |  Risk: $1500 (1.50% acct)
       Position: $11108 (11.11% acct, qty 301594.1405)
       TP1: $0.044290 (+20.3%, 1.5R, sell 40%)
       TP2: $0.051751 (+40.5%, 3.0R, sell 35%)
       TP3: $0.061698 (+67.5%, 5.0R, sell 25%)

  [19] RUNE        score= 133.5  ST=6/6  price=$0.417700      24h= -0.24%  vol=$  2.2M
       TF:  1D=110  12H=130  6H=157  4H=163  2H=127  1H= 85
       Bonuses: RS vs BTC 7d +5.6%  (+5 pts)
       Entry: $0.417700  |  Stop: $0.366871 (-12.17%)  |  Risk: $1500 (1.50% acct)
       Position: $12327 (12.33% acct, qty 29510.9612)
       TP1: $0.493943 (+18.2%, 1.5R, sell 40%)
       TP2: $0.570186 (+36.5%, 3.0R, sell 35%)
       TP3: $0.671843 (+60.8%, 5.0R, sell 25%)

  [20] BSB         score= 133.1  ST=6/6  price=$0.596200      24h= -0.50%  vol=$ 41.3M
       TF:  1D=120  12H=119  6H=149  4H=144  2H=106  1H=140
       Bonuses: RS vs BTC 7d +105.8%  (+5 pts)
       Entry: $0.596200  |  Stop: $0.506770 (-15.00%)  |  Risk: $1500 (1.50% acct)
       Position: $10000 (10.00% acct, qty 16772.8950)
       TP1: $0.730345 (+22.5%, 1.5R, sell 40%)
       TP2: $0.864490 (+45.0%, 3.0R, sell 35%)
       TP3: $1.043350 (+75.0%, 5.0R, sell 25%)

  [21] BANANAS31   score= 133.1  ST=5/6  price=$0.011286      24h= -5.53%  vol=$  2.2M
       TF:  1D=103  12H=130  6H=153  4H=149  2H=130  1H= 54
       Bonuses: RSI div 1D (bullish) | 1H pre-pump (obv_divergence) | RS vs BTC 7d +5.9%  (+12 pts)
       Entry: $0.011286  |  Stop: $0.009593 (-15.00%)  |  Risk: $1500 (1.50% acct)
       Position: $10000 (10.00% acct, qty 886053.5176)
       TP1: $0.013825 (+22.5%, 1.5R, sell 40%)
       TP2: $0.016365 (+45.0%, 3.0R, sell 35%)
       TP3: $0.019751 (+75.0%, 5.0R, sell 25%)

  [22] ARC         score= 132.8  ST=5/6  price=$0.084320      24h= -2.05%  vol=$  2.0M
       TF:  1D=141  12H=125  6H=137  4H=122  2H=150  1H= 75
       Bonuses: 1H pre-pump (bb_squeeze, obv_stealth_accum)  (+4 pts)
       Entry: $0.084320  |  Stop: $0.072848 (-13.61%)  |  Risk: $1500 (1.50% acct)
       Position: $11025 (11.03% acct, qty 130755.5805)
       TP1: $0.101528 (+20.4%, 1.5R, sell 40%)
       TP2: $0.118735 (+40.8%, 3.0R, sell 35%)
       TP3: $0.141679 (+68.0%, 5.0R, sell 25%)

  [23] XAN         score= 132.3  ST=5/6  price=$0.010610      24h= -0.18%  vol=$  1.3M
       TF:  1D=100  12H=126  6H=154  4H=155  2H=134  1H=117
       Bonuses: RS vs BTC 7d +36.1%  (+5 pts)
       Entry: $0.010610  |  Stop: $0.009223 (-13.07%)  |  Risk: $1500 (1.50% acct)
       Position: $11477 (11.48% acct, qty 1081749.3432)
       TP1: $0.012690 (+19.6%, 1.5R, sell 40%)
       TP2: $0.014770 (+39.2%, 3.0R, sell 35%)
       TP3: $0.017543 (+65.3%, 5.0R, sell 25%)

  [24] JTO         score= 131.6  ST=5/6  price=$0.698900      24h= -4.33%  vol=$ 22.7M
       TF:  1D=161  12H=137  6H=111  4H=107  2H= 87  1H= 70
       Bonuses: 1H pre-pump (bb_squeeze, obv_stealth_accum) | RS vs BTC 7d +17.6%  (+9 pts)
       Entry: $0.698900  |  Stop: $0.594065 (-15.00%)  |  Risk: $1500 (1.50% acct)
       Position: $10000 (10.00% acct, qty 14308.1986)
       TP1: $0.856152 (+22.5%, 1.5R, sell 40%)
       TP2: $1.013405 (+45.0%, 3.0R, sell 35%)
       TP3: $1.223075 (+75.0%, 5.0R, sell 25%)

  [25] AERO        score= 130.9  ST=5/6  price=$0.439600      24h=-12.43%  vol=$ 20.6M
       TF:  1D=124  12H=125  6H=161  4H=140  2H= 59  1H=110
       Bonuses: RS vs BTC 7d +27.9% | funding -0.0114%/8h  (+8 pts)
       Entry: $0.439600  |  Stop: $0.382279 (-13.04%)  |  Risk: $1500 (1.50% acct)
       Position: $11504 (11.50% acct, qty 26168.2243)
       TP1: $0.525582 (+19.6%, 1.5R, sell 40%)
       TP2: $0.611564 (+39.1%, 3.0R, sell 35%)
       TP3: $0.726207 (+65.2%, 5.0R, sell 25%)

  [26] BRETT       score= 130.6  ST=5/6  price=$0.006774      24h= -0.32%  vol=$  3.5M
       TF:  1D= 90  12H=142  6H=181  4H=121  2H=120  1H=103
       Bonuses: 1H pre-pump (bb_squeeze) | RS vs BTC 7d +22.9%  (+7 pts)
       Entry: $0.006774  |  Stop: $0.005758 (-15.00%)  |  Risk: $1500 (1.50% acct)
       Position: $10000 (10.00% acct, qty 1476232.6543)
       TP1: $0.008298 (+22.5%, 1.5R, sell 40%)
       TP2: $0.009822 (+45.0%, 3.0R, sell 35%)
       TP3: $0.011855 (+75.0%, 5.0R, sell 25%)

  [27] WLD         score= 130.4  ST=5/6  price=$0.658000      24h= -4.59%  vol=$152.6M
       TF:  1D=161  12H=137  6H=125  4H=113  2H= 87  1H= 38
       Bonuses: RSI div 1D (hidden_bullish) | RS vs BTC 7d +41.2%  (+8 pts)
       Entry: $0.658000  |  Stop: $0.559300 (-15.00%)  |  Risk: $1500 (1.50% acct)
       Position: $10000 (10.00% acct, qty 15197.5684)
       TP1: $0.806050 (+22.5%, 1.5R, sell 40%)
       TP2: $0.954100 (+45.0%, 3.0R, sell 35%)
       TP3: $1.151500 (+75.0%, 5.0R, sell 25%)

  [28] EVAA        score= 130.3  ST=5/6  price=$0.612400      24h= +9.15%  vol=$  4.4M
       TF:  1D=143  12H=151  6H=113  4H= 89  2H= 78  1H=104
       Bonuses: RSI div 1D (bullish) | RS vs BTC 7d +60.8%  (+10 pts)
       Entry: $0.612400  |  Stop: $0.520540 (-15.00%)  |  Risk: $1500 (1.50% acct)
       Position: $10000 (10.00% acct, qty 16329.1966)
       TP1: $0.750190 (+22.5%, 1.5R, sell 40%)
       TP2: $0.887980 (+45.0%, 3.0R, sell 35%)
       TP3: $1.071700 (+75.0%, 5.0R, sell 25%)

--------------------------------------------------------------------------------
  LONG  —  50 coin(s)  (tradeable trend)
--------------------------------------------------------------------------------

  [ 1] KAITO       score= 136.1  ST=3/6  price=$0.466200      24h= +1.17%  vol=$  1.4M
       TF:  1D=100  12H=135  6H=154  4H=106  2H=125  1H=121
       Bonuses: RSI div 1D (bullish) | 1H pre-pump (obv_stealth_accum) | RS vs BTC 7d +3.6% | funding -0.0161%/8h  (+15 pts)
       Entry: $0.466200  |  Stop: $0.413046 (-11.40%)  |  Risk: $1500 (1.50% acct)
       Position: $13156 (13.16% acct, qty 28220.1169)
       TP1: $0.545930 (+17.1%, 1.5R, sell 40%)
       TP2: $0.625661 (+34.2%, 3.0R, sell 35%)
       TP3: $0.731968 (+57.0%, 5.0R, sell 25%)

  [ 2] EPIC        score= 129.8  ST=4/6  price=$0.657700      24h=-10.04%  vol=$  3.8M
       TF:  1D=150  12H=130  6H=134  4H=157  2H= 88  1H= 26
       Bonuses: RS vs BTC 7d +19.4%  (+5 pts)
       Entry: $0.657700  |  Stop: $0.559045 (-15.00%)  |  Risk: $1500 (1.50% acct)
       Position: $10000 (10.00% acct, qty 15204.5005)
       TP1: $0.805682 (+22.5%, 1.5R, sell 40%)
       TP2: $0.953665 (+45.0%, 3.0R, sell 35%)
       TP3: $1.150975 (+75.0%, 5.0R, sell 25%)

  [ 3] CC          score= 128.9  ST=6/6  price=$0.162590      24h= -2.22%  vol=$  2.1M
       TF:  1D=145  12H=124  6H=135  4H=137  2H=125  1H= 57
       Bonuses: 1H pre-pump (bb_squeeze)  (+2 pts)
       Entry: $0.162590  |  Stop: $0.146644 (-9.81%)  |  Risk: $1500 (1.50% acct)
       Position: $15294 (15.29% acct, qty 94067.0564)
       TP1: $0.186509 (+14.7%, 1.5R, sell 40%)
       TP2: $0.210428 (+29.4%, 3.0R, sell 35%)
       TP3: $0.242320 (+49.0%, 5.0R, sell 25%)

  [ 4] AT          score= 128.4  ST=5/6  price=$0.157620      24h= -3.09%  vol=$  3.0M
       TF:  1D=114  12H=145  6H=129  4H=143  2H=128  1H= 33
       Bonuses: RSI div 1D (hidden_bullish) | RS vs BTC 7d +29.2%  (+8 pts)
       Entry: $0.157620  |  Stop: $0.133977 (-15.00%)  |  Risk: $1500 (1.50% acct)
       Position: $10000 (10.00% acct, qty 63443.7254)
       TP1: $0.193084 (+22.5%, 1.5R, sell 40%)
       TP2: $0.228549 (+45.0%, 3.0R, sell 35%)
       TP3: $0.275835 (+75.0%, 5.0R, sell 25%)

  [ 5] GPS         score= 126.1  ST=4/6  price=$0.008974      24h= -2.30%  vol=$  2.1M
       TF:  1D=142  12H=131  6H=125  4H= 85  2H= 81  1H= 89
       Bonuses: RSI div 1D (hidden_bullish) | 1H pre-pump (obv_stealth_accum) | RS vs BTC 7d +21.1%  (+10 pts)
       Entry: $0.008974  |  Stop: $0.007755 (-13.58%)  |  Risk: $1500 (1.50% acct)
       Position: $11043 (11.04% acct, qty 1230552.8698)
       TP1: $0.010802 (+20.4%, 1.5R, sell 40%)
       TP2: $0.012631 (+40.8%, 3.0R, sell 35%)
       TP3: $0.015069 (+67.9%, 5.0R, sell 25%)

  [ 6] BASED       score= 125.9  ST=5/6  price=$0.077880      24h= +4.75%  vol=$  2.2M
       TF:  1D= 75  12H=144  6H=126  4H=149  2H=130  1H=143
       Bonuses: RS vs BTC 7d +19.1%  (+5 pts)
       Entry: $0.077880  |  Stop: $0.066198 (-15.00%)  |  Risk: $1500 (1.50% acct)
       Position: $10000 (10.00% acct, qty 128402.6708)
       TP1: $0.095403 (+22.5%, 1.5R, sell 40%)
       TP2: $0.112926 (+45.0%, 3.0R, sell 35%)
       TP3: $0.136290 (+75.0%, 5.0R, sell 25%)

  [ 7] ENJ         score= 125.6  ST=5/6  price=$0.034077      24h= +0.63%  vol=$  6.0M
       TF:  1D= 96  12H=109  6H=163  4H=135  2H=142  1H=102
       Bonuses: RS vs BTC 7d +16.0%  (+5 pts)
       Entry: $0.034077  |  Stop: $0.029831 (-12.46%)  |  Risk: $1500 (1.50% acct)
       Position: $12040 (12.04% acct, qty 353312.3028)
       TP1: $0.040445 (+18.7%, 1.5R, sell 40%)
       TP2: $0.046814 (+37.4%, 3.0R, sell 35%)
       TP3: $0.055305 (+62.3%, 5.0R, sell 25%)

  [ 8] XPL         score= 125.2  ST=5/6  price=$0.112590      24h=-13.67%  vol=$128.6M
       TF:  1D=119  12H=143  6H=135  4H=152  2H= 92  1H= 42
       Bonuses: RS vs BTC 7d +79.2%  (+5 pts)
       Entry: $0.112590  |  Stop: $0.095701 (-15.00%)  |  Risk: $1500 (1.50% acct)
       Position: $10000 (10.00% acct, qty 88817.8346)
       TP1: $0.137923 (+22.5%, 1.5R, sell 40%)
       TP2: $0.163255 (+45.0%, 3.0R, sell 35%)
       TP3: $0.197032 (+75.0%, 5.0R, sell 25%)

  [ 9] BLESS       score= 124.6  ST=4/6  price=$0.007785      24h=-17.13%  vol=$  5.5M
       TF:  1D=150  12H=117  6H=141  4H=114  2H= 82  1H= 31
       Bonuses: RSI div 1D (hidden_bullish) | RS vs BTC 7d +36.8%  (+8 pts)
       Entry: $0.007785  |  Stop: $0.006617 (-15.00%)  |  Risk: $1500 (1.50% acct)
       Position: $10000 (10.00% acct, qty 1284521.5157)
       TP1: $0.009537 (+22.5%, 1.5R, sell 40%)
       TP2: $0.011288 (+45.0%, 3.0R, sell 35%)
       TP3: $0.013624 (+75.0%, 5.0R, sell 25%)

  [10] MITO        score= 124.4  ST=6/6  price=$0.028880      24h= +0.67%  vol=$ 11.0M
       TF:  1D=128  12H=107  6H=122  4H=150  2H=101  1H= 72
       Bonuses: 1H pre-pump (obv_divergence) | RS vs BTC 7d +48.3%  (+7 pts)
       Entry: $0.028880  |  Stop: $0.024548 (-15.00%)  |  Risk: $1500 (1.50% acct)
       Position: $10000 (10.00% acct, qty 346260.3878)
       TP1: $0.035378 (+22.5%, 1.5R, sell 40%)
       TP2: $0.041876 (+45.0%, 3.0R, sell 35%)
       TP3: $0.050540 (+75.0%, 5.0R, sell 25%)

  [11] ALGO        score= 123.7  ST=5/6  price=$0.099070      24h= +0.75%  vol=$ 10.7M
       TF:  1D= 62  12H=109  6H=130  4H=169  2H=161  1H=154
       Bonuses: RS vs BTC 7d +9.7%  (+5 pts)
       Entry: $0.099070  |  Stop: $0.089866 (-9.29%)  |  Risk: $1500 (1.50% acct)
       Position: $16146 (16.15% acct, qty 162980.2095)
       TP1: $0.112875 (+13.9%, 1.5R, sell 40%)
       TP2: $0.126681 (+27.9%, 3.0R, sell 35%)
       TP3: $0.145088 (+46.5%, 5.0R, sell 25%)

  [12] BR          score= 122.7  ST=5/6  price=$0.190260      24h=-23.87%  vol=$  4.9M
       TF:  1D=154  12H=140  6H=129  4H=102  2H= 38  1H= 24
       Bonuses: RSI div 1D (bullish) | RS vs BTC 7d +50.6%  (+10 pts)
       Entry: $0.190260  |  Stop: $0.161721 (-15.00%)  |  Risk: $1500 (1.50% acct)
       Position: $10000 (10.00% acct, qty 52559.6552)
       TP1: $0.233069 (+22.5%, 1.5R, sell 40%)
       TP2: $0.275877 (+45.0%, 3.0R, sell 35%)
       TP3: $0.332955 (+75.0%, 5.0R, sell 25%)

  [13] RED         score= 121.1  ST=5/6  price=$0.107230      24h= -0.09%  vol=$  2.6M
       TF:  1D= 91  12H=126  6H=133  4H=147  2H=104  1H=109
       Bonuses: RS vs BTC 7d +12.4%  (+5 pts)
       Entry: $0.107230  |  Stop: $0.095394 (-11.04%)  |  Risk: $1500 (1.50% acct)
       Position: $13589 (13.59% acct, qty 126731.2392)
       TP1: $0.124984 (+16.6%, 1.5R, sell 40%)
       TP2: $0.142738 (+33.1%, 3.0R, sell 35%)
       TP3: $0.166410 (+55.2%, 5.0R, sell 25%)

  [14] PLUME       score= 120.8  ST=4/6  price=$0.011223      24h= +1.60%  vol=$  3.4M
       TF:  1D= 79  12H=108  6H=132  4H=142  2H=149  1H=131
       Bonuses: RS vs BTC 7d +6.9%  (+5 pts)
       Entry: $0.011223  |  Stop: $0.009663 (-13.90%)  |  Risk: $1500 (1.50% acct)
       Position: $10791 (10.79% acct, qty 961538.4615)
       TP1: $0.013563 (+20.9%, 1.5R, sell 40%)
       TP2: $0.015903 (+41.7%, 3.0R, sell 35%)
       TP3: $0.019023 (+69.5%, 5.0R, sell 25%)

  [15] KERNEL      score= 120.7  ST=4/6  price=$0.051390      24h= +3.19%  vol=$  1.2M
       TF:  1D= 85  12H= 85  6H=136  4H=160  2H=132  1H=127
       Bonuses: 1H pre-pump (obv_stealth_accum) | RS vs BTC 7d +7.0%  (+7 pts)
       Entry: $0.051390  |  Stop: $0.046120 (-10.26%)  |  Risk: $1500 (1.50% acct)
       Position: $14626 (14.63% acct, qty 284610.6932)
       TP1: $0.059296 (+15.4%, 1.5R, sell 40%)
       TP2: $0.067201 (+30.8%, 3.0R, sell 35%)
       TP3: $0.077742 (+51.3%, 5.0R, sell 25%)

  [16] MAGMA       score= 120.4  ST=3/6  price=$0.500490      24h=-17.50%  vol=$  8.1M
       TF:  1D=161  12H=114  6H=133  4H=141  2H= 50  1H= 24
       Bonuses: RSI div 1D (hidden_bullish)  (+3 pts)
       Entry: $0.500490  |  Stop: $0.425416 (-15.00%)  |  Risk: $1500 (1.50% acct)
       Position: $10000 (10.00% acct, qty 19980.4192)
       TP1: $0.613100 (+22.5%, 1.5R, sell 40%)
       TP2: $0.725711 (+45.0%, 3.0R, sell 35%)
       TP3: $0.875857 (+75.0%, 5.0R, sell 25%)

  [17] USELESS     score= 120.4  ST=4/6  price=$0.074150      24h= -1.39%  vol=$  7.3M
       TF:  1D= 74  12H=114  6H=143  4H=151  2H=114  1H=141
       Bonuses: RS vs BTC 7d +25.1%  (+5 pts)
       Entry: $0.074150  |  Stop: $0.063028 (-15.00%)  |  Risk: $1500 (1.50% acct)
       Position: $10000 (10.00% acct, qty 134861.7667)
       TP1: $0.090834 (+22.5%, 1.5R, sell 40%)
       TP2: $0.107518 (+45.0%, 3.0R, sell 35%)
       TP3: $0.129763 (+75.0%, 5.0R, sell 25%)

  [18] SQD         score= 120.1  ST=4/6  price=$0.046230      24h= -8.83%  vol=$  3.7M
       TF:  1D=128  12H=138  6H=121  4H=109  2H= 50  1H= 42
       Bonuses: RSI div 1D (bullish) | 1H pre-pump (obv_divergence) | RS vs BTC 7d +23.5%  (+12 pts)
       Entry: $0.046230  |  Stop: $0.039295 (-15.00%)  |  Risk: $1500 (1.50% acct)
       Position: $10000 (10.00% acct, qty 216309.7556)
       TP1: $0.056632 (+22.5%, 1.5R, sell 40%)
       TP2: $0.067033 (+45.0%, 3.0R, sell 35%)
       TP3: $0.080903 (+75.0%, 5.0R, sell 25%)

  [19] UAI         score= 119.5  ST=4/6  price=$0.302330      24h= +9.24%  vol=$  2.0M
       TF:  1D=148  12H=132  6H= 92  4H= 81  2H=101  1H=136
       Entry: $0.302330  |  Stop: $0.256981 (-15.00%)  |  Risk: $1500 (1.50% acct)
       Position: $10000 (10.00% acct, qty 33076.4397)
       TP1: $0.370354 (+22.5%, 1.5R, sell 40%)
       TP2: $0.438379 (+45.0%, 3.0R, sell 35%)
       TP3: $0.529077 (+75.0%, 5.0R, sell 25%)

  [20] TIA         score= 119.3  ST=6/6  price=$0.391700      24h= -5.48%  vol=$ 12.0M
       TF:  1D=121  12H=108  6H=152  4H=119  2H= 60  1H= 90
       Bonuses: 1H pre-pump (bb_squeeze) | RS vs BTC 7d +22.3%  (+7 pts)
       Entry: $0.391700  |  Stop: $0.342393 (-12.59%)  |  Risk: $1500 (1.50% acct)
       Position: $11916 (11.92% acct, qty 30421.5558)
       TP1: $0.465661 (+18.9%, 1.5R, sell 40%)
       TP2: $0.539621 (+37.8%, 3.0R, sell 35%)
       TP3: $0.638236 (+62.9%, 5.0R, sell 25%)

  [21] PORTAL      score= 118.8  ST=5/6  price=$0.013997      24h=+11.25%  vol=$ 15.5M
       TF:  1D= 68  12H=124  6H=124  4H=158  2H=131  1H=139
       Bonuses: funding -0.3130%/8h  (+3 pts)
       Entry: $0.013997  |  Stop: $0.011897 (-15.00%)  |  Risk: $1500 (1.50% acct)
       Position: $10000 (10.00% acct, qty 714438.8083)
       TP1: $0.017146 (+22.5%, 1.5R, sell 40%)
       TP2: $0.020296 (+45.0%, 3.0R, sell 35%)
       TP3: $0.024495 (+75.0%, 5.0R, sell 25%)

  [22] ID          score= 118.7  ST=5/6  price=$0.031120      24h= -6.54%  vol=$ 10.5M
       TF:  1D=114  12H=133  6H=107  4H=138  2H= 91  1H= 45
       Bonuses: RS vs BTC 7d +13.7% | funding -0.2042%/8h  (+8 pts)
       Entry: $0.031120  |  Stop: $0.026452 (-15.00%)  |  Risk: $1500 (1.50% acct)
       Position: $10000 (10.00% acct, qty 321336.7609)
       TP1: $0.038122 (+22.5%, 1.5R, sell 40%)
       TP2: $0.045124 (+45.0%, 3.0R, sell 35%)
       TP3: $0.054460 (+75.0%, 5.0R, sell 25%)

  [23] EIGEN       score= 118.3  ST=4/6  price=$0.202300      24h= -2.44%  vol=$  7.6M
       TF:  1D=108  12H=136  6H=114  4H= 84  2H=104  1H=137
       Bonuses: RS vs BTC 7d +13.4%  (+5 pts)
       Entry: $0.202300  |  Stop: $0.171955 (-15.00%)  |  Risk: $1500 (1.50% acct)
       Position: $10000 (10.00% acct, qty 49431.5373)
       TP1: $0.247817 (+22.5%, 1.5R, sell 40%)
       TP2: $0.293335 (+45.0%, 3.0R, sell 35%)
       TP3: $0.354025 (+75.0%, 5.0R, sell 25%)

  [24] INIT        score= 117.6  ST=4/6  price=$0.059770      24h= +1.42%  vol=$  1.1M
       TF:  1D= 62  12H= 95  6H=142  4H=136  2H=141  1H= 96
       Bonuses: RSI div 1D (bullish) | RS vs BTC 7d +4.6% | funding -0.0146%/8h  (+13 pts)
       Entry: $0.059770  |  Stop: $0.052159 (-12.73%)  |  Risk: $1500 (1.50% acct)
       Position: $11779 (11.78% acct, qty 197072.0721)
       TP1: $0.071187 (+19.1%, 1.5R, sell 40%)
       TP2: $0.082604 (+38.2%, 3.0R, sell 35%)
       TP3: $0.097827 (+63.7%, 5.0R, sell 25%)

  [25] CFG         score= 117.1  ST=5/6  price=$0.236600      24h= -2.39%  vol=$  1.7M
       TF:  1D= 82  12H=119  6H=135  4H=172  2H=104  1H= 68
       Bonuses: RS vs BTC 7d +15.1%  (+5 pts)
       Entry: $0.236600  |  Stop: $0.204189 (-13.70%)  |  Risk: $1500 (1.50% acct)
       Position: $10950 (10.95% acct, qty 46280.9917)
       TP1: $0.285216 (+20.6%, 1.5R, sell 40%)
       TP2: $0.333832 (+41.1%, 3.0R, sell 35%)
       TP3: $0.398654 (+68.5%, 5.0R, sell 25%)

  [26] MORPHO      score= 116.3  ST=5/6  price=$1.982600      24h= -1.19%  vol=$  1.8M
       TF:  1D=117  12H=101  6H=113  4H=145  2H= 84  1H=126
       Bonuses: 1H pre-pump (obv_stealth_accum)  (+2 pts)
       Entry: $1.982600  |  Stop: $1.752189 (-11.62%)  |  Risk: $1500 (1.50% acct)
       Position: $12907 (12.91% acct, qty 6510.1139)
       TP1: $2.328216 (+17.4%, 1.5R, sell 40%)
       TP2: $2.673832 (+34.9%, 3.0R, sell 35%)
       TP3: $3.134654 (+58.1%, 5.0R, sell 25%)

  [27] PENDLE      score= 116.1  ST=5/6  price=$1.457600      24h= -4.32%  vol=$  9.1M
       TF:  1D= 82  12H=111  6H=150  4H=139  2H= 78  1H= 92
       Bonuses: 1H pre-pump (bb_squeeze, obv_stealth_accum) | RS vs BTC 7d +19.4%  (+9 pts)
       Entry: $1.457600  |  Stop: $1.299746 (-10.83%)  |  Risk: $1500 (1.50% acct)
       Position: $13851 (13.85% acct, qty 9502.4774)
       TP1: $1.694380 (+16.2%, 1.5R, sell 40%)
       TP2: $1.931161 (+32.5%, 3.0R, sell 35%)
       TP3: $2.246868 (+54.1%, 5.0R, sell 25%)

  [28] HYPE        score= 115.8  ST=4/6  price=$71.106000     24h= -6.57%  vol=$896.8M
       TF:  1D=126  12H=136  6H=124  4H=125  2H= 69  1H= 27
       Bonuses: RS vs BTC 7d +28.6%  (+5 pts)
       Entry: $71.106000  |  Stop: $60.984321 (-14.23%)  |  Risk: $1500 (1.50% acct)
       Position: $10538 (10.54% acct, qty 148.1968)
       TP1: $86.288518 (+21.4%, 1.5R, sell 40%)
       TP2: $101.471036 (+42.7%, 3.0R, sell 35%)
       TP3: $121.714393 (+71.2%, 5.0R, sell 25%)

  [29] UNI         score= 115.5  ST=4/6  price=$3.224000      24h= -6.02%  vol=$ 56.7M
       TF:  1D=101  12H=114  6H=137  4H=123  2H= 55  1H= 68
       Bonuses: RSI div 1D (bullish) | 1H pre-pump (obv_stealth_accum) | RS vs BTC 7d +29.8%  (+12 pts)
       Entry: $3.224000  |  Stop: $2.881679 (-10.62%)  |  Risk: $1500 (1.50% acct)
       Position: $14127 (14.13% acct, qty 4381.8466)
       TP1: $3.737482 (+15.9%, 1.5R, sell 40%)
       TP2: $4.250964 (+31.9%, 3.0R, sell 35%)
       TP3: $4.935607 (+53.1%, 5.0R, sell 25%)

  [30] SPX         score= 115.3  ST=4/6  price=$0.427000      24h=-12.10%  vol=$ 20.7M
       TF:  1D=140  12H=124  6H=137  4H=102  2H= 43  1H= 53
       Bonuses: RS vs BTC 7d +36.2%  (+5 pts)
       Entry: $0.427000  |  Stop: $0.370182 (-13.31%)  |  Risk: $1500 (1.50% acct)
       Position: $11273 (11.27% acct, qty 26400.1509)
       TP1: $0.512227 (+20.0%, 1.5R, sell 40%)
       TP2: $0.597454 (+39.9%, 3.0R, sell 35%)
       TP3: $0.711089 (+66.5%, 5.0R, sell 25%)

  [31] MEME        score= 115.2  ST=4/6  price=$0.000592      24h= -4.19%  vol=$  2.5M
       TF:  1D=159  12H=101  6H= 86  4H= 79  2H= 39  1H= 61
       Bonuses: RSI div 1D (hidden_bullish) | 1H pre-pump (bb_squeeze, obv_divergence) | RS vs BTC 7d +6.1% | funding -0.0119%/8h  (+15 pts)
       Entry: $0.000592  |  Stop: $0.000503 (-15.00%)  |  Risk: $1500 (1.50% acct)
       Position: $10000 (10.00% acct, qty 16883336.1472)
       TP1: $0.000726 (+22.5%, 1.5R, sell 40%)
       TP2: $0.000859 (+45.0%, 3.0R, sell 35%)
       TP3: $0.001037 (+75.0%, 5.0R, sell 25%)

  [32] ASTER       score= 113.0  ST=4/6  price=$0.716700      24h=-14.75%  vol=$ 77.0M
       TF:  1D=143  12H=120  6H=133  4H= 99  2H= 60  1H= 20
       Bonuses: RS vs BTC 7d +10.9%  (+5 pts)
       Entry: $0.716700  |  Stop: $0.656625 (-8.38%)  |  Risk: $1500 (1.50% acct)
       Position: $17895 (17.90% acct, qty 24968.7890)
       TP1: $0.806813 (+12.6%, 1.5R, sell 40%)
       TP2: $0.896925 (+25.1%, 3.0R, sell 35%)
       TP3: $1.017075 (+41.9%, 5.0R, sell 25%)

  [33] B3          score= 112.9  ST=4/6  price=$0.000643      24h= -1.28%  vol=$  2.9M
       TF:  1D= 71  12H= 87  6H=158  4H=119  2H=104  1H=116
       Bonuses: RSI div 1D (bullish) | RS vs BTC 7d +6.7%  (+10 pts)
       Entry: $0.000643  |  Stop: $0.000546 (-15.00%)  |  Risk: $1500 (1.50% acct)
       Position: $10000 (10.00% acct, qty 15556938.3945)
       TP1: $0.000787 (+22.5%, 1.5R, sell 40%)
       TP2: $0.000932 (+45.0%, 3.0R, sell 35%)
       TP3: $0.001125 (+75.0%, 5.0R, sell 25%)

  [34] 1000FLOKI   score= 112.2  ST=3/6  price=$0.025950      24h= -0.38%  vol=$  5.3M
       TF:  1D= 96  12H= 83  6H=125  4H= 89  2H=129  1H=141
       Bonuses: 1H pre-pump (obv_divergence) | RS vs BTC 7d +2.6%  (+7 pts)
       Entry: $0.025950  |  Stop: $0.023557 (-9.22%)  |  Risk: $1500 (1.50% acct)
       Position: $16270 (16.27% acct, qty 626959.2476)
       TP1: $0.029539 (+13.8%, 1.5R, sell 40%)
       TP2: $0.033127 (+27.7%, 3.0R, sell 35%)
       TP3: $0.037913 (+46.1%, 5.0R, sell 25%)

  [35] EDEN        score= 111.9  ST=4/6  price=$0.043180      24h= +8.89%  vol=$  3.1M
       TF:  1D= 82  12H= 85  6H= 97  4H=138  2H=136  1H=154
       Bonuses: RS vs BTC 7d +7.4%  (+5 pts)
       Entry: $0.043180  |  Stop: $0.036703 (-15.00%)  |  Risk: $1500 (1.50% acct)
       Position: $10000 (10.00% acct, qty 231588.6985)
       TP1: $0.052895 (+22.5%, 1.5R, sell 40%)
       TP2: $0.062611 (+45.0%, 3.0R, sell 35%)
       TP3: $0.075565 (+75.0%, 5.0R, sell 25%)

  [36] ROBO        score= 111.9  ST=4/6  price=$0.020870      24h= +1.18%  vol=$  1.2M
       TF:  1D=102  12H=119  6H= 85  4H=137  2H=110  1H= 60
       Bonuses: 1H pre-pump (bb_squeeze) | RS vs BTC 7d +1.3%  (+7 pts)
       Entry: $0.020870  |  Stop: $0.017739 (-15.00%)  |  Risk: $1500 (1.50% acct)
       Position: $10000 (10.00% acct, qty 479156.6842)
       TP1: $0.025566 (+22.5%, 1.5R, sell 40%)
       TP2: $0.030262 (+45.0%, 3.0R, sell 35%)
       TP3: $0.036522 (+75.0%, 5.0R, sell 25%)

  [37] APE         score= 110.6  ST=4/6  price=$0.132140      24h= -0.72%  vol=$  3.5M
       TF:  1D= 48  12H=101  6H=142  4H=141  2H=158  1H=105
       Bonuses: RS vs BTC 7d +8.3%  (+5 pts)
       Entry: $0.132140  |  Stop: $0.116286 (-12.00%)  |  Risk: $1500 (1.50% acct)
       Position: $12502 (12.50% acct, qty 94613.7731)
       TP1: $0.155921 (+18.0%, 1.5R, sell 40%)
       TP2: $0.179702 (+36.0%, 3.0R, sell 35%)
       TP3: $0.211410 (+60.0%, 5.0R, sell 25%)

  [38] CFX         score= 110.6  ST=4/6  price=$0.051370      24h= -8.45%  vol=$  1.5M
       TF:  1D= 79  12H=108  6H=145  4H=138  2H= 93  1H= 63
       Bonuses: 1H pre-pump (obv_stealth_accum) | RS vs BTC 7d +13.7%  (+7 pts)
       Entry: $0.051370  |  Stop: $0.046692 (-9.11%)  |  Risk: $1500 (1.50% acct)
       Position: $16472 (16.47% acct, qty 320659.6427)
       TP1: $0.058387 (+13.7%, 1.5R, sell 40%)
       TP2: $0.065404 (+27.3%, 3.0R, sell 35%)
       TP3: $0.074759 (+45.5%, 5.0R, sell 25%)

  [39] BEL         score= 110.3  ST=5/6  price=$0.093560      24h= +2.63%  vol=$  1.2M
       TF:  1D= 93  12H=104  6H=133  4H=131  2H=109  1H= 58
       Bonuses: RS vs BTC 7d +11.8%  (+5 pts)
       Entry: $0.093560  |  Stop: $0.083397 (-10.86%)  |  Risk: $1500 (1.50% acct)
       Position: $13810 (13.81% acct, qty 147601.4760)
       TP1: $0.108804 (+16.3%, 1.5R, sell 40%)
       TP2: $0.124048 (+32.6%, 3.0R, sell 35%)
       TP3: $0.144372 (+54.3%, 5.0R, sell 25%)

  [40] ALT         score= 110.1  ST=3/6  price=$0.006651      24h= -2.15%  vol=$  1.5M
       TF:  1D= 87  12H=100  6H=135  4H=138  2H= 82  1H= 79
       Bonuses: 1H pre-pump (obv_stealth_accum) | RS vs BTC 7d +4.2%  (+7 pts)
       Entry: $0.006651  |  Stop: $0.005791 (-12.92%)  |  Risk: $1500 (1.50% acct)
       Position: $11607 (11.61% acct, qty 1745200.6981)
       TP1: $0.007940 (+19.4%, 1.5R, sell 40%)
       TP2: $0.009229 (+38.8%, 3.0R, sell 35%)
       TP3: $0.010948 (+64.6%, 5.0R, sell 25%)

  [41] ZK          score= 109.7  ST=4/6  price=$0.011580      24h= -2.67%  vol=$  4.2M
       TF:  1D= 75  12H= 85  6H=117  4H=134  2H=113  1H=105
       Bonuses: 1H pre-pump (bb_squeeze) | RS vs BTC 7d +7.8% | funding -0.0157%/8h  (+10 pts)
       Entry: $0.011580  |  Stop: $0.010037 (-13.32%)  |  Risk: $1500 (1.50% acct)
       Position: $11258 (11.26% acct, qty 972222.2222)
       TP1: $0.013894 (+20.0%, 1.5R, sell 40%)
       TP2: $0.016209 (+40.0%, 3.0R, sell 35%)
       TP3: $0.019294 (+66.6%, 5.0R, sell 25%)

  [42] WLFI        score= 109.6  ST=5/6  price=$0.062750      24h= -3.32%  vol=$  9.9M
       TF:  1D= 99  12H=115  6H=128  4H=138  2H= 70  1H= 56
       Bonuses: RS vs BTC 7d +1.8%  (+5 pts)
       Entry: $0.062750  |  Stop: $0.056386 (-10.14%)  |  Risk: $1500 (1.50% acct)
       Position: $14790 (14.79% acct, qty 235690.2357)
       TP1: $0.072296 (+15.2%, 1.5R, sell 40%)
       TP2: $0.081843 (+30.4%, 3.0R, sell 35%)
       TP3: $0.094571 (+50.7%, 5.0R, sell 25%)

  [43] CHIP        score= 109.2  ST=4/6  price=$0.034060      24h= +2.46%  vol=$  4.9M
       TF:  1D= 62  12H=108  6H=105  4H=122  2H=116  1H=153
       Bonuses: 1H pre-pump (obv_divergence) | RS vs BTC 7d +7.2%  (+7 pts)
       Entry: $0.034060  |  Stop: $0.028951 (-15.00%)  |  Risk: $1500 (1.50% acct)
       Position: $10000 (10.00% acct, qty 293599.5302)
       TP1: $0.041723 (+22.5%, 1.5R, sell 40%)
       TP2: $0.049387 (+45.0%, 3.0R, sell 35%)
       TP3: $0.059605 (+75.0%, 5.0R, sell 25%)

  [44] GUN         score= 107.8  ST=4/6  price=$0.006045      24h= +3.41%  vol=$  3.4M
       TF:  1D= 77  12H= 87  6H=111  4H=136  2H=127  1H=136
       Bonuses: funding -0.2356%/8h  (+3 pts)
       Entry: $0.006045  |  Stop: $0.005138 (-15.00%)  |  Risk: $1500 (1.50% acct)
       Position: $10000 (10.00% acct, qty 1654259.7188)
       TP1: $0.007405 (+22.5%, 1.5R, sell 40%)
       TP2: $0.008765 (+45.0%, 3.0R, sell 35%)
       TP3: $0.010579 (+75.0%, 5.0R, sell 25%)

  [45] POWER       score= 107.1  ST=5/6  price=$0.075610      24h= +1.55%  vol=$  1.4M
       TF:  1D=101  12H=106  6H=118  4H= 89  2H=136  1H=133
       Entry: $0.075610  |  Stop: $0.064269 (-15.00%)  |  Risk: $1500 (1.50% acct)
       Position: $10000 (10.00% acct, qty 132257.6379)
       TP1: $0.092622 (+22.5%, 1.5R, sell 40%)
       TP2: $0.109634 (+45.0%, 3.0R, sell 35%)
       TP3: $0.132318 (+75.0%, 5.0R, sell 25%)

  [46] ENA         score= 107.0  ST=4/6  price=$0.095020      24h= +0.86%  vol=$110.1M
       TF:  1D= 61  12H= 85  6H=138  4H=126  2H=119  1H=120
       Bonuses: 1H pre-pump (obv_stealth_accum) | RS vs BTC 7d +27.3%  (+7 pts)
       Entry: $0.095020  |  Stop: $0.080767 (-15.00%)  |  Risk: $1500 (1.50% acct)
       Position: $10000 (10.00% acct, qty 105241.0019)
       TP1: $0.116400 (+22.5%, 1.5R, sell 40%)
       TP2: $0.137779 (+45.0%, 3.0R, sell 35%)
       TP3: $0.166285 (+75.0%, 5.0R, sell 25%)

  [47] AAVE        score= 106.5  ST=4/6  price=$73.830000     24h= -4.04%  vol=$ 30.5M
       TF:  1D= 87  12H= 87  6H=125  4H=123  2H= 74  1H= 67
       Bonuses: 1H pre-pump (bb_squeeze, obv_stealth_accum) | RS vs BTC 7d +15.7% | funding -0.0209%/8h  (+12 pts)
       Entry: $73.830000  |  Stop: $65.932500 (-10.70%)  |  Risk: $1500 (1.50% acct)
       Position: $14023 (14.02% acct, qty 189.9335)
       TP1: $85.676250 (+16.1%, 1.5R, sell 40%)
       TP2: $97.522500 (+32.1%, 3.0R, sell 35%)
       TP3: $113.317500 (+53.5%, 5.0R, sell 25%)

  [48] OP          score= 106.5  ST=3/6  price=$0.108670      24h= -1.09%  vol=$ 13.8M
       TF:  1D= 65  12H=121  6H= 97  4H= 97  2H=112  1H=116
       Bonuses: 1H pre-pump (obv_stealth_accum) | RS vs BTC 7d +14.8% | funding -0.0119%/8h  (+10 pts)
       Entry: $0.108670  |  Stop: $0.094522 (-13.02%)  |  Risk: $1500 (1.50% acct)
       Position: $11521 (11.52% acct, qty 106020.4468)
       TP1: $0.129892 (+19.5%, 1.5R, sell 40%)
       TP2: $0.151115 (+39.1%, 3.0R, sell 35%)
       TP3: $0.179411 (+65.1%, 5.0R, sell 25%)

  [49] TRIA        score= 106.0  ST=4/6  price=$0.030837      24h= -7.99%  vol=$  2.2M
       TF:  1D= 75  12H=107  6H=120  4H=139  2H= 91  1H= 38
       Bonuses: RSI div 1D (bullish) | RS vs BTC 7d +18.6%  (+10 pts)
       Entry: $0.030837  |  Stop: $0.026211 (-15.00%)  |  Risk: $1500 (1.50% acct)
       Position: $10000 (10.00% acct, qty 324285.7606)
       TP1: $0.037775 (+22.5%, 1.5R, sell 40%)
       TP2: $0.044714 (+45.0%, 3.0R, sell 35%)
       TP3: $0.053965 (+75.0%, 5.0R, sell 25%)

  [50] ENS         score= 105.8  ST=4/6  price=$5.330000      24h= -2.69%  vol=$  2.0M
       TF:  1D= 92  12H= 94  6H=125  4H= 70  2H= 93  1H=118
       Bonuses: 1H pre-pump (bb_squeeze, obv_stealth_accum) | RS vs BTC 7d +12.6%  (+9 pts)
       Entry: $5.330000  |  Stop: $4.786250 (-10.20%)  |  Risk: $1500 (1.50% acct)
       Position: $14703 (14.70% acct, qty 2758.6207)
       TP1: $6.145625 (+15.3%, 1.5R, sell 40%)
       TP2: $6.961250 (+30.6%, 3.0R, sell 35%)
       TP3: $8.048750 (+51.0%, 5.0R, sell 25%)

--------------------------------------------------------------------------------
  WATCH  —  50 coin(s)  (worth tracking)
--------------------------------------------------------------------------------
  #   Symbol      Score  ST         Price    24h%   Vol $M  TF breakdown
  ------------------------------------------------------------------------------
    1 SENT        101.1  2/6  $   0.017343  -6.72%  $    3.4  1D=148  12H=148  6H= 66  4H= 72  2H= 28  1H= 10
    2 HYPER        99.8  3/6  $   0.080100  -6.14%  $    1.4  1D= 77  12H= 80  6H=159  4H=109  2H= 76  1H= 29
    3 WIF          99.7  2/6  $   0.167140  -5.28%  $   18.4  1D= 85  12H= 77  6H=130  4H=101  2H= 53  1H= 85
    4 SEI          99.3  4/6  $   0.055040  -4.52%  $    8.2  1D= 79  12H=105  6H=125  4H=105  2H= 75  1H= 27
    5 LDO          99.2  4/6  $   0.277000  -5.99%  $   10.2  1D= 75  12H= 79  6H=116  4H=125  2H= 78  1H= 99
    6 VELVET       98.9  2/6  $   0.340730 +18.27%  $   11.0  1D= 90  12H= 82  6H= 54  4H= 98  2H=118  1H=133
    7 GRASS        98.5  2/6  $   0.436140 -19.56%  $    6.2  1D=123  12H=129  6H= 83  4H= 69  2H= 28  1H= 21
    8 AKT          98.5  3/6  $   0.749400 -12.92%  $    4.5  1D=146  12H=122  6H= 57  4H= 43  2H= 27  1H= 60
    9 ROAM         98.2  4/6  $   0.008757  -8.23%  $    1.5  1D=101  12H=135  6H= 81  4H= 55  2H= 25  1H= 75
   10 1000TAG      97.8  1/6  $   1.246500 -22.69%  $    1.0  1D=109  12H=118  6H=100  4H= 73  2H= 33  1H= 38
   11 JCT          97.1  5/6  $   0.005936  -7.12%  $    1.0  1D=154  12H= 86  6H= 76  4H= 48  2H= 49  1H= 73
   12 FIDA         95.8  5/6  $   0.024159  -4.09%  $    3.3  1D=110  12H=108  6H= 82  4H= 87  2H= 47  1H= 44
   13 TRUST        95.5  2/6  $   0.049410  +0.20%  $    3.5  1D= 65  12H= 88  6H=145  4H=130  2H= 72  1H= 48
   14 LIT          95.0  4/6  $   1.720700 -14.38%  $   21.9  1D=141  12H= 83  6H= 82  4H= 78  2H= 18  1H= 58
   15 SKY          95.0  3/6  $   0.056930  -3.56%  $    2.6  1D= 61  12H= 80  6H=115  4H=111  2H= 90  1H=132
   16 COAI         94.8  3/6  $   0.345600  -5.89%  $    2.7  1D=123  12H= 79  6H= 96  4H= 81  2H= 58  1H= 30
   17 ZEC          92.6  3/6  $ 477.050000  -4.31%  $  182.7  1D=105  12H=115  6H= 69  4H= 70  2H= 36  1H= 70
   18 IP           92.1  3/6  $   0.316700  -5.99%  $   10.1  1D= 75  12H= 90  6H=115  4H= 80  2H= 62  1H= 14
   19 HOME         91.4  2/6  $   0.028878  +5.72%  $   51.0  1D= 67  12H= 70  6H=118  4H=105  2H=112  1H= 57
   20 SPACE        91.1  4/6  $   0.007524 -12.56%  $    1.8  1D=118  12H=108  6H= 80  4H= 68  2H= 54  1H= 28
   21 COMP         91.0  3/6  $  17.635000  -3.26%  $    1.3  1D= 95  12H= 82  6H= 90  4H= 87  2H= 66  1H= 65
   22 WHITEWHALE   90.6  2/6  $   0.003628  -4.67%  $    1.4  1D= 78  12H=111  6H= 83  4H=115  2H=108  1H= 39
   23 ELSA         90.2  3/6  $   0.050770  -6.44%  $    1.1  1D= 85  12H=108  6H=119  4H= 87  2H= 46  1H= 34
   24 TRX          88.9  3/6  $   0.321560  -0.77%  $    9.3  1D= 56  12H= 69  6H=102  4H=122  2H=108  1H= 49
   25 NIL          88.8  5/6  $   0.041620  +0.83%  $    1.3  1D= 55  12H=117  6H=115  4H= 70  2H= 40  1H=104
   26 IO           88.5  4/6  $   0.172740  -5.30%  $    3.3  1D=141  12H= 85  6H= 58  4H= 69  2H= 40  1H= 62
   27 FARTCOIN     87.5  3/6  $   0.131580  -9.48%  $   40.9  1D= 85  12H= 77  6H= 95  4H= 90  2H= 73  1H= 68
   28 ONDO         87.0  2/6  $   0.364600  -2.53%  $   63.7  1D= 63  12H= 72  6H= 80  4H= 70  2H=114  1H=108
   29 POL          86.0  2/6  $   0.076830  -1.24%  $    6.2  1D= 48  12H=104  6H= 82  4H= 77  2H=111  1H= 96
   30 OPEN         85.0  4/6  $   0.229330 -10.30%  $    5.5  1D=138  12H= 99  6H= 67  4H= 47  2H= 26  1H= 13
   31 JASMY        84.1  3/6  $   0.004917  -4.54%  $    3.2  1D= 69  12H=100  6H= 52  4H= 52  2H= 74  1H=113
   32 FIL          83.5  3/6  $   0.797800  -5.07%  $   10.0  1D= 69  12H= 85  6H= 87  4H= 69  2H= 56  1H= 81
   33 ATH          83.5  3/6  $   0.004775  -7.32%  $    2.2  1D= 65  12H=113  6H= 61  4H= 60  2H= 32  1H= 87
   34 WCT          83.1  2/6  $   0.047740  -7.01%  $    1.2  1D= 96  12H= 85  6H= 52  4H= 82  2H= 32  1H= 33
   35 NEAR         82.8  0/6  $   2.180500  -4.85%  $  128.5  1D= 88  12H= 96  6H= 52  4H= 39  2H= 65  1H= 95
   36 HBAR         82.8  3/6  $   0.081210  -2.68%  $   13.4  1D= 74  12H= 95  6H= 80  4H= 85  2H= 53  1H=100
   37 CRV          82.7  3/6  $   0.227200  -8.23%  $   11.3  1D=145  12H= 57  6H= 35  4H= 38  2H= 21  1H=102
   38 H            80.8  2/6  $   0.239250 +10.26%  $   86.7  1D= 67  12H= 91  6H= 70  4H= 50  2H=106  1H= 91
   39 WAL          80.8  3/6  $   0.034490  -2.12%  $    1.2  1D= 61  12H= 87  6H= 63  4H= 51  2H= 79  1H=117
   40 BOME         79.8  2/6  $   0.000451  -4.74%  $    1.3  1D= 72  12H= 93  6H= 76  4H= 60  2H= 30  1H= 70
   41 M            79.7  2/6  $   2.932100  -3.68%  $    3.5  1D= 69  12H= 99  6H= 98  4H= 59  2H= 58  1H= 81
   42 HIGH         79.6  2/6  $   0.045940 -10.12%  $    5.5  1D= 54  12H= 89  6H=112  4H=122  2H= 40  1H= 38
   43 1000PEPE     78.8  2/6  $   0.002946  -5.00%  $   69.9  1D= 71  12H= 94  6H= 81  4H= 47  2H= 38  1H= 64
   44 JELLYJELLY   78.8  3/6  $   0.061420 -11.92%  $    1.3  1D=132  12H= 81  6H= 35  4H= 42  2H= 43  1H= 19
   45 ETH          78.7  2/6  $1,749.680000  -2.48%  $ 2657.7  1D= 61  12H=106  6H= 84  4H= 89  2H= 28  1H= 41
   46 TAO          78.3  4/6  $ 246.300000  -7.50%  $   56.8  1D= 92  12H=113  6H= 70  4H= 48  2H= 32  1H= 34
   47 AXL          77.9  2/6  $   0.047420  -7.70%  $    1.2  1D=100  12H= 76  6H= 67  4H= 45  2H= 18  1H= 27
   48 PYTH         77.8  3/6  $   0.038880  -7.38%  $    4.4  1D= 92  12H=105  6H= 58  4H= 50  2H= 34  1H= 58
   49 STG          77.6  3/6  $   0.239580  -3.18%  $    9.8  1D= 67  12H= 44  6H= 59  4H= 95  2H=115  1H=111
   50 CAKE         77.5  3/6  $   1.376400  -4.86%  $    1.6  1D= 85  12H= 93  6H= 44  4H= 48  2H= 44  1H= 60

================================================================================
2026-06-18 16:36:16,407 [INFO]   Saved → trend_v3_LATEST.txt, trend_v3_LATEST.json, trend_v3_20260618_163616.txt
2026-06-18 17:43:44,398 [INFO] ================================================================
2026-06-18 17:43:44,399 [INFO] TREND SCANNER v3.0
2026-06-18 17:43:44,399 [INFO] ================================================================
2026-06-18 17:43:44,400 [INFO] Building universe (Bybit perps)...
2026-06-18 17:43:45,614 [INFO]   Universe (post-filter): 275 coins
2026-06-18 17:43:45,614 [INFO] Fetching BTC 1D for regime detection...
2026-06-18 17:43:46,514 [INFO]   Regime: BULL  |  BTC 7d +4.87%  |  24h -1.77%
2026-06-18 17:43:46,515 [INFO] Scanning 275 coins across 6 timeframes...
2026-06-18 17:43:46,515 [INFO] (this is the slowest scanner — first run ~10min, subsequent ~2-3min)
2026-06-18 17:43:51,026 [INFO]   ...20/275  (surfaced: 12)
2026-06-18 17:43:59,810 [INFO]   ...60/275  (surfaced: 36)
2026-06-18 17:44:05,314 [INFO]   ...80/275  (surfaced: 50)
2026-06-18 17:44:10,197 [INFO]   ...100/275  (surfaced: 62)
2026-06-18 17:44:14,663 [INFO]   ...120/275  (surfaced: 72)
2026-06-18 17:44:21,288 [INFO]   ...140/275  (surfaced: 79)
2026-06-18 17:44:40,564 [INFO]   ...200/275  (surfaced: 119)
2026-06-18 17:44:45,984 [INFO]   ...220/275  (surfaced: 129)
2026-06-18 17:44:57,613 [INFO]   ...260/275  (surfaced: 153)
2026-06-18 17:45:11,808 [INFO] Done in 87s  |  scanned=233  failed=42  strong=28  long=50  watch=50
2026-06-18 17:45:11,810 [INFO] 
================================================================================
  TREND SCANNER v3.0  —  multi-timeframe confirmation + trade plans
  Generated  : 2026-06-18 17:45:11
  Universe   : 275 Bybit perps  |  Scanned: 233
  Scan time  : 87s
================================================================================

  Regime     : 🟢 BULL
               BTC 7d +4.87%  |  24h -1.77%  |  $64,509

  Account    : $100,000  |  Risk/trade: 1.5%

  Tiers (bull):  STRONG ≥ 130 & ST≥4  |  LONG ≥ 100 & ST≥3  |  WATCH ≥ 70

  TF weights : 1D×0.28 · 12H×0.2 · 6H×0.15 · 4H×0.15 · 2H×0.12 · 1H×0.1

--------------------------------------------------------------------------------
  STRONG  —  28 coin(s)  (highest conviction, full position)
--------------------------------------------------------------------------------

  [ 1] ZEREBRO     score= 162.3  ST=6/6  price=$0.029451      24h=+21.32%  vol=$ 19.5M
       TF:  1D=161  12H=167  6H=144  4H=154  2H=152  1H=159
       Bonuses: RS vs BTC 7d +8.7%  (+5 pts)
       Entry: $0.029451  |  Stop: $0.025033 (-15.00%)  |  Risk: $1500 (1.50% acct)
       Position: $10000 (10.00% acct, qty 339547.0442)
       TP1: $0.036077 (+22.5%, 1.5R, sell 40%)
       TP2: $0.042704 (+45.0%, 3.0R, sell 35%)
       TP3: $0.051539 (+75.0%, 5.0R, sell 25%)

  [ 2] FOLKS       score= 159.8  ST=6/6  price=$2.415200      24h= +6.04%  vol=$ 15.6M
       TF:  1D=151  12H=169  6H=151  4H=152  2H=142  1H=162
       Bonuses: RS vs BTC 7d +2.6%  (+5 pts)
       Entry: $2.415200  |  Stop: $2.052920 (-15.00%)  |  Risk: $1500 (1.50% acct)
       Position: $10000 (10.00% acct, qty 4140.4439)
       TP1: $2.958620 (+22.5%, 1.5R, sell 40%)
       TP2: $3.502040 (+45.0%, 3.0R, sell 35%)
       TP3: $4.226600 (+75.0%, 5.0R, sell 25%)

  [ 3] CLO         score= 158.4  ST=5/6  price=$0.177380      24h= +3.83%  vol=$ 17.3M
       TF:  1D=166  12H=169  6H=131  4H=142  2H=143  1H=150
       Bonuses: RS vs BTC 7d +58.4%  (+5 pts)
       Entry: $0.177380  |  Stop: $0.150773 (-15.00%)  |  Risk: $1500 (1.50% acct)
       Position: $10000 (10.00% acct, qty 56376.1416)
       TP1: $0.217290 (+22.5%, 1.5R, sell 40%)
       TP2: $0.257201 (+45.0%, 3.0R, sell 35%)
       TP3: $0.310415 (+75.0%, 5.0R, sell 25%)

  [ 4] TRUTH       score= 153.6  ST=6/6  price=$0.014517      24h= +6.36%  vol=$  2.3M
       TF:  1D=119  12H=169  6H=163  4H=150  2H=159  1H=154
       Bonuses: RS vs BTC 7d +21.0%  (+5 pts)
       Entry: $0.014517  |  Stop: $0.012339 (-15.00%)  |  Risk: $1500 (1.50% acct)
       Position: $10000 (10.00% acct, qty 688847.5580)
       TP1: $0.017783 (+22.5%, 1.5R, sell 40%)
       TP2: $0.021050 (+45.0%, 3.0R, sell 35%)
       TP3: $0.025405 (+75.0%, 5.0R, sell 25%)

  [ 5] US          score= 151.3  ST=5/6  price=$0.015181      24h= +3.89%  vol=$  6.1M
       TF:  1D=154  12H=157  6H=139  4H=134  2H=154  1H=124
       Bonuses: RS vs BTC 7d +14.2%  (+5 pts)
       Entry: $0.015181  |  Stop: $0.012904 (-15.00%)  |  Risk: $1500 (1.50% acct)
       Position: $10000 (10.00% acct, qty 658718.1345)
       TP1: $0.018597 (+22.5%, 1.5R, sell 40%)
       TP2: $0.022012 (+45.0%, 3.0R, sell 35%)
       TP3: $0.026567 (+75.0%, 5.0R, sell 25%)

  [ 6] TAC         score= 146.0  ST=6/6  price=$0.024117      24h= +2.51%  vol=$  8.1M
       TF:  1D=157  12H=144  6H=147  4H=135  2H=159  1H= 69
       Bonuses: RS vs BTC 7d +39.8%  (+5 pts)
       Entry: $0.024117  |  Stop: $0.021579 (-10.52%)  |  Risk: $1500 (1.50% acct)
       Position: $14253 (14.25% acct, qty 590991.5995)
       TP1: $0.027924 (+15.8%, 1.5R, sell 40%)
       TP2: $0.031731 (+31.6%, 3.0R, sell 35%)
       TP3: $0.036808 (+52.6%, 5.0R, sell 25%)

  [ 7] BLUAI       score= 145.6  ST=6/6  price=$0.015225      24h= +7.44%  vol=$  2.4M
       TF:  1D=107  12H=136  6H=145  4H=178  2H=155  1H=144
       Bonuses: 1H pre-pump (obv_stealth_accum) | RS vs BTC 7d +22.9%  (+7 pts)
       Entry: $0.015225  |  Stop: $0.012941 (-15.00%)  |  Risk: $1500 (1.50% acct)
       Position: $10000 (10.00% acct, qty 656814.4499)
       TP1: $0.018651 (+22.5%, 1.5R, sell 40%)
       TP2: $0.022076 (+45.0%, 3.0R, sell 35%)
       TP3: $0.026644 (+75.0%, 5.0R, sell 25%)

  [ 8] XLM         score= 144.7  ST=5/6  price=$0.225450      24h= +7.44%  vol=$131.2M
       TF:  1D=121  12H=134  6H=142  4H=155  2H=165  1H=147
       Bonuses: RS vs BTC 7d +18.5%  (+5 pts)
       Entry: $0.225450  |  Stop: $0.197160 (-12.55%)  |  Risk: $1500 (1.50% acct)
       Position: $11954 (11.95% acct, qty 53022.2694)
       TP1: $0.267885 (+18.8%, 1.5R, sell 40%)
       TP2: $0.310320 (+37.6%, 3.0R, sell 35%)
       TP3: $0.366900 (+62.7%, 5.0R, sell 25%)

  [ 9] MEGA        score= 141.1  ST=6/6  price=$0.057060      24h=+12.87%  vol=$ 17.0M
       TF:  1D=105  12H=127  6H=155  4H=130  2H=129  1H=161
       Bonuses: RSI div 1D (bullish) | 1H pre-pump (obv_stealth_accum) | RS vs BTC 7d +29.3%  (+12 pts)
       Entry: $0.057060  |  Stop: $0.048501 (-15.00%)  |  Risk: $1500 (1.50% acct)
       Position: $10000 (10.00% acct, qty 175254.1185)
       TP1: $0.069899 (+22.5%, 1.5R, sell 40%)
       TP2: $0.082737 (+45.0%, 3.0R, sell 35%)
       TP3: $0.099855 (+75.0%, 5.0R, sell 25%)

  [10] MMT         score= 139.0  ST=6/6  price=$0.140620      24h= -0.23%  vol=$  1.1M
       TF:  1D=116  12H=127  6H=160  4H=148  2H=112  1H=105
       Bonuses: 1H pre-pump (bb_squeeze, obv_divergence, obv_stealth_accum) | RS vs BTC 7d +33.3%  (+11 pts)
       Entry: $0.140620  |  Stop: $0.125252 (-10.93%)  |  Risk: $1500 (1.50% acct)
       Position: $13726 (13.73% acct, qty 97608.5896)
       TP1: $0.163671 (+16.4%, 1.5R, sell 40%)
       TP2: $0.186723 (+32.8%, 3.0R, sell 35%)
       TP3: $0.217457 (+54.6%, 5.0R, sell 25%)

  [11] ETHFI       score= 138.7  ST=5/6  price=$0.382300      24h= -3.93%  vol=$ 16.7M
       TF:  1D=108  12H=155  6H=153  4H=157  2H=132  1H=101
       Bonuses: RS vs BTC 7d +26.1%  (+5 pts)
       Entry: $0.382300  |  Stop: $0.337696 (-11.67%)  |  Risk: $1500 (1.50% acct)
       Position: $12857 (12.86% acct, qty 33629.5940)
       TP1: $0.449205 (+17.5%, 1.5R, sell 40%)
       TP2: $0.516111 (+35.0%, 3.0R, sell 35%)
       TP3: $0.605318 (+58.3%, 5.0R, sell 25%)

  [12] BIO         score= 138.2  ST=5/6  price=$0.034740      24h= -1.32%  vol=$ 20.1M
       TF:  1D= 92  12H=145  6H=128  4H=147  2H=159  1H=111
       Bonuses: RSI div 1D (bullish) | 1H pre-pump (obv_stealth_accum) | RS vs BTC 7d +14.6%  (+12 pts)
       Entry: $0.034740  |  Stop: $0.029529 (-15.00%)  |  Risk: $1500 (1.50% acct)
       Position: $10000 (10.00% acct, qty 287852.6195)
       TP1: $0.042556 (+22.5%, 1.5R, sell 40%)
       TP2: $0.050373 (+45.0%, 3.0R, sell 35%)
       TP3: $0.060795 (+75.0%, 5.0R, sell 25%)

  [13] PARTI       score= 138.2  ST=6/6  price=$0.059680      24h= -0.05%  vol=$  1.1M
       TF:  1D=136  12H=126  6H=141  4H=131  2H=123  1H=104
       Bonuses: RSI div 1D (bullish) | 1H pre-pump (bb_squeeze, obv_stealth_accum)  (+9 pts)
       Entry: $0.059680  |  Stop: $0.050728 (-15.00%)  |  Risk: $1500 (1.50% acct)
       Position: $10000 (10.00% acct, qty 167560.3217)
       TP1: $0.073108 (+22.5%, 1.5R, sell 40%)
       TP2: $0.086536 (+45.0%, 3.0R, sell 35%)
       TP3: $0.104440 (+75.0%, 5.0R, sell 25%)

  [14] ALLO        score= 137.6  ST=6/6  price=$0.368280      24h= +6.13%  vol=$  9.9M
       TF:  1D=134  12H=141  6H=152  4H=122  2H=137  1H=143
       Entry: $0.368280  |  Stop: $0.313038 (-15.00%)  |  Risk: $1500 (1.50% acct)
       Position: $10000 (10.00% acct, qty 27153.2530)
       TP1: $0.451143 (+22.5%, 1.5R, sell 40%)
       TP2: $0.534006 (+45.0%, 3.0R, sell 35%)
       TP3: $0.644490 (+75.0%, 5.0R, sell 25%)

  [15] ORCA        score= 136.7  ST=6/6  price=$1.230700      24h= -3.48%  vol=$  4.6M
       TF:  1D=117  12H=118  6H=117  4H=142  2H=145  1H=141
       Bonuses: 1H pre-pump (obv_stealth_accum) | RS vs BTC 7d +22.6% | funding -0.1056%/8h  (+10 pts)
       Entry: $1.230700  |  Stop: $1.066311 (-13.36%)  |  Risk: $1500 (1.50% acct)
       Position: $11230 (11.23% acct, qty 9124.6823)
       TP1: $1.477284 (+20.0%, 1.5R, sell 40%)
       TP2: $1.723868 (+40.1%, 3.0R, sell 35%)
       TP3: $2.052646 (+66.8%, 5.0R, sell 25%)

  [16] RUNE        score= 136.5  ST=6/6  price=$0.417700      24h= -4.38%  vol=$  2.3M
       TF:  1D=110  12H=130  6H=157  4H=163  2H=127  1H= 85
       Bonuses: RS vs BTC 7d +5.6% | funding -0.0160%/8h  (+8 pts)
       Entry: $0.417700  |  Stop: $0.366871 (-12.17%)  |  Risk: $1500 (1.50% acct)
       Position: $12327 (12.33% acct, qty 29510.9612)
       TP1: $0.493943 (+18.2%, 1.5R, sell 40%)
       TP2: $0.570186 (+36.5%, 3.0R, sell 35%)
       TP3: $0.671843 (+60.8%, 5.0R, sell 25%)

  [17] ZAMA        score= 135.7  ST=4/6  price=$0.034200      24h= -5.80%  vol=$  2.5M
       TF:  1D=137  12H=147  6H=153  4H=159  2H= 91  1H= 22
       Bonuses: RSI div 1D (hidden_bullish) | RS vs BTC 7d +7.1%  (+8 pts)
       Entry: $0.034200  |  Stop: $0.030044 (-12.15%)  |  Risk: $1500 (1.50% acct)
       Position: $12343 (12.34% acct, qty 360917.7623)
       TP1: $0.040434 (+18.2%, 1.5R, sell 40%)
       TP2: $0.046668 (+36.5%, 3.0R, sell 35%)
       TP3: $0.054980 (+60.8%, 5.0R, sell 25%)

  [18] XAN         score= 135.3  ST=5/6  price=$0.010610      24h= -7.18%  vol=$  1.6M
       TF:  1D=100  12H=126  6H=154  4H=155  2H=134  1H=117
       Bonuses: RS vs BTC 7d +36.1% | funding -0.0346%/8h  (+8 pts)
       Entry: $0.010610  |  Stop: $0.009223 (-13.07%)  |  Risk: $1500 (1.50% acct)
       Position: $11477 (11.48% acct, qty 1081749.3432)
       TP1: $0.012690 (+19.6%, 1.5R, sell 40%)
       TP2: $0.014770 (+39.2%, 3.0R, sell 35%)
       TP3: $0.017543 (+65.3%, 5.0R, sell 25%)

  [19] LAB         score= 134.2  ST=6/6  price=$13.125000     24h=+22.19%  vol=$ 49.9M
       TF:  1D=109  12H=112  6H=165  4H=154  2H=153  1H=131
       Bonuses: RS vs BTC 7d +62.7%  (+2 pts)
       Entry: $13.125000  |  Stop: $11.156250 (-15.00%)  |  Risk: $1500 (1.50% acct)
       Position: $10000 (10.00% acct, qty 761.9048)
       TP1: $16.078125 (+22.5%, 1.5R, sell 40%)
       TP2: $19.031250 (+45.0%, 3.0R, sell 35%)
       TP3: $22.968750 (+75.0%, 5.0R, sell 25%)

  [20] PHA         score= 133.6  ST=4/6  price=$0.036830      24h= +2.40%  vol=$  1.5M
       TF:  1D= 90  12H=130  6H=165  4H=139  2H=170  1H=114
       Bonuses: RS vs BTC 7d +15.4%  (+5 pts)
       Entry: $0.036830  |  Stop: $0.031856 (-13.50%)  |  Risk: $1500 (1.50% acct)
       Position: $11108 (11.11% acct, qty 301594.1405)
       TP1: $0.044290 (+20.3%, 1.5R, sell 40%)
       TP2: $0.051751 (+40.5%, 3.0R, sell 35%)
       TP3: $0.061698 (+67.5%, 5.0R, sell 25%)

  [21] BSB         score= 133.1  ST=6/6  price=$0.596200      24h= +4.98%  vol=$ 38.0M
       TF:  1D=120  12H=119  6H=149  4H=144  2H=106  1H=140
       Bonuses: RS vs BTC 7d +105.8%  (+5 pts)
       Entry: $0.596200  |  Stop: $0.506770 (-15.00%)  |  Risk: $1500 (1.50% acct)
       Position: $10000 (10.00% acct, qty 16772.8950)
       TP1: $0.730345 (+22.5%, 1.5R, sell 40%)
       TP2: $0.864490 (+45.0%, 3.0R, sell 35%)
       TP3: $1.043350 (+75.0%, 5.0R, sell 25%)

  [22] BANANAS31   score= 133.1  ST=5/6  price=$0.011286      24h= -3.09%  vol=$  2.3M
       TF:  1D=103  12H=130  6H=153  4H=149  2H=130  1H= 54
       Bonuses: RSI div 1D (bullish) | 1H pre-pump (obv_divergence) | RS vs BTC 7d +5.9%  (+12 pts)
       Entry: $0.011286  |  Stop: $0.009593 (-15.00%)  |  Risk: $1500 (1.50% acct)
       Position: $10000 (10.00% acct, qty 886053.5176)
       TP1: $0.013825 (+22.5%, 1.5R, sell 40%)
       TP2: $0.016365 (+45.0%, 3.0R, sell 35%)
       TP3: $0.019751 (+75.0%, 5.0R, sell 25%)

  [23] ARC         score= 132.8  ST=5/6  price=$0.084320      24h= -4.01%  vol=$  2.0M
       TF:  1D=141  12H=125  6H=137  4H=122  2H=150  1H= 75
       Bonuses: 1H pre-pump (bb_squeeze, obv_stealth_accum)  (+4 pts)
       Entry: $0.084320  |  Stop: $0.072848 (-13.61%)  |  Risk: $1500 (1.50% acct)
       Position: $11025 (11.03% acct, qty 130755.5805)
       TP1: $0.101528 (+20.4%, 1.5R, sell 40%)
       TP2: $0.118735 (+40.8%, 3.0R, sell 35%)
       TP3: $0.141679 (+68.0%, 5.0R, sell 25%)

  [24] CC          score= 131.9  ST=6/6  price=$0.162590      24h= -4.03%  vol=$  2.2M
       TF:  1D=145  12H=124  6H=135  4H=137  2H=125  1H= 57
       Bonuses: 1H pre-pump (bb_squeeze) | funding -0.0107%/8h  (+5 pts)
       Entry: $0.162590  |  Stop: $0.146644 (-9.81%)  |  Risk: $1500 (1.50% acct)
       Position: $15294 (15.29% acct, qty 94067.0564)
       TP1: $0.186509 (+14.7%, 1.5R, sell 40%)
       TP2: $0.210428 (+29.4%, 3.0R, sell 35%)
       TP3: $0.242320 (+49.0%, 5.0R, sell 25%)

  [25] JTO         score= 131.6  ST=5/6  price=$0.698900      24h= -6.39%  vol=$ 23.6M
       TF:  1D=161  12H=137  6H=111  4H=107  2H= 87  1H= 70
       Bonuses: 1H pre-pump (bb_squeeze, obv_stealth_accum) | RS vs BTC 7d +17.6%  (+9 pts)
       Entry: $0.698900  |  Stop: $0.594065 (-15.00%)  |  Risk: $1500 (1.50% acct)
       Position: $10000 (10.00% acct, qty 14308.1986)
       TP1: $0.856152 (+22.5%, 1.5R, sell 40%)
       TP2: $1.013405 (+45.0%, 3.0R, sell 35%)
       TP3: $1.223075 (+75.0%, 5.0R, sell 25%)

  [26] BRETT       score= 130.6  ST=5/6  price=$0.006774      24h= -9.16%  vol=$  2.9M
       TF:  1D= 90  12H=142  6H=181  4H=121  2H=120  1H=103
       Bonuses: 1H pre-pump (bb_squeeze) | RS vs BTC 7d +22.9%  (+7 pts)
       Entry: $0.006774  |  Stop: $0.005758 (-15.00%)  |  Risk: $1500 (1.50% acct)
       Position: $10000 (10.00% acct, qty 1476232.6543)
       TP1: $0.008298 (+22.5%, 1.5R, sell 40%)
       TP2: $0.009822 (+45.0%, 3.0R, sell 35%)
       TP3: $0.011855 (+75.0%, 5.0R, sell 25%)

  [27] WLD         score= 130.4  ST=5/6  price=$0.658000      24h= -8.39%  vol=$157.8M
       TF:  1D=161  12H=137  6H=125  4H=113  2H= 87  1H= 38
       Bonuses: RSI div 1D (hidden_bullish) | RS vs BTC 7d +41.2%  (+8 pts)
       Entry: $0.658000  |  Stop: $0.559300 (-15.00%)  |  Risk: $1500 (1.50% acct)
       Position: $10000 (10.00% acct, qty 15197.5684)
       TP1: $0.806050 (+22.5%, 1.5R, sell 40%)
       TP2: $0.954100 (+45.0%, 3.0R, sell 35%)
       TP3: $1.151500 (+75.0%, 5.0R, sell 25%)

  [28] EVAA        score= 130.3  ST=5/6  price=$0.612400      24h=+10.76%  vol=$  4.5M
       TF:  1D=143  12H=151  6H=113  4H= 89  2H= 78  1H=104
       Bonuses: RSI div 1D (bullish) | RS vs BTC 7d +60.8%  (+10 pts)
       Entry: $0.612400  |  Stop: $0.520540 (-15.00%)  |  Risk: $1500 (1.50% acct)
       Position: $10000 (10.00% acct, qty 16329.1966)
       TP1: $0.750190 (+22.5%, 1.5R, sell 40%)
       TP2: $0.887980 (+45.0%, 3.0R, sell 35%)
       TP3: $1.071700 (+75.0%, 5.0R, sell 25%)

--------------------------------------------------------------------------------
  LONG  —  50 coin(s)  (tradeable trend)
--------------------------------------------------------------------------------

  [ 1] KAITO       score= 133.1  ST=3/6  price=$0.466200      24h= -1.29%  vol=$  1.5M
       TF:  1D=100  12H=135  6H=154  4H=106  2H=125  1H=121
       Bonuses: RSI div 1D (bullish) | 1H pre-pump (obv_stealth_accum) | RS vs BTC 7d +3.6%  (+12 pts)
       Entry: $0.466200  |  Stop: $0.413046 (-11.40%)  |  Risk: $1500 (1.50% acct)
       Position: $13156 (13.16% acct, qty 28220.1169)
       TP1: $0.545930 (+17.1%, 1.5R, sell 40%)
       TP2: $0.625661 (+34.2%, 3.0R, sell 35%)
       TP3: $0.731968 (+57.0%, 5.0R, sell 25%)

  [ 2] EPIC        score= 129.8  ST=4/6  price=$0.657700      24h=-11.11%  vol=$  3.8M
       TF:  1D=150  12H=130  6H=134  4H=157  2H= 88  1H= 26
       Bonuses: RS vs BTC 7d +19.4%  (+5 pts)
       Entry: $0.657700  |  Stop: $0.559045 (-15.00%)  |  Risk: $1500 (1.50% acct)
       Position: $10000 (10.00% acct, qty 15204.5005)
       TP1: $0.805682 (+22.5%, 1.5R, sell 40%)
       TP2: $0.953665 (+45.0%, 3.0R, sell 35%)
       TP3: $1.150975 (+75.0%, 5.0R, sell 25%)

  [ 3] ENJ         score= 128.6  ST=5/6  price=$0.034077      24h= +0.67%  vol=$  5.8M
       TF:  1D= 96  12H=109  6H=163  4H=135  2H=142  1H=102
       Bonuses: RS vs BTC 7d +16.0% | funding -0.0195%/8h  (+8 pts)
       Entry: $0.034077  |  Stop: $0.029831 (-12.46%)  |  Risk: $1500 (1.50% acct)
       Position: $12040 (12.04% acct, qty 353312.3028)
       TP1: $0.040445 (+18.7%, 1.5R, sell 40%)
       TP2: $0.046814 (+37.4%, 3.0R, sell 35%)
       TP3: $0.055305 (+62.3%, 5.0R, sell 25%)

  [ 4] AT          score= 128.4  ST=5/6  price=$0.157620      24h= -7.14%  vol=$  2.9M
       TF:  1D=114  12H=145  6H=129  4H=143  2H=128  1H= 33
       Bonuses: RSI div 1D (hidden_bullish) | RS vs BTC 7d +29.2%  (+8 pts)
       Entry: $0.157620  |  Stop: $0.133977 (-15.00%)  |  Risk: $1500 (1.50% acct)
       Position: $10000 (10.00% acct, qty 63443.7254)
       TP1: $0.193084 (+22.5%, 1.5R, sell 40%)
       TP2: $0.228549 (+45.0%, 3.0R, sell 35%)
       TP3: $0.275835 (+75.0%, 5.0R, sell 25%)

  [ 5] AERO        score= 128.0  ST=5/6  price=$0.439600      24h=-15.21%  vol=$ 19.2M
       TF:  1D=124  12H=125  6H=161  4H=140  2H= 59  1H=110
       Bonuses: RS vs BTC 7d +27.9%  (+5 pts)
       Entry: $0.439600  |  Stop: $0.382279 (-13.04%)  |  Risk: $1500 (1.50% acct)
       Position: $11504 (11.50% acct, qty 26168.2243)
       TP1: $0.525582 (+19.6%, 1.5R, sell 40%)
       TP2: $0.611564 (+39.1%, 3.0R, sell 35%)
       TP3: $0.726207 (+65.2%, 5.0R, sell 25%)

  [ 6] GPS         score= 126.1  ST=4/6  price=$0.008974      24h= -3.92%  vol=$  2.3M
       TF:  1D=142  12H=131  6H=125  4H= 85  2H= 81  1H= 89
       Bonuses: RSI div 1D (hidden_bullish) | 1H pre-pump (obv_stealth_accum) | RS vs BTC 7d +21.1%  (+10 pts)
       Entry: $0.008974  |  Stop: $0.007755 (-13.58%)  |  Risk: $1500 (1.50% acct)
       Position: $11043 (11.04% acct, qty 1230552.8698)
       TP1: $0.010802 (+20.4%, 1.5R, sell 40%)
       TP2: $0.012631 (+40.8%, 3.0R, sell 35%)
       TP3: $0.015069 (+67.9%, 5.0R, sell 25%)

  [ 7] BASED       score= 125.9  ST=5/6  price=$0.077880      24h= +4.04%  vol=$  2.3M
       TF:  1D= 75  12H=144  6H=126  4H=149  2H=130  1H=143
       Bonuses: RS vs BTC 7d +19.1%  (+5 pts)
       Entry: $0.077880  |  Stop: $0.066198 (-15.00%)  |  Risk: $1500 (1.50% acct)
       Position: $10000 (10.00% acct, qty 128402.6708)
       TP1: $0.095403 (+22.5%, 1.5R, sell 40%)
       TP2: $0.112926 (+45.0%, 3.0R, sell 35%)
       TP3: $0.136290 (+75.0%, 5.0R, sell 25%)

  [ 8] XPL         score= 125.2  ST=5/6  price=$0.112590      24h=-16.49%  vol=$121.4M
       TF:  1D=119  12H=143  6H=135  4H=152  2H= 92  1H= 42
       Bonuses: RS vs BTC 7d +79.2%  (+5 pts)
       Entry: $0.112590  |  Stop: $0.095701 (-15.00%)  |  Risk: $1500 (1.50% acct)
       Position: $10000 (10.00% acct, qty 88817.8346)
       TP1: $0.137923 (+22.5%, 1.5R, sell 40%)
       TP2: $0.163255 (+45.0%, 3.0R, sell 35%)
       TP3: $0.197032 (+75.0%, 5.0R, sell 25%)

  [ 9] BLESS       score= 124.6  ST=4/6  price=$0.007785      24h=-19.71%  vol=$  4.6M
       TF:  1D=150  12H=117  6H=141  4H=114  2H= 82  1H= 31
       Bonuses: RSI div 1D (hidden_bullish) | RS vs BTC 7d +36.8%  (+8 pts)
       Entry: $0.007785  |  Stop: $0.006617 (-15.00%)  |  Risk: $1500 (1.50% acct)
       Position: $10000 (10.00% acct, qty 1284521.5157)
       TP1: $0.009537 (+22.5%, 1.5R, sell 40%)
       TP2: $0.011288 (+45.0%, 3.0R, sell 35%)
       TP3: $0.013624 (+75.0%, 5.0R, sell 25%)

  [10] MITO        score= 124.4  ST=6/6  price=$0.028880      24h= -5.41%  vol=$ 10.5M
       TF:  1D=128  12H=107  6H=122  4H=150  2H=101  1H= 72
       Bonuses: 1H pre-pump (obv_divergence) | RS vs BTC 7d +48.3%  (+7 pts)
       Entry: $0.028880  |  Stop: $0.024548 (-15.00%)  |  Risk: $1500 (1.50% acct)
       Position: $10000 (10.00% acct, qty 346260.3878)
       TP1: $0.035378 (+22.5%, 1.5R, sell 40%)
       TP2: $0.041876 (+45.0%, 3.0R, sell 35%)
       TP3: $0.050540 (+75.0%, 5.0R, sell 25%)

  [11] ALGO        score= 123.7  ST=5/6  price=$0.099070      24h= -1.02%  vol=$ 10.9M
       TF:  1D= 62  12H=109  6H=130  4H=169  2H=161  1H=154
       Bonuses: RS vs BTC 7d +9.7%  (+5 pts)
       Entry: $0.099070  |  Stop: $0.089866 (-9.29%)  |  Risk: $1500 (1.50% acct)
       Position: $16146 (16.15% acct, qty 162980.2095)
       TP1: $0.112875 (+13.9%, 1.5R, sell 40%)
       TP2: $0.126681 (+27.9%, 3.0R, sell 35%)
       TP3: $0.145088 (+46.5%, 5.0R, sell 25%)

  [12] BR          score= 122.7  ST=5/6  price=$0.190260      24h=-26.24%  vol=$  4.9M
       TF:  1D=154  12H=140  6H=129  4H=102  2H= 38  1H= 24
       Bonuses: RSI div 1D (bullish) | RS vs BTC 7d +50.6%  (+10 pts)
       Entry: $0.190260  |  Stop: $0.161721 (-15.00%)  |  Risk: $1500 (1.50% acct)
       Position: $10000 (10.00% acct, qty 52559.6552)
       TP1: $0.233069 (+22.5%, 1.5R, sell 40%)
       TP2: $0.275877 (+45.0%, 3.0R, sell 35%)
       TP3: $0.332955 (+75.0%, 5.0R, sell 25%)

  [13] RED         score= 121.1  ST=5/6  price=$0.107230      24h= -6.94%  vol=$  2.4M
       TF:  1D= 91  12H=126  6H=133  4H=147  2H=104  1H=109
       Bonuses: RS vs BTC 7d +12.4%  (+5 pts)
       Entry: $0.107230  |  Stop: $0.095394 (-11.04%)  |  Risk: $1500 (1.50% acct)
       Position: $13589 (13.59% acct, qty 126731.2392)
       TP1: $0.124984 (+16.6%, 1.5R, sell 40%)
       TP2: $0.142738 (+33.1%, 3.0R, sell 35%)
       TP3: $0.166410 (+55.2%, 5.0R, sell 25%)

  [14] PLUME       score= 120.8  ST=4/6  price=$0.011223      24h= -3.68%  vol=$  3.7M
       TF:  1D= 79  12H=108  6H=132  4H=142  2H=149  1H=131
       Bonuses: RS vs BTC 7d +6.9%  (+5 pts)
       Entry: $0.011223  |  Stop: $0.009663 (-13.90%)  |  Risk: $1500 (1.50% acct)
       Position: $10791 (10.79% acct, qty 961538.4615)
       TP1: $0.013563 (+20.9%, 1.5R, sell 40%)
       TP2: $0.015903 (+41.7%, 3.0R, sell 35%)
       TP3: $0.019023 (+69.5%, 5.0R, sell 25%)

  [15] KERNEL      score= 120.7  ST=4/6  price=$0.051390      24h= +0.70%  vol=$  1.3M
       TF:  1D= 85  12H= 85  6H=136  4H=160  2H=132  1H=127
       Bonuses: 1H pre-pump (obv_stealth_accum) | RS vs BTC 7d +7.0%  (+7 pts)
       Entry: $0.051390  |  Stop: $0.046120 (-10.26%)  |  Risk: $1500 (1.50% acct)
       Position: $14626 (14.63% acct, qty 284610.6932)
       TP1: $0.059296 (+15.4%, 1.5R, sell 40%)
       TP2: $0.067201 (+30.8%, 3.0R, sell 35%)
       TP3: $0.077742 (+51.3%, 5.0R, sell 25%)

  [16] USELESS     score= 120.4  ST=4/6  price=$0.074150      24h= -6.34%  vol=$  7.6M
       TF:  1D= 74  12H=114  6H=143  4H=151  2H=114  1H=141
       Bonuses: RS vs BTC 7d +25.1%  (+5 pts)
       Entry: $0.074150  |  Stop: $0.063028 (-15.00%)  |  Risk: $1500 (1.50% acct)
       Position: $10000 (10.00% acct, qty 134861.7667)
       TP1: $0.090834 (+22.5%, 1.5R, sell 40%)
       TP2: $0.107518 (+45.0%, 3.0R, sell 35%)
       TP3: $0.129763 (+75.0%, 5.0R, sell 25%)

  [17] MAGMA       score= 120.4  ST=3/6  price=$0.500490      24h=-22.61%  vol=$  7.5M
       TF:  1D=161  12H=114  6H=133  4H=141  2H= 50  1H= 24
       Bonuses: RSI div 1D (hidden_bullish)  (+3 pts)
       Entry: $0.500490  |  Stop: $0.425416 (-15.00%)  |  Risk: $1500 (1.50% acct)
       Position: $10000 (10.00% acct, qty 19980.4192)
       TP1: $0.613100 (+22.5%, 1.5R, sell 40%)
       TP2: $0.725711 (+45.0%, 3.0R, sell 35%)
       TP3: $0.875857 (+75.0%, 5.0R, sell 25%)

  [18] SQD         score= 120.1  ST=4/6  price=$0.046230      24h=-10.74%  vol=$  3.4M
       TF:  1D=128  12H=138  6H=121  4H=109  2H= 50  1H= 42
       Bonuses: RSI div 1D (bullish) | 1H pre-pump (obv_divergence) | RS vs BTC 7d +23.5%  (+12 pts)
       Entry: $0.046230  |  Stop: $0.039295 (-15.00%)  |  Risk: $1500 (1.50% acct)
       Position: $10000 (10.00% acct, qty 216309.7556)
       TP1: $0.056632 (+22.5%, 1.5R, sell 40%)
       TP2: $0.067033 (+45.0%, 3.0R, sell 35%)
       TP3: $0.080903 (+75.0%, 5.0R, sell 25%)

  [19] UAI         score= 119.5  ST=4/6  price=$0.302330      24h= +4.20%  vol=$  2.1M
       TF:  1D=148  12H=132  6H= 92  4H= 81  2H=101  1H=136
       Entry: $0.302330  |  Stop: $0.256981 (-15.00%)  |  Risk: $1500 (1.50% acct)
       Position: $10000 (10.00% acct, qty 33076.4397)
       TP1: $0.370354 (+22.5%, 1.5R, sell 40%)
       TP2: $0.438379 (+45.0%, 3.0R, sell 35%)
       TP3: $0.529077 (+75.0%, 5.0R, sell 25%)

  [20] TIA         score= 119.3  ST=6/6  price=$0.391700      24h= -9.05%  vol=$ 11.9M
       TF:  1D=121  12H=108  6H=152  4H=119  2H= 60  1H= 90
       Bonuses: 1H pre-pump (bb_squeeze) | RS vs BTC 7d +22.3%  (+7 pts)
       Entry: $0.391700  |  Stop: $0.342393 (-12.59%)  |  Risk: $1500 (1.50% acct)
       Position: $11916 (11.92% acct, qty 30421.5558)
       TP1: $0.465661 (+18.9%, 1.5R, sell 40%)
       TP2: $0.539621 (+37.8%, 3.0R, sell 35%)
       TP3: $0.638236 (+62.9%, 5.0R, sell 25%)

  [21] PENDLE      score= 119.1  ST=5/6  price=$1.457600      24h=-10.37%  vol=$  9.9M
       TF:  1D= 82  12H=111  6H=150  4H=139  2H= 78  1H= 92
       Bonuses: 1H pre-pump (bb_squeeze, obv_stealth_accum) | RS vs BTC 7d +19.4% | funding -0.0277%/8h  (+12 pts)
       Entry: $1.457600  |  Stop: $1.299746 (-10.83%)  |  Risk: $1500 (1.50% acct)
       Position: $13851 (13.85% acct, qty 9502.4774)
       TP1: $1.694380 (+16.2%, 1.5R, sell 40%)
       TP2: $1.931161 (+32.5%, 3.0R, sell 35%)
       TP3: $2.246868 (+54.1%, 5.0R, sell 25%)

  [22] PORTAL      score= 118.8  ST=5/6  price=$0.013997      24h=+10.72%  vol=$ 16.3M
       TF:  1D= 68  12H=124  6H=124  4H=158  2H=131  1H=139
       Bonuses: funding -0.4938%/8h  (+3 pts)
       Entry: $0.013997  |  Stop: $0.011897 (-15.00%)  |  Risk: $1500 (1.50% acct)
       Position: $10000 (10.00% acct, qty 714438.8083)
       TP1: $0.017146 (+22.5%, 1.5R, sell 40%)
       TP2: $0.020296 (+45.0%, 3.0R, sell 35%)
       TP3: $0.024495 (+75.0%, 5.0R, sell 25%)

  [23] ID          score= 118.7  ST=5/6  price=$0.031120      24h= -7.88%  vol=$  9.7M
       TF:  1D=114  12H=133  6H=107  4H=138  2H= 91  1H= 45
       Bonuses: RS vs BTC 7d +13.7% | funding -0.1385%/8h  (+8 pts)
       Entry: $0.031120  |  Stop: $0.026452 (-15.00%)  |  Risk: $1500 (1.50% acct)
       Position: $10000 (10.00% acct, qty 321336.7609)
       TP1: $0.038122 (+22.5%, 1.5R, sell 40%)
       TP2: $0.045124 (+45.0%, 3.0R, sell 35%)
       TP3: $0.054460 (+75.0%, 5.0R, sell 25%)

  [24] EIGEN       score= 118.3  ST=4/6  price=$0.202300      24h= -6.77%  vol=$  9.0M
       TF:  1D=108  12H=136  6H=114  4H= 84  2H=104  1H=137
       Bonuses: RS vs BTC 7d +13.4%  (+5 pts)
       Entry: $0.202300  |  Stop: $0.171955 (-15.00%)  |  Risk: $1500 (1.50% acct)
       Position: $10000 (10.00% acct, qty 49431.5373)
       TP1: $0.247817 (+22.5%, 1.5R, sell 40%)
       TP2: $0.293335 (+45.0%, 3.0R, sell 35%)
       TP3: $0.354025 (+75.0%, 5.0R, sell 25%)

  [25] CFG         score= 117.1  ST=5/6  price=$0.236600      24h= -4.28%  vol=$  1.8M
       TF:  1D= 82  12H=119  6H=135  4H=172  2H=104  1H= 68
       Bonuses: RS vs BTC 7d +15.1%  (+5 pts)
       Entry: $0.236600  |  Stop: $0.204189 (-13.70%)  |  Risk: $1500 (1.50% acct)
       Position: $10950 (10.95% acct, qty 46280.9917)
       TP1: $0.285216 (+20.6%, 1.5R, sell 40%)
       TP2: $0.333832 (+41.1%, 3.0R, sell 35%)
       TP3: $0.398654 (+68.5%, 5.0R, sell 25%)

  [26] MORPHO      score= 116.3  ST=5/6  price=$1.982600      24h= -2.70%  vol=$  1.9M
       TF:  1D=117  12H=101  6H=113  4H=145  2H= 84  1H=126
       Bonuses: 1H pre-pump (obv_stealth_accum)  (+2 pts)
       Entry: $1.982600  |  Stop: $1.752189 (-11.62%)  |  Risk: $1500 (1.50% acct)
       Position: $12907 (12.91% acct, qty 6510.1139)
       TP1: $2.328216 (+17.4%, 1.5R, sell 40%)
       TP2: $2.673832 (+34.9%, 3.0R, sell 35%)
       TP3: $3.134654 (+58.1%, 5.0R, sell 25%)

  [27] ASTER       score= 116.0  ST=4/6  price=$0.716700      24h=-15.24%  vol=$ 63.8M
       TF:  1D=143  12H=120  6H=133  4H= 99  2H= 60  1H= 20
       Bonuses: RS vs BTC 7d +10.9% | funding -0.0179%/8h  (+8 pts)
       Entry: $0.716700  |  Stop: $0.656625 (-8.38%)  |  Risk: $1500 (1.50% acct)
       Position: $17895 (17.90% acct, qty 24968.7890)
       TP1: $0.806813 (+12.6%, 1.5R, sell 40%)
       TP2: $0.896925 (+25.1%, 3.0R, sell 35%)
       TP3: $1.017075 (+41.9%, 5.0R, sell 25%)

  [28] HYPE        score= 115.8  ST=4/6  price=$71.106000     24h=-11.02%  vol=$861.1M
       TF:  1D=126  12H=136  6H=124  4H=125  2H= 69  1H= 27
       Bonuses: RS vs BTC 7d +28.6%  (+5 pts)
       Entry: $71.106000  |  Stop: $60.984321 (-14.23%)  |  Risk: $1500 (1.50% acct)
       Position: $10538 (10.54% acct, qty 148.1968)
       TP1: $86.288518 (+21.4%, 1.5R, sell 40%)
       TP2: $101.471036 (+42.7%, 3.0R, sell 35%)
       TP3: $121.714393 (+71.2%, 5.0R, sell 25%)

  [29] UNI         score= 115.5  ST=4/6  price=$3.224000      24h=-11.02%  vol=$ 61.4M
       TF:  1D=101  12H=114  6H=137  4H=123  2H= 55  1H= 68
       Bonuses: RSI div 1D (bullish) | 1H pre-pump (obv_stealth_accum) | RS vs BTC 7d +29.8%  (+12 pts)
       Entry: $3.224000  |  Stop: $2.881679 (-10.62%)  |  Risk: $1500 (1.50% acct)
       Position: $14127 (14.13% acct, qty 4381.8466)
       TP1: $3.737482 (+15.9%, 1.5R, sell 40%)
       TP2: $4.250964 (+31.9%, 3.0R, sell 35%)
       TP3: $4.935607 (+53.1%, 5.0R, sell 25%)

  [30] SPX         score= 115.3  ST=4/6  price=$0.427000      24h=-17.31%  vol=$ 20.0M
       TF:  1D=140  12H=124  6H=137  4H=102  2H= 43  1H= 53
       Bonuses: RS vs BTC 7d +36.2%  (+5 pts)
       Entry: $0.427000  |  Stop: $0.370182 (-13.31%)  |  Risk: $1500 (1.50% acct)
       Position: $11273 (11.27% acct, qty 26400.1509)
       TP1: $0.512227 (+20.0%, 1.5R, sell 40%)
       TP2: $0.597454 (+39.9%, 3.0R, sell 35%)
       TP3: $0.711089 (+66.5%, 5.0R, sell 25%)

  [31] MEME        score= 115.2  ST=4/6  price=$0.000592      24h= -7.66%  vol=$  2.8M
       TF:  1D=159  12H=101  6H= 86  4H= 79  2H= 39  1H= 61
       Bonuses: RSI div 1D (hidden_bullish) | 1H pre-pump (bb_squeeze, obv_divergence) | RS vs BTC 7d +6.1% | funding -0.0109%/8h  (+15 pts)
       Entry: $0.000592  |  Stop: $0.000503 (-15.00%)  |  Risk: $1500 (1.50% acct)
       Position: $10000 (10.00% acct, qty 16883336.1472)
       TP1: $0.000726 (+22.5%, 1.5R, sell 40%)
       TP2: $0.000859 (+45.0%, 3.0R, sell 35%)
       TP3: $0.001037 (+75.0%, 5.0R, sell 25%)

  [32] ROBO        score= 114.9  ST=4/6  price=$0.020870      24h= -3.24%  vol=$  1.3M
       TF:  1D=102  12H=119  6H= 85  4H=137  2H=110  1H= 60
       Bonuses: 1H pre-pump (bb_squeeze) | RS vs BTC 7d +1.3% | funding -0.0222%/8h  (+10 pts)
       Entry: $0.020870  |  Stop: $0.017739 (-15.00%)  |  Risk: $1500 (1.50% acct)
       Position: $10000 (10.00% acct, qty 479156.6842)
       TP1: $0.025566 (+22.5%, 1.5R, sell 40%)
       TP2: $0.030262 (+45.0%, 3.0R, sell 35%)
       TP3: $0.036522 (+75.0%, 5.0R, sell 25%)

  [33] INIT        score= 114.6  ST=4/6  price=$0.059770      24h= -1.40%  vol=$  1.2M
       TF:  1D= 62  12H= 95  6H=142  4H=136  2H=141  1H= 96
       Bonuses: RSI div 1D (bullish) | RS vs BTC 7d +4.6%  (+10 pts)
       Entry: $0.059770  |  Stop: $0.052159 (-12.73%)  |  Risk: $1500 (1.50% acct)
       Position: $11779 (11.78% acct, qty 197072.0721)
       TP1: $0.071187 (+19.1%, 1.5R, sell 40%)
       TP2: $0.082604 (+38.2%, 3.0R, sell 35%)
       TP3: $0.097827 (+63.7%, 5.0R, sell 25%)

  [34] ALT         score= 113.1  ST=3/6  price=$0.006651      24h= -4.73%  vol=$  1.6M
       TF:  1D= 87  12H=100  6H=135  4H=138  2H= 82  1H= 79
       Bonuses: 1H pre-pump (obv_stealth_accum) | RS vs BTC 7d +4.2% | funding -0.0198%/8h  (+10 pts)
       Entry: $0.006651  |  Stop: $0.005791 (-12.92%)  |  Risk: $1500 (1.50% acct)
       Position: $11607 (11.61% acct, qty 1745200.6981)
       TP1: $0.007940 (+19.4%, 1.5R, sell 40%)
       TP2: $0.009229 (+38.8%, 3.0R, sell 35%)
       TP3: $0.010948 (+64.6%, 5.0R, sell 25%)

  [35] B3          score= 112.9  ST=4/6  price=$0.000643      24h= -5.90%  vol=$  2.4M
       TF:  1D= 71  12H= 87  6H=158  4H=119  2H=104  1H=116
       Bonuses: RSI div 1D (bullish) | RS vs BTC 7d +6.7%  (+10 pts)
       Entry: $0.000643  |  Stop: $0.000546 (-15.00%)  |  Risk: $1500 (1.50% acct)
       Position: $10000 (10.00% acct, qty 15556938.3945)
       TP1: $0.000787 (+22.5%, 1.5R, sell 40%)
       TP2: $0.000932 (+45.0%, 3.0R, sell 35%)
       TP3: $0.001125 (+75.0%, 5.0R, sell 25%)

  [36] 1000FLOKI   score= 112.2  ST=3/6  price=$0.025950      24h= -3.23%  vol=$  6.0M
       TF:  1D= 96  12H= 83  6H=125  4H= 89  2H=129  1H=141
       Bonuses: 1H pre-pump (obv_divergence) | RS vs BTC 7d +2.6%  (+7 pts)
       Entry: $0.025950  |  Stop: $0.023557 (-9.22%)  |  Risk: $1500 (1.50% acct)
       Position: $16270 (16.27% acct, qty 626959.2476)
       TP1: $0.029539 (+13.8%, 1.5R, sell 40%)
       TP2: $0.033127 (+27.7%, 3.0R, sell 35%)
       TP3: $0.037913 (+46.1%, 5.0R, sell 25%)

  [37] CHIP        score= 112.2  ST=4/6  price=$0.034060      24h= +0.11%  vol=$  5.3M
       TF:  1D= 62  12H=108  6H=105  4H=122  2H=116  1H=153
       Bonuses: 1H pre-pump (obv_divergence) | RS vs BTC 7d +7.2% | funding -0.0214%/8h  (+10 pts)
       Entry: $0.034060  |  Stop: $0.028951 (-15.00%)  |  Risk: $1500 (1.50% acct)
       Position: $10000 (10.00% acct, qty 293599.5302)
       TP1: $0.041723 (+22.5%, 1.5R, sell 40%)
       TP2: $0.049387 (+45.0%, 3.0R, sell 35%)
       TP3: $0.059605 (+75.0%, 5.0R, sell 25%)

  [38] EDEN        score= 111.9  ST=4/6  price=$0.043180      24h= +5.95%  vol=$  3.7M
       TF:  1D= 82  12H= 85  6H= 97  4H=138  2H=136  1H=154
       Bonuses: RS vs BTC 7d +7.4%  (+5 pts)
       Entry: $0.043180  |  Stop: $0.036703 (-15.00%)  |  Risk: $1500 (1.50% acct)
       Position: $10000 (10.00% acct, qty 231588.6985)
       TP1: $0.052895 (+22.5%, 1.5R, sell 40%)
       TP2: $0.062611 (+45.0%, 3.0R, sell 35%)
       TP3: $0.075565 (+75.0%, 5.0R, sell 25%)

  [39] APE         score= 110.6  ST=4/6  price=$0.132140      24h= -5.00%  vol=$  3.6M
       TF:  1D= 48  12H=101  6H=142  4H=141  2H=158  1H=105
       Bonuses: RS vs BTC 7d +8.3%  (+5 pts)
       Entry: $0.132140  |  Stop: $0.116286 (-12.00%)  |  Risk: $1500 (1.50% acct)
       Position: $12502 (12.50% acct, qty 94613.7731)
       TP1: $0.155921 (+18.0%, 1.5R, sell 40%)
       TP2: $0.179702 (+36.0%, 3.0R, sell 35%)
       TP3: $0.211410 (+60.0%, 5.0R, sell 25%)

  [40] CFX         score= 110.6  ST=4/6  price=$0.051370      24h= -9.69%  vol=$  1.5M
       TF:  1D= 79  12H=108  6H=145  4H=138  2H= 93  1H= 63
       Bonuses: 1H pre-pump (obv_stealth_accum) | RS vs BTC 7d +13.7%  (+7 pts)
       Entry: $0.051370  |  Stop: $0.046692 (-9.11%)  |  Risk: $1500 (1.50% acct)
       Position: $16472 (16.47% acct, qty 320659.6427)
       TP1: $0.058387 (+13.7%, 1.5R, sell 40%)
       TP2: $0.065404 (+27.3%, 3.0R, sell 35%)
       TP3: $0.074759 (+45.5%, 5.0R, sell 25%)

  [41] BEL         score= 110.3  ST=5/6  price=$0.093560      24h= -3.43%  vol=$  1.2M
       TF:  1D= 93  12H=104  6H=133  4H=131  2H=109  1H= 58
       Bonuses: RS vs BTC 7d +11.8%  (+5 pts)
       Entry: $0.093560  |  Stop: $0.083397 (-10.86%)  |  Risk: $1500 (1.50% acct)
       Position: $13810 (13.81% acct, qty 147601.4760)
       TP1: $0.108804 (+16.3%, 1.5R, sell 40%)
       TP2: $0.124048 (+32.6%, 3.0R, sell 35%)
       TP3: $0.144372 (+54.3%, 5.0R, sell 25%)

  [42] POWER       score= 110.1  ST=5/6  price=$0.075610      24h= +4.36%  vol=$  1.4M
       TF:  1D=101  12H=106  6H=118  4H= 89  2H=136  1H=133
       Entry: $0.075610  |  Stop: $0.064269 (-15.00%)  |  Risk: $1500 (1.50% acct)
       Position: $10000 (10.00% acct, qty 132257.6379)
       TP1: $0.092622 (+22.5%, 1.5R, sell 40%)
       TP2: $0.109634 (+45.0%, 3.0R, sell 35%)
       TP3: $0.132318 (+75.0%, 5.0R, sell 25%)

  [43] ZK          score= 109.7  ST=4/6  price=$0.011580      24h= -6.71%  vol=$  4.3M
       TF:  1D= 75  12H= 85  6H=117  4H=134  2H=113  1H=105
       Bonuses: 1H pre-pump (bb_squeeze) | RS vs BTC 7d +7.8% | funding -0.0232%/8h  (+10 pts)
       Entry: $0.011580  |  Stop: $0.010037 (-13.32%)  |  Risk: $1500 (1.50% acct)
       Position: $11258 (11.26% acct, qty 972222.2222)
       TP1: $0.013894 (+20.0%, 1.5R, sell 40%)
       TP2: $0.016209 (+40.0%, 3.0R, sell 35%)
       TP3: $0.019294 (+66.6%, 5.0R, sell 25%)

  [44] WLFI        score= 109.6  ST=5/6  price=$0.062750      24h= -4.33%  vol=$  9.7M
       TF:  1D= 99  12H=115  6H=128  4H=138  2H= 70  1H= 56
       Bonuses: RS vs BTC 7d +1.8%  (+5 pts)
       Entry: $0.062750  |  Stop: $0.056386 (-10.14%)  |  Risk: $1500 (1.50% acct)
       Position: $14790 (14.79% acct, qty 235690.2357)
       TP1: $0.072296 (+15.2%, 1.5R, sell 40%)
       TP2: $0.081843 (+30.4%, 3.0R, sell 35%)
       TP3: $0.094571 (+50.7%, 5.0R, sell 25%)

  [45] ENA         score= 107.0  ST=4/6  price=$0.095020      24h= -5.39%  vol=$113.2M
       TF:  1D= 61  12H= 85  6H=138  4H=126  2H=119  1H=120
       Bonuses: 1H pre-pump (obv_stealth_accum) | RS vs BTC 7d +27.3%  (+7 pts)
       Entry: $0.095020  |  Stop: $0.080767 (-15.00%)  |  Risk: $1500 (1.50% acct)
       Position: $10000 (10.00% acct, qty 105241.0019)
       TP1: $0.116400 (+22.5%, 1.5R, sell 40%)
       TP2: $0.137779 (+45.0%, 3.0R, sell 35%)
       TP3: $0.166285 (+75.0%, 5.0R, sell 25%)

  [46] TRIA        score= 106.0  ST=4/6  price=$0.030837      24h=-11.15%  vol=$  2.1M
       TF:  1D= 75  12H=107  6H=120  4H=139  2H= 91  1H= 38
       Bonuses: RSI div 1D (bullish) | RS vs BTC 7d +18.6%  (+10 pts)
       Entry: $0.030837  |  Stop: $0.026211 (-15.00%)  |  Risk: $1500 (1.50% acct)
       Position: $10000 (10.00% acct, qty 324285.7606)
       TP1: $0.037775 (+22.5%, 1.5R, sell 40%)
       TP2: $0.044714 (+45.0%, 3.0R, sell 35%)
       TP3: $0.053965 (+75.0%, 5.0R, sell 25%)

  [47] ENS         score= 105.8  ST=4/6  price=$5.330000      24h= -5.15%  vol=$  2.1M
       TF:  1D= 92  12H= 94  6H=125  4H= 70  2H= 93  1H=118
       Bonuses: 1H pre-pump (bb_squeeze, obv_stealth_accum) | RS vs BTC 7d +12.6%  (+9 pts)
       Entry: $5.330000  |  Stop: $4.786250 (-10.20%)  |  Risk: $1500 (1.50% acct)
       Position: $14703 (14.70% acct, qty 2758.6207)
       TP1: $6.145625 (+15.3%, 1.5R, sell 40%)
       TP2: $6.961250 (+30.6%, 3.0R, sell 35%)
       TP3: $8.048750 (+51.0%, 5.0R, sell 25%)

  [48] ARKM        score= 105.4  ST=4/6  price=$0.130320      24h= -7.08%  vol=$  6.3M
       TF:  1D= 95  12H=136  6H= 98  4H= 73  2H= 48  1H=102
       Bonuses: 1H pre-pump (obv_stealth_accum) | RS vs BTC 7d +13.6% | funding -0.0187%/8h  (+10 pts)
       Entry: $0.130320  |  Stop: $0.110772 (-15.00%)  |  Risk: $1500 (1.50% acct)
       Position: $10000 (10.00% acct, qty 76734.1928)
       TP1: $0.159642 (+22.5%, 1.5R, sell 40%)
       TP2: $0.188964 (+45.0%, 3.0R, sell 35%)
       TP3: $0.228060 (+75.0%, 5.0R, sell 25%)

  [49] JUP         score= 105.3  ST=3/6  price=$0.189520      24h= -6.82%  vol=$  9.0M
       TF:  1D= 96  12H=118  6H=104  4H= 79  2H= 71  1H= 89
       Bonuses: 1H pre-pump (obv_stealth_accum) | RS vs BTC 7d +24.1% | funding -0.0134%/8h  (+10 pts)
       Entry: $0.189520  |  Stop: $0.164374 (-13.27%)  |  Risk: $1500 (1.50% acct)
       Position: $11305 (11.30% acct, qty 59650.6178)
       TP1: $0.227240 (+19.9%, 1.5R, sell 40%)
       TP2: $0.264959 (+39.8%, 3.0R, sell 35%)
       TP3: $0.315252 (+66.3%, 5.0R, sell 25%)

  [50] GUN         score= 104.8  ST=4/6  price=$0.006045      24h= -0.56%  vol=$  3.7M
       TF:  1D= 77  12H= 87  6H=111  4H=136  2H=127  1H=136
       Entry: $0.006045  |  Stop: $0.005138 (-15.00%)  |  Risk: $1500 (1.50% acct)
       Position: $10000 (10.00% acct, qty 1654259.7188)
       TP1: $0.007405 (+22.5%, 1.5R, sell 40%)
       TP2: $0.008765 (+45.0%, 3.0R, sell 35%)
       TP3: $0.010579 (+75.0%, 5.0R, sell 25%)

--------------------------------------------------------------------------------
  WATCH  —  50 coin(s)  (worth tracking)
--------------------------------------------------------------------------------
  #   Symbol      Score  ST         Price    24h%   Vol $M  TF breakdown
  ------------------------------------------------------------------------------
    1 WIF         102.7  2/6  $   0.167140  -7.06%  $   19.2  1D= 85  12H= 77  6H=130  4H=101  2H= 53  1H= 85
    2 SENT        101.1  2/6  $   0.017343  -9.31%  $    3.5  1D=148  12H=148  6H= 66  4H= 72  2H= 28  1H= 10
    3 SEI          99.3  4/6  $   0.055040  -5.47%  $    8.0  1D= 79  12H=105  6H=125  4H=105  2H= 75  1H= 27
    4 VELVET       98.9  2/6  $   0.340730 +35.91%  $   11.9  1D= 90  12H= 82  6H= 54  4H= 98  2H=118  1H=133
    5 GRASS        98.5  2/6  $   0.436140 -15.74%  $    6.3  1D=123  12H=129  6H= 83  4H= 69  2H= 28  1H= 21
    6 AKT          98.5  3/6  $   0.749400 -11.46%  $    4.8  1D=146  12H=122  6H= 57  4H= 43  2H= 27  1H= 60
    7 TRUST        98.5  2/6  $   0.049410  -1.69%  $    3.6  1D= 65  12H= 88  6H=145  4H=130  2H= 72  1H= 48
    8 LIT          98.0  4/6  $   1.720700 -14.42%  $   21.6  1D=141  12H= 83  6H= 82  4H= 78  2H= 18  1H= 58
    9 1000TAG      97.8  1/6  $   1.246500 -21.21%  $    1.0  1D=109  12H=118  6H=100  4H= 73  2H= 33  1H= 38
   10 HYPER        96.8  3/6  $   0.080100  -8.67%  $    1.4  1D= 77  12H= 80  6H=159  4H=109  2H= 76  1H= 29
   11 FIDA         95.8  5/6  $   0.024159  -7.05%  $    3.5  1D=110  12H=108  6H= 82  4H= 87  2H= 47  1H= 44
   12 ROAM         95.2  4/6  $   0.008757  -7.89%  $    1.5  1D=101  12H=135  6H= 81  4H= 55  2H= 25  1H= 75
   13 SKY          95.0  3/6  $   0.056930  -5.29%  $    2.7  1D= 61  12H= 80  6H=115  4H=111  2H= 90  1H=132
   14 COAI         94.8  3/6  $   0.345600  -5.54%  $    2.8  1D=123  12H= 79  6H= 96  4H= 81  2H= 58  1H= 30
   15 SPACE        94.1  4/6  $   0.007524 -13.33%  $    1.9  1D=118  12H=108  6H= 80  4H= 68  2H= 54  1H= 28
   16 ZEC          92.6  3/6  $ 477.050000 -10.31%  $  201.2  1D=105  12H=115  6H= 69  4H= 70  2H= 36  1H= 70
   17 IP           92.1  3/6  $   0.316700 -10.61%  $   10.7  1D= 75  12H= 90  6H=115  4H= 80  2H= 62  1H= 14
   18 HOME         91.4  2/6  $   0.028878  +8.33%  $   51.4  1D= 67  12H= 70  6H=118  4H=105  2H=112  1H= 57
   19 WHITEWHALE   90.6  2/6  $   0.003628 -10.50%  $    1.5  1D= 78  12H=111  6H= 83  4H=115  2H=108  1H= 39
   20 ELSA         90.2  3/6  $   0.050770  -7.54%  $    1.1  1D= 85  12H=108  6H=119  4H= 87  2H= 46  1H= 34
   21 ONDO         90.0  2/6  $   0.364600  -5.73%  $   68.5  1D= 63  12H= 72  6H= 80  4H= 70  2H=114  1H=108
   22 POL          89.0  2/6  $   0.076830  -3.17%  $    6.7  1D= 48  12H=104  6H= 82  4H= 77  2H=111  1H= 96
   23 TRX          88.9  3/6  $   0.321560  -0.89%  $    9.5  1D= 56  12H= 69  6H=102  4H=122  2H=108  1H= 49
   24 NIL          88.8  5/6  $   0.041620  -5.97%  $    1.4  1D= 55  12H=117  6H=115  4H= 70  2H= 40  1H=104
   25 IO           88.5  4/6  $   0.172740  -7.96%  $    3.5  1D=141  12H= 85  6H= 58  4H= 69  2H= 40  1H= 62
   26 COMP         88.0  3/6  $  17.635000  -4.93%  $    1.6  1D= 95  12H= 82  6H= 90  4H= 87  2H= 66  1H= 65
   27 FARTCOIN     87.5  3/6  $   0.131580 -12.27%  $   44.4  1D= 85  12H= 77  6H= 95  4H= 90  2H= 73  1H= 68
   28 FIL          86.5  3/6  $   0.797800  -6.84%  $   11.0  1D= 69  12H= 85  6H= 87  4H= 69  2H= 56  1H= 81
   29 HBAR         85.8  3/6  $   0.081210  -3.42%  $   13.8  1D= 74  12H= 95  6H= 80  4H= 85  2H= 53  1H=100
   30 OPEN         85.0  4/6  $   0.229330 -11.94%  $    5.8  1D=138  12H= 99  6H= 67  4H= 47  2H= 26  1H= 13
   31 JASMY        84.1  3/6  $   0.004917  -6.81%  $    3.7  1D= 69  12H=100  6H= 52  4H= 52  2H= 74  1H=113
   32 H            83.8  2/6  $   0.239250  +9.32%  $   86.7  1D= 67  12H= 91  6H= 70  4H= 50  2H=106  1H= 91
   33 ATH          83.5  3/6  $   0.004775 -10.17%  $    2.3  1D= 65  12H=113  6H= 61  4H= 60  2H= 32  1H= 87
   34 NEAR         82.8  0/6  $   2.180500  -6.47%  $  133.1  1D= 88  12H= 96  6H= 52  4H= 39  2H= 65  1H= 95
   35 CRV          82.7  3/6  $   0.227200 -10.44%  $   13.0  1D=145  12H= 57  6H= 35  4H= 38  2H= 21  1H=102
   36 WAL          80.8  3/6  $   0.034490  -5.90%  $    1.3  1D= 61  12H= 87  6H= 63  4H= 51  2H= 79  1H=117
   37 WCT          80.1  2/6  $   0.047740 -11.71%  $    1.4  1D= 96  12H= 85  6H= 52  4H= 82  2H= 32  1H= 33
   38 BOME         79.8  2/6  $   0.000451  -8.67%  $    1.3  1D= 72  12H= 93  6H= 76  4H= 60  2H= 30  1H= 70
   39 SOL          79.7  3/6  $  71.990000  -6.98%  $  899.4  1D= 67  12H=115  6H= 85  4H= 79  2H= 40  1H= 15
   40 M            79.7  2/6  $   2.932100  -3.93%  $    3.6  1D= 69  12H= 99  6H= 98  4H= 59  2H= 58  1H= 81
   41 HIGH         79.6  2/6  $   0.045940 -15.59%  $    5.8  1D= 54  12H= 89  6H=112  4H=122  2H= 40  1H= 38
   42 ARB          79.4  2/6  $   0.085650  -7.10%  $   18.2  1D= 61  12H= 63  6H= 67  4H= 62  2H= 60  1H= 82
   43 JELLYJELLY   78.8  3/6  $   0.061420  -8.97%  $    1.2  1D=132  12H= 81  6H= 35  4H= 42  2H= 43  1H= 19
   44 ETH          78.7  2/6  $1,749.680000  -4.98%  $ 3066.0  1D= 61  12H=106  6H= 84  4H= 89  2H= 28  1H= 41
   45 TAO          78.3  4/6  $ 246.300000  -8.98%  $   58.4  1D= 92  12H=113  6H= 70  4H= 48  2H= 32  1H= 34
   46 AVNT         78.3  2/6  $   0.114870 -10.83%  $    2.2  1D= 79  12H= 89  6H= 75  4H= 66  2H= 29  1H= 38
   47 ENSO         78.0  3/6  $   0.641100  -9.28%  $    1.3  1D= 85  12H= 99  6H= 70  4H= 61  2H= 28  1H= 34
   48 PYTH         77.8  3/6  $   0.038880 -10.48%  $    5.0  1D= 92  12H=105  6H= 58  4H= 50  2H= 34  1H= 58
   49 1000LUNC     77.8  2/6  $   0.072260  -5.62%  $    1.1  1D= 84  12H=103  6H= 92  4H= 31  2H= 27  1H= 50
   50 STG          77.6  3/6  $   0.239580  +0.97%  $    9.6  1D= 67  12H= 44  6H= 59  4H= 95  2H=115  1H=111

================================================================================
2026-06-18 17:45:11,871 [INFO]   Saved → trend_v3_LATEST.txt, trend_v3_LATEST.json, trend_v3_20260618_174511.txt
